2025-11-23 17:16:10.613 | INFO     | __main__:main:175 - Using %s env backend with %d replicas
2025-11-23 17:17:08.567 | INFO     | __main__:main:175 - Using %s env backend with %d replicas
2025-11-23 17:18:48.407 | INFO     | __main__:main:177 - Using serial env backend with 4 replicas
2025-11-23 17:18:48.465 | INFO     | __main__:main:181 - Starting H-PPO training
2025-11-23 17:18:48.481 | INFO     | env.satellite_mac_env:step:159 - parsed_action {'M_CBRA': -1.0, 'M_PBRA': 1.0, 'q_ACB': 0.5586118102073669}
2025-11-23 17:18:48.482 | INFO     | env.satellite_mac_env:step:159 - parsed_action {'M_CBRA': 1.0, 'M_PBRA': 0.0, 'q_ACB': 0.5586118102073669}
2025-11-23 17:18:48.484 | INFO     | env.satellite_mac_env:step:159 - parsed_action {'M_CBRA': 1.0, 'M_PBRA': 3.0, 'q_ACB': 0.5586118102073669}
2025-11-23 17:18:48.486 | INFO     | env.satellite_mac_env:step:159 - parsed_action {'M_CBRA': -2.0, 'M_PBRA': 2.0, 'q_ACB': 0.5586118102073669}
2025-11-23 17:18:48.491 | INFO     | env.satellite_mac_env:step:159 - parsed_action {'M_CBRA': -3.0, 'M_PBRA': 1.0, 'q_ACB': 0.7279117703437805}
2025-11-23 17:18:48.492 | INFO     | env.satellite_mac_env:step:159 - parsed_action {'M_CBRA': 2.0, 'M_PBRA': -2.0, 'q_ACB': 0.7683660387992859}
2025-11-23 17:18:48.494 | INFO     | env.satellite_mac_env:step:159 - parsed_action {'M_CBRA': 0.0, 'M_PBRA': 1.0, 'q_ACB': 0.7262904047966003}
2025-11-23 17:18:48.495 | INFO     | env.satellite_mac_env:step:159 - parsed_action {'M_CBRA': -3.0, 'M_PBRA': 1.0, 'q_ACB': 0.7682055830955505}
2025-11-23 17:18:48.499 | INFO     | env.satellite_mac_env:step:159 - parsed_action {'M_CBRA': -2.0, 'M_PBRA': -2.0, 'q_ACB': 0.8048060536384583}
2025-11-23 17:18:48.501 | INFO     | env.satellite_mac_env:step:159 - parsed_action {'M_CBRA': -2.0, 'M_PBRA': -2.0, 'q_ACB': 0.8199884295463562}
2025-11-23 17:18:48.503 | INFO     | env.satellite_mac_env:step:159 - parsed_action {'M_CBRA': -3.0, 'M_PBRA': 2.0, 'q_ACB': 0.8030534982681274}
2025-11-23 17:18:48.504 | INFO     | env.satellite_mac_env:step:159 - parsed_action {'M_CBRA': -2.0, 'M_PBRA': -2.0, 'q_ACB': 0.8206496238708496}
2025-11-23 17:18:48.508 | INFO     | env.satellite_mac_env:step:159 - parsed_action {'M_CBRA': 1.0, 'M_PBRA': -1.0, 'q_ACB': 0.227094367146492}
2025-11-23 17:18:48.509 | INFO     | env.satellite_mac_env:step:159 - parsed_action {'M_CBRA': -2.0, 'M_PBRA': -2.0, 'q_ACB': 0.21112167835235596}
2025-11-23 17:18:48.511 | INFO     | env.satellite_mac_env:step:159 - parsed_action {'M_CBRA': -3.0, 'M_PBRA': -1.0, 'q_ACB': 0.2337433099746704}
2025-11-23 17:18:48.512 | INFO     | env.satellite_mac_env:step:159 - parsed_action {'M_CBRA': -3.0, 'M_PBRA': -1.0, 'q_ACB': 0.20855724811553955}
2025-11-23 17:18:48.516 | INFO     | env.satellite_mac_env:step:159 - parsed_action {'M_CBRA': -3.0, 'M_PBRA': -1.0, 'q_ACB': 0.005848404951393604}
2025-11-23 17:18:48.517 | INFO     | env.satellite_mac_env:step:159 - parsed_action {'M_CBRA': -3.0, 'M_PBRA': -1.0, 'q_ACB': 0.004229335580021143}
2025-11-23 17:18:48.518 | INFO     | env.satellite_mac_env:step:159 - parsed_action {'M_CBRA': -2.0, 'M_PBRA': -2.0, 'q_ACB': 0.005912094376981258}
2025-11-23 17:18:48.520 | INFO     | env.satellite_mac_env:step:159 - parsed_action {'M_CBRA': -3.0, 'M_PBRA': -1.0, 'q_ACB': 0.004182007629424334}
2025-11-23 17:18:48.524 | INFO     | env.satellite_mac_env:step:159 - parsed_action {'M_CBRA': -3.0, 'M_PBRA': -1.0, 'q_ACB': 6.793505599489436e-05}
2025-11-23 17:18:48.525 | INFO     | env.satellite_mac_env:step:159 - parsed_action {'M_CBRA': -3.0, 'M_PBRA': -1.0, 'q_ACB': 4.528376302914694e-05}
2025-11-23 17:18:48.527 | INFO     | env.satellite_mac_env:step:159 - parsed_action {'M_CBRA': -3.0, 'M_PBRA': -1.0, 'q_ACB': 6.879251304781064e-05}
2025-11-23 17:18:48.528 | INFO     | env.satellite_mac_env:step:159 - parsed_action {'M_CBRA': -2.0, 'M_PBRA': -2.0, 'q_ACB': 4.4046064431313425e-05}
2025-11-23 17:18:48.532 | INFO     | env.satellite_mac_env:step:159 - parsed_action {'M_CBRA': -3.0, 'M_PBRA': -1.0, 'q_ACB': 0.0016217861557379365}
2025-11-23 17:18:48.533 | INFO     | env.satellite_mac_env:step:159 - parsed_action {'M_CBRA': -3.0, 'M_PBRA': 3.0, 'q_ACB': 0.001307433471083641}
2025-11-23 17:18:48.535 | INFO     | env.satellite_mac_env:step:159 - parsed_action {'M_CBRA': -3.0, 'M_PBRA': -1.0, 'q_ACB': 0.0016401470638811588}
2025-11-23 17:18:48.537 | INFO     | env.satellite_mac_env:step:159 - parsed_action {'M_CBRA': -3.0, 'M_PBRA': 3.0, 'q_ACB': 0.0013217334635555744}
2025-11-23 17:18:48.540 | INFO     | env.satellite_mac_env:step:159 - parsed_action {'M_CBRA': 1.0, 'M_PBRA': -1.0, 'q_ACB': 4.4878790504299104e-05}
2025-11-23 17:18:48.542 | INFO     | env.satellite_mac_env:step:159 - parsed_action {'M_CBRA': 1.0, 'M_PBRA': -1.0, 'q_ACB': 3.368594843777828e-05}
2025-11-23 17:18:48.543 | INFO     | env.satellite_mac_env:step:159 - parsed_action {'M_CBRA': 1.0, 'M_PBRA': -1.0, 'q_ACB': 4.5459993998520076e-05}
2025-11-23 17:18:48.545 | INFO     | env.satellite_mac_env:step:159 - parsed_action {'M_CBRA': 1.0, 'M_PBRA': -1.0, 'q_ACB': 4.4527434511110187e-05}
2025-11-23 17:18:48.548 | INFO     | env.satellite_mac_env:step:159 - parsed_action {'M_CBRA': 1.0, 'M_PBRA': -1.0, 'q_ACB': 2.90865159513487e-06}
2025-11-23 17:18:48.550 | INFO     | env.satellite_mac_env:step:159 - parsed_action {'M_CBRA': 1.0, 'M_PBRA': -1.0, 'q_ACB': 2.3227057681651786e-06}
2025-11-23 17:18:48.551 | INFO     | env.satellite_mac_env:step:159 - parsed_action {'M_CBRA': 1.0, 'M_PBRA': -1.0, 'q_ACB': 2.8849706268374575e-06}
2025-11-23 17:18:48.552 | INFO     | env.satellite_mac_env:step:159 - parsed_action {'M_CBRA': 1.0, 'M_PBRA': -1.0, 'q_ACB': 2.954179990410921e-06}
2025-11-23 17:18:48.557 | INFO     | env.satellite_mac_env:step:159 - parsed_action {'M_CBRA': -3.0, 'M_PBRA': 3.0, 'q_ACB': 0.0015222497750073671}
2025-11-23 17:18:48.558 | INFO     | env.satellite_mac_env:step:159 - parsed_action {'M_CBRA': -3.0, 'M_PBRA': 3.0, 'q_ACB': 0.0020163629669696093}
2025-11-23 17:18:48.560 | INFO     | env.satellite_mac_env:step:159 - parsed_action {'M_CBRA': -3.0, 'M_PBRA': 3.0, 'q_ACB': 0.001655879314057529}
2025-11-23 17:18:48.561 | INFO     | env.satellite_mac_env:step:159 - parsed_action {'M_CBRA': -3.0, 'M_PBRA': 3.0, 'q_ACB': 0.002505575306713581}
2025-11-23 17:18:48.564 | INFO     | env.satellite_mac_env:step:159 - parsed_action {'M_CBRA': -3.0, 'M_PBRA': 3.0, 'q_ACB': 8.483812763415699e-09}
2025-11-23 17:18:48.565 | INFO     | env.satellite_mac_env:step:159 - parsed_action {'M_CBRA': -3.0, 'M_PBRA': 3.0, 'q_ACB': 8.504842163858939e-09}
2025-11-23 17:18:48.567 | INFO     | env.satellite_mac_env:step:159 - parsed_action {'M_CBRA': -3.0, 'M_PBRA': 3.0, 'q_ACB': 1.033904162284216e-08}
2025-11-23 17:18:48.568 | INFO     | env.satellite_mac_env:step:159 - parsed_action {'M_CBRA': -3.0, 'M_PBRA': 3.0, 'q_ACB': 9.415761503817066e-09}
2025-11-23 17:18:48.572 | INFO     | env.satellite_mac_env:step:159 - parsed_action {'M_CBRA': -3.0, 'M_PBRA': 3.0, 'q_ACB': 0.8905813097953796}
2025-11-23 17:18:48.574 | INFO     | env.satellite_mac_env:step:159 - parsed_action {'M_CBRA': -3.0, 'M_PBRA': 3.0, 'q_ACB': 0.9461880326271057}
2025-11-23 17:18:48.575 | INFO     | env.satellite_mac_env:step:159 - parsed_action {'M_CBRA': -3.0, 'M_PBRA': 3.0, 'q_ACB': 0.9125546216964722}
2025-11-23 17:18:48.577 | INFO     | env.satellite_mac_env:step:159 - parsed_action {'M_CBRA': -3.0, 'M_PBRA': 3.0, 'q_ACB': 0.974551260471344}
2025-11-23 17:18:48.580 | INFO     | env.satellite_mac_env:step:159 - parsed_action {'M_CBRA': -3.0, 'M_PBRA': 3.0, 'q_ACB': 0.9999998807907104}
2025-11-23 17:18:48.581 | INFO     | env.satellite_mac_env:step:159 - parsed_action {'M_CBRA': -3.0, 'M_PBRA': 3.0, 'q_ACB': 1.0}
2025-11-23 17:18:48.582 | INFO     | env.satellite_mac_env:step:159 - parsed_action {'M_CBRA': -3.0, 'M_PBRA': 3.0, 'q_ACB': 0.9999998807907104}
2025-11-23 17:18:48.584 | INFO     | env.satellite_mac_env:step:159 - parsed_action {'M_CBRA': -3.0, 'M_PBRA': 3.0, 'q_ACB': 1.0}
2025-11-23 17:18:48.588 | INFO     | env.satellite_mac_env:step:159 - parsed_action {'M_CBRA': -3.0, 'M_PBRA': 3.0, 'q_ACB': 0.9865583777427673}
2025-11-23 17:18:48.590 | INFO     | env.satellite_mac_env:step:159 - parsed_action {'M_CBRA': -3.0, 'M_PBRA': 3.0, 'q_ACB': 0.9803937673568726}
2025-11-23 17:18:48.591 | INFO     | env.satellite_mac_env:step:159 - parsed_action {'M_CBRA': -3.0, 'M_PBRA': 3.0, 'q_ACB': 0.9741686582565308}
2025-11-23 17:18:48.592 | INFO     | env.satellite_mac_env:step:159 - parsed_action {'M_CBRA': -3.0, 'M_PBRA': 3.0, 'q_ACB': 0.9995748400688171}
2025-11-23 17:18:48.595 | INFO     | env.satellite_mac_env:step:159 - parsed_action {'M_CBRA': -3.0, 'M_PBRA': 3.0, 'q_ACB': 3.8143513347854707e-10}
2025-11-23 17:18:48.597 | INFO     | env.satellite_mac_env:step:159 - parsed_action {'M_CBRA': -3.0, 'M_PBRA': 3.0, 'q_ACB': 7.4852496423361e-10}
2025-11-23 17:18:48.598 | INFO     | env.satellite_mac_env:step:159 - parsed_action {'M_CBRA': -3.0, 'M_PBRA': 3.0, 'q_ACB': 3.0224400759948367e-10}
2025-11-23 17:18:48.599 | INFO     | env.satellite_mac_env:step:159 - parsed_action {'M_CBRA': 1.0, 'M_PBRA': -1.0, 'q_ACB': 6.735790258893815e-10}
2025-11-23 17:18:48.603 | INFO     | env.satellite_mac_env:step:159 - parsed_action {'M_CBRA': -3.0, 'M_PBRA': 3.0, 'q_ACB': 2.6104669537119207e-09}
2025-11-23 17:18:48.605 | INFO     | env.satellite_mac_env:step:159 - parsed_action {'M_CBRA': -3.0, 'M_PBRA': 3.0, 'q_ACB': 9.840456449694557e-09}
2025-11-23 17:18:48.606 | INFO     | env.satellite_mac_env:step:159 - parsed_action {'M_CBRA': -3.0, 'M_PBRA': 3.0, 'q_ACB': 1.796971349499188e-09}
2025-11-23 17:18:48.608 | INFO     | env.satellite_mac_env:step:159 - parsed_action {'M_CBRA': -3.0, 'M_PBRA': 3.0, 'q_ACB': 5.230472721606816e-10}
2025-11-23 17:18:48.611 | INFO     | env.satellite_mac_env:step:159 - parsed_action {'M_CBRA': -3.0, 'M_PBRA': 3.0, 'q_ACB': 0.11098538339138031}
2025-11-23 17:18:48.612 | INFO     | env.satellite_mac_env:step:159 - parsed_action {'M_CBRA': -3.0, 'M_PBRA': 3.0, 'q_ACB': 0.49575576186180115}
2025-11-23 17:18:48.614 | INFO     | env.satellite_mac_env:step:159 - parsed_action {'M_CBRA': -3.0, 'M_PBRA': 3.0, 'q_ACB': 0.11088699102401733}
2025-11-23 17:18:48.615 | INFO     | env.satellite_mac_env:step:159 - parsed_action {'M_CBRA': -3.0, 'M_PBRA': 3.0, 'q_ACB': 0.0117654949426651}
2025-11-23 17:18:48.618 | INFO     | env.satellite_mac_env:step:159 - parsed_action {'M_CBRA': 1.0, 'M_PBRA': -1.0, 'q_ACB': 0.032678984105587006}
2025-11-23 17:18:48.621 | INFO     | env.satellite_mac_env:step:159 - parsed_action {'M_CBRA': -3.0, 'M_PBRA': 3.0, 'q_ACB': 0.09704655408859253}
2025-11-23 17:18:48.623 | INFO     | env.satellite_mac_env:step:159 - parsed_action {'M_CBRA': -3.0, 'M_PBRA': 3.0, 'q_ACB': 0.04098912701010704}
2025-11-23 17:18:48.624 | INFO     | env.satellite_mac_env:step:159 - parsed_action {'M_CBRA': 1.0, 'M_PBRA': -1.0, 'q_ACB': 0.01739397644996643}
2025-11-23 17:18:48.628 | INFO     | env.satellite_mac_env:step:159 - parsed_action {'M_CBRA': 1.0, 'M_PBRA': -1.0, 'q_ACB': 0.9999046325683594}
2025-11-23 17:18:48.629 | INFO     | env.satellite_mac_env:step:159 - parsed_action {'M_CBRA': 1.0, 'M_PBRA': -1.0, 'q_ACB': 0.999967098236084}
2025-11-23 17:18:48.631 | INFO     | env.satellite_mac_env:step:159 - parsed_action {'M_CBRA': 1.0, 'M_PBRA': -1.0, 'q_ACB': 0.999889612197876}
2025-11-23 17:18:48.632 | INFO     | env.satellite_mac_env:step:159 - parsed_action {'M_CBRA': 1.0, 'M_PBRA': -1.0, 'q_ACB': 0.9976801872253418}
2025-11-23 17:18:48.635 | INFO     | env.satellite_mac_env:step:159 - parsed_action {'M_CBRA': 1.0, 'M_PBRA': -1.0, 'q_ACB': 1.0}
2025-11-23 17:18:48.637 | INFO     | env.satellite_mac_env:step:159 - parsed_action {'M_CBRA': 1.0, 'M_PBRA': -1.0, 'q_ACB': 1.0}
2025-11-23 17:18:48.639 | INFO     | env.satellite_mac_env:step:159 - parsed_action {'M_CBRA': 1.0, 'M_PBRA': -1.0, 'q_ACB': 1.0}
2025-11-23 17:18:48.640 | INFO     | env.satellite_mac_env:step:159 - parsed_action {'M_CBRA': 1.0, 'M_PBRA': -1.0, 'q_ACB': 1.0}
2025-11-23 17:18:48.644 | INFO     | env.satellite_mac_env:step:159 - parsed_action {'M_CBRA': 1.0, 'M_PBRA': -1.0, 'q_ACB': 0.1650603860616684}
2025-11-23 17:18:48.645 | INFO     | env.satellite_mac_env:step:159 - parsed_action {'M_CBRA': 1.0, 'M_PBRA': -1.0, 'q_ACB': 0.1814158409833908}
2025-11-23 17:18:48.646 | INFO     | env.satellite_mac_env:step:159 - parsed_action {'M_CBRA': 1.0, 'M_PBRA': -1.0, 'q_ACB': 0.07636650651693344}
2025-11-23 17:18:48.647 | INFO     | env.satellite_mac_env:step:159 - parsed_action {'M_CBRA': 1.0, 'M_PBRA': -1.0, 'q_ACB': 0.2071363925933838}
2025-11-23 17:18:48.650 | INFO     | env.satellite_mac_env:step:159 - parsed_action {'M_CBRA': 1.0, 'M_PBRA': -1.0, 'q_ACB': 1.0}
2025-11-23 17:18:48.652 | INFO     | env.satellite_mac_env:step:159 - parsed_action {'M_CBRA': 1.0, 'M_PBRA': -1.0, 'q_ACB': 1.0}
2025-11-23 17:18:48.654 | INFO     | env.satellite_mac_env:step:159 - parsed_action {'M_CBRA': 1.0, 'M_PBRA': -1.0, 'q_ACB': 1.0}
2025-11-23 17:18:48.655 | INFO     | env.satellite_mac_env:step:159 - parsed_action {'M_CBRA': 1.0, 'M_PBRA': -1.0, 'q_ACB': 1.0}
2025-11-23 17:18:48.659 | INFO     | env.satellite_mac_env:step:159 - parsed_action {'M_CBRA': 1.0, 'M_PBRA': -1.0, 'q_ACB': 1.0}
2025-11-23 17:18:48.660 | INFO     | env.satellite_mac_env:step:159 - parsed_action {'M_CBRA': 1.0, 'M_PBRA': -1.0, 'q_ACB': 1.0}
2025-11-23 17:18:48.662 | INFO     | env.satellite_mac_env:step:159 - parsed_action {'M_CBRA': 1.0, 'M_PBRA': -1.0, 'q_ACB': 1.0}
2025-11-23 17:18:48.663 | INFO     | env.satellite_mac_env:step:159 - parsed_action {'M_CBRA': 1.0, 'M_PBRA': -1.0, 'q_ACB': 1.0}
2025-11-23 17:18:48.666 | INFO     | env.satellite_mac_env:step:159 - parsed_action {'M_CBRA': 1.0, 'M_PBRA': -1.0, 'q_ACB': 1.0}
2025-11-23 17:18:48.667 | INFO     | env.satellite_mac_env:step:159 - parsed_action {'M_CBRA': 1.0, 'M_PBRA': -1.0, 'q_ACB': 1.0}
2025-11-23 17:18:48.669 | INFO     | env.satellite_mac_env:step:159 - parsed_action {'M_CBRA': 1.0, 'M_PBRA': -1.0, 'q_ACB': 1.0}
2025-11-23 17:18:48.671 | INFO     | env.satellite_mac_env:step:159 - parsed_action {'M_CBRA': 1.0, 'M_PBRA': -1.0, 'q_ACB': 1.0}
2025-11-23 17:18:48.674 | INFO     | env.satellite_mac_env:step:159 - parsed_action {'M_CBRA': 1.0, 'M_PBRA': -1.0, 'q_ACB': 1.0}
2025-11-23 17:18:48.676 | INFO     | env.satellite_mac_env:step:159 - parsed_action {'M_CBRA': 1.0, 'M_PBRA': -1.0, 'q_ACB': 1.0}
2025-11-23 17:18:48.677 | INFO     | env.satellite_mac_env:step:159 - parsed_action {'M_CBRA': 1.0, 'M_PBRA': -1.0, 'q_ACB': 1.0}
2025-11-23 17:18:48.678 | INFO     | env.satellite_mac_env:step:159 - parsed_action {'M_CBRA': 1.0, 'M_PBRA': -1.0, 'q_ACB': 1.0}
2025-11-23 17:18:48.681 | INFO     | env.satellite_mac_env:step:159 - parsed_action {'M_CBRA': 1.0, 'M_PBRA': -1.0, 'q_ACB': 0.8558542132377625}
2025-11-23 17:18:48.682 | INFO     | env.satellite_mac_env:step:159 - parsed_action {'M_CBRA': 1.0, 'M_PBRA': -1.0, 'q_ACB': 0.9993078708648682}
2025-11-23 17:18:48.684 | INFO     | env.satellite_mac_env:step:159 - parsed_action {'M_CBRA': 1.0, 'M_PBRA': -1.0, 'q_ACB': 0.8942072987556458}
2025-11-23 17:18:48.685 | INFO     | env.satellite_mac_env:step:159 - parsed_action {'M_CBRA': 1.0, 'M_PBRA': -1.0, 'q_ACB': 0.9423269629478455}
2025-11-23 17:18:48.689 | INFO     | env.satellite_mac_env:step:159 - parsed_action {'M_CBRA': 1.0, 'M_PBRA': -1.0, 'q_ACB': 1.0}
2025-11-23 17:18:48.691 | INFO     | env.satellite_mac_env:step:159 - parsed_action {'M_CBRA': 1.0, 'M_PBRA': -1.0, 'q_ACB': 1.0}
2025-11-23 17:18:48.693 | INFO     | env.satellite_mac_env:step:159 - parsed_action {'M_CBRA': 1.0, 'M_PBRA': -1.0, 'q_ACB': 1.0}
2025-11-23 17:18:48.694 | INFO     | env.satellite_mac_env:step:159 - parsed_action {'M_CBRA': 1.0, 'M_PBRA': -1.0, 'q_ACB': 1.0}
2025-11-23 17:18:48.698 | INFO     | env.satellite_mac_env:step:159 - parsed_action {'M_CBRA': 1.0, 'M_PBRA': -1.0, 'q_ACB': 1.0}
2025-11-23 17:18:48.700 | INFO     | env.satellite_mac_env:step:159 - parsed_action {'M_CBRA': 1.0, 'M_PBRA': -1.0, 'q_ACB': 1.0}
2025-11-23 17:18:48.701 | INFO     | env.satellite_mac_env:step:159 - parsed_action {'M_CBRA': 1.0, 'M_PBRA': -1.0, 'q_ACB': 1.0}
2025-11-23 17:18:48.703 | INFO     | env.satellite_mac_env:step:159 - parsed_action {'M_CBRA': 1.0, 'M_PBRA': -1.0, 'q_ACB': 1.0}
2025-11-23 17:18:48.706 | INFO     | env.satellite_mac_env:step:159 - parsed_action {'M_CBRA': 1.0, 'M_PBRA': -1.0, 'q_ACB': 1.0}
2025-11-23 17:18:48.708 | INFO     | env.satellite_mac_env:step:159 - parsed_action {'M_CBRA': 1.0, 'M_PBRA': -1.0, 'q_ACB': 1.0}
2025-11-23 17:18:48.709 | INFO     | env.satellite_mac_env:step:159 - parsed_action {'M_CBRA': 1.0, 'M_PBRA': -1.0, 'q_ACB': 1.0}
2025-11-23 17:18:48.711 | INFO     | env.satellite_mac_env:step:159 - parsed_action {'M_CBRA': 1.0, 'M_PBRA': -1.0, 'q_ACB': 1.0}
2025-11-23 17:18:48.714 | INFO     | env.satellite_mac_env:step:159 - parsed_action {'M_CBRA': 1.0, 'M_PBRA': -1.0, 'q_ACB': 1.0}
2025-11-23 17:18:48.715 | INFO     | env.satellite_mac_env:step:159 - parsed_action {'M_CBRA': 1.0, 'M_PBRA': -1.0, 'q_ACB': 1.0}
2025-11-23 17:18:48.716 | INFO     | env.satellite_mac_env:step:159 - parsed_action {'M_CBRA': 1.0, 'M_PBRA': -1.0, 'q_ACB': 1.0}
2025-11-23 17:18:48.718 | INFO     | env.satellite_mac_env:step:159 - parsed_action {'M_CBRA': 1.0, 'M_PBRA': -1.0, 'q_ACB': 1.0}
2025-11-23 17:18:48.722 | INFO     | env.satellite_mac_env:step:159 - parsed_action {'M_CBRA': 1.0, 'M_PBRA': -1.0, 'q_ACB': 1.0}
2025-11-23 17:18:48.724 | INFO     | env.satellite_mac_env:step:159 - parsed_action {'M_CBRA': 1.0, 'M_PBRA': -1.0, 'q_ACB': 1.0}
2025-11-23 17:18:48.725 | INFO     | env.satellite_mac_env:step:159 - parsed_action {'M_CBRA': 1.0, 'M_PBRA': -1.0, 'q_ACB': 1.0}
2025-11-23 17:18:48.726 | INFO     | env.satellite_mac_env:step:159 - parsed_action {'M_CBRA': 1.0, 'M_PBRA': -1.0, 'q_ACB': 1.0}
2025-11-23 17:18:48.730 | INFO     | env.satellite_mac_env:step:159 - parsed_action {'M_CBRA': 1.0, 'M_PBRA': -1.0, 'q_ACB': 1.0}
2025-11-23 17:18:48.731 | INFO     | env.satellite_mac_env:step:159 - parsed_action {'M_CBRA': 1.0, 'M_PBRA': -1.0, 'q_ACB': 1.0}
2025-11-23 17:18:48.733 | INFO     | env.satellite_mac_env:step:159 - parsed_action {'M_CBRA': 1.0, 'M_PBRA': -1.0, 'q_ACB': 1.0}
2025-11-23 17:18:48.734 | INFO     | env.satellite_mac_env:step:159 - parsed_action {'M_CBRA': 1.0, 'M_PBRA': -1.0, 'q_ACB': 1.0}
2025-11-23 17:18:48.737 | INFO     | env.satellite_mac_env:step:159 - parsed_action {'M_CBRA': 1.0, 'M_PBRA': -1.0, 'q_ACB': 1.0}
2025-11-23 17:18:48.739 | INFO     | env.satellite_mac_env:step:159 - parsed_action {'M_CBRA': 1.0, 'M_PBRA': -1.0, 'q_ACB': 1.0}
2025-11-23 17:18:48.741 | INFO     | env.satellite_mac_env:step:159 - parsed_action {'M_CBRA': 1.0, 'M_PBRA': -1.0, 'q_ACB': 1.0}
2025-11-23 17:18:48.742 | INFO     | env.satellite_mac_env:step:159 - parsed_action {'M_CBRA': 1.0, 'M_PBRA': -1.0, 'q_ACB': 1.0}
2025-11-23 17:18:48.746 | INFO     | env.satellite_mac_env:step:159 - parsed_action {'M_CBRA': 1.0, 'M_PBRA': -1.0, 'q_ACB': 1.0}
2025-11-23 17:18:48.748 | INFO     | env.satellite_mac_env:step:159 - parsed_action {'M_CBRA': 1.0, 'M_PBRA': -1.0, 'q_ACB': 1.0}
2025-11-23 17:18:48.749 | INFO     | env.satellite_mac_env:step:159 - parsed_action {'M_CBRA': 1.0, 'M_PBRA': -1.0, 'q_ACB': 1.0}
2025-11-23 17:18:48.750 | INFO     | env.satellite_mac_env:step:159 - parsed_action {'M_CBRA': 1.0, 'M_PBRA': -1.0, 'q_ACB': 1.0}
2025-11-23 17:18:48.754 | INFO     | env.satellite_mac_env:step:159 - parsed_action {'M_CBRA': 1.0, 'M_PBRA': -1.0, 'q_ACB': 1.0}
2025-11-23 17:18:48.756 | INFO     | env.satellite_mac_env:step:159 - parsed_action {'M_CBRA': 1.0, 'M_PBRA': -1.0, 'q_ACB': 1.0}
2025-11-23 17:18:48.757 | INFO     | env.satellite_mac_env:step:159 - parsed_action {'M_CBRA': 1.0, 'M_PBRA': -1.0, 'q_ACB': 1.0}
2025-11-23 17:18:48.759 | INFO     | env.satellite_mac_env:step:159 - parsed_action {'M_CBRA': 1.0, 'M_PBRA': -1.0, 'q_ACB': 1.0}
2025-11-23 17:18:48.762 | INFO     | env.satellite_mac_env:step:159 - parsed_action {'M_CBRA': 1.0, 'M_PBRA': -1.0, 'q_ACB': 1.0}
2025-11-23 17:18:48.763 | INFO     | env.satellite_mac_env:step:159 - parsed_action {'M_CBRA': 1.0, 'M_PBRA': -1.0, 'q_ACB': 1.0}
2025-11-23 17:18:48.764 | INFO     | env.satellite_mac_env:step:159 - parsed_action {'M_CBRA': 1.0, 'M_PBRA': -1.0, 'q_ACB': 1.0}
2025-11-23 17:18:48.766 | INFO     | env.satellite_mac_env:step:159 - parsed_action {'M_CBRA': 1.0, 'M_PBRA': -1.0, 'q_ACB': 1.0}
2025-11-23 17:18:48.770 | INFO     | env.satellite_mac_env:step:159 - parsed_action {'M_CBRA': 1.0, 'M_PBRA': -1.0, 'q_ACB': 1.0}
2025-11-23 17:18:48.772 | INFO     | env.satellite_mac_env:step:159 - parsed_action {'M_CBRA': 1.0, 'M_PBRA': -1.0, 'q_ACB': 1.0}
2025-11-23 17:18:48.774 | INFO     | env.satellite_mac_env:step:159 - parsed_action {'M_CBRA': 1.0, 'M_PBRA': -1.0, 'q_ACB': 1.0}
2025-11-23 17:18:48.775 | INFO     | env.satellite_mac_env:step:159 - parsed_action {'M_CBRA': 1.0, 'M_PBRA': -1.0, 'q_ACB': 1.0}
2025-11-23 17:18:48.780 | INFO     | env.satellite_mac_env:step:159 - parsed_action {'M_CBRA': 1.0, 'M_PBRA': -1.0, 'q_ACB': 1.0}
2025-11-23 17:18:48.781 | INFO     | env.satellite_mac_env:step:159 - parsed_action {'M_CBRA': 1.0, 'M_PBRA': -1.0, 'q_ACB': 1.0}
2025-11-23 17:18:48.782 | INFO     | env.satellite_mac_env:step:159 - parsed_action {'M_CBRA': 1.0, 'M_PBRA': -1.0, 'q_ACB': 1.0}
2025-11-23 17:18:48.783 | INFO     | env.satellite_mac_env:step:159 - parsed_action {'M_CBRA': 1.0, 'M_PBRA': -1.0, 'q_ACB': 1.0}
2025-11-23 17:18:48.787 | INFO     | env.satellite_mac_env:step:159 - parsed_action {'M_CBRA': 1.0, 'M_PBRA': -1.0, 'q_ACB': 1.0}
2025-11-23 17:18:48.790 | INFO     | env.satellite_mac_env:step:159 - parsed_action {'M_CBRA': 1.0, 'M_PBRA': -1.0, 'q_ACB': 1.0}
2025-11-23 17:18:48.791 | INFO     | env.satellite_mac_env:step:159 - parsed_action {'M_CBRA': 1.0, 'M_PBRA': -1.0, 'q_ACB': 1.0}
2025-11-23 17:18:48.793 | INFO     | env.satellite_mac_env:step:159 - parsed_action {'M_CBRA': 1.0, 'M_PBRA': -1.0, 'q_ACB': 1.0}
2025-11-23 17:18:48.797 | INFO     | env.satellite_mac_env:step:159 - parsed_action {'M_CBRA': 1.0, 'M_PBRA': -1.0, 'q_ACB': 1.0}
2025-11-23 17:18:48.799 | INFO     | env.satellite_mac_env:step:159 - parsed_action {'M_CBRA': 1.0, 'M_PBRA': -1.0, 'q_ACB': 1.0}
2025-11-23 17:18:48.800 | INFO     | env.satellite_mac_env:step:159 - parsed_action {'M_CBRA': 1.0, 'M_PBRA': -1.0, 'q_ACB': 1.0}
2025-11-23 17:18:48.801 | INFO     | env.satellite_mac_env:step:159 - parsed_action {'M_CBRA': 1.0, 'M_PBRA': -1.0, 'q_ACB': 1.0}
2025-11-23 17:18:48.806 | INFO     | env.satellite_mac_env:step:159 - parsed_action {'M_CBRA': 1.0, 'M_PBRA': -1.0, 'q_ACB': 1.0}
2025-11-23 17:18:48.808 | INFO     | env.satellite_mac_env:step:159 - parsed_action {'M_CBRA': 1.0, 'M_PBRA': -1.0, 'q_ACB': 1.0}
2025-11-23 17:18:48.810 | INFO     | env.satellite_mac_env:step:159 - parsed_action {'M_CBRA': 1.0, 'M_PBRA': -1.0, 'q_ACB': 1.0}
2025-11-23 17:18:48.812 | INFO     | env.satellite_mac_env:step:159 - parsed_action {'M_CBRA': 1.0, 'M_PBRA': -1.0, 'q_ACB': 1.0}
2025-11-23 17:18:48.817 | INFO     | env.satellite_mac_env:step:159 - parsed_action {'M_CBRA': 1.0, 'M_PBRA': -1.0, 'q_ACB': 1.0}
2025-11-23 17:18:48.818 | INFO     | env.satellite_mac_env:step:159 - parsed_action {'M_CBRA': 1.0, 'M_PBRA': -1.0, 'q_ACB': 1.0}
2025-11-23 17:18:48.821 | INFO     | env.satellite_mac_env:step:159 - parsed_action {'M_CBRA': 1.0, 'M_PBRA': -1.0, 'q_ACB': 1.0}
2025-11-23 17:18:48.823 | INFO     | env.satellite_mac_env:step:159 - parsed_action {'M_CBRA': -3.0, 'M_PBRA': 3.0, 'q_ACB': 1.0}
2025-11-23 17:18:48.828 | INFO     | env.satellite_mac_env:step:159 - parsed_action {'M_CBRA': -3.0, 'M_PBRA': 3.0, 'q_ACB': 1.0}
2025-11-23 17:18:48.830 | INFO     | env.satellite_mac_env:step:159 - parsed_action {'M_CBRA': -3.0, 'M_PBRA': 3.0, 'q_ACB': 1.0}
2025-11-23 17:18:48.833 | INFO     | env.satellite_mac_env:step:159 - parsed_action {'M_CBRA': -3.0, 'M_PBRA': 3.0, 'q_ACB': 1.0}
2025-11-23 17:18:48.835 | INFO     | env.satellite_mac_env:step:159 - parsed_action {'M_CBRA': -3.0, 'M_PBRA': 3.0, 'q_ACB': 1.0}
2025-11-23 17:18:48.840 | INFO     | env.satellite_mac_env:step:159 - parsed_action {'M_CBRA': -3.0, 'M_PBRA': 3.0, 'q_ACB': 1.0}
2025-11-23 17:18:48.843 | INFO     | env.satellite_mac_env:step:159 - parsed_action {'M_CBRA': -3.0, 'M_PBRA': 3.0, 'q_ACB': 1.0}
2025-11-23 17:18:48.845 | INFO     | env.satellite_mac_env:step:159 - parsed_action {'M_CBRA': -3.0, 'M_PBRA': 3.0, 'q_ACB': 1.0}
2025-11-23 17:18:48.847 | INFO     | env.satellite_mac_env:step:159 - parsed_action {'M_CBRA': -3.0, 'M_PBRA': 3.0, 'q_ACB': 1.0}
2025-11-23 17:18:48.852 | INFO     | env.satellite_mac_env:step:159 - parsed_action {'M_CBRA': 1.0, 'M_PBRA': -1.0, 'q_ACB': 1.0}
2025-11-23 17:18:48.854 | INFO     | env.satellite_mac_env:step:159 - parsed_action {'M_CBRA': 1.0, 'M_PBRA': -1.0, 'q_ACB': 1.0}
2025-11-23 17:18:48.857 | INFO     | env.satellite_mac_env:step:159 - parsed_action {'M_CBRA': 1.0, 'M_PBRA': -1.0, 'q_ACB': 1.0}
2025-11-23 17:18:48.860 | INFO     | env.satellite_mac_env:step:159 - parsed_action {'M_CBRA': 1.0, 'M_PBRA': -1.0, 'q_ACB': 1.0}
2025-11-23 17:18:48.867 | INFO     | env.satellite_mac_env:step:159 - parsed_action {'M_CBRA': -3.0, 'M_PBRA': 3.0, 'q_ACB': 1.0}
2025-11-23 17:18:48.869 | INFO     | env.satellite_mac_env:step:159 - parsed_action {'M_CBRA': -3.0, 'M_PBRA': 3.0, 'q_ACB': 1.0}
2025-11-23 17:18:48.872 | INFO     | env.satellite_mac_env:step:159 - parsed_action {'M_CBRA': -3.0, 'M_PBRA': 3.0, 'q_ACB': 1.0}
2025-11-23 17:18:48.873 | INFO     | env.satellite_mac_env:step:159 - parsed_action {'M_CBRA': -3.0, 'M_PBRA': 3.0, 'q_ACB': 1.0}
2025-11-23 17:18:48.877 | INFO     | env.satellite_mac_env:step:159 - parsed_action {'M_CBRA': -3.0, 'M_PBRA': 3.0, 'q_ACB': 1.0}
2025-11-23 17:18:48.879 | INFO     | env.satellite_mac_env:step:159 - parsed_action {'M_CBRA': 1.0, 'M_PBRA': -1.0, 'q_ACB': 1.0}
2025-11-23 17:18:48.880 | INFO     | env.satellite_mac_env:step:159 - parsed_action {'M_CBRA': -3.0, 'M_PBRA': 3.0, 'q_ACB': 1.0}
2025-11-23 17:18:48.882 | INFO     | env.satellite_mac_env:step:159 - parsed_action {'M_CBRA': -3.0, 'M_PBRA': 3.0, 'q_ACB': 1.0}
2025-11-23 17:18:48.885 | INFO     | env.satellite_mac_env:step:159 - parsed_action {'M_CBRA': -3.0, 'M_PBRA': 3.0, 'q_ACB': 1.0}
2025-11-23 17:18:48.887 | INFO     | env.satellite_mac_env:step:159 - parsed_action {'M_CBRA': -3.0, 'M_PBRA': 3.0, 'q_ACB': 1.0}
2025-11-23 17:18:48.889 | INFO     | env.satellite_mac_env:step:159 - parsed_action {'M_CBRA': -3.0, 'M_PBRA': 3.0, 'q_ACB': 1.0}
2025-11-23 17:18:48.890 | INFO     | env.satellite_mac_env:step:159 - parsed_action {'M_CBRA': -3.0, 'M_PBRA': 3.0, 'q_ACB': 1.0}
2025-11-23 17:18:48.894 | INFO     | env.satellite_mac_env:step:159 - parsed_action {'M_CBRA': -3.0, 'M_PBRA': 3.0, 'q_ACB': 1.0}
2025-11-23 17:18:48.895 | INFO     | env.satellite_mac_env:step:159 - parsed_action {'M_CBRA': 1.0, 'M_PBRA': -1.0, 'q_ACB': 1.0}
2025-11-23 17:18:48.897 | INFO     | env.satellite_mac_env:step:159 - parsed_action {'M_CBRA': -3.0, 'M_PBRA': 3.0, 'q_ACB': 1.0}
2025-11-23 17:18:48.898 | INFO     | env.satellite_mac_env:step:159 - parsed_action {'M_CBRA': -3.0, 'M_PBRA': 3.0, 'q_ACB': 1.0}
2025-11-23 17:18:48.901 | INFO     | env.satellite_mac_env:step:159 - parsed_action {'M_CBRA': 1.0, 'M_PBRA': -1.0, 'q_ACB': 1.0}
2025-11-23 17:18:48.903 | INFO     | env.satellite_mac_env:step:159 - parsed_action {'M_CBRA': 1.0, 'M_PBRA': -1.0, 'q_ACB': 1.0}
2025-11-23 17:18:48.906 | INFO     | env.satellite_mac_env:step:159 - parsed_action {'M_CBRA': 1.0, 'M_PBRA': -1.0, 'q_ACB': 1.0}
2025-11-23 17:18:48.907 | INFO     | env.satellite_mac_env:step:159 - parsed_action {'M_CBRA': 1.0, 'M_PBRA': -1.0, 'q_ACB': 1.0}
2025-11-23 17:18:48.911 | INFO     | env.satellite_mac_env:step:159 - parsed_action {'M_CBRA': -3.0, 'M_PBRA': 3.0, 'q_ACB': 1.0}
2025-11-23 17:18:48.912 | INFO     | env.satellite_mac_env:step:159 - parsed_action {'M_CBRA': -3.0, 'M_PBRA': 3.0, 'q_ACB': 1.0}
2025-11-23 17:18:48.913 | INFO     | env.satellite_mac_env:step:159 - parsed_action {'M_CBRA': -3.0, 'M_PBRA': 3.0, 'q_ACB': 1.0}
2025-11-23 17:18:48.915 | INFO     | env.satellite_mac_env:step:159 - parsed_action {'M_CBRA': -3.0, 'M_PBRA': 3.0, 'q_ACB': 1.0}
2025-11-23 17:18:48.918 | INFO     | env.satellite_mac_env:step:159 - parsed_action {'M_CBRA': -3.0, 'M_PBRA': 3.0, 'q_ACB': 1.0}
2025-11-23 17:18:48.919 | INFO     | env.satellite_mac_env:step:159 - parsed_action {'M_CBRA': -3.0, 'M_PBRA': 3.0, 'q_ACB': 1.0}
2025-11-23 17:18:48.921 | INFO     | env.satellite_mac_env:step:159 - parsed_action {'M_CBRA': -3.0, 'M_PBRA': 3.0, 'q_ACB': 1.0}
2025-11-23 17:18:48.923 | INFO     | env.satellite_mac_env:step:159 - parsed_action {'M_CBRA': -3.0, 'M_PBRA': 3.0, 'q_ACB': 1.0}
2025-11-23 17:18:48.927 | INFO     | env.satellite_mac_env:step:159 - parsed_action {'M_CBRA': -3.0, 'M_PBRA': 3.0, 'q_ACB': 1.0}
2025-11-23 17:18:48.928 | INFO     | env.satellite_mac_env:step:159 - parsed_action {'M_CBRA': -3.0, 'M_PBRA': 3.0, 'q_ACB': 1.0}
2025-11-23 17:18:48.930 | INFO     | env.satellite_mac_env:step:159 - parsed_action {'M_CBRA': -3.0, 'M_PBRA': 3.0, 'q_ACB': 1.0}
2025-11-23 17:18:48.931 | INFO     | env.satellite_mac_env:step:159 - parsed_action {'M_CBRA': -3.0, 'M_PBRA': 3.0, 'q_ACB': 1.0}
2025-11-23 17:18:48.935 | INFO     | env.satellite_mac_env:step:159 - parsed_action {'M_CBRA': -3.0, 'M_PBRA': 3.0, 'q_ACB': 1.0}
2025-11-23 17:18:48.936 | INFO     | env.satellite_mac_env:step:159 - parsed_action {'M_CBRA': -3.0, 'M_PBRA': 3.0, 'q_ACB': 1.0}
2025-11-23 17:18:48.939 | INFO     | env.satellite_mac_env:step:159 - parsed_action {'M_CBRA': -3.0, 'M_PBRA': 3.0, 'q_ACB': 1.0}
2025-11-23 17:18:48.940 | INFO     | env.satellite_mac_env:step:159 - parsed_action {'M_CBRA': -3.0, 'M_PBRA': 3.0, 'q_ACB': 1.0}
2025-11-23 17:18:48.944 | INFO     | env.satellite_mac_env:step:159 - parsed_action {'M_CBRA': -3.0, 'M_PBRA': 3.0, 'q_ACB': 1.0}
2025-11-23 17:18:48.945 | INFO     | env.satellite_mac_env:step:159 - parsed_action {'M_CBRA': -3.0, 'M_PBRA': 3.0, 'q_ACB': 1.0}
2025-11-23 17:18:48.946 | INFO     | env.satellite_mac_env:step:159 - parsed_action {'M_CBRA': -3.0, 'M_PBRA': 3.0, 'q_ACB': 1.0}
2025-11-23 17:18:48.947 | INFO     | env.satellite_mac_env:step:159 - parsed_action {'M_CBRA': -3.0, 'M_PBRA': 3.0, 'q_ACB': 1.0}
2025-11-23 17:18:48.950 | INFO     | env.satellite_mac_env:step:159 - parsed_action {'M_CBRA': -3.0, 'M_PBRA': 3.0, 'q_ACB': 1.0}
2025-11-23 17:18:48.952 | INFO     | env.satellite_mac_env:step:159 - parsed_action {'M_CBRA': -3.0, 'M_PBRA': 3.0, 'q_ACB': 1.0}
2025-11-23 17:18:48.954 | INFO     | env.satellite_mac_env:step:159 - parsed_action {'M_CBRA': -3.0, 'M_PBRA': 3.0, 'q_ACB': 1.0}
2025-11-23 17:18:48.956 | INFO     | env.satellite_mac_env:step:159 - parsed_action {'M_CBRA': -3.0, 'M_PBRA': 3.0, 'q_ACB': 1.0}
2025-11-23 17:18:48.959 | INFO     | env.satellite_mac_env:step:159 - parsed_action {'M_CBRA': -3.0, 'M_PBRA': 3.0, 'q_ACB': 1.0}
2025-11-23 17:18:48.961 | INFO     | env.satellite_mac_env:step:159 - parsed_action {'M_CBRA': -3.0, 'M_PBRA': 3.0, 'q_ACB': 1.0}
2025-11-23 17:18:48.962 | INFO     | env.satellite_mac_env:step:159 - parsed_action {'M_CBRA': -3.0, 'M_PBRA': 3.0, 'q_ACB': 1.0}
2025-11-23 17:18:48.964 | INFO     | env.satellite_mac_env:step:159 - parsed_action {'M_CBRA': -3.0, 'M_PBRA': 3.0, 'q_ACB': 1.0}
2025-11-23 17:18:48.967 | INFO     | env.satellite_mac_env:step:159 - parsed_action {'M_CBRA': -3.0, 'M_PBRA': 3.0, 'q_ACB': 1.0}
2025-11-23 17:18:48.969 | INFO     | env.satellite_mac_env:step:159 - parsed_action {'M_CBRA': -3.0, 'M_PBRA': 3.0, 'q_ACB': 1.0}
2025-11-23 17:18:48.971 | INFO     | env.satellite_mac_env:step:159 - parsed_action {'M_CBRA': -3.0, 'M_PBRA': 3.0, 'q_ACB': 1.0}
2025-11-23 17:18:48.973 | INFO     | env.satellite_mac_env:step:159 - parsed_action {'M_CBRA': -3.0, 'M_PBRA': 3.0, 'q_ACB': 1.0}
2025-11-23 17:18:48.978 | INFO     | env.satellite_mac_env:step:159 - parsed_action {'M_CBRA': -3.0, 'M_PBRA': 3.0, 'q_ACB': 1.0}
2025-11-23 17:18:48.979 | INFO     | env.satellite_mac_env:step:159 - parsed_action {'M_CBRA': -3.0, 'M_PBRA': 3.0, 'q_ACB': 1.0}
2025-11-23 17:18:48.981 | INFO     | env.satellite_mac_env:step:159 - parsed_action {'M_CBRA': -3.0, 'M_PBRA': 3.0, 'q_ACB': 1.0}
2025-11-23 17:18:48.982 | INFO     | env.satellite_mac_env:step:159 - parsed_action {'M_CBRA': -3.0, 'M_PBRA': 3.0, 'q_ACB': 1.0}
2025-11-23 17:18:48.985 | INFO     | env.satellite_mac_env:step:159 - parsed_action {'M_CBRA': -3.0, 'M_PBRA': 3.0, 'q_ACB': 1.0}
2025-11-23 17:18:48.987 | INFO     | env.satellite_mac_env:step:159 - parsed_action {'M_CBRA': -3.0, 'M_PBRA': 3.0, 'q_ACB': 1.0}
2025-11-23 17:18:48.989 | INFO     | env.satellite_mac_env:step:159 - parsed_action {'M_CBRA': -3.0, 'M_PBRA': 3.0, 'q_ACB': 1.0}
2025-11-23 17:18:48.991 | INFO     | env.satellite_mac_env:step:159 - parsed_action {'M_CBRA': -3.0, 'M_PBRA': 3.0, 'q_ACB': 1.0}
2025-11-23 17:18:48.994 | INFO     | env.satellite_mac_env:step:159 - parsed_action {'M_CBRA': -3.0, 'M_PBRA': 3.0, 'q_ACB': 1.0}
2025-11-23 17:18:48.996 | INFO     | env.satellite_mac_env:step:159 - parsed_action {'M_CBRA': -3.0, 'M_PBRA': 3.0, 'q_ACB': 1.0}
2025-11-23 17:18:48.997 | INFO     | env.satellite_mac_env:step:159 - parsed_action {'M_CBRA': -3.0, 'M_PBRA': 3.0, 'q_ACB': 1.0}
2025-11-23 17:18:48.998 | INFO     | env.satellite_mac_env:step:159 - parsed_action {'M_CBRA': -3.0, 'M_PBRA': 3.0, 'q_ACB': 1.0}
2025-11-23 17:18:49.001 | INFO     | env.satellite_mac_env:step:159 - parsed_action {'M_CBRA': -3.0, 'M_PBRA': 3.0, 'q_ACB': 1.0}
2025-11-23 17:18:49.003 | INFO     | env.satellite_mac_env:step:159 - parsed_action {'M_CBRA': -3.0, 'M_PBRA': 3.0, 'q_ACB': 1.0}
2025-11-23 17:18:49.005 | INFO     | env.satellite_mac_env:step:159 - parsed_action {'M_CBRA': -3.0, 'M_PBRA': 3.0, 'q_ACB': 1.0}
2025-11-23 17:18:49.006 | INFO     | env.satellite_mac_env:step:159 - parsed_action {'M_CBRA': -3.0, 'M_PBRA': 3.0, 'q_ACB': 1.0}
2025-11-23 17:18:49.010 | INFO     | env.satellite_mac_env:step:159 - parsed_action {'M_CBRA': -3.0, 'M_PBRA': 3.0, 'q_ACB': 1.0}
2025-11-23 17:18:49.011 | INFO     | env.satellite_mac_env:step:159 - parsed_action {'M_CBRA': -3.0, 'M_PBRA': 3.0, 'q_ACB': 1.0}
2025-11-23 17:18:49.012 | INFO     | env.satellite_mac_env:step:159 - parsed_action {'M_CBRA': -3.0, 'M_PBRA': 3.0, 'q_ACB': 1.0}
2025-11-23 17:18:49.014 | INFO     | env.satellite_mac_env:step:159 - parsed_action {'M_CBRA': -3.0, 'M_PBRA': 3.0, 'q_ACB': 1.0}
2025-11-23 17:18:49.016 | INFO     | env.satellite_mac_env:step:159 - parsed_action {'M_CBRA': -3.0, 'M_PBRA': 3.0, 'q_ACB': 1.0}
2025-11-23 17:18:49.018 | INFO     | env.satellite_mac_env:step:159 - parsed_action {'M_CBRA': -3.0, 'M_PBRA': 3.0, 'q_ACB': 1.0}
2025-11-23 17:18:49.020 | INFO     | env.satellite_mac_env:step:159 - parsed_action {'M_CBRA': -3.0, 'M_PBRA': 3.0, 'q_ACB': 1.0}
2025-11-23 17:18:49.022 | INFO     | env.satellite_mac_env:step:159 - parsed_action {'M_CBRA': -3.0, 'M_PBRA': 3.0, 'q_ACB': 1.0}
2025-11-23 17:18:49.026 | INFO     | env.satellite_mac_env:step:159 - parsed_action {'M_CBRA': -3.0, 'M_PBRA': 3.0, 'q_ACB': 1.0}
2025-11-23 17:18:49.027 | INFO     | env.satellite_mac_env:step:159 - parsed_action {'M_CBRA': -3.0, 'M_PBRA': 3.0, 'q_ACB': 1.0}
2025-11-23 17:18:49.029 | INFO     | env.satellite_mac_env:step:159 - parsed_action {'M_CBRA': -3.0, 'M_PBRA': 3.0, 'q_ACB': 1.0}
2025-11-23 17:18:49.030 | INFO     | env.satellite_mac_env:step:159 - parsed_action {'M_CBRA': -3.0, 'M_PBRA': 3.0, 'q_ACB': 1.0}
2025-11-23 17:18:49.033 | INFO     | env.satellite_mac_env:step:159 - parsed_action {'M_CBRA': -3.0, 'M_PBRA': 3.0, 'q_ACB': 1.0}
2025-11-23 17:18:49.035 | INFO     | env.satellite_mac_env:step:159 - parsed_action {'M_CBRA': -3.0, 'M_PBRA': 3.0, 'q_ACB': 1.0}
2025-11-23 17:18:49.036 | INFO     | env.satellite_mac_env:step:159 - parsed_action {'M_CBRA': -3.0, 'M_PBRA': 3.0, 'q_ACB': 1.0}
2025-11-23 17:18:49.038 | INFO     | env.satellite_mac_env:step:159 - parsed_action {'M_CBRA': -3.0, 'M_PBRA': 3.0, 'q_ACB': 1.0}
2025-11-23 17:18:49.041 | INFO     | env.satellite_mac_env:step:159 - parsed_action {'M_CBRA': -3.0, 'M_PBRA': 3.0, 'q_ACB': 1.0}
2025-11-23 17:18:49.043 | INFO     | env.satellite_mac_env:step:159 - parsed_action {'M_CBRA': -3.0, 'M_PBRA': 3.0, 'q_ACB': 1.0}
2025-11-23 17:18:49.044 | INFO     | env.satellite_mac_env:step:159 - parsed_action {'M_CBRA': -3.0, 'M_PBRA': 3.0, 'q_ACB': 1.0}
2025-11-23 17:18:49.045 | INFO     | env.satellite_mac_env:step:159 - parsed_action {'M_CBRA': -3.0, 'M_PBRA': 3.0, 'q_ACB': 1.0}
2025-11-23 17:18:49.048 | INFO     | env.satellite_mac_env:step:159 - parsed_action {'M_CBRA': -3.0, 'M_PBRA': 3.0, 'q_ACB': 1.0}
2025-11-23 17:18:49.050 | INFO     | env.satellite_mac_env:step:159 - parsed_action {'M_CBRA': -3.0, 'M_PBRA': 3.0, 'q_ACB': 1.0}
2025-11-23 17:18:49.051 | INFO     | env.satellite_mac_env:step:159 - parsed_action {'M_CBRA': -3.0, 'M_PBRA': 3.0, 'q_ACB': 1.0}
2025-11-23 17:18:49.052 | INFO     | env.satellite_mac_env:step:159 - parsed_action {'M_CBRA': -3.0, 'M_PBRA': 3.0, 'q_ACB': 1.0}
2025-11-23 17:18:49.057 | INFO     | env.satellite_mac_env:step:159 - parsed_action {'M_CBRA': -3.0, 'M_PBRA': 3.0, 'q_ACB': 1.0}
2025-11-23 17:18:49.058 | INFO     | env.satellite_mac_env:step:159 - parsed_action {'M_CBRA': -3.0, 'M_PBRA': 3.0, 'q_ACB': 1.0}
2025-11-23 17:18:49.059 | INFO     | env.satellite_mac_env:step:159 - parsed_action {'M_CBRA': -3.0, 'M_PBRA': 3.0, 'q_ACB': 1.0}
2025-11-23 17:18:49.061 | INFO     | env.satellite_mac_env:step:159 - parsed_action {'M_CBRA': -3.0, 'M_PBRA': 3.0, 'q_ACB': 1.0}
2025-11-23 17:18:49.064 | INFO     | env.satellite_mac_env:step:159 - parsed_action {'M_CBRA': -3.0, 'M_PBRA': 3.0, 'q_ACB': 1.0}
2025-11-23 17:18:49.065 | INFO     | env.satellite_mac_env:step:159 - parsed_action {'M_CBRA': -3.0, 'M_PBRA': 3.0, 'q_ACB': 1.0}
2025-11-23 17:18:49.067 | INFO     | env.satellite_mac_env:step:159 - parsed_action {'M_CBRA': -3.0, 'M_PBRA': 3.0, 'q_ACB': 1.0}
2025-11-23 17:18:49.068 | INFO     | env.satellite_mac_env:step:159 - parsed_action {'M_CBRA': -3.0, 'M_PBRA': 3.0, 'q_ACB': 1.0}
2025-11-23 17:18:49.073 | INFO     | env.satellite_mac_env:step:159 - parsed_action {'M_CBRA': -3.0, 'M_PBRA': 3.0, 'q_ACB': 1.0}
2025-11-23 17:18:49.074 | INFO     | env.satellite_mac_env:step:159 - parsed_action {'M_CBRA': -3.0, 'M_PBRA': 3.0, 'q_ACB': 1.0}
2025-11-23 17:18:49.076 | INFO     | env.satellite_mac_env:step:159 - parsed_action {'M_CBRA': -3.0, 'M_PBRA': 3.0, 'q_ACB': 1.0}
2025-11-23 17:18:49.077 | INFO     | env.satellite_mac_env:step:159 - parsed_action {'M_CBRA': -3.0, 'M_PBRA': 3.0, 'q_ACB': 1.0}
2025-11-23 17:18:49.080 | INFO     | env.satellite_mac_env:step:159 - parsed_action {'M_CBRA': -3.0, 'M_PBRA': 3.0, 'q_ACB': 1.0}
2025-11-23 17:18:49.081 | INFO     | env.satellite_mac_env:step:159 - parsed_action {'M_CBRA': -3.0, 'M_PBRA': 3.0, 'q_ACB': 1.0}
2025-11-23 17:18:49.083 | INFO     | env.satellite_mac_env:step:159 - parsed_action {'M_CBRA': -3.0, 'M_PBRA': 3.0, 'q_ACB': 1.0}
2025-11-23 17:18:49.084 | INFO     | env.satellite_mac_env:step:159 - parsed_action {'M_CBRA': -3.0, 'M_PBRA': 3.0, 'q_ACB': 1.0}
2025-11-23 17:18:49.088 | INFO     | env.satellite_mac_env:step:159 - parsed_action {'M_CBRA': -3.0, 'M_PBRA': 3.0, 'q_ACB': 1.0}
2025-11-23 17:18:49.090 | INFO     | env.satellite_mac_env:step:159 - parsed_action {'M_CBRA': -3.0, 'M_PBRA': 3.0, 'q_ACB': 1.0}
2025-11-23 17:18:49.091 | INFO     | env.satellite_mac_env:step:159 - parsed_action {'M_CBRA': -3.0, 'M_PBRA': 3.0, 'q_ACB': 1.0}
2025-11-23 17:18:49.093 | INFO     | env.satellite_mac_env:step:159 - parsed_action {'M_CBRA': -3.0, 'M_PBRA': 3.0, 'q_ACB': 1.0}
2025-11-23 17:18:49.096 | INFO     | env.satellite_mac_env:step:159 - parsed_action {'M_CBRA': -3.0, 'M_PBRA': 3.0, 'q_ACB': 1.0}
2025-11-23 17:18:49.097 | INFO     | env.satellite_mac_env:step:159 - parsed_action {'M_CBRA': -3.0, 'M_PBRA': 3.0, 'q_ACB': 1.0}
2025-11-23 17:18:49.098 | INFO     | env.satellite_mac_env:step:159 - parsed_action {'M_CBRA': -3.0, 'M_PBRA': 3.0, 'q_ACB': 1.0}
2025-11-23 17:18:49.100 | INFO     | env.satellite_mac_env:step:159 - parsed_action {'M_CBRA': -3.0, 'M_PBRA': 3.0, 'q_ACB': 1.0}
2025-11-23 17:18:49.103 | INFO     | env.satellite_mac_env:step:159 - parsed_action {'M_CBRA': -3.0, 'M_PBRA': 3.0, 'q_ACB': 1.0}
2025-11-23 17:18:49.106 | INFO     | env.satellite_mac_env:step:159 - parsed_action {'M_CBRA': -3.0, 'M_PBRA': 3.0, 'q_ACB': 1.0}
2025-11-23 17:18:49.107 | INFO     | env.satellite_mac_env:step:159 - parsed_action {'M_CBRA': -3.0, 'M_PBRA': 3.0, 'q_ACB': 1.0}
2025-11-23 17:18:49.108 | INFO     | env.satellite_mac_env:step:159 - parsed_action {'M_CBRA': -3.0, 'M_PBRA': 3.0, 'q_ACB': 1.0}
2025-11-23 17:18:49.112 | INFO     | env.satellite_mac_env:step:159 - parsed_action {'M_CBRA': -3.0, 'M_PBRA': 3.0, 'q_ACB': 1.0}
2025-11-23 17:18:49.113 | INFO     | env.satellite_mac_env:step:159 - parsed_action {'M_CBRA': -3.0, 'M_PBRA': 3.0, 'q_ACB': 1.0}
2025-11-23 17:18:49.115 | INFO     | env.satellite_mac_env:step:159 - parsed_action {'M_CBRA': -3.0, 'M_PBRA': 3.0, 'q_ACB': 1.0}
2025-11-23 17:18:49.116 | INFO     | env.satellite_mac_env:step:159 - parsed_action {'M_CBRA': -3.0, 'M_PBRA': 3.0, 'q_ACB': 1.0}
2025-11-23 17:18:49.119 | INFO     | env.satellite_mac_env:step:159 - parsed_action {'M_CBRA': -3.0, 'M_PBRA': 3.0, 'q_ACB': 1.0}
2025-11-23 17:18:49.121 | INFO     | env.satellite_mac_env:step:159 - parsed_action {'M_CBRA': -3.0, 'M_PBRA': 3.0, 'q_ACB': 1.0}
2025-11-23 17:18:49.123 | INFO     | env.satellite_mac_env:step:159 - parsed_action {'M_CBRA': -3.0, 'M_PBRA': 3.0, 'q_ACB': 1.0}
2025-11-23 17:18:49.124 | INFO     | env.satellite_mac_env:step:159 - parsed_action {'M_CBRA': -3.0, 'M_PBRA': 3.0, 'q_ACB': 1.0}
2025-11-23 17:18:49.128 | INFO     | env.satellite_mac_env:step:159 - parsed_action {'M_CBRA': -3.0, 'M_PBRA': 3.0, 'q_ACB': 1.0}
2025-11-23 17:18:49.129 | INFO     | env.satellite_mac_env:step:159 - parsed_action {'M_CBRA': -3.0, 'M_PBRA': 3.0, 'q_ACB': 1.0}
2025-11-23 17:18:49.130 | INFO     | env.satellite_mac_env:step:159 - parsed_action {'M_CBRA': -3.0, 'M_PBRA': 3.0, 'q_ACB': 1.0}
2025-11-23 17:18:49.132 | INFO     | env.satellite_mac_env:step:159 - parsed_action {'M_CBRA': -3.0, 'M_PBRA': 3.0, 'q_ACB': 1.0}
2025-11-23 17:18:49.135 | INFO     | env.satellite_mac_env:step:159 - parsed_action {'M_CBRA': -3.0, 'M_PBRA': 3.0, 'q_ACB': 1.0}
2025-11-23 17:18:49.137 | INFO     | env.satellite_mac_env:step:159 - parsed_action {'M_CBRA': -3.0, 'M_PBRA': 3.0, 'q_ACB': 1.0}
2025-11-23 17:18:49.139 | INFO     | env.satellite_mac_env:step:159 - parsed_action {'M_CBRA': -3.0, 'M_PBRA': 3.0, 'q_ACB': 1.0}
2025-11-23 17:18:49.140 | INFO     | env.satellite_mac_env:step:159 - parsed_action {'M_CBRA': -3.0, 'M_PBRA': 3.0, 'q_ACB': 1.0}
2025-11-23 17:18:49.144 | INFO     | env.satellite_mac_env:step:159 - parsed_action {'M_CBRA': -3.0, 'M_PBRA': 3.0, 'q_ACB': 1.0}
2025-11-23 17:18:49.146 | INFO     | env.satellite_mac_env:step:159 - parsed_action {'M_CBRA': -3.0, 'M_PBRA': 3.0, 'q_ACB': 1.0}
2025-11-23 17:18:49.147 | INFO     | env.satellite_mac_env:step:159 - parsed_action {'M_CBRA': -3.0, 'M_PBRA': 3.0, 'q_ACB': 1.0}
2025-11-23 17:18:49.148 | INFO     | env.satellite_mac_env:step:159 - parsed_action {'M_CBRA': -3.0, 'M_PBRA': 3.0, 'q_ACB': 1.0}
2025-11-23 17:18:49.152 | INFO     | env.satellite_mac_env:step:159 - parsed_action {'M_CBRA': -3.0, 'M_PBRA': 3.0, 'q_ACB': 1.0}
2025-11-23 17:18:49.153 | INFO     | env.satellite_mac_env:step:159 - parsed_action {'M_CBRA': -3.0, 'M_PBRA': 3.0, 'q_ACB': 1.0}
2025-11-23 17:18:49.155 | INFO     | env.satellite_mac_env:step:159 - parsed_action {'M_CBRA': -3.0, 'M_PBRA': 3.0, 'q_ACB': 1.0}
2025-11-23 17:18:49.157 | INFO     | env.satellite_mac_env:step:159 - parsed_action {'M_CBRA': -3.0, 'M_PBRA': 3.0, 'q_ACB': 1.0}
2025-11-23 17:18:49.160 | INFO     | env.satellite_mac_env:step:159 - parsed_action {'M_CBRA': -3.0, 'M_PBRA': 3.0, 'q_ACB': 1.0}
2025-11-23 17:18:49.161 | INFO     | env.satellite_mac_env:step:159 - parsed_action {'M_CBRA': -3.0, 'M_PBRA': 3.0, 'q_ACB': 1.0}
2025-11-23 17:18:49.163 | INFO     | env.satellite_mac_env:step:159 - parsed_action {'M_CBRA': -3.0, 'M_PBRA': 3.0, 'q_ACB': 1.0}
2025-11-23 17:18:49.164 | INFO     | env.satellite_mac_env:step:159 - parsed_action {'M_CBRA': -3.0, 'M_PBRA': 3.0, 'q_ACB': 1.0}
2025-11-23 17:18:49.167 | INFO     | env.satellite_mac_env:step:159 - parsed_action {'M_CBRA': -3.0, 'M_PBRA': 3.0, 'q_ACB': 1.0}
2025-11-23 17:18:49.168 | INFO     | env.satellite_mac_env:step:159 - parsed_action {'M_CBRA': -3.0, 'M_PBRA': 3.0, 'q_ACB': 1.0}
2025-11-23 17:18:49.169 | INFO     | env.satellite_mac_env:step:159 - parsed_action {'M_CBRA': -3.0, 'M_PBRA': 3.0, 'q_ACB': 1.0}
2025-11-23 17:18:49.171 | INFO     | env.satellite_mac_env:step:159 - parsed_action {'M_CBRA': -3.0, 'M_PBRA': 3.0, 'q_ACB': 1.0}
2025-11-23 17:18:49.175 | INFO     | env.satellite_mac_env:step:159 - parsed_action {'M_CBRA': -3.0, 'M_PBRA': 3.0, 'q_ACB': 1.0}
2025-11-23 17:18:49.177 | INFO     | env.satellite_mac_env:step:159 - parsed_action {'M_CBRA': -3.0, 'M_PBRA': 3.0, 'q_ACB': 1.0}
2025-11-23 17:18:49.178 | INFO     | env.satellite_mac_env:step:159 - parsed_action {'M_CBRA': -3.0, 'M_PBRA': 3.0, 'q_ACB': 1.0}
2025-11-23 17:18:49.179 | INFO     | env.satellite_mac_env:step:159 - parsed_action {'M_CBRA': -3.0, 'M_PBRA': 3.0, 'q_ACB': 1.0}
2025-11-23 17:18:49.182 | INFO     | env.satellite_mac_env:step:159 - parsed_action {'M_CBRA': -3.0, 'M_PBRA': 3.0, 'q_ACB': 1.0}
2025-11-23 17:18:49.183 | INFO     | env.satellite_mac_env:step:159 - parsed_action {'M_CBRA': -3.0, 'M_PBRA': 3.0, 'q_ACB': 1.0}
2025-11-23 17:18:49.185 | INFO     | env.satellite_mac_env:step:159 - parsed_action {'M_CBRA': -3.0, 'M_PBRA': 3.0, 'q_ACB': 1.0}
2025-11-23 17:18:49.186 | INFO     | env.satellite_mac_env:step:159 - parsed_action {'M_CBRA': -3.0, 'M_PBRA': 3.0, 'q_ACB': 1.0}
2025-11-23 17:18:49.190 | INFO     | env.satellite_mac_env:step:159 - parsed_action {'M_CBRA': -3.0, 'M_PBRA': 3.0, 'q_ACB': 1.0}
2025-11-23 17:18:49.192 | INFO     | env.satellite_mac_env:step:159 - parsed_action {'M_CBRA': -3.0, 'M_PBRA': 3.0, 'q_ACB': 1.0}
2025-11-23 17:18:49.193 | INFO     | env.satellite_mac_env:step:159 - parsed_action {'M_CBRA': -3.0, 'M_PBRA': 3.0, 'q_ACB': 1.0}
2025-11-23 17:18:49.194 | INFO     | env.satellite_mac_env:step:159 - parsed_action {'M_CBRA': -3.0, 'M_PBRA': 3.0, 'q_ACB': 1.0}
2025-11-23 17:18:49.197 | INFO     | env.satellite_mac_env:step:159 - parsed_action {'M_CBRA': -3.0, 'M_PBRA': 3.0, 'q_ACB': 1.0}
2025-11-23 17:18:49.199 | INFO     | env.satellite_mac_env:step:159 - parsed_action {'M_CBRA': -3.0, 'M_PBRA': 3.0, 'q_ACB': 1.0}
2025-11-23 17:18:49.200 | INFO     | env.satellite_mac_env:step:159 - parsed_action {'M_CBRA': -3.0, 'M_PBRA': 3.0, 'q_ACB': 1.0}
2025-11-23 17:18:49.201 | INFO     | env.satellite_mac_env:step:159 - parsed_action {'M_CBRA': -3.0, 'M_PBRA': 3.0, 'q_ACB': 1.0}
2025-11-23 17:18:49.205 | INFO     | env.satellite_mac_env:step:159 - parsed_action {'M_CBRA': -3.0, 'M_PBRA': 3.0, 'q_ACB': 1.0}
2025-11-23 17:18:49.207 | INFO     | env.satellite_mac_env:step:159 - parsed_action {'M_CBRA': -3.0, 'M_PBRA': 3.0, 'q_ACB': 1.0}
2025-11-23 17:18:49.208 | INFO     | env.satellite_mac_env:step:159 - parsed_action {'M_CBRA': -3.0, 'M_PBRA': 3.0, 'q_ACB': 1.0}
2025-11-23 17:18:49.209 | INFO     | env.satellite_mac_env:step:159 - parsed_action {'M_CBRA': -3.0, 'M_PBRA': 3.0, 'q_ACB': 1.0}
2025-11-23 17:18:49.212 | INFO     | env.satellite_mac_env:step:159 - parsed_action {'M_CBRA': -3.0, 'M_PBRA': 3.0, 'q_ACB': 1.0}
2025-11-23 17:18:49.213 | INFO     | env.satellite_mac_env:step:159 - parsed_action {'M_CBRA': -3.0, 'M_PBRA': 3.0, 'q_ACB': 1.0}
2025-11-23 17:18:49.215 | INFO     | env.satellite_mac_env:step:159 - parsed_action {'M_CBRA': -3.0, 'M_PBRA': 3.0, 'q_ACB': 1.0}
2025-11-23 17:18:49.216 | INFO     | env.satellite_mac_env:step:159 - parsed_action {'M_CBRA': -3.0, 'M_PBRA': 3.0, 'q_ACB': 1.0}
2025-11-23 17:18:49.219 | INFO     | env.satellite_mac_env:step:159 - parsed_action {'M_CBRA': -3.0, 'M_PBRA': 3.0, 'q_ACB': 1.0}
2025-11-23 17:18:49.221 | INFO     | env.satellite_mac_env:step:159 - parsed_action {'M_CBRA': -3.0, 'M_PBRA': 3.0, 'q_ACB': 1.0}
2025-11-23 17:18:49.223 | INFO     | env.satellite_mac_env:step:159 - parsed_action {'M_CBRA': -3.0, 'M_PBRA': 3.0, 'q_ACB': 1.0}
2025-11-23 17:18:49.224 | INFO     | env.satellite_mac_env:step:159 - parsed_action {'M_CBRA': -3.0, 'M_PBRA': 3.0, 'q_ACB': 1.0}
2025-11-23 17:18:49.227 | INFO     | env.satellite_mac_env:step:159 - parsed_action {'M_CBRA': -3.0, 'M_PBRA': 3.0, 'q_ACB': 1.0}
2025-11-23 17:18:49.228 | INFO     | env.satellite_mac_env:step:159 - parsed_action {'M_CBRA': -3.0, 'M_PBRA': 3.0, 'q_ACB': 1.0}
2025-11-23 17:18:49.229 | INFO     | env.satellite_mac_env:step:159 - parsed_action {'M_CBRA': -3.0, 'M_PBRA': 3.0, 'q_ACB': 1.0}
2025-11-23 17:18:49.231 | INFO     | env.satellite_mac_env:step:159 - parsed_action {'M_CBRA': -3.0, 'M_PBRA': 3.0, 'q_ACB': 1.0}
2025-11-23 17:18:49.234 | INFO     | env.satellite_mac_env:step:159 - parsed_action {'M_CBRA': -3.0, 'M_PBRA': 3.0, 'q_ACB': 1.0}
2025-11-23 17:18:49.236 | INFO     | env.satellite_mac_env:step:159 - parsed_action {'M_CBRA': -3.0, 'M_PBRA': 3.0, 'q_ACB': 1.0}
2025-11-23 17:18:49.237 | INFO     | env.satellite_mac_env:step:159 - parsed_action {'M_CBRA': -3.0, 'M_PBRA': 3.0, 'q_ACB': 1.0}
2025-11-23 17:18:49.238 | INFO     | env.satellite_mac_env:step:159 - parsed_action {'M_CBRA': -3.0, 'M_PBRA': 3.0, 'q_ACB': 1.0}
2025-11-23 17:18:49.242 | INFO     | env.satellite_mac_env:step:159 - parsed_action {'M_CBRA': -3.0, 'M_PBRA': 3.0, 'q_ACB': 1.0}
2025-11-23 17:18:49.243 | INFO     | env.satellite_mac_env:step:159 - parsed_action {'M_CBRA': -3.0, 'M_PBRA': 3.0, 'q_ACB': 1.0}
2025-11-23 17:18:49.244 | INFO     | env.satellite_mac_env:step:159 - parsed_action {'M_CBRA': -3.0, 'M_PBRA': 3.0, 'q_ACB': 1.0}
2025-11-23 17:18:49.245 | INFO     | env.satellite_mac_env:step:159 - parsed_action {'M_CBRA': -3.0, 'M_PBRA': 3.0, 'q_ACB': 1.0}
2025-11-23 17:18:49.248 | INFO     | env.satellite_mac_env:step:159 - parsed_action {'M_CBRA': -3.0, 'M_PBRA': 3.0, 'q_ACB': 1.0}
2025-11-23 17:18:49.250 | INFO     | env.satellite_mac_env:step:159 - parsed_action {'M_CBRA': -3.0, 'M_PBRA': 3.0, 'q_ACB': 1.0}
2025-11-23 17:18:49.251 | INFO     | env.satellite_mac_env:step:159 - parsed_action {'M_CBRA': -3.0, 'M_PBRA': 3.0, 'q_ACB': 1.0}
2025-11-23 17:18:49.252 | INFO     | env.satellite_mac_env:step:159 - parsed_action {'M_CBRA': -3.0, 'M_PBRA': 3.0, 'q_ACB': 1.0}
2025-11-23 17:18:49.256 | INFO     | env.satellite_mac_env:step:159 - parsed_action {'M_CBRA': -3.0, 'M_PBRA': 3.0, 'q_ACB': 1.0}
2025-11-23 17:18:49.258 | INFO     | env.satellite_mac_env:step:159 - parsed_action {'M_CBRA': -3.0, 'M_PBRA': 3.0, 'q_ACB': 1.0}
2025-11-23 17:18:49.259 | INFO     | env.satellite_mac_env:step:159 - parsed_action {'M_CBRA': -3.0, 'M_PBRA': 3.0, 'q_ACB': 1.0}
2025-11-23 17:18:49.260 | INFO     | env.satellite_mac_env:step:159 - parsed_action {'M_CBRA': -3.0, 'M_PBRA': 3.0, 'q_ACB': 1.0}
2025-11-23 17:18:49.263 | INFO     | env.satellite_mac_env:step:159 - parsed_action {'M_CBRA': -3.0, 'M_PBRA': 3.0, 'q_ACB': 1.0}
2025-11-23 17:18:49.265 | INFO     | env.satellite_mac_env:step:159 - parsed_action {'M_CBRA': -3.0, 'M_PBRA': 3.0, 'q_ACB': 1.0}
2025-11-23 17:18:49.266 | INFO     | env.satellite_mac_env:step:159 - parsed_action {'M_CBRA': -3.0, 'M_PBRA': 3.0, 'q_ACB': 1.0}
2025-11-23 17:18:49.267 | INFO     | env.satellite_mac_env:step:159 - parsed_action {'M_CBRA': -3.0, 'M_PBRA': 3.0, 'q_ACB': 1.0}
2025-11-23 17:18:49.271 | INFO     | env.satellite_mac_env:step:159 - parsed_action {'M_CBRA': -3.0, 'M_PBRA': 3.0, 'q_ACB': 1.0}
2025-11-23 17:18:49.273 | INFO     | env.satellite_mac_env:step:159 - parsed_action {'M_CBRA': -3.0, 'M_PBRA': 3.0, 'q_ACB': 1.0}
2025-11-23 17:18:49.274 | INFO     | env.satellite_mac_env:step:159 - parsed_action {'M_CBRA': -3.0, 'M_PBRA': 3.0, 'q_ACB': 1.0}
2025-11-23 17:18:49.276 | INFO     | env.satellite_mac_env:step:159 - parsed_action {'M_CBRA': -3.0, 'M_PBRA': 3.0, 'q_ACB': 1.0}
2025-11-23 17:18:49.279 | INFO     | env.satellite_mac_env:step:159 - parsed_action {'M_CBRA': -3.0, 'M_PBRA': 3.0, 'q_ACB': 1.0}
2025-11-23 17:18:49.280 | INFO     | env.satellite_mac_env:step:159 - parsed_action {'M_CBRA': -3.0, 'M_PBRA': 3.0, 'q_ACB': 1.0}
2025-11-23 17:18:49.281 | INFO     | env.satellite_mac_env:step:159 - parsed_action {'M_CBRA': -3.0, 'M_PBRA': 3.0, 'q_ACB': 1.0}
2025-11-23 17:18:49.283 | INFO     | env.satellite_mac_env:step:159 - parsed_action {'M_CBRA': -3.0, 'M_PBRA': 3.0, 'q_ACB': 1.0}
2025-11-23 17:18:49.286 | INFO     | env.satellite_mac_env:step:159 - parsed_action {'M_CBRA': -3.0, 'M_PBRA': 3.0, 'q_ACB': 1.0}
2025-11-23 17:18:49.288 | INFO     | env.satellite_mac_env:step:159 - parsed_action {'M_CBRA': -3.0, 'M_PBRA': 3.0, 'q_ACB': 1.0}
2025-11-23 17:18:49.289 | INFO     | env.satellite_mac_env:step:159 - parsed_action {'M_CBRA': -3.0, 'M_PBRA': 3.0, 'q_ACB': 1.0}
2025-11-23 17:18:49.290 | INFO     | env.satellite_mac_env:step:159 - parsed_action {'M_CBRA': -3.0, 'M_PBRA': 3.0, 'q_ACB': 1.0}
2025-11-23 17:18:49.294 | INFO     | env.satellite_mac_env:step:159 - parsed_action {'M_CBRA': -3.0, 'M_PBRA': 3.0, 'q_ACB': 1.0}
2025-11-23 17:18:49.295 | INFO     | env.satellite_mac_env:step:159 - parsed_action {'M_CBRA': -3.0, 'M_PBRA': 3.0, 'q_ACB': 1.0}
2025-11-23 17:18:49.296 | INFO     | env.satellite_mac_env:step:159 - parsed_action {'M_CBRA': -3.0, 'M_PBRA': 3.0, 'q_ACB': 1.0}
2025-11-23 17:18:49.297 | INFO     | env.satellite_mac_env:step:159 - parsed_action {'M_CBRA': -3.0, 'M_PBRA': 3.0, 'q_ACB': 1.0}
2025-11-23 17:18:49.300 | INFO     | env.satellite_mac_env:step:159 - parsed_action {'M_CBRA': -3.0, 'M_PBRA': 3.0, 'q_ACB': 1.0}
2025-11-23 17:18:49.302 | INFO     | env.satellite_mac_env:step:159 - parsed_action {'M_CBRA': -3.0, 'M_PBRA': 3.0, 'q_ACB': 1.0}
2025-11-23 17:18:49.303 | INFO     | env.satellite_mac_env:step:159 - parsed_action {'M_CBRA': -3.0, 'M_PBRA': 3.0, 'q_ACB': 1.0}
2025-11-23 17:18:49.305 | INFO     | env.satellite_mac_env:step:159 - parsed_action {'M_CBRA': -3.0, 'M_PBRA': 3.0, 'q_ACB': 1.0}
2025-11-23 17:18:49.308 | INFO     | env.satellite_mac_env:step:159 - parsed_action {'M_CBRA': -3.0, 'M_PBRA': 3.0, 'q_ACB': 1.0}
2025-11-23 17:18:49.310 | INFO     | env.satellite_mac_env:step:159 - parsed_action {'M_CBRA': -3.0, 'M_PBRA': 3.0, 'q_ACB': 1.0}
2025-11-23 17:18:49.311 | INFO     | env.satellite_mac_env:step:159 - parsed_action {'M_CBRA': -3.0, 'M_PBRA': 3.0, 'q_ACB': 1.0}
2025-11-23 17:18:49.312 | INFO     | env.satellite_mac_env:step:159 - parsed_action {'M_CBRA': -3.0, 'M_PBRA': 3.0, 'q_ACB': 1.0}
2025-11-23 17:18:49.315 | INFO     | env.satellite_mac_env:step:159 - parsed_action {'M_CBRA': -3.0, 'M_PBRA': 3.0, 'q_ACB': 1.0}
2025-11-23 17:18:49.316 | INFO     | env.satellite_mac_env:step:159 - parsed_action {'M_CBRA': -3.0, 'M_PBRA': 3.0, 'q_ACB': 1.0}
2025-11-23 17:18:49.318 | INFO     | env.satellite_mac_env:step:159 - parsed_action {'M_CBRA': -3.0, 'M_PBRA': 3.0, 'q_ACB': 1.0}
2025-11-23 17:18:49.319 | INFO     | env.satellite_mac_env:step:159 - parsed_action {'M_CBRA': -3.0, 'M_PBRA': 3.0, 'q_ACB': 1.0}
2025-11-23 17:18:49.323 | INFO     | env.satellite_mac_env:step:159 - parsed_action {'M_CBRA': -3.0, 'M_PBRA': 3.0, 'q_ACB': 1.0}
2025-11-23 17:18:49.325 | INFO     | env.satellite_mac_env:step:159 - parsed_action {'M_CBRA': -3.0, 'M_PBRA': 3.0, 'q_ACB': 1.0}
2025-11-23 17:18:49.326 | INFO     | env.satellite_mac_env:step:159 - parsed_action {'M_CBRA': -3.0, 'M_PBRA': 3.0, 'q_ACB': 1.0}
2025-11-23 17:18:49.328 | INFO     | env.satellite_mac_env:step:159 - parsed_action {'M_CBRA': -3.0, 'M_PBRA': 3.0, 'q_ACB': 1.0}
2025-11-23 17:18:49.331 | INFO     | env.satellite_mac_env:step:159 - parsed_action {'M_CBRA': -3.0, 'M_PBRA': 3.0, 'q_ACB': 1.0}
2025-11-23 17:18:49.333 | INFO     | env.satellite_mac_env:step:159 - parsed_action {'M_CBRA': -3.0, 'M_PBRA': 3.0, 'q_ACB': 1.0}
2025-11-23 17:18:49.334 | INFO     | env.satellite_mac_env:step:159 - parsed_action {'M_CBRA': -3.0, 'M_PBRA': 3.0, 'q_ACB': 1.0}
2025-11-23 17:18:49.336 | INFO     | env.satellite_mac_env:step:159 - parsed_action {'M_CBRA': -3.0, 'M_PBRA': 3.0, 'q_ACB': 1.0}
2025-11-23 17:18:49.340 | INFO     | env.satellite_mac_env:step:159 - parsed_action {'M_CBRA': -3.0, 'M_PBRA': 3.0, 'q_ACB': 1.0}
2025-11-23 17:18:49.342 | INFO     | env.satellite_mac_env:step:159 - parsed_action {'M_CBRA': -3.0, 'M_PBRA': 3.0, 'q_ACB': 1.0}
2025-11-23 17:18:49.343 | INFO     | env.satellite_mac_env:step:159 - parsed_action {'M_CBRA': -3.0, 'M_PBRA': 3.0, 'q_ACB': 1.0}
2025-11-23 17:18:49.345 | INFO     | env.satellite_mac_env:step:159 - parsed_action {'M_CBRA': -3.0, 'M_PBRA': 3.0, 'q_ACB': 1.0}
2025-11-23 17:18:49.348 | INFO     | env.satellite_mac_env:step:159 - parsed_action {'M_CBRA': -3.0, 'M_PBRA': 3.0, 'q_ACB': 1.0}
2025-11-23 17:18:49.349 | INFO     | env.satellite_mac_env:step:159 - parsed_action {'M_CBRA': -3.0, 'M_PBRA': 3.0, 'q_ACB': 1.0}
2025-11-23 17:18:49.350 | INFO     | env.satellite_mac_env:step:159 - parsed_action {'M_CBRA': -3.0, 'M_PBRA': 3.0, 'q_ACB': 1.0}
2025-11-23 17:18:49.352 | INFO     | env.satellite_mac_env:step:159 - parsed_action {'M_CBRA': -3.0, 'M_PBRA': 3.0, 'q_ACB': 1.0}
2025-11-23 17:18:49.356 | INFO     | env.satellite_mac_env:step:159 - parsed_action {'M_CBRA': -3.0, 'M_PBRA': 3.0, 'q_ACB': 1.0}
2025-11-23 17:18:49.358 | INFO     | env.satellite_mac_env:step:159 - parsed_action {'M_CBRA': -3.0, 'M_PBRA': 3.0, 'q_ACB': 1.0}
2025-11-23 17:18:49.359 | INFO     | env.satellite_mac_env:step:159 - parsed_action {'M_CBRA': -3.0, 'M_PBRA': 3.0, 'q_ACB': 1.0}
2025-11-23 17:18:49.360 | INFO     | env.satellite_mac_env:step:159 - parsed_action {'M_CBRA': -3.0, 'M_PBRA': 3.0, 'q_ACB': 1.0}
2025-11-23 17:18:49.363 | INFO     | env.satellite_mac_env:step:159 - parsed_action {'M_CBRA': -3.0, 'M_PBRA': 3.0, 'q_ACB': 1.0}
2025-11-23 17:18:49.365 | INFO     | env.satellite_mac_env:step:159 - parsed_action {'M_CBRA': -3.0, 'M_PBRA': 3.0, 'q_ACB': 1.0}
2025-11-23 17:18:49.366 | INFO     | env.satellite_mac_env:step:159 - parsed_action {'M_CBRA': -3.0, 'M_PBRA': 3.0, 'q_ACB': 1.0}
2025-11-23 17:18:49.367 | INFO     | env.satellite_mac_env:step:159 - parsed_action {'M_CBRA': -3.0, 'M_PBRA': 3.0, 'q_ACB': 1.0}
2025-11-23 17:18:49.372 | INFO     | env.satellite_mac_env:step:159 - parsed_action {'M_CBRA': -3.0, 'M_PBRA': 3.0, 'q_ACB': 1.0}
2025-11-23 17:18:49.373 | INFO     | env.satellite_mac_env:step:159 - parsed_action {'M_CBRA': -3.0, 'M_PBRA': 3.0, 'q_ACB': 1.0}
2025-11-23 17:18:49.375 | INFO     | env.satellite_mac_env:step:159 - parsed_action {'M_CBRA': -3.0, 'M_PBRA': 3.0, 'q_ACB': 1.0}
2025-11-23 17:18:49.376 | INFO     | env.satellite_mac_env:step:159 - parsed_action {'M_CBRA': -3.0, 'M_PBRA': 3.0, 'q_ACB': 1.0}
2025-11-23 17:18:49.379 | INFO     | env.satellite_mac_env:step:159 - parsed_action {'M_CBRA': -3.0, 'M_PBRA': 3.0, 'q_ACB': 1.0}
2025-11-23 17:18:49.380 | INFO     | env.satellite_mac_env:step:159 - parsed_action {'M_CBRA': -3.0, 'M_PBRA': 3.0, 'q_ACB': 1.0}
2025-11-23 17:18:49.382 | INFO     | env.satellite_mac_env:step:159 - parsed_action {'M_CBRA': -3.0, 'M_PBRA': 3.0, 'q_ACB': 1.0}
2025-11-23 17:18:49.383 | INFO     | env.satellite_mac_env:step:159 - parsed_action {'M_CBRA': -3.0, 'M_PBRA': 3.0, 'q_ACB': 1.0}
2025-11-23 17:18:49.386 | INFO     | env.satellite_mac_env:step:159 - parsed_action {'M_CBRA': -3.0, 'M_PBRA': 3.0, 'q_ACB': 1.0}
2025-11-23 17:18:49.389 | INFO     | env.satellite_mac_env:step:159 - parsed_action {'M_CBRA': -3.0, 'M_PBRA': 3.0, 'q_ACB': 1.0}
2025-11-23 17:18:49.390 | INFO     | env.satellite_mac_env:step:159 - parsed_action {'M_CBRA': -3.0, 'M_PBRA': 3.0, 'q_ACB': 1.0}
2025-11-23 17:18:49.391 | INFO     | env.satellite_mac_env:step:159 - parsed_action {'M_CBRA': -3.0, 'M_PBRA': 3.0, 'q_ACB': 1.0}
2025-11-23 17:18:49.395 | INFO     | env.satellite_mac_env:step:159 - parsed_action {'M_CBRA': -3.0, 'M_PBRA': 3.0, 'q_ACB': 1.0}
2025-11-23 17:18:49.396 | INFO     | env.satellite_mac_env:step:159 - parsed_action {'M_CBRA': -3.0, 'M_PBRA': 3.0, 'q_ACB': 1.0}
2025-11-23 17:18:49.397 | INFO     | env.satellite_mac_env:step:159 - parsed_action {'M_CBRA': -3.0, 'M_PBRA': 3.0, 'q_ACB': 1.0}
2025-11-23 17:18:49.398 | INFO     | env.satellite_mac_env:step:159 - parsed_action {'M_CBRA': -3.0, 'M_PBRA': 3.0, 'q_ACB': 1.0}
2025-11-23 17:18:49.401 | INFO     | env.satellite_mac_env:step:159 - parsed_action {'M_CBRA': -3.0, 'M_PBRA': 3.0, 'q_ACB': 1.0}
2025-11-23 17:18:49.403 | INFO     | env.satellite_mac_env:step:159 - parsed_action {'M_CBRA': -3.0, 'M_PBRA': 3.0, 'q_ACB': 1.0}
2025-11-23 17:18:49.405 | INFO     | env.satellite_mac_env:step:159 - parsed_action {'M_CBRA': -3.0, 'M_PBRA': 3.0, 'q_ACB': 1.0}
2025-11-23 17:18:49.406 | INFO     | env.satellite_mac_env:step:159 - parsed_action {'M_CBRA': -3.0, 'M_PBRA': 3.0, 'q_ACB': 1.0}
2025-11-23 17:18:49.410 | INFO     | env.satellite_mac_env:step:159 - parsed_action {'M_CBRA': -3.0, 'M_PBRA': 3.0, 'q_ACB': 1.0}
2025-11-23 17:18:49.411 | INFO     | env.satellite_mac_env:step:159 - parsed_action {'M_CBRA': -3.0, 'M_PBRA': 3.0, 'q_ACB': 1.0}
2025-11-23 17:18:49.412 | INFO     | env.satellite_mac_env:step:159 - parsed_action {'M_CBRA': -3.0, 'M_PBRA': 3.0, 'q_ACB': 1.0}
2025-11-23 17:18:49.413 | INFO     | env.satellite_mac_env:step:159 - parsed_action {'M_CBRA': -3.0, 'M_PBRA': 3.0, 'q_ACB': 1.0}
2025-11-23 17:18:49.416 | INFO     | env.satellite_mac_env:step:159 - parsed_action {'M_CBRA': -3.0, 'M_PBRA': 3.0, 'q_ACB': 1.0}
2025-11-23 17:18:49.418 | INFO     | env.satellite_mac_env:step:159 - parsed_action {'M_CBRA': -3.0, 'M_PBRA': 3.0, 'q_ACB': 1.0}
2025-11-23 17:18:49.420 | INFO     | env.satellite_mac_env:step:159 - parsed_action {'M_CBRA': -3.0, 'M_PBRA': 3.0, 'q_ACB': 1.0}
2025-11-23 17:18:49.422 | INFO     | env.satellite_mac_env:step:159 - parsed_action {'M_CBRA': -3.0, 'M_PBRA': 3.0, 'q_ACB': 1.0}
2025-11-23 17:18:49.426 | INFO     | env.satellite_mac_env:step:159 - parsed_action {'M_CBRA': -3.0, 'M_PBRA': 3.0, 'q_ACB': 1.0}
2025-11-23 17:18:49.427 | INFO     | env.satellite_mac_env:step:159 - parsed_action {'M_CBRA': -3.0, 'M_PBRA': 3.0, 'q_ACB': 1.0}
2025-11-23 17:18:49.428 | INFO     | env.satellite_mac_env:step:159 - parsed_action {'M_CBRA': -3.0, 'M_PBRA': 3.0, 'q_ACB': 1.0}
2025-11-23 17:18:49.430 | INFO     | env.satellite_mac_env:step:159 - parsed_action {'M_CBRA': -3.0, 'M_PBRA': 3.0, 'q_ACB': 1.0}
2025-11-23 17:18:49.433 | INFO     | env.satellite_mac_env:step:159 - parsed_action {'M_CBRA': -3.0, 'M_PBRA': 3.0, 'q_ACB': 1.0}
2025-11-23 17:18:49.434 | INFO     | env.satellite_mac_env:step:159 - parsed_action {'M_CBRA': -3.0, 'M_PBRA': 3.0, 'q_ACB': 1.0}
2025-11-23 17:18:49.436 | INFO     | env.satellite_mac_env:step:159 - parsed_action {'M_CBRA': -3.0, 'M_PBRA': 3.0, 'q_ACB': 1.0}
2025-11-23 17:18:49.437 | INFO     | env.satellite_mac_env:step:159 - parsed_action {'M_CBRA': -3.0, 'M_PBRA': 3.0, 'q_ACB': 1.0}
2025-11-23 17:18:49.441 | INFO     | env.satellite_mac_env:step:159 - parsed_action {'M_CBRA': -3.0, 'M_PBRA': 3.0, 'q_ACB': 1.0}
2025-11-23 17:18:49.442 | INFO     | env.satellite_mac_env:step:159 - parsed_action {'M_CBRA': -3.0, 'M_PBRA': 3.0, 'q_ACB': 1.0}
2025-11-23 17:18:49.444 | INFO     | env.satellite_mac_env:step:159 - parsed_action {'M_CBRA': -3.0, 'M_PBRA': 3.0, 'q_ACB': 1.0}
2025-11-23 17:18:49.445 | INFO     | env.satellite_mac_env:step:159 - parsed_action {'M_CBRA': -3.0, 'M_PBRA': 3.0, 'q_ACB': 1.0}
2025-11-23 17:18:49.449 | INFO     | env.satellite_mac_env:step:159 - parsed_action {'M_CBRA': -3.0, 'M_PBRA': 3.0, 'q_ACB': 1.0}
2025-11-23 17:18:49.450 | INFO     | env.satellite_mac_env:step:159 - parsed_action {'M_CBRA': -3.0, 'M_PBRA': 3.0, 'q_ACB': 1.0}
2025-11-23 17:18:49.451 | INFO     | env.satellite_mac_env:step:159 - parsed_action {'M_CBRA': -3.0, 'M_PBRA': 3.0, 'q_ACB': 1.0}
2025-11-23 17:18:49.453 | INFO     | env.satellite_mac_env:step:159 - parsed_action {'M_CBRA': -3.0, 'M_PBRA': 3.0, 'q_ACB': 1.0}
2025-11-23 17:18:49.457 | INFO     | env.satellite_mac_env:step:159 - parsed_action {'M_CBRA': -3.0, 'M_PBRA': 3.0, 'q_ACB': 1.0}
2025-11-23 17:18:49.458 | INFO     | env.satellite_mac_env:step:159 - parsed_action {'M_CBRA': -3.0, 'M_PBRA': 3.0, 'q_ACB': 1.0}
2025-11-23 17:18:49.460 | INFO     | env.satellite_mac_env:step:159 - parsed_action {'M_CBRA': -3.0, 'M_PBRA': 3.0, 'q_ACB': 1.0}
2025-11-23 17:18:49.461 | INFO     | env.satellite_mac_env:step:159 - parsed_action {'M_CBRA': -3.0, 'M_PBRA': 3.0, 'q_ACB': 1.0}
2025-11-23 17:18:49.464 | INFO     | env.satellite_mac_env:step:159 - parsed_action {'M_CBRA': -3.0, 'M_PBRA': 3.0, 'q_ACB': 1.0}
2025-11-23 17:18:49.465 | INFO     | env.satellite_mac_env:step:159 - parsed_action {'M_CBRA': -3.0, 'M_PBRA': 3.0, 'q_ACB': 1.0}
2025-11-23 17:18:49.467 | INFO     | env.satellite_mac_env:step:159 - parsed_action {'M_CBRA': -3.0, 'M_PBRA': 3.0, 'q_ACB': 1.0}
2025-11-23 17:18:49.468 | INFO     | env.satellite_mac_env:step:159 - parsed_action {'M_CBRA': -3.0, 'M_PBRA': 3.0, 'q_ACB': 1.0}
2025-11-23 17:18:49.472 | INFO     | env.satellite_mac_env:step:159 - parsed_action {'M_CBRA': -3.0, 'M_PBRA': 3.0, 'q_ACB': 1.0}
2025-11-23 17:18:49.474 | INFO     | env.satellite_mac_env:step:159 - parsed_action {'M_CBRA': -3.0, 'M_PBRA': 3.0, 'q_ACB': 1.0}
2025-11-23 17:18:49.475 | INFO     | env.satellite_mac_env:step:159 - parsed_action {'M_CBRA': -3.0, 'M_PBRA': 3.0, 'q_ACB': 1.0}
2025-11-23 17:18:49.477 | INFO     | env.satellite_mac_env:step:159 - parsed_action {'M_CBRA': -3.0, 'M_PBRA': 3.0, 'q_ACB': 1.0}
2025-11-23 17:18:49.480 | INFO     | env.satellite_mac_env:step:159 - parsed_action {'M_CBRA': -3.0, 'M_PBRA': 3.0, 'q_ACB': 1.0}
2025-11-23 17:18:49.481 | INFO     | env.satellite_mac_env:step:159 - parsed_action {'M_CBRA': -3.0, 'M_PBRA': 3.0, 'q_ACB': 1.0}
2025-11-23 17:18:49.482 | INFO     | env.satellite_mac_env:step:159 - parsed_action {'M_CBRA': -3.0, 'M_PBRA': 3.0, 'q_ACB': 1.0}
2025-11-23 17:18:49.483 | INFO     | env.satellite_mac_env:step:159 - parsed_action {'M_CBRA': -3.0, 'M_PBRA': 3.0, 'q_ACB': 1.0}
2025-11-23 17:18:49.487 | INFO     | env.satellite_mac_env:step:159 - parsed_action {'M_CBRA': -3.0, 'M_PBRA': 3.0, 'q_ACB': 1.0}
2025-11-23 17:18:49.489 | INFO     | env.satellite_mac_env:step:159 - parsed_action {'M_CBRA': -3.0, 'M_PBRA': 3.0, 'q_ACB': 1.0}
2025-11-23 17:18:49.490 | INFO     | env.satellite_mac_env:step:159 - parsed_action {'M_CBRA': -3.0, 'M_PBRA': 3.0, 'q_ACB': 1.0}
2025-11-23 17:18:49.492 | INFO     | env.satellite_mac_env:step:159 - parsed_action {'M_CBRA': -3.0, 'M_PBRA': 3.0, 'q_ACB': 1.0}
2025-11-23 17:18:49.495 | INFO     | env.satellite_mac_env:step:159 - parsed_action {'M_CBRA': -3.0, 'M_PBRA': 3.0, 'q_ACB': 1.0}
2025-11-23 17:18:49.496 | INFO     | env.satellite_mac_env:step:159 - parsed_action {'M_CBRA': -3.0, 'M_PBRA': 3.0, 'q_ACB': 1.0}
2025-11-23 17:18:49.497 | INFO     | env.satellite_mac_env:step:159 - parsed_action {'M_CBRA': -3.0, 'M_PBRA': 3.0, 'q_ACB': 1.0}
2025-11-23 17:18:49.499 | INFO     | env.satellite_mac_env:step:159 - parsed_action {'M_CBRA': -3.0, 'M_PBRA': 3.0, 'q_ACB': 1.0}
2025-11-23 17:18:49.502 | INFO     | env.satellite_mac_env:step:159 - parsed_action {'M_CBRA': -3.0, 'M_PBRA': 3.0, 'q_ACB': 1.0}
2025-11-23 17:18:49.504 | INFO     | env.satellite_mac_env:step:159 - parsed_action {'M_CBRA': -3.0, 'M_PBRA': 3.0, 'q_ACB': 1.0}
2025-11-23 17:18:49.505 | INFO     | env.satellite_mac_env:step:159 - parsed_action {'M_CBRA': -3.0, 'M_PBRA': 3.0, 'q_ACB': 1.0}
2025-11-23 17:18:49.507 | INFO     | env.satellite_mac_env:step:159 - parsed_action {'M_CBRA': -3.0, 'M_PBRA': 3.0, 'q_ACB': 1.0}
2025-11-23 17:18:49.510 | INFO     | env.satellite_mac_env:step:159 - parsed_action {'M_CBRA': -3.0, 'M_PBRA': 3.0, 'q_ACB': 1.0}
2025-11-23 17:18:49.511 | INFO     | env.satellite_mac_env:step:159 - parsed_action {'M_CBRA': -3.0, 'M_PBRA': 3.0, 'q_ACB': 1.0}
2025-11-23 17:18:49.513 | INFO     | env.satellite_mac_env:step:159 - parsed_action {'M_CBRA': -3.0, 'M_PBRA': 3.0, 'q_ACB': 1.0}
2025-11-23 17:18:49.514 | INFO     | env.satellite_mac_env:step:159 - parsed_action {'M_CBRA': -3.0, 'M_PBRA': 3.0, 'q_ACB': 1.0}
2025-11-23 17:23:56.590 | INFO     | __main__:main:177 - Using serial env backend with 4 replicas
2025-11-23 17:23:56.646 | INFO     | __main__:main:181 - Starting H-PPO training
2025-11-23 17:23:56.661 | INFO     | env.satellite_mac_env:step:159 - parsed_action {'M_CBRA': -1.0, 'M_PBRA': 1.0, 'q_ACB': 0.5586118102073669}
2025-11-23 17:23:56.663 | INFO     | env.satellite_mac_env:step:159 - parsed_action {'M_CBRA': 1.0, 'M_PBRA': 0.0, 'q_ACB': 0.5586118102073669}
2025-11-23 17:23:56.664 | INFO     | env.satellite_mac_env:step:159 - parsed_action {'M_CBRA': 1.0, 'M_PBRA': 3.0, 'q_ACB': 0.5586118102073669}
2025-11-23 17:23:56.665 | INFO     | env.satellite_mac_env:step:159 - parsed_action {'M_CBRA': -2.0, 'M_PBRA': 2.0, 'q_ACB': 0.5586118102073669}
2025-11-23 17:23:56.670 | INFO     | env.satellite_mac_env:step:159 - parsed_action {'M_CBRA': -3.0, 'M_PBRA': 1.0, 'q_ACB': 0.7279117703437805}
2025-11-23 17:23:56.671 | INFO     | env.satellite_mac_env:step:159 - parsed_action {'M_CBRA': 2.0, 'M_PBRA': -2.0, 'q_ACB': 0.7683660387992859}
2025-11-23 17:23:56.673 | INFO     | env.satellite_mac_env:step:159 - parsed_action {'M_CBRA': 0.0, 'M_PBRA': 1.0, 'q_ACB': 0.7262904047966003}
2025-11-23 17:23:56.675 | INFO     | env.satellite_mac_env:step:159 - parsed_action {'M_CBRA': -3.0, 'M_PBRA': 1.0, 'q_ACB': 0.7682055830955505}
2025-11-23 17:23:56.683 | INFO     | env.satellite_mac_env:step:159 - parsed_action {'M_CBRA': -2.0, 'M_PBRA': -2.0, 'q_ACB': 0.8048060536384583}
2025-11-23 17:23:56.687 | INFO     | env.satellite_mac_env:step:159 - parsed_action {'M_CBRA': -2.0, 'M_PBRA': -2.0, 'q_ACB': 0.8199884295463562}
2025-11-23 17:23:56.691 | INFO     | env.satellite_mac_env:step:159 - parsed_action {'M_CBRA': -3.0, 'M_PBRA': 2.0, 'q_ACB': 0.8030534982681274}
2025-11-23 17:23:56.693 | INFO     | env.satellite_mac_env:step:159 - parsed_action {'M_CBRA': -2.0, 'M_PBRA': -2.0, 'q_ACB': 0.8206496238708496}
2025-11-23 17:23:56.699 | INFO     | env.satellite_mac_env:step:159 - parsed_action {'M_CBRA': 1.0, 'M_PBRA': -1.0, 'q_ACB': 0.227094367146492}
2025-11-23 17:23:56.702 | INFO     | env.satellite_mac_env:step:159 - parsed_action {'M_CBRA': -2.0, 'M_PBRA': -2.0, 'q_ACB': 0.21112167835235596}
2025-11-23 17:23:56.704 | INFO     | env.satellite_mac_env:step:159 - parsed_action {'M_CBRA': -3.0, 'M_PBRA': -1.0, 'q_ACB': 0.2337433099746704}
2025-11-23 17:23:56.708 | INFO     | env.satellite_mac_env:step:159 - parsed_action {'M_CBRA': -3.0, 'M_PBRA': -1.0, 'q_ACB': 0.20855724811553955}
2025-11-23 17:23:56.712 | INFO     | env.satellite_mac_env:step:159 - parsed_action {'M_CBRA': -3.0, 'M_PBRA': -1.0, 'q_ACB': 0.005848404951393604}
2025-11-23 17:23:56.714 | INFO     | env.satellite_mac_env:step:159 - parsed_action {'M_CBRA': -3.0, 'M_PBRA': -1.0, 'q_ACB': 0.004229335580021143}
2025-11-23 17:23:56.715 | INFO     | env.satellite_mac_env:step:159 - parsed_action {'M_CBRA': -2.0, 'M_PBRA': -2.0, 'q_ACB': 0.005912094376981258}
2025-11-23 17:23:56.717 | INFO     | env.satellite_mac_env:step:159 - parsed_action {'M_CBRA': -3.0, 'M_PBRA': -1.0, 'q_ACB': 0.004182007629424334}
2025-11-23 17:23:56.722 | INFO     | env.satellite_mac_env:step:159 - parsed_action {'M_CBRA': -3.0, 'M_PBRA': -1.0, 'q_ACB': 6.793505599489436e-05}
2025-11-23 17:23:56.725 | INFO     | env.satellite_mac_env:step:159 - parsed_action {'M_CBRA': -3.0, 'M_PBRA': -1.0, 'q_ACB': 4.528376302914694e-05}
2025-11-23 17:23:56.727 | INFO     | env.satellite_mac_env:step:159 - parsed_action {'M_CBRA': -3.0, 'M_PBRA': -1.0, 'q_ACB': 6.879251304781064e-05}
2025-11-23 17:23:56.728 | INFO     | env.satellite_mac_env:step:159 - parsed_action {'M_CBRA': -2.0, 'M_PBRA': -2.0, 'q_ACB': 4.4046064431313425e-05}
2025-11-23 17:23:56.732 | INFO     | env.satellite_mac_env:step:159 - parsed_action {'M_CBRA': -3.0, 'M_PBRA': -1.0, 'q_ACB': 0.0016217861557379365}
2025-11-23 17:23:56.733 | INFO     | env.satellite_mac_env:step:159 - parsed_action {'M_CBRA': -3.0, 'M_PBRA': 3.0, 'q_ACB': 0.001307433471083641}
2025-11-23 17:23:56.735 | INFO     | env.satellite_mac_env:step:159 - parsed_action {'M_CBRA': -3.0, 'M_PBRA': -1.0, 'q_ACB': 0.0016401470638811588}
2025-11-23 17:23:56.736 | INFO     | env.satellite_mac_env:step:159 - parsed_action {'M_CBRA': -3.0, 'M_PBRA': 3.0, 'q_ACB': 0.0013217334635555744}
2025-11-23 17:23:56.741 | INFO     | env.satellite_mac_env:step:159 - parsed_action {'M_CBRA': 1.0, 'M_PBRA': -1.0, 'q_ACB': 4.4878790504299104e-05}
2025-11-23 17:23:56.742 | INFO     | env.satellite_mac_env:step:159 - parsed_action {'M_CBRA': 1.0, 'M_PBRA': -1.0, 'q_ACB': 3.368594843777828e-05}
2025-11-23 17:23:56.743 | INFO     | env.satellite_mac_env:step:159 - parsed_action {'M_CBRA': 1.0, 'M_PBRA': -1.0, 'q_ACB': 4.5459993998520076e-05}
2025-11-23 17:23:56.745 | INFO     | env.satellite_mac_env:step:159 - parsed_action {'M_CBRA': 1.0, 'M_PBRA': -1.0, 'q_ACB': 4.4527434511110187e-05}
2025-11-23 17:23:56.748 | INFO     | env.satellite_mac_env:step:159 - parsed_action {'M_CBRA': 1.0, 'M_PBRA': -1.0, 'q_ACB': 2.90865159513487e-06}
2025-11-23 17:23:56.749 | INFO     | env.satellite_mac_env:step:159 - parsed_action {'M_CBRA': -3.0, 'M_PBRA': 3.0, 'q_ACB': 2.3227057681651786e-06}
2025-11-23 17:23:56.751 | INFO     | env.satellite_mac_env:step:159 - parsed_action {'M_CBRA': 1.0, 'M_PBRA': -1.0, 'q_ACB': 2.8849706268374575e-06}
2025-11-23 17:23:56.752 | INFO     | env.satellite_mac_env:step:159 - parsed_action {'M_CBRA': 1.0, 'M_PBRA': -1.0, 'q_ACB': 2.954179990410921e-06}
2025-11-23 17:23:56.756 | INFO     | env.satellite_mac_env:step:159 - parsed_action {'M_CBRA': -3.0, 'M_PBRA': 3.0, 'q_ACB': 0.0015222497750073671}
2025-11-23 17:23:56.758 | INFO     | env.satellite_mac_env:step:159 - parsed_action {'M_CBRA': 1.0, 'M_PBRA': -1.0, 'q_ACB': 0.0020239748992025852}
2025-11-23 17:23:56.759 | INFO     | env.satellite_mac_env:step:159 - parsed_action {'M_CBRA': -3.0, 'M_PBRA': 3.0, 'q_ACB': 0.001655879314057529}
2025-11-23 17:23:56.761 | INFO     | env.satellite_mac_env:step:159 - parsed_action {'M_CBRA': -3.0, 'M_PBRA': 3.0, 'q_ACB': 0.002505575306713581}
2025-11-23 17:23:56.764 | INFO     | env.satellite_mac_env:step:159 - parsed_action {'M_CBRA': -2.0, 'M_PBRA': -2.0, 'q_ACB': 8.483812763415699e-09}
2025-11-23 17:23:56.765 | INFO     | env.satellite_mac_env:step:159 - parsed_action {'M_CBRA': -2.0, 'M_PBRA': -2.0, 'q_ACB': 8.523388217440697e-09}
2025-11-23 17:23:56.766 | INFO     | env.satellite_mac_env:step:159 - parsed_action {'M_CBRA': 2.0, 'M_PBRA': 3.0, 'q_ACB': 1.033904162284216e-08}
2025-11-23 17:23:56.768 | INFO     | env.satellite_mac_env:step:159 - parsed_action {'M_CBRA': 1.0, 'M_PBRA': -1.0, 'q_ACB': 9.415761503817066e-09}
2025-11-23 17:23:56.772 | INFO     | env.satellite_mac_env:step:159 - parsed_action {'M_CBRA': -3.0, 'M_PBRA': -1.0, 'q_ACB': 0.8873083591461182}
2025-11-23 17:23:56.774 | INFO     | env.satellite_mac_env:step:159 - parsed_action {'M_CBRA': 2.0, 'M_PBRA': -2.0, 'q_ACB': 0.9460589289665222}
2025-11-23 17:23:56.775 | INFO     | env.satellite_mac_env:step:159 - parsed_action {'M_CBRA': -3.0, 'M_PBRA': -1.0, 'q_ACB': 0.9106371402740479}
2025-11-23 17:23:56.776 | INFO     | env.satellite_mac_env:step:159 - parsed_action {'M_CBRA': -3.0, 'M_PBRA': 3.0, 'q_ACB': 0.9757189154624939}
2025-11-23 17:23:56.780 | INFO     | env.satellite_mac_env:step:159 - parsed_action {'M_CBRA': -2.0, 'M_PBRA': -2.0, 'q_ACB': 0.9999998807907104}
2025-11-23 17:23:56.781 | INFO     | env.satellite_mac_env:step:159 - parsed_action {'M_CBRA': 2.0, 'M_PBRA': 3.0, 'q_ACB': 1.0}
2025-11-23 17:23:56.782 | INFO     | env.satellite_mac_env:step:159 - parsed_action {'M_CBRA': -3.0, 'M_PBRA': -1.0, 'q_ACB': 0.9999997615814209}
2025-11-23 17:23:56.783 | INFO     | env.satellite_mac_env:step:159 - parsed_action {'M_CBRA': 0.0, 'M_PBRA': -2.0, 'q_ACB': 0.9999998807907104}
2025-11-23 17:23:56.787 | INFO     | env.satellite_mac_env:step:159 - parsed_action {'M_CBRA': -2.0, 'M_PBRA': -2.0, 'q_ACB': 0.9740700125694275}
2025-11-23 17:23:56.788 | INFO     | env.satellite_mac_env:step:159 - parsed_action {'M_CBRA': -1.0, 'M_PBRA': 2.0, 'q_ACB': 0.9422362446784973}
2025-11-23 17:23:56.790 | INFO     | env.satellite_mac_env:step:159 - parsed_action {'M_CBRA': 2.0, 'M_PBRA': -2.0, 'q_ACB': 0.9059718251228333}
2025-11-23 17:23:56.791 | INFO     | env.satellite_mac_env:step:159 - parsed_action {'M_CBRA': -3.0, 'M_PBRA': -2.0, 'q_ACB': 0.9990683197975159}
2025-11-23 17:23:56.794 | INFO     | env.satellite_mac_env:step:159 - parsed_action {'M_CBRA': -1.0, 'M_PBRA': -1.0, 'q_ACB': 2.71752148561788e-10}
2025-11-23 17:23:56.796 | INFO     | env.satellite_mac_env:step:159 - parsed_action {'M_CBRA': -2.0, 'M_PBRA': -2.0, 'q_ACB': 1.1450596026918447e-10}
2025-11-23 17:23:56.797 | INFO     | env.satellite_mac_env:step:159 - parsed_action {'M_CBRA': -1.0, 'M_PBRA': -1.0, 'q_ACB': 2.143435290369311e-10}
2025-11-23 17:23:56.798 | INFO     | env.satellite_mac_env:step:159 - parsed_action {'M_CBRA': 2.0, 'M_PBRA': 1.0, 'q_ACB': 3.88557824804181e-10}
2025-11-23 17:23:56.801 | INFO     | env.satellite_mac_env:step:159 - parsed_action {'M_CBRA': -3.0, 'M_PBRA': -1.0, 'q_ACB': 2.473233173816425e-09}
2025-11-23 17:23:56.802 | INFO     | env.satellite_mac_env:step:159 - parsed_action {'M_CBRA': -3.0, 'M_PBRA': 3.0, 'q_ACB': 2.5507030515514728e-11}
2025-11-23 17:23:56.804 | INFO     | env.satellite_mac_env:step:159 - parsed_action {'M_CBRA': 1.0, 'M_PBRA': 2.0, 'q_ACB': 1.337873811735335e-09}
2025-11-23 17:23:56.805 | INFO     | env.satellite_mac_env:step:159 - parsed_action {'M_CBRA': -3.0, 'M_PBRA': 2.0, 'q_ACB': 5.583473683401508e-10}
2025-11-23 17:23:56.809 | INFO     | env.satellite_mac_env:step:159 - parsed_action {'M_CBRA': 2.0, 'M_PBRA': 3.0, 'q_ACB': 0.1318398118019104}
2025-11-23 17:23:56.810 | INFO     | env.satellite_mac_env:step:159 - parsed_action {'M_CBRA': 2.0, 'M_PBRA': -2.0, 'q_ACB': 1.5525141861871816e-05}
2025-11-23 17:23:56.812 | INFO     | env.satellite_mac_env:step:159 - parsed_action {'M_CBRA': -1.0, 'M_PBRA': -2.0, 'q_ACB': 0.02340598776936531}
2025-11-23 17:23:56.813 | INFO     | env.satellite_mac_env:step:159 - parsed_action {'M_CBRA': -3.0, 'M_PBRA': 3.0, 'q_ACB': 0.020966922864317894}
2025-11-23 17:23:56.816 | INFO     | env.satellite_mac_env:step:159 - parsed_action {'M_CBRA': -1.0, 'M_PBRA': -1.0, 'q_ACB': 0.054387837648391724}
2025-11-23 17:23:56.817 | INFO     | env.satellite_mac_env:step:159 - parsed_action {'M_CBRA': -3.0, 'M_PBRA': -1.0, 'q_ACB': 8.312822501466144e-07}
2025-11-23 17:23:56.818 | INFO     | env.satellite_mac_env:step:159 - parsed_action {'M_CBRA': -3.0, 'M_PBRA': 3.0, 'q_ACB': 0.18280360102653503}
2025-11-23 17:23:56.820 | INFO     | env.satellite_mac_env:step:159 - parsed_action {'M_CBRA': -3.0, 'M_PBRA': -1.0, 'q_ACB': 0.026875566691160202}
2025-11-23 17:23:56.824 | INFO     | env.satellite_mac_env:step:159 - parsed_action {'M_CBRA': 2.0, 'M_PBRA': -2.0, 'q_ACB': 0.9999449253082275}
2025-11-23 17:23:56.826 | INFO     | env.satellite_mac_env:step:159 - parsed_action {'M_CBRA': 1.0, 'M_PBRA': 2.0, 'q_ACB': 0.9999984502792358}
2025-11-23 17:23:56.827 | INFO     | env.satellite_mac_env:step:159 - parsed_action {'M_CBRA': -1.0, 'M_PBRA': -1.0, 'q_ACB': 0.9999812841415405}
2025-11-23 17:23:56.828 | INFO     | env.satellite_mac_env:step:159 - parsed_action {'M_CBRA': 1.0, 'M_PBRA': -3.0, 'q_ACB': 0.9990154504776001}
2025-11-23 17:23:56.831 | INFO     | env.satellite_mac_env:step:159 - parsed_action {'M_CBRA': -3.0, 'M_PBRA': -1.0, 'q_ACB': 1.0}
2025-11-23 17:23:56.832 | INFO     | env.satellite_mac_env:step:159 - parsed_action {'M_CBRA': 2.0, 'M_PBRA': -2.0, 'q_ACB': 1.0}
2025-11-23 17:23:56.834 | INFO     | env.satellite_mac_env:step:159 - parsed_action {'M_CBRA': -3.0, 'M_PBRA': -2.0, 'q_ACB': 1.0}
2025-11-23 17:23:56.835 | INFO     | env.satellite_mac_env:step:159 - parsed_action {'M_CBRA': 0.0, 'M_PBRA': -2.0, 'q_ACB': 1.0}
2025-11-23 17:23:56.839 | INFO     | env.satellite_mac_env:step:159 - parsed_action {'M_CBRA': -2.0, 'M_PBRA': -3.0, 'q_ACB': 0.3805930018424988}
2025-11-23 17:23:56.841 | INFO     | env.satellite_mac_env:step:159 - parsed_action {'M_CBRA': 1.0, 'M_PBRA': -3.0, 'q_ACB': 0.011545288376510143}
2025-11-23 17:23:56.842 | INFO     | env.satellite_mac_env:step:159 - parsed_action {'M_CBRA': -3.0, 'M_PBRA': 2.0, 'q_ACB': 0.0014739400940015912}
2025-11-23 17:23:56.843 | INFO     | env.satellite_mac_env:step:159 - parsed_action {'M_CBRA': 1.0, 'M_PBRA': -1.0, 'q_ACB': 0.14728620648384094}
2025-11-23 17:23:56.846 | INFO     | env.satellite_mac_env:step:159 - parsed_action {'M_CBRA': 3.0, 'M_PBRA': 3.0, 'q_ACB': 1.0}
2025-11-23 17:23:56.847 | INFO     | env.satellite_mac_env:step:159 - parsed_action {'M_CBRA': -2.0, 'M_PBRA': -2.0, 'q_ACB': 1.0}
2025-11-23 17:23:56.848 | INFO     | env.satellite_mac_env:step:159 - parsed_action {'M_CBRA': -3.0, 'M_PBRA': 2.0, 'q_ACB': 1.0}
2025-11-23 17:23:56.850 | INFO     | env.satellite_mac_env:step:159 - parsed_action {'M_CBRA': 1.0, 'M_PBRA': -1.0, 'q_ACB': 1.0}
2025-11-23 17:23:56.853 | INFO     | env.satellite_mac_env:step:159 - parsed_action {'M_CBRA': 1.0, 'M_PBRA': -1.0, 'q_ACB': 1.0}
2025-11-23 17:23:56.855 | INFO     | env.satellite_mac_env:step:159 - parsed_action {'M_CBRA': 1.0, 'M_PBRA': -3.0, 'q_ACB': 1.0}
2025-11-23 17:23:56.857 | INFO     | env.satellite_mac_env:step:159 - parsed_action {'M_CBRA': -1.0, 'M_PBRA': -3.0, 'q_ACB': 1.0}
2025-11-23 17:23:56.858 | INFO     | env.satellite_mac_env:step:159 - parsed_action {'M_CBRA': -3.0, 'M_PBRA': 3.0, 'q_ACB': 1.0}
2025-11-23 17:23:56.861 | INFO     | env.satellite_mac_env:step:159 - parsed_action {'M_CBRA': 1.0, 'M_PBRA': -2.0, 'q_ACB': 1.0}
2025-11-23 17:23:56.862 | INFO     | env.satellite_mac_env:step:159 - parsed_action {'M_CBRA': 1.0, 'M_PBRA': 2.0, 'q_ACB': 1.0}
2025-11-23 17:23:56.864 | INFO     | env.satellite_mac_env:step:159 - parsed_action {'M_CBRA': 3.0, 'M_PBRA': 0.0, 'q_ACB': 1.0}
2025-11-23 17:23:56.865 | INFO     | env.satellite_mac_env:step:159 - parsed_action {'M_CBRA': -1.0, 'M_PBRA': -1.0, 'q_ACB': 1.0}
2025-11-23 17:23:56.868 | INFO     | env.satellite_mac_env:step:159 - parsed_action {'M_CBRA': -3.0, 'M_PBRA': -2.0, 'q_ACB': 1.0}
2025-11-23 17:23:56.869 | INFO     | env.satellite_mac_env:step:159 - parsed_action {'M_CBRA': -3.0, 'M_PBRA': 3.0, 'q_ACB': 0.9999991655349731}
2025-11-23 17:23:56.871 | INFO     | env.satellite_mac_env:step:159 - parsed_action {'M_CBRA': -2.0, 'M_PBRA': -3.0, 'q_ACB': 1.0}
2025-11-23 17:23:56.873 | INFO     | env.satellite_mac_env:step:159 - parsed_action {'M_CBRA': 0.0, 'M_PBRA': -2.0, 'q_ACB': 1.0}
2025-11-23 17:23:56.876 | INFO     | env.satellite_mac_env:step:159 - parsed_action {'M_CBRA': 3.0, 'M_PBRA': 0.0, 'q_ACB': 0.7652124762535095}
2025-11-23 17:23:56.877 | INFO     | env.satellite_mac_env:step:159 - parsed_action {'M_CBRA': 1.0, 'M_PBRA': -2.0, 'q_ACB': 0.9998714923858643}
2025-11-23 17:23:56.879 | INFO     | env.satellite_mac_env:step:159 - parsed_action {'M_CBRA': -3.0, 'M_PBRA': 2.0, 'q_ACB': 0.9999740123748779}
2025-11-23 17:23:56.880 | INFO     | env.satellite_mac_env:step:159 - parsed_action {'M_CBRA': -3.0, 'M_PBRA': -1.0, 'q_ACB': 0.7808189392089844}
2025-11-23 17:23:56.883 | INFO     | env.satellite_mac_env:step:159 - parsed_action {'M_CBRA': -2.0, 'M_PBRA': 1.0, 'q_ACB': 1.0}
2025-11-23 17:23:56.884 | INFO     | env.satellite_mac_env:step:159 - parsed_action {'M_CBRA': 3.0, 'M_PBRA': -2.0, 'q_ACB': 1.0}
2025-11-23 17:23:56.886 | INFO     | env.satellite_mac_env:step:159 - parsed_action {'M_CBRA': -3.0, 'M_PBRA': -2.0, 'q_ACB': 1.0}
2025-11-23 17:23:56.887 | INFO     | env.satellite_mac_env:step:159 - parsed_action {'M_CBRA': -3.0, 'M_PBRA': 2.0, 'q_ACB': 1.0}
2025-11-23 17:23:56.891 | INFO     | env.satellite_mac_env:step:159 - parsed_action {'M_CBRA': -1.0, 'M_PBRA': 2.0, 'q_ACB': 0.9999991655349731}
2025-11-23 17:23:56.892 | INFO     | env.satellite_mac_env:step:159 - parsed_action {'M_CBRA': 1.0, 'M_PBRA': -3.0, 'q_ACB': 1.0}
2025-11-23 17:23:56.894 | INFO     | env.satellite_mac_env:step:159 - parsed_action {'M_CBRA': 2.0, 'M_PBRA': -1.0, 'q_ACB': 1.0}
2025-11-23 17:23:56.895 | INFO     | env.satellite_mac_env:step:159 - parsed_action {'M_CBRA': 2.0, 'M_PBRA': 1.0, 'q_ACB': 1.0}
2025-11-23 17:23:56.898 | INFO     | env.satellite_mac_env:step:159 - parsed_action {'M_CBRA': -3.0, 'M_PBRA': 3.0, 'q_ACB': 1.0}
2025-11-23 17:23:56.899 | INFO     | env.satellite_mac_env:step:159 - parsed_action {'M_CBRA': 3.0, 'M_PBRA': 3.0, 'q_ACB': 1.0}
2025-11-23 17:23:56.900 | INFO     | env.satellite_mac_env:step:159 - parsed_action {'M_CBRA': -3.0, 'M_PBRA': 3.0, 'q_ACB': 1.0}
2025-11-23 17:23:56.902 | INFO     | env.satellite_mac_env:step:159 - parsed_action {'M_CBRA': 0.0, 'M_PBRA': 2.0, 'q_ACB': 1.0}
2025-11-23 17:23:56.906 | INFO     | env.satellite_mac_env:step:159 - parsed_action {'M_CBRA': -2.0, 'M_PBRA': -2.0, 'q_ACB': 1.0}
2025-11-23 17:23:56.907 | INFO     | env.satellite_mac_env:step:159 - parsed_action {'M_CBRA': 2.0, 'M_PBRA': 3.0, 'q_ACB': 1.0}
2025-11-23 17:23:56.909 | INFO     | env.satellite_mac_env:step:159 - parsed_action {'M_CBRA': -3.0, 'M_PBRA': -2.0, 'q_ACB': 1.0}
2025-11-23 17:23:56.910 | INFO     | env.satellite_mac_env:step:159 - parsed_action {'M_CBRA': -3.0, 'M_PBRA': -1.0, 'q_ACB': 1.0}
2025-11-23 17:23:56.913 | INFO     | env.satellite_mac_env:step:159 - parsed_action {'M_CBRA': -3.0, 'M_PBRA': 2.0, 'q_ACB': 1.0}
2025-11-23 17:23:56.914 | INFO     | env.satellite_mac_env:step:159 - parsed_action {'M_CBRA': 2.0, 'M_PBRA': 3.0, 'q_ACB': 1.0}
2025-11-23 17:23:56.915 | INFO     | env.satellite_mac_env:step:159 - parsed_action {'M_CBRA': 2.0, 'M_PBRA': -2.0, 'q_ACB': 1.0}
2025-11-23 17:23:56.917 | INFO     | env.satellite_mac_env:step:159 - parsed_action {'M_CBRA': -1.0, 'M_PBRA': 2.0, 'q_ACB': 1.0}
2025-11-23 17:23:56.920 | INFO     | env.satellite_mac_env:step:159 - parsed_action {'M_CBRA': 2.0, 'M_PBRA': 0.0, 'q_ACB': 1.0}
2025-11-23 17:23:56.922 | INFO     | env.satellite_mac_env:step:159 - parsed_action {'M_CBRA': -2.0, 'M_PBRA': -2.0, 'q_ACB': 1.0}
2025-11-23 17:23:56.923 | INFO     | env.satellite_mac_env:step:159 - parsed_action {'M_CBRA': -3.0, 'M_PBRA': -1.0, 'q_ACB': 1.0}
2025-11-23 17:23:56.924 | INFO     | env.satellite_mac_env:step:159 - parsed_action {'M_CBRA': -1.0, 'M_PBRA': -1.0, 'q_ACB': 1.0}
2025-11-23 17:23:56.927 | INFO     | env.satellite_mac_env:step:159 - parsed_action {'M_CBRA': 1.0, 'M_PBRA': -3.0, 'q_ACB': 1.0}
2025-11-23 17:23:56.929 | INFO     | env.satellite_mac_env:step:159 - parsed_action {'M_CBRA': -2.0, 'M_PBRA': 0.0, 'q_ACB': 1.0}
2025-11-23 17:23:56.930 | INFO     | env.satellite_mac_env:step:159 - parsed_action {'M_CBRA': 2.0, 'M_PBRA': 3.0, 'q_ACB': 1.0}
2025-11-23 17:23:56.931 | INFO     | env.satellite_mac_env:step:159 - parsed_action {'M_CBRA': -1.0, 'M_PBRA': 3.0, 'q_ACB': 1.0}
2025-11-23 17:23:56.934 | INFO     | env.satellite_mac_env:step:159 - parsed_action {'M_CBRA': -1.0, 'M_PBRA': -3.0, 'q_ACB': 1.0}
2025-11-23 17:23:56.936 | INFO     | env.satellite_mac_env:step:159 - parsed_action {'M_CBRA': -1.0, 'M_PBRA': 1.0, 'q_ACB': 1.0}
2025-11-23 17:23:56.937 | INFO     | env.satellite_mac_env:step:159 - parsed_action {'M_CBRA': 2.0, 'M_PBRA': -2.0, 'q_ACB': 1.0}
2025-11-23 17:23:56.939 | INFO     | env.satellite_mac_env:step:159 - parsed_action {'M_CBRA': -3.0, 'M_PBRA': -2.0, 'q_ACB': 1.0}
2025-11-23 17:23:56.942 | INFO     | env.satellite_mac_env:step:159 - parsed_action {'M_CBRA': -1.0, 'M_PBRA': -1.0, 'q_ACB': 1.0}
2025-11-23 17:23:56.943 | INFO     | env.satellite_mac_env:step:159 - parsed_action {'M_CBRA': 1.0, 'M_PBRA': -1.0, 'q_ACB': 1.0}
2025-11-23 17:23:56.944 | INFO     | env.satellite_mac_env:step:159 - parsed_action {'M_CBRA': 2.0, 'M_PBRA': 1.0, 'q_ACB': 1.0}
2025-11-23 17:23:56.946 | INFO     | env.satellite_mac_env:step:159 - parsed_action {'M_CBRA': 2.0, 'M_PBRA': 1.0, 'q_ACB': 1.0}
2025-11-23 17:23:56.949 | INFO     | env.satellite_mac_env:step:159 - parsed_action {'M_CBRA': 0.0, 'M_PBRA': -1.0, 'q_ACB': 1.0}
2025-11-23 17:23:56.950 | INFO     | env.satellite_mac_env:step:159 - parsed_action {'M_CBRA': 2.0, 'M_PBRA': 0.0, 'q_ACB': 1.0}
2025-11-23 17:23:56.951 | INFO     | env.satellite_mac_env:step:159 - parsed_action {'M_CBRA': -3.0, 'M_PBRA': 2.0, 'q_ACB': 1.0}
2025-11-23 17:23:56.952 | INFO     | env.satellite_mac_env:step:159 - parsed_action {'M_CBRA': 2.0, 'M_PBRA': 3.0, 'q_ACB': 1.0}
2025-11-23 17:23:56.957 | INFO     | env.satellite_mac_env:step:159 - parsed_action {'M_CBRA': -1.0, 'M_PBRA': -2.0, 'q_ACB': 1.0}
2025-11-23 17:23:56.958 | INFO     | env.satellite_mac_env:step:159 - parsed_action {'M_CBRA': -2.0, 'M_PBRA': 1.0, 'q_ACB': 1.0}
2025-11-23 17:23:56.959 | INFO     | env.satellite_mac_env:step:159 - parsed_action {'M_CBRA': 3.0, 'M_PBRA': 0.0, 'q_ACB': 1.0}
2025-11-23 17:23:56.961 | INFO     | env.satellite_mac_env:step:159 - parsed_action {'M_CBRA': -1.0, 'M_PBRA': -3.0, 'q_ACB': 1.0}
2025-11-23 17:23:56.964 | INFO     | env.satellite_mac_env:step:159 - parsed_action {'M_CBRA': -1.0, 'M_PBRA': 1.0, 'q_ACB': 0.49097347259521484}
2025-11-23 17:23:56.965 | INFO     | env.satellite_mac_env:step:159 - parsed_action {'M_CBRA': -3.0, 'M_PBRA': 3.0, 'q_ACB': 1.0}
2025-11-23 17:23:56.966 | INFO     | env.satellite_mac_env:step:159 - parsed_action {'M_CBRA': 2.0, 'M_PBRA': 1.0, 'q_ACB': 1.0}
2025-11-23 17:23:56.967 | INFO     | env.satellite_mac_env:step:159 - parsed_action {'M_CBRA': -1.0, 'M_PBRA': -1.0, 'q_ACB': 1.0}
2025-11-23 17:23:56.971 | INFO     | env.satellite_mac_env:step:159 - parsed_action {'M_CBRA': 1.0, 'M_PBRA': -1.0, 'q_ACB': 1.0}
2025-11-23 17:23:56.972 | INFO     | env.satellite_mac_env:step:159 - parsed_action {'M_CBRA': 3.0, 'M_PBRA': 3.0, 'q_ACB': 1.0}
2025-11-23 17:23:56.974 | INFO     | env.satellite_mac_env:step:159 - parsed_action {'M_CBRA': -2.0, 'M_PBRA': 0.0, 'q_ACB': 1.0}
2025-11-23 17:23:56.975 | INFO     | env.satellite_mac_env:step:159 - parsed_action {'M_CBRA': 2.0, 'M_PBRA': 0.0, 'q_ACB': 1.0}
2025-11-23 17:23:56.978 | INFO     | env.satellite_mac_env:step:159 - parsed_action {'M_CBRA': -3.0, 'M_PBRA': -2.0, 'q_ACB': 1.0}
2025-11-23 17:23:56.980 | INFO     | env.satellite_mac_env:step:159 - parsed_action {'M_CBRA': 1.0, 'M_PBRA': -1.0, 'q_ACB': 1.0}
2025-11-23 17:23:56.981 | INFO     | env.satellite_mac_env:step:159 - parsed_action {'M_CBRA': -3.0, 'M_PBRA': 2.0, 'q_ACB': 1.0}
2025-11-23 17:23:56.982 | INFO     | env.satellite_mac_env:step:159 - parsed_action {'M_CBRA': -2.0, 'M_PBRA': -3.0, 'q_ACB': 1.0}
2025-11-23 17:23:56.985 | INFO     | env.satellite_mac_env:step:159 - parsed_action {'M_CBRA': 2.0, 'M_PBRA': 1.0, 'q_ACB': 1.0}
2025-11-23 17:23:56.987 | INFO     | env.satellite_mac_env:step:159 - parsed_action {'M_CBRA': 0.0, 'M_PBRA': -2.0, 'q_ACB': 1.0}
2025-11-23 17:23:56.988 | INFO     | env.satellite_mac_env:step:159 - parsed_action {'M_CBRA': -1.0, 'M_PBRA': 0.0, 'q_ACB': 1.0}
2025-11-23 17:23:56.990 | INFO     | env.satellite_mac_env:step:159 - parsed_action {'M_CBRA': -2.0, 'M_PBRA': -2.0, 'q_ACB': 1.0}
2025-11-23 17:23:56.993 | INFO     | env.satellite_mac_env:step:159 - parsed_action {'M_CBRA': -2.0, 'M_PBRA': -3.0, 'q_ACB': 1.0}
2025-11-23 17:23:56.994 | INFO     | env.satellite_mac_env:step:159 - parsed_action {'M_CBRA': -3.0, 'M_PBRA': -1.0, 'q_ACB': 1.0}
2025-11-23 17:23:56.995 | INFO     | env.satellite_mac_env:step:159 - parsed_action {'M_CBRA': -2.0, 'M_PBRA': -3.0, 'q_ACB': 1.0}
2025-11-23 17:23:56.997 | INFO     | env.satellite_mac_env:step:159 - parsed_action {'M_CBRA': -1.0, 'M_PBRA': 2.0, 'q_ACB': 1.0}
2025-11-23 17:23:56.999 | INFO     | env.satellite_mac_env:step:159 - parsed_action {'M_CBRA': -3.0, 'M_PBRA': -1.0, 'q_ACB': 1.0}
2025-11-23 17:23:57.001 | INFO     | env.satellite_mac_env:step:159 - parsed_action {'M_CBRA': -1.0, 'M_PBRA': 1.0, 'q_ACB': 1.0}
2025-11-23 17:23:57.002 | INFO     | env.satellite_mac_env:step:159 - parsed_action {'M_CBRA': 1.0, 'M_PBRA': -3.0, 'q_ACB': 1.0}
2025-11-23 17:23:57.004 | INFO     | env.satellite_mac_env:step:159 - parsed_action {'M_CBRA': -1.0, 'M_PBRA': 3.0, 'q_ACB': 1.0}
2025-11-23 17:23:57.007 | INFO     | env.satellite_mac_env:step:159 - parsed_action {'M_CBRA': -2.0, 'M_PBRA': 0.0, 'q_ACB': 1.0}
2025-11-23 17:23:57.008 | INFO     | env.satellite_mac_env:step:159 - parsed_action {'M_CBRA': -3.0, 'M_PBRA': -1.0, 'q_ACB': 1.0}
2025-11-23 17:23:57.010 | INFO     | env.satellite_mac_env:step:159 - parsed_action {'M_CBRA': 2.0, 'M_PBRA': 3.0, 'q_ACB': 1.0}
2025-11-23 17:23:57.011 | INFO     | env.satellite_mac_env:step:159 - parsed_action {'M_CBRA': -2.0, 'M_PBRA': -3.0, 'q_ACB': 1.0}
2025-11-23 17:23:57.014 | INFO     | env.satellite_mac_env:step:159 - parsed_action {'M_CBRA': -3.0, 'M_PBRA': -2.0, 'q_ACB': 1.0}
2025-11-23 17:23:57.015 | INFO     | env.satellite_mac_env:step:159 - parsed_action {'M_CBRA': -1.0, 'M_PBRA': 2.0, 'q_ACB': 1.0}
2025-11-23 17:23:57.016 | INFO     | env.satellite_mac_env:step:159 - parsed_action {'M_CBRA': -3.0, 'M_PBRA': -1.0, 'q_ACB': 1.0}
2025-11-23 17:23:57.018 | INFO     | env.satellite_mac_env:step:159 - parsed_action {'M_CBRA': -2.0, 'M_PBRA': 1.0, 'q_ACB': 1.0}
2025-11-23 17:23:57.022 | INFO     | env.satellite_mac_env:step:159 - parsed_action {'M_CBRA': -2.0, 'M_PBRA': -2.0, 'q_ACB': 1.0}
2025-11-23 17:23:57.024 | INFO     | env.satellite_mac_env:step:159 - parsed_action {'M_CBRA': 0.0, 'M_PBRA': 2.0, 'q_ACB': 1.0}
2025-11-23 17:23:57.025 | INFO     | env.satellite_mac_env:step:159 - parsed_action {'M_CBRA': -2.0, 'M_PBRA': -2.0, 'q_ACB': 1.0}
2025-11-23 17:23:57.026 | INFO     | env.satellite_mac_env:step:159 - parsed_action {'M_CBRA': -1.0, 'M_PBRA': 0.0, 'q_ACB': 1.0}
2025-11-23 17:23:57.029 | INFO     | env.satellite_mac_env:step:159 - parsed_action {'M_CBRA': -3.0, 'M_PBRA': 2.0, 'q_ACB': 1.0}
2025-11-23 17:23:57.031 | INFO     | env.satellite_mac_env:step:159 - parsed_action {'M_CBRA': -2.0, 'M_PBRA': -2.0, 'q_ACB': 1.0}
2025-11-23 17:23:57.032 | INFO     | env.satellite_mac_env:step:159 - parsed_action {'M_CBRA': 0.0, 'M_PBRA': -2.0, 'q_ACB': 1.0}
2025-11-23 17:23:57.033 | INFO     | env.satellite_mac_env:step:159 - parsed_action {'M_CBRA': 1.0, 'M_PBRA': 0.0, 'q_ACB': 1.0}
2025-11-23 17:23:57.036 | INFO     | env.satellite_mac_env:step:159 - parsed_action {'M_CBRA': -2.0, 'M_PBRA': 0.0, 'q_ACB': 1.0}
2025-11-23 17:23:57.038 | INFO     | env.satellite_mac_env:step:159 - parsed_action {'M_CBRA': -2.0, 'M_PBRA': 1.0, 'q_ACB': 1.0}
2025-11-23 17:23:57.040 | INFO     | env.satellite_mac_env:step:159 - parsed_action {'M_CBRA': -3.0, 'M_PBRA': 3.0, 'q_ACB': 1.0}
2025-11-23 17:23:57.041 | INFO     | env.satellite_mac_env:step:159 - parsed_action {'M_CBRA': -3.0, 'M_PBRA': 2.0, 'q_ACB': 1.0}
2025-11-23 17:23:57.044 | INFO     | env.satellite_mac_env:step:159 - parsed_action {'M_CBRA': -1.0, 'M_PBRA': 1.0, 'q_ACB': 1.0}
2025-11-23 17:23:57.045 | INFO     | env.satellite_mac_env:step:159 - parsed_action {'M_CBRA': 0.0, 'M_PBRA': -2.0, 'q_ACB': 1.0}
2025-11-23 17:23:57.047 | INFO     | env.satellite_mac_env:step:159 - parsed_action {'M_CBRA': 3.0, 'M_PBRA': 3.0, 'q_ACB': 1.0}
2025-11-23 17:23:57.048 | INFO     | env.satellite_mac_env:step:159 - parsed_action {'M_CBRA': 1.0, 'M_PBRA': 0.0, 'q_ACB': 1.0}
2025-11-23 17:23:57.051 | INFO     | env.satellite_mac_env:step:159 - parsed_action {'M_CBRA': 2.0, 'M_PBRA': -2.0, 'q_ACB': 1.0}
2025-11-23 17:23:57.052 | INFO     | env.satellite_mac_env:step:159 - parsed_action {'M_CBRA': 2.0, 'M_PBRA': 0.0, 'q_ACB': 1.0}
2025-11-23 17:23:57.054 | INFO     | env.satellite_mac_env:step:159 - parsed_action {'M_CBRA': -3.0, 'M_PBRA': 2.0, 'q_ACB': 1.0}
2025-11-23 17:23:57.056 | INFO     | env.satellite_mac_env:step:159 - parsed_action {'M_CBRA': -3.0, 'M_PBRA': -1.0, 'q_ACB': 1.0}
2025-11-23 17:23:57.059 | INFO     | env.satellite_mac_env:step:159 - parsed_action {'M_CBRA': 3.0, 'M_PBRA': -2.0, 'q_ACB': 1.0}
2025-11-23 17:23:57.060 | INFO     | env.satellite_mac_env:step:159 - parsed_action {'M_CBRA': -1.0, 'M_PBRA': -2.0, 'q_ACB': 1.0}
2025-11-23 17:23:57.062 | INFO     | env.satellite_mac_env:step:159 - parsed_action {'M_CBRA': -1.0, 'M_PBRA': -1.0, 'q_ACB': 1.0}
2025-11-23 17:23:57.063 | INFO     | env.satellite_mac_env:step:159 - parsed_action {'M_CBRA': -1.0, 'M_PBRA': 2.0, 'q_ACB': 1.0}
2025-11-23 17:23:57.066 | INFO     | env.satellite_mac_env:step:159 - parsed_action {'M_CBRA': 2.0, 'M_PBRA': -3.0, 'q_ACB': 1.0}
2025-11-23 17:23:57.067 | INFO     | env.satellite_mac_env:step:159 - parsed_action {'M_CBRA': 0.0, 'M_PBRA': -2.0, 'q_ACB': 1.0}
2025-11-23 17:23:57.068 | INFO     | env.satellite_mac_env:step:159 - parsed_action {'M_CBRA': 0.0, 'M_PBRA': 2.0, 'q_ACB': 1.0}
2025-11-23 17:23:57.070 | INFO     | env.satellite_mac_env:step:159 - parsed_action {'M_CBRA': 1.0, 'M_PBRA': -3.0, 'q_ACB': 1.0}
2025-11-23 17:23:57.074 | INFO     | env.satellite_mac_env:step:159 - parsed_action {'M_CBRA': 2.0, 'M_PBRA': -3.0, 'q_ACB': 1.0}
2025-11-23 17:23:57.075 | INFO     | env.satellite_mac_env:step:159 - parsed_action {'M_CBRA': -3.0, 'M_PBRA': 2.0, 'q_ACB': 1.0}
2025-11-23 17:23:57.077 | INFO     | env.satellite_mac_env:step:159 - parsed_action {'M_CBRA': -2.0, 'M_PBRA': 1.0, 'q_ACB': 1.0}
2025-11-23 17:23:57.078 | INFO     | env.satellite_mac_env:step:159 - parsed_action {'M_CBRA': 2.0, 'M_PBRA': -2.0, 'q_ACB': 1.0}
2025-11-23 17:23:57.081 | INFO     | env.satellite_mac_env:step:159 - parsed_action {'M_CBRA': 2.0, 'M_PBRA': 0.0, 'q_ACB': 1.0}
2025-11-23 17:23:57.082 | INFO     | env.satellite_mac_env:step:159 - parsed_action {'M_CBRA': -1.0, 'M_PBRA': 2.0, 'q_ACB': 1.0}
2025-11-23 17:23:57.084 | INFO     | env.satellite_mac_env:step:159 - parsed_action {'M_CBRA': 3.0, 'M_PBRA': 0.0, 'q_ACB': 1.0}
2025-11-23 17:23:57.085 | INFO     | env.satellite_mac_env:step:159 - parsed_action {'M_CBRA': -2.0, 'M_PBRA': -2.0, 'q_ACB': 1.0}
2025-11-23 17:23:57.090 | INFO     | env.satellite_mac_env:step:159 - parsed_action {'M_CBRA': -3.0, 'M_PBRA': 3.0, 'q_ACB': 1.0}
2025-11-23 17:23:57.091 | INFO     | env.satellite_mac_env:step:159 - parsed_action {'M_CBRA': -2.0, 'M_PBRA': 0.0, 'q_ACB': 1.0}
2025-11-23 17:23:57.093 | INFO     | env.satellite_mac_env:step:159 - parsed_action {'M_CBRA': -1.0, 'M_PBRA': -2.0, 'q_ACB': 1.0}
2025-11-23 17:23:57.094 | INFO     | env.satellite_mac_env:step:159 - parsed_action {'M_CBRA': -1.0, 'M_PBRA': 3.0, 'q_ACB': 1.0}
2025-11-23 17:23:57.097 | INFO     | env.satellite_mac_env:step:159 - parsed_action {'M_CBRA': 1.0, 'M_PBRA': -1.0, 'q_ACB': 1.0}
2025-11-23 17:23:57.098 | INFO     | env.satellite_mac_env:step:159 - parsed_action {'M_CBRA': 3.0, 'M_PBRA': -2.0, 'q_ACB': 1.0}
2025-11-23 17:23:57.100 | INFO     | env.satellite_mac_env:step:159 - parsed_action {'M_CBRA': -2.0, 'M_PBRA': 0.0, 'q_ACB': 1.0}
2025-11-23 17:23:57.101 | INFO     | env.satellite_mac_env:step:159 - parsed_action {'M_CBRA': -1.0, 'M_PBRA': 2.0, 'q_ACB': 1.0}
2025-11-23 17:23:57.105 | INFO     | env.satellite_mac_env:step:159 - parsed_action {'M_CBRA': -1.0, 'M_PBRA': 3.0, 'q_ACB': 1.0}
2025-11-23 17:23:57.106 | INFO     | env.satellite_mac_env:step:159 - parsed_action {'M_CBRA': -3.0, 'M_PBRA': 3.0, 'q_ACB': 1.0}
2025-11-23 17:23:57.108 | INFO     | env.satellite_mac_env:step:159 - parsed_action {'M_CBRA': -1.0, 'M_PBRA': 2.0, 'q_ACB': 1.0}
2025-11-23 17:23:57.109 | INFO     | env.satellite_mac_env:step:159 - parsed_action {'M_CBRA': -3.0, 'M_PBRA': -2.0, 'q_ACB': 1.0}
2025-11-23 17:23:57.112 | INFO     | env.satellite_mac_env:step:159 - parsed_action {'M_CBRA': -2.0, 'M_PBRA': 0.0, 'q_ACB': 1.0}
2025-11-23 17:23:57.113 | INFO     | env.satellite_mac_env:step:159 - parsed_action {'M_CBRA': -2.0, 'M_PBRA': 1.0, 'q_ACB': 1.0}
2025-11-23 17:23:57.114 | INFO     | env.satellite_mac_env:step:159 - parsed_action {'M_CBRA': 2.0, 'M_PBRA': -2.0, 'q_ACB': 1.0}
2025-11-23 17:23:57.115 | INFO     | env.satellite_mac_env:step:159 - parsed_action {'M_CBRA': -2.0, 'M_PBRA': 0.0, 'q_ACB': 1.0}
2025-11-23 17:23:57.121 | INFO     | env.satellite_mac_env:step:159 - parsed_action {'M_CBRA': -1.0, 'M_PBRA': 2.0, 'q_ACB': 1.0}
2025-11-23 17:23:57.123 | INFO     | env.satellite_mac_env:step:159 - parsed_action {'M_CBRA': 0.0, 'M_PBRA': -2.0, 'q_ACB': 1.0}
2025-11-23 17:23:57.124 | INFO     | env.satellite_mac_env:step:159 - parsed_action {'M_CBRA': -1.0, 'M_PBRA': -2.0, 'q_ACB': 1.0}
2025-11-23 17:23:57.125 | INFO     | env.satellite_mac_env:step:159 - parsed_action {'M_CBRA': -3.0, 'M_PBRA': -1.0, 'q_ACB': 1.0}
2025-11-23 17:23:57.128 | INFO     | env.satellite_mac_env:step:159 - parsed_action {'M_CBRA': -2.0, 'M_PBRA': 0.0, 'q_ACB': 1.0}
2025-11-23 17:23:57.129 | INFO     | env.satellite_mac_env:step:159 - parsed_action {'M_CBRA': -1.0, 'M_PBRA': -2.0, 'q_ACB': 1.0}
2025-11-23 17:23:57.131 | INFO     | env.satellite_mac_env:step:159 - parsed_action {'M_CBRA': -2.0, 'M_PBRA': 0.0, 'q_ACB': 1.0}
2025-11-23 17:23:57.132 | INFO     | env.satellite_mac_env:step:159 - parsed_action {'M_CBRA': 1.0, 'M_PBRA': -3.0, 'q_ACB': 1.0}
2025-11-23 17:23:57.135 | INFO     | env.satellite_mac_env:step:159 - parsed_action {'M_CBRA': 0.0, 'M_PBRA': -1.0, 'q_ACB': 1.0}
2025-11-23 17:23:57.136 | INFO     | env.satellite_mac_env:step:159 - parsed_action {'M_CBRA': -1.0, 'M_PBRA': -1.0, 'q_ACB': 1.0}
2025-11-23 17:23:57.138 | INFO     | env.satellite_mac_env:step:159 - parsed_action {'M_CBRA': -3.0, 'M_PBRA': -1.0, 'q_ACB': 1.0}
2025-11-23 17:23:57.139 | INFO     | env.satellite_mac_env:step:159 - parsed_action {'M_CBRA': -3.0, 'M_PBRA': -2.0, 'q_ACB': 1.0}
2025-11-23 17:23:57.142 | INFO     | env.satellite_mac_env:step:159 - parsed_action {'M_CBRA': -1.0, 'M_PBRA': -1.0, 'q_ACB': 1.0}
2025-11-23 17:23:57.144 | INFO     | env.satellite_mac_env:step:159 - parsed_action {'M_CBRA': -1.0, 'M_PBRA': -3.0, 'q_ACB': 1.0}
2025-11-23 17:23:57.145 | INFO     | env.satellite_mac_env:step:159 - parsed_action {'M_CBRA': -3.0, 'M_PBRA': -1.0, 'q_ACB': 1.0}
2025-11-23 17:23:57.146 | INFO     | env.satellite_mac_env:step:159 - parsed_action {'M_CBRA': -3.0, 'M_PBRA': -1.0, 'q_ACB': 1.0}
2025-11-23 17:23:57.149 | INFO     | env.satellite_mac_env:step:159 - parsed_action {'M_CBRA': -1.0, 'M_PBRA': -3.0, 'q_ACB': 1.0}
2025-11-23 17:23:57.150 | INFO     | env.satellite_mac_env:step:159 - parsed_action {'M_CBRA': -3.0, 'M_PBRA': -1.0, 'q_ACB': 1.0}
2025-11-23 17:23:57.152 | INFO     | env.satellite_mac_env:step:159 - parsed_action {'M_CBRA': 0.0, 'M_PBRA': 1.0, 'q_ACB': 1.0}
2025-11-23 17:23:57.153 | INFO     | env.satellite_mac_env:step:159 - parsed_action {'M_CBRA': 3.0, 'M_PBRA': 0.0, 'q_ACB': 1.0}
2025-11-23 17:23:57.157 | INFO     | env.satellite_mac_env:step:159 - parsed_action {'M_CBRA': 3.0, 'M_PBRA': 0.0, 'q_ACB': 1.0}
2025-11-23 17:23:57.158 | INFO     | env.satellite_mac_env:step:159 - parsed_action {'M_CBRA': 0.0, 'M_PBRA': 2.0, 'q_ACB': 1.0}
2025-11-23 17:23:57.160 | INFO     | env.satellite_mac_env:step:159 - parsed_action {'M_CBRA': 0.0, 'M_PBRA': 2.0, 'q_ACB': 1.0}
2025-11-23 17:23:57.161 | INFO     | env.satellite_mac_env:step:159 - parsed_action {'M_CBRA': -3.0, 'M_PBRA': 3.0, 'q_ACB': 1.0}
2025-11-23 17:23:57.164 | INFO     | env.satellite_mac_env:step:159 - parsed_action {'M_CBRA': -3.0, 'M_PBRA': 3.0, 'q_ACB': 1.0}
2025-11-23 17:23:57.165 | INFO     | env.satellite_mac_env:step:159 - parsed_action {'M_CBRA': -2.0, 'M_PBRA': 1.0, 'q_ACB': 1.0}
2025-11-23 17:23:57.166 | INFO     | env.satellite_mac_env:step:159 - parsed_action {'M_CBRA': 3.0, 'M_PBRA': -2.0, 'q_ACB': 1.0}
2025-11-23 17:23:57.167 | INFO     | env.satellite_mac_env:step:159 - parsed_action {'M_CBRA': 3.0, 'M_PBRA': -2.0, 'q_ACB': 1.0}
2025-11-23 17:23:57.171 | INFO     | env.satellite_mac_env:step:159 - parsed_action {'M_CBRA': 1.0, 'M_PBRA': -1.0, 'q_ACB': 1.0}
2025-11-23 17:23:57.172 | INFO     | env.satellite_mac_env:step:159 - parsed_action {'M_CBRA': -2.0, 'M_PBRA': 1.0, 'q_ACB': 1.0}
2025-11-23 17:23:57.174 | INFO     | env.satellite_mac_env:step:159 - parsed_action {'M_CBRA': 2.0, 'M_PBRA': -2.0, 'q_ACB': 1.0}
2025-11-23 17:23:57.175 | INFO     | env.satellite_mac_env:step:159 - parsed_action {'M_CBRA': -3.0, 'M_PBRA': -2.0, 'q_ACB': 1.0}
2025-11-23 17:23:57.178 | INFO     | env.satellite_mac_env:step:159 - parsed_action {'M_CBRA': -1.0, 'M_PBRA': -3.0, 'q_ACB': 1.0}
2025-11-23 17:23:57.179 | INFO     | env.satellite_mac_env:step:159 - parsed_action {'M_CBRA': 2.0, 'M_PBRA': 0.0, 'q_ACB': 1.0}
2025-11-23 17:23:57.181 | INFO     | env.satellite_mac_env:step:159 - parsed_action {'M_CBRA': -1.0, 'M_PBRA': 2.0, 'q_ACB': 1.0}
2025-11-23 17:23:57.182 | INFO     | env.satellite_mac_env:step:159 - parsed_action {'M_CBRA': -1.0, 'M_PBRA': -3.0, 'q_ACB': 1.0}
2025-11-23 17:23:57.185 | INFO     | env.satellite_mac_env:step:159 - parsed_action {'M_CBRA': -2.0, 'M_PBRA': -2.0, 'q_ACB': 1.0}
2025-11-23 17:23:57.187 | INFO     | env.satellite_mac_env:step:159 - parsed_action {'M_CBRA': -2.0, 'M_PBRA': -2.0, 'q_ACB': 1.0}
2025-11-23 17:23:57.189 | INFO     | env.satellite_mac_env:step:159 - parsed_action {'M_CBRA': -1.0, 'M_PBRA': 1.0, 'q_ACB': 1.0}
2025-11-23 17:23:57.190 | INFO     | env.satellite_mac_env:step:159 - parsed_action {'M_CBRA': 0.0, 'M_PBRA': 1.0, 'q_ACB': 1.0}
2025-11-23 17:23:57.193 | INFO     | env.satellite_mac_env:step:159 - parsed_action {'M_CBRA': -3.0, 'M_PBRA': -1.0, 'q_ACB': 1.0}
2025-11-23 17:23:57.194 | INFO     | env.satellite_mac_env:step:159 - parsed_action {'M_CBRA': -2.0, 'M_PBRA': 1.0, 'q_ACB': 1.0}
2025-11-23 17:23:57.196 | INFO     | env.satellite_mac_env:step:159 - parsed_action {'M_CBRA': 2.0, 'M_PBRA': -2.0, 'q_ACB': 1.0}
2025-11-23 17:23:57.197 | INFO     | env.satellite_mac_env:step:159 - parsed_action {'M_CBRA': -3.0, 'M_PBRA': 3.0, 'q_ACB': 1.0}
2025-11-23 17:23:57.200 | INFO     | env.satellite_mac_env:step:159 - parsed_action {'M_CBRA': -1.0, 'M_PBRA': -3.0, 'q_ACB': 1.0}
2025-11-23 17:23:57.201 | INFO     | env.satellite_mac_env:step:159 - parsed_action {'M_CBRA': -1.0, 'M_PBRA': -3.0, 'q_ACB': 1.0}
2025-11-23 17:23:57.203 | INFO     | env.satellite_mac_env:step:159 - parsed_action {'M_CBRA': 2.0, 'M_PBRA': -3.0, 'q_ACB': 1.0}
2025-11-23 17:23:57.204 | INFO     | env.satellite_mac_env:step:159 - parsed_action {'M_CBRA': -3.0, 'M_PBRA': -2.0, 'q_ACB': 1.0}
2025-11-23 17:23:57.208 | INFO     | env.satellite_mac_env:step:159 - parsed_action {'M_CBRA': -1.0, 'M_PBRA': 3.0, 'q_ACB': 1.0}
2025-11-23 17:23:57.209 | INFO     | env.satellite_mac_env:step:159 - parsed_action {'M_CBRA': 2.0, 'M_PBRA': -2.0, 'q_ACB': 1.0}
2025-11-23 17:23:57.211 | INFO     | env.satellite_mac_env:step:159 - parsed_action {'M_CBRA': 2.0, 'M_PBRA': 3.0, 'q_ACB': 1.0}
2025-11-23 17:23:57.212 | INFO     | env.satellite_mac_env:step:159 - parsed_action {'M_CBRA': 0.0, 'M_PBRA': -2.0, 'q_ACB': 1.0}
2025-11-23 17:23:57.215 | INFO     | env.satellite_mac_env:step:159 - parsed_action {'M_CBRA': 0.0, 'M_PBRA': -1.0, 'q_ACB': 1.0}
2025-11-23 17:23:57.216 | INFO     | env.satellite_mac_env:step:159 - parsed_action {'M_CBRA': 0.0, 'M_PBRA': -1.0, 'q_ACB': 1.0}
2025-11-23 17:23:57.217 | INFO     | env.satellite_mac_env:step:159 - parsed_action {'M_CBRA': -3.0, 'M_PBRA': 2.0, 'q_ACB': 1.0}
2025-11-23 17:23:57.218 | INFO     | env.satellite_mac_env:step:159 - parsed_action {'M_CBRA': 2.0, 'M_PBRA': -2.0, 'q_ACB': 1.0}
2025-11-23 17:23:57.223 | INFO     | env.satellite_mac_env:step:159 - parsed_action {'M_CBRA': 2.0, 'M_PBRA': 1.0, 'q_ACB': 1.0}
2025-11-23 17:23:57.225 | INFO     | env.satellite_mac_env:step:159 - parsed_action {'M_CBRA': 0.0, 'M_PBRA': 2.0, 'q_ACB': 1.0}
2025-11-23 17:23:57.226 | INFO     | env.satellite_mac_env:step:159 - parsed_action {'M_CBRA': -1.0, 'M_PBRA': 2.0, 'q_ACB': 1.0}
2025-11-23 17:23:57.227 | INFO     | env.satellite_mac_env:step:159 - parsed_action {'M_CBRA': -2.0, 'M_PBRA': -2.0, 'q_ACB': 1.0}
2025-11-23 17:23:57.230 | INFO     | env.satellite_mac_env:step:159 - parsed_action {'M_CBRA': -3.0, 'M_PBRA': 3.0, 'q_ACB': 1.0}
2025-11-23 17:23:57.232 | INFO     | env.satellite_mac_env:step:159 - parsed_action {'M_CBRA': -1.0, 'M_PBRA': -2.0, 'q_ACB': 1.0}
2025-11-23 17:23:57.233 | INFO     | env.satellite_mac_env:step:159 - parsed_action {'M_CBRA': -1.0, 'M_PBRA': 3.0, 'q_ACB': 1.0}
2025-11-23 17:23:57.234 | INFO     | env.satellite_mac_env:step:159 - parsed_action {'M_CBRA': 2.0, 'M_PBRA': 0.0, 'q_ACB': 1.0}
2025-11-23 17:23:57.238 | INFO     | env.satellite_mac_env:step:159 - parsed_action {'M_CBRA': -1.0, 'M_PBRA': 2.0, 'q_ACB': 1.0}
2025-11-23 17:23:57.239 | INFO     | env.satellite_mac_env:step:159 - parsed_action {'M_CBRA': 2.0, 'M_PBRA': -2.0, 'q_ACB': 1.0}
2025-11-23 17:23:57.241 | INFO     | env.satellite_mac_env:step:159 - parsed_action {'M_CBRA': -3.0, 'M_PBRA': -1.0, 'q_ACB': 1.0}
2025-11-23 17:23:57.242 | INFO     | env.satellite_mac_env:step:159 - parsed_action {'M_CBRA': 1.0, 'M_PBRA': -1.0, 'q_ACB': 1.0}
2025-11-23 17:23:57.245 | INFO     | env.satellite_mac_env:step:159 - parsed_action {'M_CBRA': 3.0, 'M_PBRA': -2.0, 'q_ACB': 1.0}
2025-11-23 17:23:57.246 | INFO     | env.satellite_mac_env:step:159 - parsed_action {'M_CBRA': -2.0, 'M_PBRA': 0.0, 'q_ACB': 1.0}
2025-11-23 17:23:57.247 | INFO     | env.satellite_mac_env:step:159 - parsed_action {'M_CBRA': 3.0, 'M_PBRA': 0.0, 'q_ACB': 1.0}
2025-11-23 17:23:57.249 | INFO     | env.satellite_mac_env:step:159 - parsed_action {'M_CBRA': -1.0, 'M_PBRA': 0.0, 'q_ACB': 1.0}
2025-11-23 17:23:57.251 | INFO     | env.satellite_mac_env:step:159 - parsed_action {'M_CBRA': 1.0, 'M_PBRA': 0.0, 'q_ACB': 1.0}
2025-11-23 17:23:57.254 | INFO     | env.satellite_mac_env:step:159 - parsed_action {'M_CBRA': 2.0, 'M_PBRA': 1.0, 'q_ACB': 1.0}
2025-11-23 17:23:57.255 | INFO     | env.satellite_mac_env:step:159 - parsed_action {'M_CBRA': 2.0, 'M_PBRA': 3.0, 'q_ACB': 1.0}
2025-11-23 17:23:57.257 | INFO     | env.satellite_mac_env:step:159 - parsed_action {'M_CBRA': 3.0, 'M_PBRA': -2.0, 'q_ACB': 1.0}
2025-11-23 17:23:57.260 | INFO     | env.satellite_mac_env:step:159 - parsed_action {'M_CBRA': -3.0, 'M_PBRA': -2.0, 'q_ACB': 1.0}
2025-11-23 17:23:57.262 | INFO     | env.satellite_mac_env:step:159 - parsed_action {'M_CBRA': -2.0, 'M_PBRA': 1.0, 'q_ACB': 1.0}
2025-11-23 17:23:57.263 | INFO     | env.satellite_mac_env:step:159 - parsed_action {'M_CBRA': -2.0, 'M_PBRA': -2.0, 'q_ACB': 1.0}
2025-11-23 17:23:57.264 | INFO     | env.satellite_mac_env:step:159 - parsed_action {'M_CBRA': 2.0, 'M_PBRA': 1.0, 'q_ACB': 1.0}
2025-11-23 17:23:57.267 | INFO     | env.satellite_mac_env:step:159 - parsed_action {'M_CBRA': -2.0, 'M_PBRA': 0.0, 'q_ACB': 1.0}
2025-11-23 17:23:57.269 | INFO     | env.satellite_mac_env:step:159 - parsed_action {'M_CBRA': 2.0, 'M_PBRA': 0.0, 'q_ACB': 1.0}
2025-11-23 17:23:57.271 | INFO     | env.satellite_mac_env:step:159 - parsed_action {'M_CBRA': -1.0, 'M_PBRA': -3.0, 'q_ACB': 1.0}
2025-11-23 17:23:57.273 | INFO     | env.satellite_mac_env:step:159 - parsed_action {'M_CBRA': -1.0, 'M_PBRA': -3.0, 'q_ACB': 1.0}
2025-11-23 17:23:57.276 | INFO     | env.satellite_mac_env:step:159 - parsed_action {'M_CBRA': -2.0, 'M_PBRA': 1.0, 'q_ACB': 1.0}
2025-11-23 17:23:57.278 | INFO     | env.satellite_mac_env:step:159 - parsed_action {'M_CBRA': -2.0, 'M_PBRA': -3.0, 'q_ACB': 1.0}
2025-11-23 17:23:57.279 | INFO     | env.satellite_mac_env:step:159 - parsed_action {'M_CBRA': 2.0, 'M_PBRA': -3.0, 'q_ACB': 1.0}
2025-11-23 17:23:57.280 | INFO     | env.satellite_mac_env:step:159 - parsed_action {'M_CBRA': 1.0, 'M_PBRA': -1.0, 'q_ACB': 1.0}
2025-11-23 17:23:57.283 | INFO     | env.satellite_mac_env:step:159 - parsed_action {'M_CBRA': -2.0, 'M_PBRA': 1.0, 'q_ACB': 1.0}
2025-11-23 17:23:57.284 | INFO     | env.satellite_mac_env:step:159 - parsed_action {'M_CBRA': 0.0, 'M_PBRA': 2.0, 'q_ACB': 1.0}
2025-11-23 17:23:57.286 | INFO     | env.satellite_mac_env:step:159 - parsed_action {'M_CBRA': -3.0, 'M_PBRA': 2.0, 'q_ACB': 1.0}
2025-11-23 17:23:57.288 | INFO     | env.satellite_mac_env:step:159 - parsed_action {'M_CBRA': -2.0, 'M_PBRA': 1.0, 'q_ACB': 1.0}
2025-11-23 17:23:57.291 | INFO     | env.satellite_mac_env:step:159 - parsed_action {'M_CBRA': -2.0, 'M_PBRA': -2.0, 'q_ACB': 1.0}
2025-11-23 17:23:57.293 | INFO     | env.satellite_mac_env:step:159 - parsed_action {'M_CBRA': -1.0, 'M_PBRA': 2.0, 'q_ACB': 1.0}
2025-11-23 17:23:57.294 | INFO     | env.satellite_mac_env:step:159 - parsed_action {'M_CBRA': 1.0, 'M_PBRA': -1.0, 'q_ACB': 1.0}
2025-11-23 17:23:57.295 | INFO     | env.satellite_mac_env:step:159 - parsed_action {'M_CBRA': -2.0, 'M_PBRA': -2.0, 'q_ACB': 1.0}
2025-11-23 17:23:57.298 | INFO     | env.satellite_mac_env:step:159 - parsed_action {'M_CBRA': 0.0, 'M_PBRA': -2.0, 'q_ACB': 1.0}
2025-11-23 17:23:57.299 | INFO     | env.satellite_mac_env:step:159 - parsed_action {'M_CBRA': 2.0, 'M_PBRA': 3.0, 'q_ACB': 1.0}
2025-11-23 17:23:57.300 | INFO     | env.satellite_mac_env:step:159 - parsed_action {'M_CBRA': -1.0, 'M_PBRA': 2.0, 'q_ACB': 1.0}
2025-11-23 17:23:57.302 | INFO     | env.satellite_mac_env:step:159 - parsed_action {'M_CBRA': -1.0, 'M_PBRA': 2.0, 'q_ACB': 1.0}
2025-11-23 17:23:57.306 | INFO     | env.satellite_mac_env:step:159 - parsed_action {'M_CBRA': 1.0, 'M_PBRA': -1.0, 'q_ACB': 1.0}
2025-11-23 17:23:57.308 | INFO     | env.satellite_mac_env:step:159 - parsed_action {'M_CBRA': 2.0, 'M_PBRA': -3.0, 'q_ACB': 1.0}
2025-11-23 17:23:57.309 | INFO     | env.satellite_mac_env:step:159 - parsed_action {'M_CBRA': -2.0, 'M_PBRA': -2.0, 'q_ACB': 1.0}
2025-11-23 17:23:57.310 | INFO     | env.satellite_mac_env:step:159 - parsed_action {'M_CBRA': 2.0, 'M_PBRA': 3.0, 'q_ACB': 1.0}
2025-11-23 17:23:57.313 | INFO     | env.satellite_mac_env:step:159 - parsed_action {'M_CBRA': 2.0, 'M_PBRA': 3.0, 'q_ACB': 1.0}
2025-11-23 17:23:57.315 | INFO     | env.satellite_mac_env:step:159 - parsed_action {'M_CBRA': -2.0, 'M_PBRA': 0.0, 'q_ACB': 1.0}
2025-11-23 17:23:57.316 | INFO     | env.satellite_mac_env:step:159 - parsed_action {'M_CBRA': -3.0, 'M_PBRA': 2.0, 'q_ACB': 1.0}
2025-11-23 17:23:57.317 | INFO     | env.satellite_mac_env:step:159 - parsed_action {'M_CBRA': 2.0, 'M_PBRA': -2.0, 'q_ACB': 1.0}
2025-11-23 17:23:57.321 | INFO     | env.satellite_mac_env:step:159 - parsed_action {'M_CBRA': 1.0, 'M_PBRA': 0.0, 'q_ACB': 1.0}
2025-11-23 17:23:57.322 | INFO     | env.satellite_mac_env:step:159 - parsed_action {'M_CBRA': 0.0, 'M_PBRA': -1.0, 'q_ACB': 1.0}
2025-11-23 17:23:57.324 | INFO     | env.satellite_mac_env:step:159 - parsed_action {'M_CBRA': 2.0, 'M_PBRA': -3.0, 'q_ACB': 1.0}
2025-11-23 17:23:57.325 | INFO     | env.satellite_mac_env:step:159 - parsed_action {'M_CBRA': 0.0, 'M_PBRA': -1.0, 'q_ACB': 1.0}
2025-11-23 17:23:57.328 | INFO     | env.satellite_mac_env:step:159 - parsed_action {'M_CBRA': 2.0, 'M_PBRA': 1.0, 'q_ACB': 1.0}
2025-11-23 17:23:57.330 | INFO     | env.satellite_mac_env:step:159 - parsed_action {'M_CBRA': 1.0, 'M_PBRA': -1.0, 'q_ACB': 1.0}
2025-11-23 17:23:57.331 | INFO     | env.satellite_mac_env:step:159 - parsed_action {'M_CBRA': -3.0, 'M_PBRA': -1.0, 'q_ACB': 1.0}
2025-11-23 17:23:57.332 | INFO     | env.satellite_mac_env:step:159 - parsed_action {'M_CBRA': -3.0, 'M_PBRA': -1.0, 'q_ACB': 1.0}
2025-11-23 17:23:57.335 | INFO     | env.satellite_mac_env:step:159 - parsed_action {'M_CBRA': 2.0, 'M_PBRA': -3.0, 'q_ACB': 1.0}
2025-11-23 17:23:57.337 | INFO     | env.satellite_mac_env:step:159 - parsed_action {'M_CBRA': -2.0, 'M_PBRA': 1.0, 'q_ACB': 1.0}
2025-11-23 17:23:57.338 | INFO     | env.satellite_mac_env:step:159 - parsed_action {'M_CBRA': 2.0, 'M_PBRA': 1.0, 'q_ACB': 1.0}
2025-11-23 17:23:57.340 | INFO     | env.satellite_mac_env:step:159 - parsed_action {'M_CBRA': -1.0, 'M_PBRA': 2.0, 'q_ACB': 1.0}
2025-11-23 17:23:57.343 | INFO     | env.satellite_mac_env:step:159 - parsed_action {'M_CBRA': 2.0, 'M_PBRA': 3.0, 'q_ACB': 1.0}
2025-11-23 17:23:57.344 | INFO     | env.satellite_mac_env:step:159 - parsed_action {'M_CBRA': -1.0, 'M_PBRA': 3.0, 'q_ACB': 1.0}
2025-11-23 17:23:57.345 | INFO     | env.satellite_mac_env:step:159 - parsed_action {'M_CBRA': 3.0, 'M_PBRA': 0.0, 'q_ACB': 1.0}
2025-11-23 17:23:57.347 | INFO     | env.satellite_mac_env:step:159 - parsed_action {'M_CBRA': -1.0, 'M_PBRA': -2.0, 'q_ACB': 1.0}
2025-11-23 17:23:57.349 | INFO     | env.satellite_mac_env:step:159 - parsed_action {'M_CBRA': 0.0, 'M_PBRA': -1.0, 'q_ACB': 1.0}
2025-11-23 17:23:57.351 | INFO     | env.satellite_mac_env:step:159 - parsed_action {'M_CBRA': 0.0, 'M_PBRA': -1.0, 'q_ACB': 1.0}
2025-11-23 17:23:57.352 | INFO     | env.satellite_mac_env:step:159 - parsed_action {'M_CBRA': -1.0, 'M_PBRA': -2.0, 'q_ACB': 1.0}
2025-11-23 17:23:57.354 | INFO     | env.satellite_mac_env:step:159 - parsed_action {'M_CBRA': -1.0, 'M_PBRA': -3.0, 'q_ACB': 1.0}
2025-11-23 17:23:57.358 | INFO     | env.satellite_mac_env:step:159 - parsed_action {'M_CBRA': 2.0, 'M_PBRA': 1.0, 'q_ACB': 1.0}
2025-11-23 17:23:57.359 | INFO     | env.satellite_mac_env:step:159 - parsed_action {'M_CBRA': -2.0, 'M_PBRA': -3.0, 'q_ACB': 1.0}
2025-11-23 17:23:57.360 | INFO     | env.satellite_mac_env:step:159 - parsed_action {'M_CBRA': -1.0, 'M_PBRA': 0.0, 'q_ACB': 1.0}
2025-11-23 17:23:57.361 | INFO     | env.satellite_mac_env:step:159 - parsed_action {'M_CBRA': -2.0, 'M_PBRA': -3.0, 'q_ACB': 1.0}
2025-11-23 17:23:57.365 | INFO     | env.satellite_mac_env:step:159 - parsed_action {'M_CBRA': -1.0, 'M_PBRA': 3.0, 'q_ACB': 1.0}
2025-11-23 17:23:57.366 | INFO     | env.satellite_mac_env:step:159 - parsed_action {'M_CBRA': -2.0, 'M_PBRA': 0.0, 'q_ACB': 1.0}
2025-11-23 17:23:57.367 | INFO     | env.satellite_mac_env:step:159 - parsed_action {'M_CBRA': 2.0, 'M_PBRA': 1.0, 'q_ACB': 1.0}
2025-11-23 17:23:57.368 | INFO     | env.satellite_mac_env:step:159 - parsed_action {'M_CBRA': -1.0, 'M_PBRA': 1.0, 'q_ACB': 1.0}
2025-11-23 17:23:57.372 | INFO     | env.satellite_mac_env:step:159 - parsed_action {'M_CBRA': -3.0, 'M_PBRA': -2.0, 'q_ACB': 1.0}
2025-11-23 17:23:57.374 | INFO     | env.satellite_mac_env:step:159 - parsed_action {'M_CBRA': -3.0, 'M_PBRA': -2.0, 'q_ACB': 1.0}
2025-11-23 17:23:57.375 | INFO     | env.satellite_mac_env:step:159 - parsed_action {'M_CBRA': -3.0, 'M_PBRA': 2.0, 'q_ACB': 1.0}
2025-11-23 17:23:57.376 | INFO     | env.satellite_mac_env:step:159 - parsed_action {'M_CBRA': 1.0, 'M_PBRA': -1.0, 'q_ACB': 1.0}
2025-11-23 17:23:57.379 | INFO     | env.satellite_mac_env:step:159 - parsed_action {'M_CBRA': -3.0, 'M_PBRA': -1.0, 'q_ACB': 1.0}
2025-11-23 17:23:57.380 | INFO     | env.satellite_mac_env:step:159 - parsed_action {'M_CBRA': 2.0, 'M_PBRA': -2.0, 'q_ACB': 1.0}
2025-11-23 17:23:57.382 | INFO     | env.satellite_mac_env:step:159 - parsed_action {'M_CBRA': 3.0, 'M_PBRA': -2.0, 'q_ACB': 1.0}
2025-11-23 17:23:57.383 | INFO     | env.satellite_mac_env:step:159 - parsed_action {'M_CBRA': 2.0, 'M_PBRA': 0.0, 'q_ACB': 1.0}
2025-11-23 17:23:57.386 | INFO     | env.satellite_mac_env:step:159 - parsed_action {'M_CBRA': 3.0, 'M_PBRA': 3.0, 'q_ACB': 1.0}
2025-11-23 17:23:57.388 | INFO     | env.satellite_mac_env:step:159 - parsed_action {'M_CBRA': -1.0, 'M_PBRA': -2.0, 'q_ACB': 1.0}
2025-11-23 17:23:57.390 | INFO     | env.satellite_mac_env:step:159 - parsed_action {'M_CBRA': -1.0, 'M_PBRA': -3.0, 'q_ACB': 1.0}
2025-11-23 17:23:57.391 | INFO     | env.satellite_mac_env:step:159 - parsed_action {'M_CBRA': -2.0, 'M_PBRA': 0.0, 'q_ACB': 1.0}
2025-11-23 17:23:57.394 | INFO     | env.satellite_mac_env:step:159 - parsed_action {'M_CBRA': 2.0, 'M_PBRA': 3.0, 'q_ACB': 1.0}
2025-11-23 17:23:57.395 | INFO     | env.satellite_mac_env:step:159 - parsed_action {'M_CBRA': 3.0, 'M_PBRA': 0.0, 'q_ACB': 1.0}
2025-11-23 17:23:57.397 | INFO     | env.satellite_mac_env:step:159 - parsed_action {'M_CBRA': -3.0, 'M_PBRA': 2.0, 'q_ACB': 1.0}
2025-11-23 17:23:57.398 | INFO     | env.satellite_mac_env:step:159 - parsed_action {'M_CBRA': -1.0, 'M_PBRA': -3.0, 'q_ACB': 1.0}
2025-11-23 17:23:57.401 | INFO     | env.satellite_mac_env:step:159 - parsed_action {'M_CBRA': -3.0, 'M_PBRA': -2.0, 'q_ACB': 1.0}
2025-11-23 17:23:57.402 | INFO     | env.satellite_mac_env:step:159 - parsed_action {'M_CBRA': 2.0, 'M_PBRA': -3.0, 'q_ACB': 1.0}
2025-11-23 17:23:57.404 | INFO     | env.satellite_mac_env:step:159 - parsed_action {'M_CBRA': 0.0, 'M_PBRA': 1.0, 'q_ACB': 1.0}
2025-11-23 17:23:57.405 | INFO     | env.satellite_mac_env:step:159 - parsed_action {'M_CBRA': -2.0, 'M_PBRA': -2.0, 'q_ACB': 1.0}
2025-11-23 17:23:57.408 | INFO     | env.satellite_mac_env:step:159 - parsed_action {'M_CBRA': 3.0, 'M_PBRA': 0.0, 'q_ACB': 1.0}
2025-11-23 17:23:57.410 | INFO     | env.satellite_mac_env:step:159 - parsed_action {'M_CBRA': 2.0, 'M_PBRA': 0.0, 'q_ACB': 1.0}
2025-11-23 17:23:57.411 | INFO     | env.satellite_mac_env:step:159 - parsed_action {'M_CBRA': 0.0, 'M_PBRA': -2.0, 'q_ACB': 1.0}
2025-11-23 17:23:57.412 | INFO     | env.satellite_mac_env:step:159 - parsed_action {'M_CBRA': -2.0, 'M_PBRA': 0.0, 'q_ACB': 1.0}
2025-11-23 17:23:57.415 | INFO     | env.satellite_mac_env:step:159 - parsed_action {'M_CBRA': 1.0, 'M_PBRA': -1.0, 'q_ACB': 1.0}
2025-11-23 17:23:57.416 | INFO     | env.satellite_mac_env:step:159 - parsed_action {'M_CBRA': 1.0, 'M_PBRA': -1.0, 'q_ACB': 1.0}
2025-11-23 17:23:57.417 | INFO     | env.satellite_mac_env:step:159 - parsed_action {'M_CBRA': -2.0, 'M_PBRA': 1.0, 'q_ACB': 1.0}
2025-11-23 17:23:57.418 | INFO     | env.satellite_mac_env:step:159 - parsed_action {'M_CBRA': 1.0, 'M_PBRA': 0.0, 'q_ACB': 1.0}
2025-11-23 17:23:57.422 | INFO     | env.satellite_mac_env:step:159 - parsed_action {'M_CBRA': 0.0, 'M_PBRA': 1.0, 'q_ACB': 1.0}
2025-11-23 17:23:57.424 | INFO     | env.satellite_mac_env:step:159 - parsed_action {'M_CBRA': 2.0, 'M_PBRA': 0.0, 'q_ACB': 1.0}
2025-11-23 17:23:57.425 | INFO     | env.satellite_mac_env:step:159 - parsed_action {'M_CBRA': 2.0, 'M_PBRA': -3.0, 'q_ACB': 1.0}
2025-11-23 17:23:57.427 | INFO     | env.satellite_mac_env:step:159 - parsed_action {'M_CBRA': -1.0, 'M_PBRA': 3.0, 'q_ACB': 1.0}
2025-11-23 17:23:57.430 | INFO     | env.satellite_mac_env:step:159 - parsed_action {'M_CBRA': -2.0, 'M_PBRA': -3.0, 'q_ACB': 1.0}
2025-11-23 17:23:57.431 | INFO     | env.satellite_mac_env:step:159 - parsed_action {'M_CBRA': -3.0, 'M_PBRA': 3.0, 'q_ACB': 1.0}
2025-11-23 17:23:57.432 | INFO     | env.satellite_mac_env:step:159 - parsed_action {'M_CBRA': -2.0, 'M_PBRA': 0.0, 'q_ACB': 1.0}
2025-11-23 17:23:57.433 | INFO     | env.satellite_mac_env:step:159 - parsed_action {'M_CBRA': -3.0, 'M_PBRA': -1.0, 'q_ACB': 1.0}
2025-11-23 17:23:57.437 | INFO     | env.satellite_mac_env:step:159 - parsed_action {'M_CBRA': 1.0, 'M_PBRA': 0.0, 'q_ACB': 1.0}
2025-11-23 17:23:57.438 | INFO     | env.satellite_mac_env:step:159 - parsed_action {'M_CBRA': -1.0, 'M_PBRA': -1.0, 'q_ACB': 1.0}
2025-11-23 17:23:57.440 | INFO     | env.satellite_mac_env:step:159 - parsed_action {'M_CBRA': -2.0, 'M_PBRA': -3.0, 'q_ACB': 1.0}
2025-11-23 17:23:57.441 | INFO     | env.satellite_mac_env:step:159 - parsed_action {'M_CBRA': 0.0, 'M_PBRA': -2.0, 'q_ACB': 1.0}
2025-11-23 17:23:57.444 | INFO     | env.satellite_mac_env:step:159 - parsed_action {'M_CBRA': 0.0, 'M_PBRA': -1.0, 'q_ACB': 1.0}
2025-11-23 17:23:57.445 | INFO     | env.satellite_mac_env:step:159 - parsed_action {'M_CBRA': 1.0, 'M_PBRA': -1.0, 'q_ACB': 1.0}
2025-11-23 17:23:57.447 | INFO     | env.satellite_mac_env:step:159 - parsed_action {'M_CBRA': -2.0, 'M_PBRA': 1.0, 'q_ACB': 1.0}
2025-11-23 17:23:57.448 | INFO     | env.satellite_mac_env:step:159 - parsed_action {'M_CBRA': -3.0, 'M_PBRA': 3.0, 'q_ACB': 1.0}
2025-11-23 17:23:57.451 | INFO     | env.satellite_mac_env:step:159 - parsed_action {'M_CBRA': -1.0, 'M_PBRA': 2.0, 'q_ACB': 1.0}
2025-11-23 17:23:57.452 | INFO     | env.satellite_mac_env:step:159 - parsed_action {'M_CBRA': 0.0, 'M_PBRA': 2.0, 'q_ACB': 1.0}
2025-11-23 17:23:57.453 | INFO     | env.satellite_mac_env:step:159 - parsed_action {'M_CBRA': -1.0, 'M_PBRA': -3.0, 'q_ACB': 1.0}
2025-11-23 17:23:57.455 | INFO     | env.satellite_mac_env:step:159 - parsed_action {'M_CBRA': -2.0, 'M_PBRA': 1.0, 'q_ACB': 1.0}
2025-11-23 17:23:57.458 | INFO     | env.satellite_mac_env:step:159 - parsed_action {'M_CBRA': 3.0, 'M_PBRA': 3.0, 'q_ACB': 1.0}
2025-11-23 17:23:57.459 | INFO     | env.satellite_mac_env:step:159 - parsed_action {'M_CBRA': 2.0, 'M_PBRA': 1.0, 'q_ACB': 1.0}
2025-11-23 17:23:57.461 | INFO     | env.satellite_mac_env:step:159 - parsed_action {'M_CBRA': 0.0, 'M_PBRA': -1.0, 'q_ACB': 1.0}
2025-11-23 17:23:57.462 | INFO     | env.satellite_mac_env:step:159 - parsed_action {'M_CBRA': -2.0, 'M_PBRA': -2.0, 'q_ACB': 1.0}
2025-11-23 17:23:57.465 | INFO     | env.satellite_mac_env:step:159 - parsed_action {'M_CBRA': 3.0, 'M_PBRA': -2.0, 'q_ACB': 1.0}
2025-11-23 17:23:57.466 | INFO     | env.satellite_mac_env:step:159 - parsed_action {'M_CBRA': 3.0, 'M_PBRA': -2.0, 'q_ACB': 1.0}
2025-11-23 17:23:57.467 | INFO     | env.satellite_mac_env:step:159 - parsed_action {'M_CBRA': -1.0, 'M_PBRA': 1.0, 'q_ACB': 1.0}
2025-11-23 17:23:57.468 | INFO     | env.satellite_mac_env:step:159 - parsed_action {'M_CBRA': -3.0, 'M_PBRA': 2.0, 'q_ACB': 1.0}
2025-11-23 17:23:57.473 | INFO     | env.satellite_mac_env:step:159 - parsed_action {'M_CBRA': 1.0, 'M_PBRA': 0.0, 'q_ACB': 1.0}
2025-11-23 17:23:57.474 | INFO     | env.satellite_mac_env:step:159 - parsed_action {'M_CBRA': -2.0, 'M_PBRA': -3.0, 'q_ACB': 1.0}
2025-11-23 17:23:57.476 | INFO     | env.satellite_mac_env:step:159 - parsed_action {'M_CBRA': 1.0, 'M_PBRA': -1.0, 'q_ACB': 1.0}
2025-11-23 17:23:57.477 | INFO     | env.satellite_mac_env:step:159 - parsed_action {'M_CBRA': -1.0, 'M_PBRA': 3.0, 'q_ACB': 1.0}
2025-11-23 17:23:57.480 | INFO     | env.satellite_mac_env:step:159 - parsed_action {'M_CBRA': 1.0, 'M_PBRA': 0.0, 'q_ACB': 1.0}
2025-11-23 17:23:57.481 | INFO     | env.satellite_mac_env:step:159 - parsed_action {'M_CBRA': 2.0, 'M_PBRA': -3.0, 'q_ACB': 1.0}
2025-11-23 17:23:57.482 | INFO     | env.satellite_mac_env:step:159 - parsed_action {'M_CBRA': -1.0, 'M_PBRA': 1.0, 'q_ACB': 1.0}
2025-11-23 17:23:57.483 | INFO     | env.satellite_mac_env:step:159 - parsed_action {'M_CBRA': 2.0, 'M_PBRA': 1.0, 'q_ACB': 1.0}
2025-11-23 17:23:57.487 | INFO     | env.satellite_mac_env:step:159 - parsed_action {'M_CBRA': 2.0, 'M_PBRA': -3.0, 'q_ACB': 1.0}
2025-11-23 17:23:57.489 | INFO     | env.satellite_mac_env:step:159 - parsed_action {'M_CBRA': -3.0, 'M_PBRA': -1.0, 'q_ACB': 1.0}
2025-11-23 17:23:57.491 | INFO     | env.satellite_mac_env:step:159 - parsed_action {'M_CBRA': 0.0, 'M_PBRA': 1.0, 'q_ACB': 1.0}
2025-11-23 17:23:57.493 | INFO     | env.satellite_mac_env:step:159 - parsed_action {'M_CBRA': 0.0, 'M_PBRA': 2.0, 'q_ACB': 1.0}
2025-11-23 17:23:57.496 | INFO     | env.satellite_mac_env:step:159 - parsed_action {'M_CBRA': 0.0, 'M_PBRA': -1.0, 'q_ACB': 1.0}
2025-11-23 17:23:57.497 | INFO     | env.satellite_mac_env:step:159 - parsed_action {'M_CBRA': 0.0, 'M_PBRA': -1.0, 'q_ACB': 1.0}
2025-11-23 17:23:57.498 | INFO     | env.satellite_mac_env:step:159 - parsed_action {'M_CBRA': -1.0, 'M_PBRA': 3.0, 'q_ACB': 1.0}
2025-11-23 17:23:57.500 | INFO     | env.satellite_mac_env:step:159 - parsed_action {'M_CBRA': -3.0, 'M_PBRA': -1.0, 'q_ACB': 1.0}
2025-11-23 17:23:57.504 | INFO     | env.satellite_mac_env:step:159 - parsed_action {'M_CBRA': 0.0, 'M_PBRA': 1.0, 'q_ACB': 1.0}
2025-11-23 17:23:57.505 | INFO     | env.satellite_mac_env:step:159 - parsed_action {'M_CBRA': -3.0, 'M_PBRA': 2.0, 'q_ACB': 1.0}
2025-11-23 17:23:57.507 | INFO     | env.satellite_mac_env:step:159 - parsed_action {'M_CBRA': -2.0, 'M_PBRA': -3.0, 'q_ACB': 1.0}
2025-11-23 17:23:57.508 | INFO     | env.satellite_mac_env:step:159 - parsed_action {'M_CBRA': 0.0, 'M_PBRA': 1.0, 'q_ACB': 1.0}
2025-11-23 17:23:57.511 | INFO     | env.satellite_mac_env:step:159 - parsed_action {'M_CBRA': 1.0, 'M_PBRA': 0.0, 'q_ACB': 1.0}
2025-11-23 17:23:57.513 | INFO     | env.satellite_mac_env:step:159 - parsed_action {'M_CBRA': -3.0, 'M_PBRA': 3.0, 'q_ACB': 1.0}
2025-11-23 17:23:57.514 | INFO     | env.satellite_mac_env:step:159 - parsed_action {'M_CBRA': 0.0, 'M_PBRA': -1.0, 'q_ACB': 1.0}
2025-11-23 17:23:57.515 | INFO     | env.satellite_mac_env:step:159 - parsed_action {'M_CBRA': 2.0, 'M_PBRA': 0.0, 'q_ACB': 1.0}
2025-11-23 17:23:57.518 | INFO     | env.satellite_mac_env:step:159 - parsed_action {'M_CBRA': 2.0, 'M_PBRA': -3.0, 'q_ACB': 1.0}
2025-11-23 17:23:57.520 | INFO     | env.satellite_mac_env:step:159 - parsed_action {'M_CBRA': -2.0, 'M_PBRA': -3.0, 'q_ACB': 1.0}
2025-11-23 17:23:57.522 | INFO     | env.satellite_mac_env:step:159 - parsed_action {'M_CBRA': -1.0, 'M_PBRA': -2.0, 'q_ACB': 1.0}
2025-11-23 17:23:57.523 | INFO     | env.satellite_mac_env:step:159 - parsed_action {'M_CBRA': -2.0, 'M_PBRA': -2.0, 'q_ACB': 1.0}
2025-11-23 17:23:57.527 | INFO     | env.satellite_mac_env:step:159 - parsed_action {'M_CBRA': 1.0, 'M_PBRA': -1.0, 'q_ACB': 1.0}
2025-11-23 17:23:57.528 | INFO     | env.satellite_mac_env:step:159 - parsed_action {'M_CBRA': -3.0, 'M_PBRA': 2.0, 'q_ACB': 1.0}
2025-11-23 17:23:57.529 | INFO     | env.satellite_mac_env:step:159 - parsed_action {'M_CBRA': 3.0, 'M_PBRA': -2.0, 'q_ACB': 1.0}
2025-11-23 17:23:57.530 | INFO     | env.satellite_mac_env:step:159 - parsed_action {'M_CBRA': 3.0, 'M_PBRA': -2.0, 'q_ACB': 1.0}
2025-11-23 17:23:57.533 | INFO     | env.satellite_mac_env:step:159 - parsed_action {'M_CBRA': -2.0, 'M_PBRA': 1.0, 'q_ACB': 1.0}
2025-11-23 17:23:57.535 | INFO     | env.satellite_mac_env:step:159 - parsed_action {'M_CBRA': -2.0, 'M_PBRA': 0.0, 'q_ACB': 1.0}
2025-11-23 17:23:57.536 | INFO     | env.satellite_mac_env:step:159 - parsed_action {'M_CBRA': -1.0, 'M_PBRA': 3.0, 'q_ACB': 1.0}
2025-11-23 17:23:57.538 | INFO     | env.satellite_mac_env:step:159 - parsed_action {'M_CBRA': -1.0, 'M_PBRA': -2.0, 'q_ACB': 1.0}
2025-11-23 17:23:57.542 | INFO     | env.satellite_mac_env:step:159 - parsed_action {'M_CBRA': -2.0, 'M_PBRA': 1.0, 'q_ACB': 1.0}
2025-11-23 17:23:57.543 | INFO     | env.satellite_mac_env:step:159 - parsed_action {'M_CBRA': 0.0, 'M_PBRA': 1.0, 'q_ACB': 1.0}
2025-11-23 17:23:57.544 | INFO     | env.satellite_mac_env:step:159 - parsed_action {'M_CBRA': 0.0, 'M_PBRA': 2.0, 'q_ACB': 1.0}
2025-11-23 17:23:57.546 | INFO     | env.satellite_mac_env:step:159 - parsed_action {'M_CBRA': 0.0, 'M_PBRA': 1.0, 'q_ACB': 1.0}
2025-11-23 17:23:57.549 | INFO     | env.satellite_mac_env:step:159 - parsed_action {'M_CBRA': 0.0, 'M_PBRA': 1.0, 'q_ACB': 1.0}
2025-11-23 17:23:57.551 | INFO     | env.satellite_mac_env:step:159 - parsed_action {'M_CBRA': -2.0, 'M_PBRA': -3.0, 'q_ACB': 1.0}
2025-11-23 17:23:57.552 | INFO     | env.satellite_mac_env:step:159 - parsed_action {'M_CBRA': 2.0, 'M_PBRA': 0.0, 'q_ACB': 1.0}
2025-11-23 17:23:57.554 | INFO     | env.satellite_mac_env:step:159 - parsed_action {'M_CBRA': -2.0, 'M_PBRA': -2.0, 'q_ACB': 1.0}
2025-11-23 17:23:57.558 | INFO     | env.satellite_mac_env:step:159 - parsed_action {'M_CBRA': -1.0, 'M_PBRA': 2.0, 'q_ACB': 1.0}
2025-11-23 17:23:57.560 | INFO     | env.satellite_mac_env:step:159 - parsed_action {'M_CBRA': -2.0, 'M_PBRA': 1.0, 'q_ACB': 1.0}
2025-11-23 17:23:57.561 | INFO     | env.satellite_mac_env:step:159 - parsed_action {'M_CBRA': -1.0, 'M_PBRA': 1.0, 'q_ACB': 1.0}
2025-11-23 17:23:57.562 | INFO     | env.satellite_mac_env:step:159 - parsed_action {'M_CBRA': 1.0, 'M_PBRA': 0.0, 'q_ACB': 1.0}
2025-11-23 17:23:57.566 | INFO     | env.satellite_mac_env:step:159 - parsed_action {'M_CBRA': 2.0, 'M_PBRA': -2.0, 'q_ACB': 1.0}
2025-11-23 17:23:57.567 | INFO     | env.satellite_mac_env:step:159 - parsed_action {'M_CBRA': 1.0, 'M_PBRA': -1.0, 'q_ACB': 1.0}
2025-11-23 17:23:57.568 | INFO     | env.satellite_mac_env:step:159 - parsed_action {'M_CBRA': -3.0, 'M_PBRA': 2.0, 'q_ACB': 1.0}
2025-11-23 17:23:57.570 | INFO     | env.satellite_mac_env:step:159 - parsed_action {'M_CBRA': -3.0, 'M_PBRA': 2.0, 'q_ACB': 1.0}
2025-11-23 17:23:57.574 | INFO     | env.satellite_mac_env:step:159 - parsed_action {'M_CBRA': -2.0, 'M_PBRA': 1.0, 'q_ACB': 1.0}
2025-11-23 17:23:57.576 | INFO     | env.satellite_mac_env:step:159 - parsed_action {'M_CBRA': 2.0, 'M_PBRA': -3.0, 'q_ACB': 1.0}
2025-11-23 17:23:57.577 | INFO     | env.satellite_mac_env:step:159 - parsed_action {'M_CBRA': -1.0, 'M_PBRA': -1.0, 'q_ACB': 1.0}
2025-11-23 17:23:57.578 | INFO     | env.satellite_mac_env:step:159 - parsed_action {'M_CBRA': 2.0, 'M_PBRA': -3.0, 'q_ACB': 1.0}
2025-11-23 17:23:57.581 | INFO     | env.satellite_mac_env:step:159 - parsed_action {'M_CBRA': -2.0, 'M_PBRA': -3.0, 'q_ACB': 1.0}
2025-11-23 17:23:57.583 | INFO     | env.satellite_mac_env:step:159 - parsed_action {'M_CBRA': 2.0, 'M_PBRA': 3.0, 'q_ACB': 1.0}
2025-11-23 17:23:57.584 | INFO     | env.satellite_mac_env:step:159 - parsed_action {'M_CBRA': 3.0, 'M_PBRA': -2.0, 'q_ACB': 1.0}
2025-11-23 17:23:57.585 | INFO     | env.satellite_mac_env:step:159 - parsed_action {'M_CBRA': -2.0, 'M_PBRA': -3.0, 'q_ACB': 1.0}
2025-11-23 17:23:57.590 | INFO     | env.satellite_mac_env:step:159 - parsed_action {'M_CBRA': -3.0, 'M_PBRA': 3.0, 'q_ACB': 1.0}
2025-11-23 17:23:57.591 | INFO     | env.satellite_mac_env:step:159 - parsed_action {'M_CBRA': 2.0, 'M_PBRA': 1.0, 'q_ACB': 1.0}
2025-11-23 17:23:57.592 | INFO     | env.satellite_mac_env:step:159 - parsed_action {'M_CBRA': 2.0, 'M_PBRA': -2.0, 'q_ACB': 1.0}
2025-11-23 17:23:57.593 | INFO     | env.satellite_mac_env:step:159 - parsed_action {'M_CBRA': 3.0, 'M_PBRA': 3.0, 'q_ACB': 1.0}
2025-11-23 17:23:57.596 | INFO     | env.satellite_mac_env:step:159 - parsed_action {'M_CBRA': -2.0, 'M_PBRA': -2.0, 'q_ACB': 1.0}
2025-11-23 17:23:57.598 | INFO     | env.satellite_mac_env:step:159 - parsed_action {'M_CBRA': -1.0, 'M_PBRA': 3.0, 'q_ACB': 1.0}
2025-11-23 17:23:57.599 | INFO     | env.satellite_mac_env:step:159 - parsed_action {'M_CBRA': -3.0, 'M_PBRA': 3.0, 'q_ACB': 1.0}
2025-11-23 17:23:57.600 | INFO     | env.satellite_mac_env:step:159 - parsed_action {'M_CBRA': 0.0, 'M_PBRA': 1.0, 'q_ACB': 1.0}
2025-11-23 17:23:57.604 | INFO     | env.satellite_mac_env:step:159 - parsed_action {'M_CBRA': -3.0, 'M_PBRA': -1.0, 'q_ACB': 1.0}
2025-11-23 17:23:57.605 | INFO     | env.satellite_mac_env:step:159 - parsed_action {'M_CBRA': -1.0, 'M_PBRA': -1.0, 'q_ACB': 1.0}
2025-11-23 17:23:57.607 | INFO     | env.satellite_mac_env:step:159 - parsed_action {'M_CBRA': 2.0, 'M_PBRA': -3.0, 'q_ACB': 1.0}
2025-11-23 17:23:57.608 | INFO     | env.satellite_mac_env:step:159 - parsed_action {'M_CBRA': -2.0, 'M_PBRA': -3.0, 'q_ACB': 1.0}
2025-11-23 17:23:57.611 | INFO     | env.satellite_mac_env:step:159 - parsed_action {'M_CBRA': -3.0, 'M_PBRA': 2.0, 'q_ACB': 1.0}
2025-11-23 17:23:57.613 | INFO     | env.satellite_mac_env:step:159 - parsed_action {'M_CBRA': -3.0, 'M_PBRA': 3.0, 'q_ACB': 1.0}
2025-11-23 17:23:57.614 | INFO     | env.satellite_mac_env:step:159 - parsed_action {'M_CBRA': 3.0, 'M_PBRA': 0.0, 'q_ACB': 1.0}
2025-11-23 17:23:57.615 | INFO     | env.satellite_mac_env:step:159 - parsed_action {'M_CBRA': -1.0, 'M_PBRA': 2.0, 'q_ACB': 1.0}
2025-11-23 17:23:57.619 | INFO     | env.satellite_mac_env:step:159 - parsed_action {'M_CBRA': 1.0, 'M_PBRA': 0.0, 'q_ACB': 1.0}
2025-11-23 17:23:57.620 | INFO     | env.satellite_mac_env:step:159 - parsed_action {'M_CBRA': -1.0, 'M_PBRA': 3.0, 'q_ACB': 1.0}
2025-11-23 17:23:57.622 | INFO     | env.satellite_mac_env:step:159 - parsed_action {'M_CBRA': -3.0, 'M_PBRA': 3.0, 'q_ACB': 1.0}
2025-11-23 17:23:57.623 | INFO     | env.satellite_mac_env:step:159 - parsed_action {'M_CBRA': 3.0, 'M_PBRA': 3.0, 'q_ACB': 1.0}
2025-11-23 17:23:57.627 | INFO     | env.satellite_mac_env:step:159 - parsed_action {'M_CBRA': 1.0, 'M_PBRA': -1.0, 'q_ACB': 1.0}
2025-11-23 17:23:57.628 | INFO     | env.satellite_mac_env:step:159 - parsed_action {'M_CBRA': -2.0, 'M_PBRA': -3.0, 'q_ACB': 1.0}
2025-11-23 17:23:57.630 | INFO     | env.satellite_mac_env:step:159 - parsed_action {'M_CBRA': 2.0, 'M_PBRA': 3.0, 'q_ACB': 1.0}
2025-11-23 17:23:57.632 | INFO     | env.satellite_mac_env:step:159 - parsed_action {'M_CBRA': 0.0, 'M_PBRA': -2.0, 'q_ACB': 1.0}
2025-11-23 17:23:57.635 | INFO     | env.satellite_mac_env:step:159 - parsed_action {'M_CBRA': 3.0, 'M_PBRA': 3.0, 'q_ACB': 1.0}
2025-11-23 17:23:57.637 | INFO     | env.satellite_mac_env:step:159 - parsed_action {'M_CBRA': 0.0, 'M_PBRA': 1.0, 'q_ACB': 1.0}
2025-11-23 17:23:57.639 | INFO     | env.satellite_mac_env:step:159 - parsed_action {'M_CBRA': -3.0, 'M_PBRA': -1.0, 'q_ACB': 1.0}
2025-11-23 17:23:57.640 | INFO     | env.satellite_mac_env:step:159 - parsed_action {'M_CBRA': -2.0, 'M_PBRA': 0.0, 'q_ACB': 1.0}
2025-11-23 17:23:57.763 | INFO     | __main__:_log_metrics:146 - iter=0000 reward=0.1731 ESS=0.5985 acb_mean=nan clip_fraction=1.0000 coll_rate=0.0000 coll_total=nan entropy=3.8918 explained_variance=nan kl_approx=0.7552 loss_critic=nan loss_entropy=-0.0389 loss_objective=nan p_cbra=nan p_cfra=nan p_pbra=nan r_cbra=nan r_pbra=nan succ_rate=0.0000 succ_total=nan succe_rate=0.0000
2025-11-23 17:23:57.765 | INFO     | env.satellite_mac_env:step:159 - parsed_action {'M_CBRA': 3.0, 'M_PBRA': 0.0, 'q_ACB': 0.5}
2025-11-23 17:23:57.766 | INFO     | env.satellite_mac_env:step:159 - parsed_action {'M_CBRA': -2.0, 'M_PBRA': 1.0, 'q_ACB': 0.5}
2025-11-23 17:23:57.768 | INFO     | env.satellite_mac_env:step:159 - parsed_action {'M_CBRA': 0.0, 'M_PBRA': -1.0, 'q_ACB': 0.5}
2025-11-23 17:23:57.769 | INFO     | env.satellite_mac_env:step:159 - parsed_action {'M_CBRA': -1.0, 'M_PBRA': 3.0, 'q_ACB': 0.5}
2025-11-23 17:23:57.773 | INFO     | env.satellite_mac_env:step:159 - parsed_action {'M_CBRA': 0.0, 'M_PBRA': -3.0, 'q_ACB': 0.5}
2025-11-23 17:23:57.774 | INFO     | env.satellite_mac_env:step:159 - parsed_action {'M_CBRA': 1.0, 'M_PBRA': 3.0, 'q_ACB': 0.5}
2025-11-23 17:23:57.776 | INFO     | env.satellite_mac_env:step:159 - parsed_action {'M_CBRA': 3.0, 'M_PBRA': 1.0, 'q_ACB': 0.5}
2025-11-23 17:23:57.777 | INFO     | env.satellite_mac_env:step:159 - parsed_action {'M_CBRA': 3.0, 'M_PBRA': 2.0, 'q_ACB': 0.5}
2025-11-23 17:23:57.780 | INFO     | env.satellite_mac_env:step:159 - parsed_action {'M_CBRA': 3.0, 'M_PBRA': -3.0, 'q_ACB': 0.5}
2025-11-23 17:23:57.781 | INFO     | env.satellite_mac_env:step:159 - parsed_action {'M_CBRA': -2.0, 'M_PBRA': -2.0, 'q_ACB': 0.5}
2025-11-23 17:23:57.783 | INFO     | env.satellite_mac_env:step:159 - parsed_action {'M_CBRA': 2.0, 'M_PBRA': -2.0, 'q_ACB': 0.5}
2025-11-23 17:23:57.784 | INFO     | env.satellite_mac_env:step:159 - parsed_action {'M_CBRA': 3.0, 'M_PBRA': 3.0, 'q_ACB': 0.5}
2025-11-23 17:23:57.788 | INFO     | env.satellite_mac_env:step:159 - parsed_action {'M_CBRA': 1.0, 'M_PBRA': 1.0, 'q_ACB': 0.5}
2025-11-23 17:23:57.790 | INFO     | env.satellite_mac_env:step:159 - parsed_action {'M_CBRA': 3.0, 'M_PBRA': 0.0, 'q_ACB': 0.5}
2025-11-23 17:23:57.792 | INFO     | env.satellite_mac_env:step:159 - parsed_action {'M_CBRA': 0.0, 'M_PBRA': 1.0, 'q_ACB': 0.5}
2025-11-23 17:23:57.793 | INFO     | env.satellite_mac_env:step:159 - parsed_action {'M_CBRA': -1.0, 'M_PBRA': 0.0, 'q_ACB': 0.5}
2025-11-23 17:23:57.796 | INFO     | env.satellite_mac_env:step:159 - parsed_action {'M_CBRA': 2.0, 'M_PBRA': -2.0, 'q_ACB': 0.5}
2025-11-23 17:23:57.798 | INFO     | env.satellite_mac_env:step:159 - parsed_action {'M_CBRA': -2.0, 'M_PBRA': 0.0, 'q_ACB': 0.5}
2025-11-23 17:23:57.799 | INFO     | env.satellite_mac_env:step:159 - parsed_action {'M_CBRA': -3.0, 'M_PBRA': -3.0, 'q_ACB': 0.5}
2025-11-23 17:23:57.800 | INFO     | env.satellite_mac_env:step:159 - parsed_action {'M_CBRA': -2.0, 'M_PBRA': 0.0, 'q_ACB': 0.5}
2025-11-23 17:23:57.804 | INFO     | env.satellite_mac_env:step:159 - parsed_action {'M_CBRA': 0.0, 'M_PBRA': 2.0, 'q_ACB': 0.5}
2025-11-23 17:23:57.806 | INFO     | env.satellite_mac_env:step:159 - parsed_action {'M_CBRA': 3.0, 'M_PBRA': -3.0, 'q_ACB': 0.5}
2025-11-23 17:23:57.807 | INFO     | env.satellite_mac_env:step:159 - parsed_action {'M_CBRA': 2.0, 'M_PBRA': 1.0, 'q_ACB': 0.5}
2025-11-23 17:23:57.809 | INFO     | env.satellite_mac_env:step:159 - parsed_action {'M_CBRA': 3.0, 'M_PBRA': 2.0, 'q_ACB': 0.5}
2025-11-23 17:23:57.812 | INFO     | env.satellite_mac_env:step:159 - parsed_action {'M_CBRA': -2.0, 'M_PBRA': 1.0, 'q_ACB': 0.5}
2025-11-23 17:23:57.813 | INFO     | env.satellite_mac_env:step:159 - parsed_action {'M_CBRA': 2.0, 'M_PBRA': 3.0, 'q_ACB': 0.5}
2025-11-23 17:23:57.814 | INFO     | env.satellite_mac_env:step:159 - parsed_action {'M_CBRA': -2.0, 'M_PBRA': -1.0, 'q_ACB': 0.5}
2025-11-23 17:23:57.816 | INFO     | env.satellite_mac_env:step:159 - parsed_action {'M_CBRA': -2.0, 'M_PBRA': 0.0, 'q_ACB': 0.5}
2025-11-23 17:23:57.820 | INFO     | env.satellite_mac_env:step:159 - parsed_action {'M_CBRA': 3.0, 'M_PBRA': -2.0, 'q_ACB': 0.5}
2025-11-23 17:23:57.822 | INFO     | env.satellite_mac_env:step:159 - parsed_action {'M_CBRA': -3.0, 'M_PBRA': 1.0, 'q_ACB': 0.5}
2025-11-23 17:23:57.823 | INFO     | env.satellite_mac_env:step:159 - parsed_action {'M_CBRA': -3.0, 'M_PBRA': 2.0, 'q_ACB': 0.5}
2025-11-23 17:23:57.825 | INFO     | env.satellite_mac_env:step:159 - parsed_action {'M_CBRA': -3.0, 'M_PBRA': 0.0, 'q_ACB': 0.5}
2025-11-23 17:23:57.828 | INFO     | env.satellite_mac_env:step:159 - parsed_action {'M_CBRA': -1.0, 'M_PBRA': 0.0, 'q_ACB': 0.5}
2025-11-23 17:23:57.830 | INFO     | env.satellite_mac_env:step:159 - parsed_action {'M_CBRA': 2.0, 'M_PBRA': -1.0, 'q_ACB': 0.5}
2025-11-23 17:23:57.831 | INFO     | env.satellite_mac_env:step:159 - parsed_action {'M_CBRA': 1.0, 'M_PBRA': 1.0, 'q_ACB': 0.5}
2025-11-23 17:23:57.832 | INFO     | env.satellite_mac_env:step:159 - parsed_action {'M_CBRA': 3.0, 'M_PBRA': 3.0, 'q_ACB': 0.5}
2025-11-23 17:23:57.836 | INFO     | env.satellite_mac_env:step:159 - parsed_action {'M_CBRA': 1.0, 'M_PBRA': -3.0, 'q_ACB': 0.5}
2025-11-23 17:23:57.838 | INFO     | env.satellite_mac_env:step:159 - parsed_action {'M_CBRA': 0.0, 'M_PBRA': -2.0, 'q_ACB': 0.5}
2025-11-23 17:23:57.839 | INFO     | env.satellite_mac_env:step:159 - parsed_action {'M_CBRA': 2.0, 'M_PBRA': -2.0, 'q_ACB': 0.5}
2025-11-23 17:23:57.840 | INFO     | env.satellite_mac_env:step:159 - parsed_action {'M_CBRA': 3.0, 'M_PBRA': 3.0, 'q_ACB': 0.5}
2025-11-23 17:23:57.844 | INFO     | env.satellite_mac_env:step:159 - parsed_action {'M_CBRA': 1.0, 'M_PBRA': 1.0, 'q_ACB': 0.5}
2025-11-23 17:23:57.846 | INFO     | env.satellite_mac_env:step:159 - parsed_action {'M_CBRA': 1.0, 'M_PBRA': -2.0, 'q_ACB': 0.5}
2025-11-23 17:23:57.847 | INFO     | env.satellite_mac_env:step:159 - parsed_action {'M_CBRA': -1.0, 'M_PBRA': -3.0, 'q_ACB': 0.5}
2025-11-23 17:23:57.848 | INFO     | env.satellite_mac_env:step:159 - parsed_action {'M_CBRA': -2.0, 'M_PBRA': 0.0, 'q_ACB': 0.5}
2025-11-23 17:23:57.851 | INFO     | env.satellite_mac_env:step:159 - parsed_action {'M_CBRA': -2.0, 'M_PBRA': 1.0, 'q_ACB': 0.5}
2025-11-23 17:23:57.853 | INFO     | env.satellite_mac_env:step:159 - parsed_action {'M_CBRA': -1.0, 'M_PBRA': 3.0, 'q_ACB': 0.5}
2025-11-23 17:23:57.854 | INFO     | env.satellite_mac_env:step:159 - parsed_action {'M_CBRA': 3.0, 'M_PBRA': 2.0, 'q_ACB': 0.5}
2025-11-23 17:23:57.856 | INFO     | env.satellite_mac_env:step:159 - parsed_action {'M_CBRA': 2.0, 'M_PBRA': -3.0, 'q_ACB': 0.5}
2025-11-23 17:23:57.860 | INFO     | env.satellite_mac_env:step:159 - parsed_action {'M_CBRA': 1.0, 'M_PBRA': 3.0, 'q_ACB': 0.5}
2025-11-23 17:23:57.861 | INFO     | env.satellite_mac_env:step:159 - parsed_action {'M_CBRA': -3.0, 'M_PBRA': -1.0, 'q_ACB': 0.5}
2025-11-23 17:23:57.862 | INFO     | env.satellite_mac_env:step:159 - parsed_action {'M_CBRA': 0.0, 'M_PBRA': -1.0, 'q_ACB': 0.5}
2025-11-23 17:23:57.863 | INFO     | env.satellite_mac_env:step:159 - parsed_action {'M_CBRA': 0.0, 'M_PBRA': -3.0, 'q_ACB': 0.5}
2025-11-23 17:23:57.867 | INFO     | env.satellite_mac_env:step:159 - parsed_action {'M_CBRA': 3.0, 'M_PBRA': -1.0, 'q_ACB': 0.5}
2025-11-23 17:23:57.868 | INFO     | env.satellite_mac_env:step:159 - parsed_action {'M_CBRA': 1.0, 'M_PBRA': -1.0, 'q_ACB': 0.5}
2025-11-23 17:23:57.870 | INFO     | env.satellite_mac_env:step:159 - parsed_action {'M_CBRA': -3.0, 'M_PBRA': 0.0, 'q_ACB': 0.5}
2025-11-23 17:23:57.871 | INFO     | env.satellite_mac_env:step:159 - parsed_action {'M_CBRA': 3.0, 'M_PBRA': 1.0, 'q_ACB': 0.5}
2025-11-23 17:23:57.875 | INFO     | env.satellite_mac_env:step:159 - parsed_action {'M_CBRA': 0.0, 'M_PBRA': 1.0, 'q_ACB': 0.5}
2025-11-23 17:23:57.876 | INFO     | env.satellite_mac_env:step:159 - parsed_action {'M_CBRA': -2.0, 'M_PBRA': 1.0, 'q_ACB': 0.5}
2025-11-23 17:23:57.878 | INFO     | env.satellite_mac_env:step:159 - parsed_action {'M_CBRA': -3.0, 'M_PBRA': 3.0, 'q_ACB': 0.5}
2025-11-23 17:23:57.879 | INFO     | env.satellite_mac_env:step:159 - parsed_action {'M_CBRA': -2.0, 'M_PBRA': 3.0, 'q_ACB': 0.5}
2025-11-23 17:23:57.882 | INFO     | env.satellite_mac_env:step:159 - parsed_action {'M_CBRA': -2.0, 'M_PBRA': -2.0, 'q_ACB': 0.5}
2025-11-23 17:23:57.884 | INFO     | env.satellite_mac_env:step:159 - parsed_action {'M_CBRA': -3.0, 'M_PBRA': -3.0, 'q_ACB': 0.5}
2025-11-23 17:23:57.885 | INFO     | env.satellite_mac_env:step:159 - parsed_action {'M_CBRA': 3.0, 'M_PBRA': 1.0, 'q_ACB': 0.5}
2025-11-23 17:23:57.887 | INFO     | env.satellite_mac_env:step:159 - parsed_action {'M_CBRA': 0.0, 'M_PBRA': -1.0, 'q_ACB': 0.5}
2025-11-23 17:23:57.891 | INFO     | env.satellite_mac_env:step:159 - parsed_action {'M_CBRA': 1.0, 'M_PBRA': -2.0, 'q_ACB': 0.5}
2025-11-23 17:23:57.892 | INFO     | env.satellite_mac_env:step:159 - parsed_action {'M_CBRA': -3.0, 'M_PBRA': -3.0, 'q_ACB': 0.5}
2025-11-23 17:23:57.894 | INFO     | env.satellite_mac_env:step:159 - parsed_action {'M_CBRA': -1.0, 'M_PBRA': -1.0, 'q_ACB': 0.5}
2025-11-23 17:23:57.895 | INFO     | env.satellite_mac_env:step:159 - parsed_action {'M_CBRA': 2.0, 'M_PBRA': -1.0, 'q_ACB': 0.5}
2025-11-23 17:23:57.898 | INFO     | env.satellite_mac_env:step:159 - parsed_action {'M_CBRA': 0.0, 'M_PBRA': 2.0, 'q_ACB': 0.5}
2025-11-23 17:23:57.900 | INFO     | env.satellite_mac_env:step:159 - parsed_action {'M_CBRA': -2.0, 'M_PBRA': -1.0, 'q_ACB': 0.5}
2025-11-23 17:23:57.901 | INFO     | env.satellite_mac_env:step:159 - parsed_action {'M_CBRA': 1.0, 'M_PBRA': 3.0, 'q_ACB': 0.5}
2025-11-23 17:23:57.902 | INFO     | env.satellite_mac_env:step:159 - parsed_action {'M_CBRA': -1.0, 'M_PBRA': 2.0, 'q_ACB': 0.5}
2025-11-23 17:23:57.906 | INFO     | env.satellite_mac_env:step:159 - parsed_action {'M_CBRA': -1.0, 'M_PBRA': -2.0, 'q_ACB': 0.5}
2025-11-23 17:23:57.908 | INFO     | env.satellite_mac_env:step:159 - parsed_action {'M_CBRA': -2.0, 'M_PBRA': 0.0, 'q_ACB': 0.5}
2025-11-23 17:23:57.909 | INFO     | env.satellite_mac_env:step:159 - parsed_action {'M_CBRA': -3.0, 'M_PBRA': -2.0, 'q_ACB': 0.5}
2025-11-23 17:23:57.910 | INFO     | env.satellite_mac_env:step:159 - parsed_action {'M_CBRA': 2.0, 'M_PBRA': -3.0, 'q_ACB': 0.5}
2025-11-23 17:23:57.914 | INFO     | env.satellite_mac_env:step:159 - parsed_action {'M_CBRA': 0.0, 'M_PBRA': 2.0, 'q_ACB': 0.5}
2025-11-23 17:23:57.915 | INFO     | env.satellite_mac_env:step:159 - parsed_action {'M_CBRA': -2.0, 'M_PBRA': -2.0, 'q_ACB': 0.5}
2025-11-23 17:23:57.917 | INFO     | env.satellite_mac_env:step:159 - parsed_action {'M_CBRA': 2.0, 'M_PBRA': 0.0, 'q_ACB': 0.5}
2025-11-23 17:23:57.918 | INFO     | env.satellite_mac_env:step:159 - parsed_action {'M_CBRA': 1.0, 'M_PBRA': -3.0, 'q_ACB': 0.5}
2025-11-23 17:23:57.922 | INFO     | env.satellite_mac_env:step:159 - parsed_action {'M_CBRA': -2.0, 'M_PBRA': 0.0, 'q_ACB': 0.5}
2025-11-23 17:23:57.924 | INFO     | env.satellite_mac_env:step:159 - parsed_action {'M_CBRA': -3.0, 'M_PBRA': 0.0, 'q_ACB': 0.5}
2025-11-23 17:23:57.925 | INFO     | env.satellite_mac_env:step:159 - parsed_action {'M_CBRA': 1.0, 'M_PBRA': 3.0, 'q_ACB': 0.5}
2025-11-23 17:23:57.927 | INFO     | env.satellite_mac_env:step:159 - parsed_action {'M_CBRA': 0.0, 'M_PBRA': -3.0, 'q_ACB': 0.5}
2025-11-23 17:23:57.930 | INFO     | env.satellite_mac_env:step:159 - parsed_action {'M_CBRA': -3.0, 'M_PBRA': -1.0, 'q_ACB': 0.5}
2025-11-23 17:23:57.932 | INFO     | env.satellite_mac_env:step:159 - parsed_action {'M_CBRA': 1.0, 'M_PBRA': -2.0, 'q_ACB': 0.5}
2025-11-23 17:23:57.933 | INFO     | env.satellite_mac_env:step:159 - parsed_action {'M_CBRA': -1.0, 'M_PBRA': 1.0, 'q_ACB': 0.5}
2025-11-23 17:23:57.934 | INFO     | env.satellite_mac_env:step:159 - parsed_action {'M_CBRA': -1.0, 'M_PBRA': -2.0, 'q_ACB': 0.5}
2025-11-23 17:23:57.938 | INFO     | env.satellite_mac_env:step:159 - parsed_action {'M_CBRA': -2.0, 'M_PBRA': 2.0, 'q_ACB': 0.5}
2025-11-23 17:23:57.940 | INFO     | env.satellite_mac_env:step:159 - parsed_action {'M_CBRA': 1.0, 'M_PBRA': 2.0, 'q_ACB': 0.5}
2025-11-23 17:23:57.941 | INFO     | env.satellite_mac_env:step:159 - parsed_action {'M_CBRA': -3.0, 'M_PBRA': 1.0, 'q_ACB': 0.5}
2025-11-23 17:23:57.943 | INFO     | env.satellite_mac_env:step:159 - parsed_action {'M_CBRA': -1.0, 'M_PBRA': 2.0, 'q_ACB': 0.5}
2025-11-23 17:23:57.946 | INFO     | env.satellite_mac_env:step:159 - parsed_action {'M_CBRA': 1.0, 'M_PBRA': 3.0, 'q_ACB': 0.5}
2025-11-23 17:23:57.948 | INFO     | env.satellite_mac_env:step:159 - parsed_action {'M_CBRA': 1.0, 'M_PBRA': -1.0, 'q_ACB': 0.5}
2025-11-23 17:23:57.949 | INFO     | env.satellite_mac_env:step:159 - parsed_action {'M_CBRA': 1.0, 'M_PBRA': -2.0, 'q_ACB': 0.5}
2025-11-23 17:23:57.950 | INFO     | env.satellite_mac_env:step:159 - parsed_action {'M_CBRA': -3.0, 'M_PBRA': 0.0, 'q_ACB': 0.5}
2025-11-23 17:23:57.955 | INFO     | env.satellite_mac_env:step:159 - parsed_action {'M_CBRA': -3.0, 'M_PBRA': -1.0, 'q_ACB': 0.5}
2025-11-23 17:23:57.957 | INFO     | env.satellite_mac_env:step:159 - parsed_action {'M_CBRA': -2.0, 'M_PBRA': 0.0, 'q_ACB': 0.5}
2025-11-23 17:23:57.958 | INFO     | env.satellite_mac_env:step:159 - parsed_action {'M_CBRA': 1.0, 'M_PBRA': 1.0, 'q_ACB': 0.5}
2025-11-23 17:23:57.959 | INFO     | env.satellite_mac_env:step:159 - parsed_action {'M_CBRA': -3.0, 'M_PBRA': 3.0, 'q_ACB': 0.5}
2025-11-23 17:23:57.963 | INFO     | env.satellite_mac_env:step:159 - parsed_action {'M_CBRA': -3.0, 'M_PBRA': -2.0, 'q_ACB': 0.5}
2025-11-23 17:23:57.964 | INFO     | env.satellite_mac_env:step:159 - parsed_action {'M_CBRA': 2.0, 'M_PBRA': 2.0, 'q_ACB': 0.5}
2025-11-23 17:23:57.966 | INFO     | env.satellite_mac_env:step:159 - parsed_action {'M_CBRA': -2.0, 'M_PBRA': 1.0, 'q_ACB': 0.5}
2025-11-23 17:23:57.967 | INFO     | env.satellite_mac_env:step:159 - parsed_action {'M_CBRA': 0.0, 'M_PBRA': 0.0, 'q_ACB': 0.5}
2025-11-23 17:23:57.971 | INFO     | env.satellite_mac_env:step:159 - parsed_action {'M_CBRA': 1.0, 'M_PBRA': 0.0, 'q_ACB': 0.5}
2025-11-23 17:23:57.973 | INFO     | env.satellite_mac_env:step:159 - parsed_action {'M_CBRA': 2.0, 'M_PBRA': -1.0, 'q_ACB': 0.5}
2025-11-23 17:23:57.975 | INFO     | env.satellite_mac_env:step:159 - parsed_action {'M_CBRA': -3.0, 'M_PBRA': -1.0, 'q_ACB': 0.5}
2025-11-23 17:23:57.976 | INFO     | env.satellite_mac_env:step:159 - parsed_action {'M_CBRA': -3.0, 'M_PBRA': 0.0, 'q_ACB': 0.5}
2025-11-23 17:23:57.980 | INFO     | env.satellite_mac_env:step:159 - parsed_action {'M_CBRA': 3.0, 'M_PBRA': 0.0, 'q_ACB': 0.5}
2025-11-23 17:23:57.981 | INFO     | env.satellite_mac_env:step:159 - parsed_action {'M_CBRA': 2.0, 'M_PBRA': 2.0, 'q_ACB': 0.5}
2025-11-23 17:23:57.982 | INFO     | env.satellite_mac_env:step:159 - parsed_action {'M_CBRA': -1.0, 'M_PBRA': -3.0, 'q_ACB': 0.5}
2025-11-23 17:23:57.983 | INFO     | env.satellite_mac_env:step:159 - parsed_action {'M_CBRA': -2.0, 'M_PBRA': 2.0, 'q_ACB': 0.5}
2025-11-23 17:23:57.988 | INFO     | env.satellite_mac_env:step:159 - parsed_action {'M_CBRA': 0.0, 'M_PBRA': -1.0, 'q_ACB': 0.5}
2025-11-23 17:23:57.990 | INFO     | env.satellite_mac_env:step:159 - parsed_action {'M_CBRA': 1.0, 'M_PBRA': -3.0, 'q_ACB': 0.5}
2025-11-23 17:23:57.991 | INFO     | env.satellite_mac_env:step:159 - parsed_action {'M_CBRA': 0.0, 'M_PBRA': -3.0, 'q_ACB': 0.5}
2025-11-23 17:23:57.993 | INFO     | env.satellite_mac_env:step:159 - parsed_action {'M_CBRA': -3.0, 'M_PBRA': -3.0, 'q_ACB': 0.5}
2025-11-23 17:23:57.996 | INFO     | env.satellite_mac_env:step:159 - parsed_action {'M_CBRA': 3.0, 'M_PBRA': 2.0, 'q_ACB': 0.5}
2025-11-23 17:23:57.997 | INFO     | env.satellite_mac_env:step:159 - parsed_action {'M_CBRA': 3.0, 'M_PBRA': -1.0, 'q_ACB': 0.5}
2025-11-23 17:23:57.999 | INFO     | env.satellite_mac_env:step:159 - parsed_action {'M_CBRA': 1.0, 'M_PBRA': -1.0, 'q_ACB': 0.5}
2025-11-23 17:23:58.000 | INFO     | env.satellite_mac_env:step:159 - parsed_action {'M_CBRA': 3.0, 'M_PBRA': 1.0, 'q_ACB': 0.5}
2025-11-23 17:23:58.004 | INFO     | env.satellite_mac_env:step:159 - parsed_action {'M_CBRA': 1.0, 'M_PBRA': -3.0, 'q_ACB': 0.5}
2025-11-23 17:23:58.006 | INFO     | env.satellite_mac_env:step:159 - parsed_action {'M_CBRA': 3.0, 'M_PBRA': 1.0, 'q_ACB': 0.5}
2025-11-23 17:23:58.007 | INFO     | env.satellite_mac_env:step:159 - parsed_action {'M_CBRA': 0.0, 'M_PBRA': -1.0, 'q_ACB': 0.5}
2025-11-23 17:23:58.009 | INFO     | env.satellite_mac_env:step:159 - parsed_action {'M_CBRA': -2.0, 'M_PBRA': -3.0, 'q_ACB': 0.5}
2025-11-23 17:23:58.012 | INFO     | env.satellite_mac_env:step:159 - parsed_action {'M_CBRA': 3.0, 'M_PBRA': 2.0, 'q_ACB': 0.5}
2025-11-23 17:23:58.014 | INFO     | env.satellite_mac_env:step:159 - parsed_action {'M_CBRA': 2.0, 'M_PBRA': -1.0, 'q_ACB': 0.5}
2025-11-23 17:23:58.015 | INFO     | env.satellite_mac_env:step:159 - parsed_action {'M_CBRA': 2.0, 'M_PBRA': -2.0, 'q_ACB': 0.5}
2025-11-23 17:23:58.016 | INFO     | env.satellite_mac_env:step:159 - parsed_action {'M_CBRA': 2.0, 'M_PBRA': -1.0, 'q_ACB': 0.5}
2025-11-23 17:23:58.021 | INFO     | env.satellite_mac_env:step:159 - parsed_action {'M_CBRA': 2.0, 'M_PBRA': 1.0, 'q_ACB': 0.5}
2025-11-23 17:23:58.023 | INFO     | env.satellite_mac_env:step:159 - parsed_action {'M_CBRA': 0.0, 'M_PBRA': -3.0, 'q_ACB': 0.5}
2025-11-23 17:23:58.025 | INFO     | env.satellite_mac_env:step:159 - parsed_action {'M_CBRA': -3.0, 'M_PBRA': 2.0, 'q_ACB': 0.5}
2025-11-23 17:23:58.026 | INFO     | env.satellite_mac_env:step:159 - parsed_action {'M_CBRA': 0.0, 'M_PBRA': 3.0, 'q_ACB': 0.5}
2025-11-23 17:23:58.029 | INFO     | env.satellite_mac_env:step:159 - parsed_action {'M_CBRA': -1.0, 'M_PBRA': 3.0, 'q_ACB': 0.5}
2025-11-23 17:23:58.031 | INFO     | env.satellite_mac_env:step:159 - parsed_action {'M_CBRA': -3.0, 'M_PBRA': 0.0, 'q_ACB': 0.5}
2025-11-23 17:23:58.032 | INFO     | env.satellite_mac_env:step:159 - parsed_action {'M_CBRA': 0.0, 'M_PBRA': 2.0, 'q_ACB': 0.5}
2025-11-23 17:23:58.033 | INFO     | env.satellite_mac_env:step:159 - parsed_action {'M_CBRA': -1.0, 'M_PBRA': -1.0, 'q_ACB': 0.5}
2025-11-23 17:23:58.037 | INFO     | env.satellite_mac_env:step:159 - parsed_action {'M_CBRA': -3.0, 'M_PBRA': 0.0, 'q_ACB': 0.5}
2025-11-23 17:23:58.039 | INFO     | env.satellite_mac_env:step:159 - parsed_action {'M_CBRA': -1.0, 'M_PBRA': -2.0, 'q_ACB': 0.5}
2025-11-23 17:23:58.041 | INFO     | env.satellite_mac_env:step:159 - parsed_action {'M_CBRA': -2.0, 'M_PBRA': -1.0, 'q_ACB': 0.5}
2025-11-23 17:23:58.042 | INFO     | env.satellite_mac_env:step:159 - parsed_action {'M_CBRA': -1.0, 'M_PBRA': -1.0, 'q_ACB': 0.5}
2025-11-23 17:23:58.045 | INFO     | env.satellite_mac_env:step:159 - parsed_action {'M_CBRA': 1.0, 'M_PBRA': -3.0, 'q_ACB': 0.5}
2025-11-23 17:23:58.047 | INFO     | env.satellite_mac_env:step:159 - parsed_action {'M_CBRA': 2.0, 'M_PBRA': 1.0, 'q_ACB': 0.5}
2025-11-23 17:23:58.048 | INFO     | env.satellite_mac_env:step:159 - parsed_action {'M_CBRA': -3.0, 'M_PBRA': -3.0, 'q_ACB': 0.5}
2025-11-23 17:23:58.049 | INFO     | env.satellite_mac_env:step:159 - parsed_action {'M_CBRA': 1.0, 'M_PBRA': 1.0, 'q_ACB': 0.5}
2025-11-23 17:23:58.053 | INFO     | env.satellite_mac_env:step:159 - parsed_action {'M_CBRA': 2.0, 'M_PBRA': 2.0, 'q_ACB': 0.5}
2025-11-23 17:23:58.055 | INFO     | env.satellite_mac_env:step:159 - parsed_action {'M_CBRA': -1.0, 'M_PBRA': 0.0, 'q_ACB': 0.5}
2025-11-23 17:23:58.057 | INFO     | env.satellite_mac_env:step:159 - parsed_action {'M_CBRA': 0.0, 'M_PBRA': -3.0, 'q_ACB': 0.5}
2025-11-23 17:23:58.058 | INFO     | env.satellite_mac_env:step:159 - parsed_action {'M_CBRA': 1.0, 'M_PBRA': 3.0, 'q_ACB': 0.5}
2025-11-23 17:23:58.062 | INFO     | env.satellite_mac_env:step:159 - parsed_action {'M_CBRA': 0.0, 'M_PBRA': 0.0, 'q_ACB': 0.5}
2025-11-23 17:23:58.063 | INFO     | env.satellite_mac_env:step:159 - parsed_action {'M_CBRA': -3.0, 'M_PBRA': 1.0, 'q_ACB': 0.5}
2025-11-23 17:23:58.064 | INFO     | env.satellite_mac_env:step:159 - parsed_action {'M_CBRA': -3.0, 'M_PBRA': 2.0, 'q_ACB': 0.5}
2025-11-23 17:23:58.065 | INFO     | env.satellite_mac_env:step:159 - parsed_action {'M_CBRA': 0.0, 'M_PBRA': 1.0, 'q_ACB': 0.5}
2025-11-23 17:23:58.069 | INFO     | env.satellite_mac_env:step:159 - parsed_action {'M_CBRA': -3.0, 'M_PBRA': -2.0, 'q_ACB': 0.5}
2025-11-23 17:23:58.071 | INFO     | env.satellite_mac_env:step:159 - parsed_action {'M_CBRA': 0.0, 'M_PBRA': 0.0, 'q_ACB': 0.5}
2025-11-23 17:23:58.072 | INFO     | env.satellite_mac_env:step:159 - parsed_action {'M_CBRA': -2.0, 'M_PBRA': -3.0, 'q_ACB': 0.5}
2025-11-23 17:23:58.073 | INFO     | env.satellite_mac_env:step:159 - parsed_action {'M_CBRA': 0.0, 'M_PBRA': -1.0, 'q_ACB': 0.5}
2025-11-23 17:23:58.077 | INFO     | env.satellite_mac_env:step:159 - parsed_action {'M_CBRA': 0.0, 'M_PBRA': -1.0, 'q_ACB': 0.5}
2025-11-23 17:23:58.078 | INFO     | env.satellite_mac_env:step:159 - parsed_action {'M_CBRA': 0.0, 'M_PBRA': -1.0, 'q_ACB': 0.5}
2025-11-23 17:23:58.079 | INFO     | env.satellite_mac_env:step:159 - parsed_action {'M_CBRA': -3.0, 'M_PBRA': 0.0, 'q_ACB': 0.5}
2025-11-23 17:23:58.081 | INFO     | env.satellite_mac_env:step:159 - parsed_action {'M_CBRA': -3.0, 'M_PBRA': 1.0, 'q_ACB': 0.5}
2025-11-23 17:23:58.085 | INFO     | env.satellite_mac_env:step:159 - parsed_action {'M_CBRA': -2.0, 'M_PBRA': -3.0, 'q_ACB': 0.5}
2025-11-23 17:23:58.086 | INFO     | env.satellite_mac_env:step:159 - parsed_action {'M_CBRA': 0.0, 'M_PBRA': 3.0, 'q_ACB': 0.5}
2025-11-23 17:23:58.088 | INFO     | env.satellite_mac_env:step:159 - parsed_action {'M_CBRA': -3.0, 'M_PBRA': 3.0, 'q_ACB': 0.5}
2025-11-23 17:23:58.090 | INFO     | env.satellite_mac_env:step:159 - parsed_action {'M_CBRA': -1.0, 'M_PBRA': 3.0, 'q_ACB': 0.5}
2025-11-23 17:23:58.094 | INFO     | env.satellite_mac_env:step:159 - parsed_action {'M_CBRA': -3.0, 'M_PBRA': 1.0, 'q_ACB': 0.5}
2025-11-23 17:23:58.095 | INFO     | env.satellite_mac_env:step:159 - parsed_action {'M_CBRA': 3.0, 'M_PBRA': 0.0, 'q_ACB': 0.5}
2025-11-23 17:23:58.096 | INFO     | env.satellite_mac_env:step:159 - parsed_action {'M_CBRA': -3.0, 'M_PBRA': -1.0, 'q_ACB': 0.5}
2025-11-23 17:23:58.098 | INFO     | env.satellite_mac_env:step:159 - parsed_action {'M_CBRA': 0.0, 'M_PBRA': -1.0, 'q_ACB': 0.5}
2025-11-23 17:23:58.101 | INFO     | env.satellite_mac_env:step:159 - parsed_action {'M_CBRA': -2.0, 'M_PBRA': -3.0, 'q_ACB': 0.5}
2025-11-23 17:23:58.103 | INFO     | env.satellite_mac_env:step:159 - parsed_action {'M_CBRA': 0.0, 'M_PBRA': -1.0, 'q_ACB': 0.5}
2025-11-23 17:23:58.105 | INFO     | env.satellite_mac_env:step:159 - parsed_action {'M_CBRA': -1.0, 'M_PBRA': 0.0, 'q_ACB': 0.5}
2025-11-23 17:23:58.106 | INFO     | env.satellite_mac_env:step:159 - parsed_action {'M_CBRA': -1.0, 'M_PBRA': -2.0, 'q_ACB': 0.5}
2025-11-23 17:23:58.110 | INFO     | env.satellite_mac_env:step:159 - parsed_action {'M_CBRA': -2.0, 'M_PBRA': 3.0, 'q_ACB': 0.5}
2025-11-23 17:23:58.111 | INFO     | env.satellite_mac_env:step:159 - parsed_action {'M_CBRA': -3.0, 'M_PBRA': 0.0, 'q_ACB': 0.5}
2025-11-23 17:23:58.112 | INFO     | env.satellite_mac_env:step:159 - parsed_action {'M_CBRA': -1.0, 'M_PBRA': 2.0, 'q_ACB': 0.5}
2025-11-23 17:23:58.114 | INFO     | env.satellite_mac_env:step:159 - parsed_action {'M_CBRA': 1.0, 'M_PBRA': 2.0, 'q_ACB': 0.5}
2025-11-23 17:23:58.117 | INFO     | env.satellite_mac_env:step:159 - parsed_action {'M_CBRA': -3.0, 'M_PBRA': 2.0, 'q_ACB': 0.5}
2025-11-23 17:23:58.119 | INFO     | env.satellite_mac_env:step:159 - parsed_action {'M_CBRA': 3.0, 'M_PBRA': 0.0, 'q_ACB': 0.5}
2025-11-23 17:23:58.120 | INFO     | env.satellite_mac_env:step:159 - parsed_action {'M_CBRA': 2.0, 'M_PBRA': -2.0, 'q_ACB': 0.5}
2025-11-23 17:23:58.122 | INFO     | env.satellite_mac_env:step:159 - parsed_action {'M_CBRA': 2.0, 'M_PBRA': 1.0, 'q_ACB': 0.5}
2025-11-23 17:23:58.126 | INFO     | env.satellite_mac_env:step:159 - parsed_action {'M_CBRA': -2.0, 'M_PBRA': 2.0, 'q_ACB': 0.5}
2025-11-23 17:23:58.127 | INFO     | env.satellite_mac_env:step:159 - parsed_action {'M_CBRA': -2.0, 'M_PBRA': 3.0, 'q_ACB': 0.5}
2025-11-23 17:23:58.128 | INFO     | env.satellite_mac_env:step:159 - parsed_action {'M_CBRA': 0.0, 'M_PBRA': 1.0, 'q_ACB': 0.5}
2025-11-23 17:23:58.130 | INFO     | env.satellite_mac_env:step:159 - parsed_action {'M_CBRA': 1.0, 'M_PBRA': -3.0, 'q_ACB': 0.5}
2025-11-23 17:23:58.133 | INFO     | env.satellite_mac_env:step:159 - parsed_action {'M_CBRA': 2.0, 'M_PBRA': 1.0, 'q_ACB': 0.5}
2025-11-23 17:23:58.134 | INFO     | env.satellite_mac_env:step:159 - parsed_action {'M_CBRA': 0.0, 'M_PBRA': 2.0, 'q_ACB': 0.5}
2025-11-23 17:23:58.136 | INFO     | env.satellite_mac_env:step:159 - parsed_action {'M_CBRA': 0.0, 'M_PBRA': 1.0, 'q_ACB': 0.5}
2025-11-23 17:23:58.137 | INFO     | env.satellite_mac_env:step:159 - parsed_action {'M_CBRA': -3.0, 'M_PBRA': -2.0, 'q_ACB': 0.5}
2025-11-23 17:23:58.141 | INFO     | env.satellite_mac_env:step:159 - parsed_action {'M_CBRA': 3.0, 'M_PBRA': 2.0, 'q_ACB': 0.5}
2025-11-23 17:23:58.143 | INFO     | env.satellite_mac_env:step:159 - parsed_action {'M_CBRA': -3.0, 'M_PBRA': -2.0, 'q_ACB': 0.5}
2025-11-23 17:23:58.144 | INFO     | env.satellite_mac_env:step:159 - parsed_action {'M_CBRA': 3.0, 'M_PBRA': 0.0, 'q_ACB': 0.5}
2025-11-23 17:23:58.145 | INFO     | env.satellite_mac_env:step:159 - parsed_action {'M_CBRA': 0.0, 'M_PBRA': 0.0, 'q_ACB': 0.5}
2025-11-23 17:23:58.149 | INFO     | env.satellite_mac_env:step:159 - parsed_action {'M_CBRA': -3.0, 'M_PBRA': 1.0, 'q_ACB': 0.5}
2025-11-23 17:23:58.150 | INFO     | env.satellite_mac_env:step:159 - parsed_action {'M_CBRA': -2.0, 'M_PBRA': 0.0, 'q_ACB': 0.5}
2025-11-23 17:23:58.151 | INFO     | env.satellite_mac_env:step:159 - parsed_action {'M_CBRA': 3.0, 'M_PBRA': 3.0, 'q_ACB': 0.5}
2025-11-23 17:23:58.153 | INFO     | env.satellite_mac_env:step:159 - parsed_action {'M_CBRA': 2.0, 'M_PBRA': 0.0, 'q_ACB': 0.5}
2025-11-23 17:23:58.158 | INFO     | env.satellite_mac_env:step:159 - parsed_action {'M_CBRA': 2.0, 'M_PBRA': 1.0, 'q_ACB': 0.5}
2025-11-23 17:23:58.160 | INFO     | env.satellite_mac_env:step:159 - parsed_action {'M_CBRA': 1.0, 'M_PBRA': -2.0, 'q_ACB': 0.5}
2025-11-23 17:23:58.161 | INFO     | env.satellite_mac_env:step:159 - parsed_action {'M_CBRA': 1.0, 'M_PBRA': -1.0, 'q_ACB': 0.5}
2025-11-23 17:23:58.162 | INFO     | env.satellite_mac_env:step:159 - parsed_action {'M_CBRA': -1.0, 'M_PBRA': -1.0, 'q_ACB': 0.5}
2025-11-23 17:23:58.166 | INFO     | env.satellite_mac_env:step:159 - parsed_action {'M_CBRA': 0.0, 'M_PBRA': -1.0, 'q_ACB': 0.5}
2025-11-23 17:23:58.167 | INFO     | env.satellite_mac_env:step:159 - parsed_action {'M_CBRA': 3.0, 'M_PBRA': -3.0, 'q_ACB': 0.5}
2025-11-23 17:23:58.168 | INFO     | env.satellite_mac_env:step:159 - parsed_action {'M_CBRA': 2.0, 'M_PBRA': -3.0, 'q_ACB': 0.5}
2025-11-23 17:23:58.170 | INFO     | env.satellite_mac_env:step:159 - parsed_action {'M_CBRA': 3.0, 'M_PBRA': 3.0, 'q_ACB': 0.5}
2025-11-23 17:23:58.175 | INFO     | env.satellite_mac_env:step:159 - parsed_action {'M_CBRA': -3.0, 'M_PBRA': 3.0, 'q_ACB': 0.5}
2025-11-23 17:23:58.176 | INFO     | env.satellite_mac_env:step:159 - parsed_action {'M_CBRA': -3.0, 'M_PBRA': -2.0, 'q_ACB': 0.5}
2025-11-23 17:23:58.178 | INFO     | env.satellite_mac_env:step:159 - parsed_action {'M_CBRA': 2.0, 'M_PBRA': -3.0, 'q_ACB': 0.5}
2025-11-23 17:23:58.179 | INFO     | env.satellite_mac_env:step:159 - parsed_action {'M_CBRA': -1.0, 'M_PBRA': -2.0, 'q_ACB': 0.5}
2025-11-23 17:23:58.182 | INFO     | env.satellite_mac_env:step:159 - parsed_action {'M_CBRA': -2.0, 'M_PBRA': 0.0, 'q_ACB': 0.5}
2025-11-23 17:23:58.184 | INFO     | env.satellite_mac_env:step:159 - parsed_action {'M_CBRA': -1.0, 'M_PBRA': -3.0, 'q_ACB': 0.5}
2025-11-23 17:23:58.185 | INFO     | env.satellite_mac_env:step:159 - parsed_action {'M_CBRA': 3.0, 'M_PBRA': 2.0, 'q_ACB': 0.5}
2025-11-23 17:23:58.187 | INFO     | env.satellite_mac_env:step:159 - parsed_action {'M_CBRA': -3.0, 'M_PBRA': -1.0, 'q_ACB': 0.5}
2025-11-23 17:23:58.192 | INFO     | env.satellite_mac_env:step:159 - parsed_action {'M_CBRA': 0.0, 'M_PBRA': -1.0, 'q_ACB': 0.5}
2025-11-23 17:23:58.194 | INFO     | env.satellite_mac_env:step:159 - parsed_action {'M_CBRA': 1.0, 'M_PBRA': -3.0, 'q_ACB': 0.5}
2025-11-23 17:23:58.195 | INFO     | env.satellite_mac_env:step:159 - parsed_action {'M_CBRA': 2.0, 'M_PBRA': 1.0, 'q_ACB': 0.5}
2025-11-23 17:23:58.196 | INFO     | env.satellite_mac_env:step:159 - parsed_action {'M_CBRA': 1.0, 'M_PBRA': -3.0, 'q_ACB': 0.5}
2025-11-23 17:23:58.200 | INFO     | env.satellite_mac_env:step:159 - parsed_action {'M_CBRA': 3.0, 'M_PBRA': 1.0, 'q_ACB': 0.5}
2025-11-23 17:23:58.201 | INFO     | env.satellite_mac_env:step:159 - parsed_action {'M_CBRA': -2.0, 'M_PBRA': 3.0, 'q_ACB': 0.5}
2025-11-23 17:23:58.203 | INFO     | env.satellite_mac_env:step:159 - parsed_action {'M_CBRA': 2.0, 'M_PBRA': 2.0, 'q_ACB': 0.5}
2025-11-23 17:23:58.205 | INFO     | env.satellite_mac_env:step:159 - parsed_action {'M_CBRA': -1.0, 'M_PBRA': 2.0, 'q_ACB': 0.5}
2025-11-23 17:23:58.209 | INFO     | env.satellite_mac_env:step:159 - parsed_action {'M_CBRA': -3.0, 'M_PBRA': -1.0, 'q_ACB': 0.5}
2025-11-23 17:23:58.210 | INFO     | env.satellite_mac_env:step:159 - parsed_action {'M_CBRA': 1.0, 'M_PBRA': 3.0, 'q_ACB': 0.5}
2025-11-23 17:23:58.212 | INFO     | env.satellite_mac_env:step:159 - parsed_action {'M_CBRA': -3.0, 'M_PBRA': 2.0, 'q_ACB': 0.5}
2025-11-23 17:23:58.213 | INFO     | env.satellite_mac_env:step:159 - parsed_action {'M_CBRA': -3.0, 'M_PBRA': 1.0, 'q_ACB': 0.5}
2025-11-23 17:23:58.217 | INFO     | env.satellite_mac_env:step:159 - parsed_action {'M_CBRA': 0.0, 'M_PBRA': 3.0, 'q_ACB': 0.5}
2025-11-23 17:23:58.218 | INFO     | env.satellite_mac_env:step:159 - parsed_action {'M_CBRA': 0.0, 'M_PBRA': 0.0, 'q_ACB': 0.5}
2025-11-23 17:23:58.219 | INFO     | env.satellite_mac_env:step:159 - parsed_action {'M_CBRA': 0.0, 'M_PBRA': -2.0, 'q_ACB': 0.5}
2025-11-23 17:23:58.221 | INFO     | env.satellite_mac_env:step:159 - parsed_action {'M_CBRA': 3.0, 'M_PBRA': 1.0, 'q_ACB': 0.5}
2025-11-23 17:23:58.225 | INFO     | env.satellite_mac_env:step:159 - parsed_action {'M_CBRA': -1.0, 'M_PBRA': 0.0, 'q_ACB': 0.5}
2025-11-23 17:23:58.227 | INFO     | env.satellite_mac_env:step:159 - parsed_action {'M_CBRA': 0.0, 'M_PBRA': -3.0, 'q_ACB': 0.5}
2025-11-23 17:23:58.228 | INFO     | env.satellite_mac_env:step:159 - parsed_action {'M_CBRA': 3.0, 'M_PBRA': 0.0, 'q_ACB': 0.5}
2025-11-23 17:23:58.229 | INFO     | env.satellite_mac_env:step:159 - parsed_action {'M_CBRA': -2.0, 'M_PBRA': 1.0, 'q_ACB': 0.5}
2025-11-23 17:23:58.233 | INFO     | env.satellite_mac_env:step:159 - parsed_action {'M_CBRA': 2.0, 'M_PBRA': 0.0, 'q_ACB': 0.5}
2025-11-23 17:23:58.234 | INFO     | env.satellite_mac_env:step:159 - parsed_action {'M_CBRA': -3.0, 'M_PBRA': 1.0, 'q_ACB': 0.5}
2025-11-23 17:23:58.236 | INFO     | env.satellite_mac_env:step:159 - parsed_action {'M_CBRA': 1.0, 'M_PBRA': -3.0, 'q_ACB': 0.5}
2025-11-23 17:23:58.237 | INFO     | env.satellite_mac_env:step:159 - parsed_action {'M_CBRA': -1.0, 'M_PBRA': -2.0, 'q_ACB': 0.5}
2025-11-23 17:23:58.241 | INFO     | env.satellite_mac_env:step:159 - parsed_action {'M_CBRA': 2.0, 'M_PBRA': -3.0, 'q_ACB': 0.5}
2025-11-23 17:23:58.243 | INFO     | env.satellite_mac_env:step:159 - parsed_action {'M_CBRA': 2.0, 'M_PBRA': 0.0, 'q_ACB': 0.5}
2025-11-23 17:23:58.244 | INFO     | env.satellite_mac_env:step:159 - parsed_action {'M_CBRA': -3.0, 'M_PBRA': -1.0, 'q_ACB': 0.5}
2025-11-23 17:23:58.245 | INFO     | env.satellite_mac_env:step:159 - parsed_action {'M_CBRA': -3.0, 'M_PBRA': 3.0, 'q_ACB': 0.5}
2025-11-23 17:23:58.248 | INFO     | env.satellite_mac_env:step:159 - parsed_action {'M_CBRA': 0.0, 'M_PBRA': 2.0, 'q_ACB': 0.5}
2025-11-23 17:23:58.250 | INFO     | env.satellite_mac_env:step:159 - parsed_action {'M_CBRA': -3.0, 'M_PBRA': -2.0, 'q_ACB': 0.5}
2025-11-23 17:23:58.251 | INFO     | env.satellite_mac_env:step:159 - parsed_action {'M_CBRA': 2.0, 'M_PBRA': 3.0, 'q_ACB': 0.5}
2025-11-23 17:23:58.253 | INFO     | env.satellite_mac_env:step:159 - parsed_action {'M_CBRA': -2.0, 'M_PBRA': 1.0, 'q_ACB': 0.5}
2025-11-23 17:23:58.257 | INFO     | env.satellite_mac_env:step:159 - parsed_action {'M_CBRA': -2.0, 'M_PBRA': 3.0, 'q_ACB': 0.5}
2025-11-23 17:23:58.259 | INFO     | env.satellite_mac_env:step:159 - parsed_action {'M_CBRA': -2.0, 'M_PBRA': -3.0, 'q_ACB': 0.5}
2025-11-23 17:23:58.260 | INFO     | env.satellite_mac_env:step:159 - parsed_action {'M_CBRA': -1.0, 'M_PBRA': -2.0, 'q_ACB': 0.5}
2025-11-23 17:23:58.261 | INFO     | env.satellite_mac_env:step:159 - parsed_action {'M_CBRA': 1.0, 'M_PBRA': 0.0, 'q_ACB': 0.5}
2025-11-23 17:23:58.265 | INFO     | env.satellite_mac_env:step:159 - parsed_action {'M_CBRA': -2.0, 'M_PBRA': -3.0, 'q_ACB': 0.5}
2025-11-23 17:23:58.266 | INFO     | env.satellite_mac_env:step:159 - parsed_action {'M_CBRA': -1.0, 'M_PBRA': 0.0, 'q_ACB': 0.5}
2025-11-23 17:23:58.267 | INFO     | env.satellite_mac_env:step:159 - parsed_action {'M_CBRA': -1.0, 'M_PBRA': -3.0, 'q_ACB': 0.5}
2025-11-23 17:23:58.269 | INFO     | env.satellite_mac_env:step:159 - parsed_action {'M_CBRA': -1.0, 'M_PBRA': -3.0, 'q_ACB': 0.5}
2025-11-23 17:23:58.273 | INFO     | env.satellite_mac_env:step:159 - parsed_action {'M_CBRA': -2.0, 'M_PBRA': -3.0, 'q_ACB': 0.5}
2025-11-23 17:23:58.275 | INFO     | env.satellite_mac_env:step:159 - parsed_action {'M_CBRA': 3.0, 'M_PBRA': 1.0, 'q_ACB': 0.5}
2025-11-23 17:23:58.276 | INFO     | env.satellite_mac_env:step:159 - parsed_action {'M_CBRA': 3.0, 'M_PBRA': -3.0, 'q_ACB': 0.5}
2025-11-23 17:23:58.277 | INFO     | env.satellite_mac_env:step:159 - parsed_action {'M_CBRA': 1.0, 'M_PBRA': -3.0, 'q_ACB': 0.5}
2025-11-23 17:23:58.281 | INFO     | env.satellite_mac_env:step:159 - parsed_action {'M_CBRA': -2.0, 'M_PBRA': 2.0, 'q_ACB': 0.5}
2025-11-23 17:23:58.283 | INFO     | env.satellite_mac_env:step:159 - parsed_action {'M_CBRA': -2.0, 'M_PBRA': -3.0, 'q_ACB': 0.5}
2025-11-23 17:23:58.284 | INFO     | env.satellite_mac_env:step:159 - parsed_action {'M_CBRA': 2.0, 'M_PBRA': -3.0, 'q_ACB': 0.5}
2025-11-23 17:23:58.285 | INFO     | env.satellite_mac_env:step:159 - parsed_action {'M_CBRA': 0.0, 'M_PBRA': 1.0, 'q_ACB': 0.5}
2025-11-23 17:23:58.290 | INFO     | env.satellite_mac_env:step:159 - parsed_action {'M_CBRA': 1.0, 'M_PBRA': -2.0, 'q_ACB': 0.5}
2025-11-23 17:23:58.291 | INFO     | env.satellite_mac_env:step:159 - parsed_action {'M_CBRA': -3.0, 'M_PBRA': -3.0, 'q_ACB': 0.5}
2025-11-23 17:23:58.293 | INFO     | env.satellite_mac_env:step:159 - parsed_action {'M_CBRA': 2.0, 'M_PBRA': -1.0, 'q_ACB': 0.5}
2025-11-23 17:23:58.294 | INFO     | env.satellite_mac_env:step:159 - parsed_action {'M_CBRA': -3.0, 'M_PBRA': -2.0, 'q_ACB': 0.5}
2025-11-23 17:23:58.298 | INFO     | env.satellite_mac_env:step:159 - parsed_action {'M_CBRA': 1.0, 'M_PBRA': 1.0, 'q_ACB': 0.5}
2025-11-23 17:23:58.299 | INFO     | env.satellite_mac_env:step:159 - parsed_action {'M_CBRA': -2.0, 'M_PBRA': 3.0, 'q_ACB': 0.5}
2025-11-23 17:23:58.300 | INFO     | env.satellite_mac_env:step:159 - parsed_action {'M_CBRA': 1.0, 'M_PBRA': -3.0, 'q_ACB': 0.5}
2025-11-23 17:23:58.301 | INFO     | env.satellite_mac_env:step:159 - parsed_action {'M_CBRA': 2.0, 'M_PBRA': 2.0, 'q_ACB': 0.5}
2025-11-23 17:23:58.306 | INFO     | env.satellite_mac_env:step:159 - parsed_action {'M_CBRA': 3.0, 'M_PBRA': 3.0, 'q_ACB': 0.5}
2025-11-23 17:23:58.307 | INFO     | env.satellite_mac_env:step:159 - parsed_action {'M_CBRA': 1.0, 'M_PBRA': 0.0, 'q_ACB': 0.5}
2025-11-23 17:23:58.309 | INFO     | env.satellite_mac_env:step:159 - parsed_action {'M_CBRA': 2.0, 'M_PBRA': 0.0, 'q_ACB': 0.5}
2025-11-23 17:23:58.310 | INFO     | env.satellite_mac_env:step:159 - parsed_action {'M_CBRA': -1.0, 'M_PBRA': -2.0, 'q_ACB': 0.5}
2025-11-23 17:23:58.314 | INFO     | env.satellite_mac_env:step:159 - parsed_action {'M_CBRA': 3.0, 'M_PBRA': 2.0, 'q_ACB': 0.5}
2025-11-23 17:23:58.316 | INFO     | env.satellite_mac_env:step:159 - parsed_action {'M_CBRA': 0.0, 'M_PBRA': 1.0, 'q_ACB': 0.5}
2025-11-23 17:23:58.317 | INFO     | env.satellite_mac_env:step:159 - parsed_action {'M_CBRA': 0.0, 'M_PBRA': 3.0, 'q_ACB': 0.5}
2025-11-23 17:23:58.318 | INFO     | env.satellite_mac_env:step:159 - parsed_action {'M_CBRA': -1.0, 'M_PBRA': 1.0, 'q_ACB': 0.5}
2025-11-23 17:23:58.324 | INFO     | env.satellite_mac_env:step:159 - parsed_action {'M_CBRA': -1.0, 'M_PBRA': -2.0, 'q_ACB': 0.5}
2025-11-23 17:23:58.325 | INFO     | env.satellite_mac_env:step:159 - parsed_action {'M_CBRA': -2.0, 'M_PBRA': 2.0, 'q_ACB': 0.5}
2025-11-23 17:23:58.327 | INFO     | env.satellite_mac_env:step:159 - parsed_action {'M_CBRA': 2.0, 'M_PBRA': 0.0, 'q_ACB': 0.5}
2025-11-23 17:23:58.328 | INFO     | env.satellite_mac_env:step:159 - parsed_action {'M_CBRA': -2.0, 'M_PBRA': 0.0, 'q_ACB': 0.5}
2025-11-23 17:23:58.332 | INFO     | env.satellite_mac_env:step:159 - parsed_action {'M_CBRA': 1.0, 'M_PBRA': 0.0, 'q_ACB': 0.5}
2025-11-23 17:23:58.334 | INFO     | env.satellite_mac_env:step:159 - parsed_action {'M_CBRA': 2.0, 'M_PBRA': 2.0, 'q_ACB': 0.5}
2025-11-23 17:23:58.335 | INFO     | env.satellite_mac_env:step:159 - parsed_action {'M_CBRA': 0.0, 'M_PBRA': 1.0, 'q_ACB': 0.5}
2025-11-23 17:23:58.336 | INFO     | env.satellite_mac_env:step:159 - parsed_action {'M_CBRA': -2.0, 'M_PBRA': -2.0, 'q_ACB': 0.5}
2025-11-23 17:23:58.341 | INFO     | env.satellite_mac_env:step:159 - parsed_action {'M_CBRA': 3.0, 'M_PBRA': 1.0, 'q_ACB': 0.5}
2025-11-23 17:23:58.342 | INFO     | env.satellite_mac_env:step:159 - parsed_action {'M_CBRA': -1.0, 'M_PBRA': -2.0, 'q_ACB': 0.5}
2025-11-23 17:23:58.344 | INFO     | env.satellite_mac_env:step:159 - parsed_action {'M_CBRA': 2.0, 'M_PBRA': -1.0, 'q_ACB': 0.5}
2025-11-23 17:23:58.345 | INFO     | env.satellite_mac_env:step:159 - parsed_action {'M_CBRA': -2.0, 'M_PBRA': 1.0, 'q_ACB': 0.5}
2025-11-23 17:23:58.348 | INFO     | env.satellite_mac_env:step:159 - parsed_action {'M_CBRA': -1.0, 'M_PBRA': -1.0, 'q_ACB': 0.5}
2025-11-23 17:23:58.350 | INFO     | env.satellite_mac_env:step:159 - parsed_action {'M_CBRA': 1.0, 'M_PBRA': -1.0, 'q_ACB': 0.5}
2025-11-23 17:23:58.351 | INFO     | env.satellite_mac_env:step:159 - parsed_action {'M_CBRA': 1.0, 'M_PBRA': 3.0, 'q_ACB': 0.5}
2025-11-23 17:23:58.352 | INFO     | env.satellite_mac_env:step:159 - parsed_action {'M_CBRA': -2.0, 'M_PBRA': -1.0, 'q_ACB': 0.5}
2025-11-23 17:23:58.357 | INFO     | env.satellite_mac_env:step:159 - parsed_action {'M_CBRA': -3.0, 'M_PBRA': 1.0, 'q_ACB': 0.5}
2025-11-23 17:23:58.359 | INFO     | env.satellite_mac_env:step:159 - parsed_action {'M_CBRA': 2.0, 'M_PBRA': -2.0, 'q_ACB': 0.5}
2025-11-23 17:23:58.360 | INFO     | env.satellite_mac_env:step:159 - parsed_action {'M_CBRA': -3.0, 'M_PBRA': 1.0, 'q_ACB': 0.5}
2025-11-23 17:23:58.362 | INFO     | env.satellite_mac_env:step:159 - parsed_action {'M_CBRA': 1.0, 'M_PBRA': -1.0, 'q_ACB': 0.5}
2025-11-23 17:23:58.365 | INFO     | env.satellite_mac_env:step:159 - parsed_action {'M_CBRA': 2.0, 'M_PBRA': 0.0, 'q_ACB': 0.5}
2025-11-23 17:23:58.366 | INFO     | env.satellite_mac_env:step:159 - parsed_action {'M_CBRA': 2.0, 'M_PBRA': 3.0, 'q_ACB': 0.5}
2025-11-23 17:23:58.368 | INFO     | env.satellite_mac_env:step:159 - parsed_action {'M_CBRA': -1.0, 'M_PBRA': -3.0, 'q_ACB': 0.5}
2025-11-23 17:23:58.369 | INFO     | env.satellite_mac_env:step:159 - parsed_action {'M_CBRA': 1.0, 'M_PBRA': -2.0, 'q_ACB': 0.5}
2025-11-23 17:23:58.374 | INFO     | env.satellite_mac_env:step:159 - parsed_action {'M_CBRA': -1.0, 'M_PBRA': 1.0, 'q_ACB': 0.5}
2025-11-23 17:23:58.375 | INFO     | env.satellite_mac_env:step:159 - parsed_action {'M_CBRA': -1.0, 'M_PBRA': 3.0, 'q_ACB': 0.5}
2025-11-23 17:23:58.377 | INFO     | env.satellite_mac_env:step:159 - parsed_action {'M_CBRA': 2.0, 'M_PBRA': 1.0, 'q_ACB': 0.5}
2025-11-23 17:23:58.378 | INFO     | env.satellite_mac_env:step:159 - parsed_action {'M_CBRA': -2.0, 'M_PBRA': -3.0, 'q_ACB': 0.5}
2025-11-23 17:23:58.381 | INFO     | env.satellite_mac_env:step:159 - parsed_action {'M_CBRA': 1.0, 'M_PBRA': 3.0, 'q_ACB': 0.5}
2025-11-23 17:23:58.383 | INFO     | env.satellite_mac_env:step:159 - parsed_action {'M_CBRA': 1.0, 'M_PBRA': -1.0, 'q_ACB': 0.5}
2025-11-23 17:23:58.384 | INFO     | env.satellite_mac_env:step:159 - parsed_action {'M_CBRA': 3.0, 'M_PBRA': 2.0, 'q_ACB': 0.5}
2025-11-23 17:23:58.385 | INFO     | env.satellite_mac_env:step:159 - parsed_action {'M_CBRA': 0.0, 'M_PBRA': 3.0, 'q_ACB': 0.5}
2025-11-23 17:23:58.390 | INFO     | env.satellite_mac_env:step:159 - parsed_action {'M_CBRA': -3.0, 'M_PBRA': 2.0, 'q_ACB': 0.5}
2025-11-23 17:23:58.391 | INFO     | env.satellite_mac_env:step:159 - parsed_action {'M_CBRA': -1.0, 'M_PBRA': -2.0, 'q_ACB': 0.5}
2025-11-23 17:23:58.393 | INFO     | env.satellite_mac_env:step:159 - parsed_action {'M_CBRA': 3.0, 'M_PBRA': 0.0, 'q_ACB': 0.5}
2025-11-23 17:23:58.394 | INFO     | env.satellite_mac_env:step:159 - parsed_action {'M_CBRA': -2.0, 'M_PBRA': -3.0, 'q_ACB': 0.5}
2025-11-23 17:23:58.397 | INFO     | env.satellite_mac_env:step:159 - parsed_action {'M_CBRA': -2.0, 'M_PBRA': 0.0, 'q_ACB': 0.5}
2025-11-23 17:23:58.399 | INFO     | env.satellite_mac_env:step:159 - parsed_action {'M_CBRA': -3.0, 'M_PBRA': 1.0, 'q_ACB': 0.5}
2025-11-23 17:23:58.400 | INFO     | env.satellite_mac_env:step:159 - parsed_action {'M_CBRA': 1.0, 'M_PBRA': -1.0, 'q_ACB': 0.5}
2025-11-23 17:23:58.401 | INFO     | env.satellite_mac_env:step:159 - parsed_action {'M_CBRA': -3.0, 'M_PBRA': 2.0, 'q_ACB': 0.5}
2025-11-23 17:23:58.405 | INFO     | env.satellite_mac_env:step:159 - parsed_action {'M_CBRA': -1.0, 'M_PBRA': 3.0, 'q_ACB': 0.5}
2025-11-23 17:23:58.407 | INFO     | env.satellite_mac_env:step:159 - parsed_action {'M_CBRA': 3.0, 'M_PBRA': -3.0, 'q_ACB': 0.5}
2025-11-23 17:23:58.408 | INFO     | env.satellite_mac_env:step:159 - parsed_action {'M_CBRA': 1.0, 'M_PBRA': 2.0, 'q_ACB': 0.5}
2025-11-23 17:23:58.409 | INFO     | env.satellite_mac_env:step:159 - parsed_action {'M_CBRA': 3.0, 'M_PBRA': 3.0, 'q_ACB': 0.5}
2025-11-23 17:23:58.413 | INFO     | env.satellite_mac_env:step:159 - parsed_action {'M_CBRA': -1.0, 'M_PBRA': -2.0, 'q_ACB': 0.5}
2025-11-23 17:23:58.414 | INFO     | env.satellite_mac_env:step:159 - parsed_action {'M_CBRA': 0.0, 'M_PBRA': -3.0, 'q_ACB': 0.5}
2025-11-23 17:23:58.416 | INFO     | env.satellite_mac_env:step:159 - parsed_action {'M_CBRA': -1.0, 'M_PBRA': 1.0, 'q_ACB': 0.5}
2025-11-23 17:23:58.417 | INFO     | env.satellite_mac_env:step:159 - parsed_action {'M_CBRA': -1.0, 'M_PBRA': -3.0, 'q_ACB': 0.5}
2025-11-23 17:23:58.421 | INFO     | env.satellite_mac_env:step:159 - parsed_action {'M_CBRA': -2.0, 'M_PBRA': 3.0, 'q_ACB': 0.5}
2025-11-23 17:23:58.423 | INFO     | env.satellite_mac_env:step:159 - parsed_action {'M_CBRA': 0.0, 'M_PBRA': 3.0, 'q_ACB': 0.5}
2025-11-23 17:23:58.424 | INFO     | env.satellite_mac_env:step:159 - parsed_action {'M_CBRA': -3.0, 'M_PBRA': -1.0, 'q_ACB': 0.5}
2025-11-23 17:23:58.426 | INFO     | env.satellite_mac_env:step:159 - parsed_action {'M_CBRA': -2.0, 'M_PBRA': -2.0, 'q_ACB': 0.5}
2025-11-23 17:23:58.429 | INFO     | env.satellite_mac_env:step:159 - parsed_action {'M_CBRA': -1.0, 'M_PBRA': -2.0, 'q_ACB': 0.5}
2025-11-23 17:23:58.431 | INFO     | env.satellite_mac_env:step:159 - parsed_action {'M_CBRA': -2.0, 'M_PBRA': 1.0, 'q_ACB': 0.5}
2025-11-23 17:23:58.432 | INFO     | env.satellite_mac_env:step:159 - parsed_action {'M_CBRA': 1.0, 'M_PBRA': -1.0, 'q_ACB': 0.5}
2025-11-23 17:23:58.433 | INFO     | env.satellite_mac_env:step:159 - parsed_action {'M_CBRA': 0.0, 'M_PBRA': 3.0, 'q_ACB': 0.5}
2025-11-23 17:23:58.437 | INFO     | env.satellite_mac_env:step:159 - parsed_action {'M_CBRA': -1.0, 'M_PBRA': -2.0, 'q_ACB': 0.5}
2025-11-23 17:23:58.439 | INFO     | env.satellite_mac_env:step:159 - parsed_action {'M_CBRA': -3.0, 'M_PBRA': -3.0, 'q_ACB': 0.5}
2025-11-23 17:23:58.440 | INFO     | env.satellite_mac_env:step:159 - parsed_action {'M_CBRA': 3.0, 'M_PBRA': 2.0, 'q_ACB': 0.5}
2025-11-23 17:23:58.441 | INFO     | env.satellite_mac_env:step:159 - parsed_action {'M_CBRA': 1.0, 'M_PBRA': 0.0, 'q_ACB': 0.5}
2025-11-23 17:23:58.445 | INFO     | env.satellite_mac_env:step:159 - parsed_action {'M_CBRA': -3.0, 'M_PBRA': -1.0, 'q_ACB': 0.5}
2025-11-23 17:23:58.446 | INFO     | env.satellite_mac_env:step:159 - parsed_action {'M_CBRA': 2.0, 'M_PBRA': -3.0, 'q_ACB': 0.5}
2025-11-23 17:23:58.448 | INFO     | env.satellite_mac_env:step:159 - parsed_action {'M_CBRA': -1.0, 'M_PBRA': -3.0, 'q_ACB': 0.5}
2025-11-23 17:23:58.449 | INFO     | env.satellite_mac_env:step:159 - parsed_action {'M_CBRA': 3.0, 'M_PBRA': -1.0, 'q_ACB': 0.5}
2025-11-23 17:23:58.453 | INFO     | env.satellite_mac_env:step:159 - parsed_action {'M_CBRA': 3.0, 'M_PBRA': 2.0, 'q_ACB': 0.5}
2025-11-23 17:23:58.455 | INFO     | env.satellite_mac_env:step:159 - parsed_action {'M_CBRA': -2.0, 'M_PBRA': 3.0, 'q_ACB': 0.5}
2025-11-23 17:23:58.457 | INFO     | env.satellite_mac_env:step:159 - parsed_action {'M_CBRA': 1.0, 'M_PBRA': -1.0, 'q_ACB': 0.5}
2025-11-23 17:23:58.458 | INFO     | env.satellite_mac_env:step:159 - parsed_action {'M_CBRA': 0.0, 'M_PBRA': 3.0, 'q_ACB': 0.5}
2025-11-23 17:23:58.462 | INFO     | env.satellite_mac_env:step:159 - parsed_action {'M_CBRA': 3.0, 'M_PBRA': 2.0, 'q_ACB': 0.5}
2025-11-23 17:23:58.463 | INFO     | env.satellite_mac_env:step:159 - parsed_action {'M_CBRA': 1.0, 'M_PBRA': -3.0, 'q_ACB': 0.5}
2025-11-23 17:23:58.464 | INFO     | env.satellite_mac_env:step:159 - parsed_action {'M_CBRA': 2.0, 'M_PBRA': 1.0, 'q_ACB': 0.5}
2025-11-23 17:23:58.466 | INFO     | env.satellite_mac_env:step:159 - parsed_action {'M_CBRA': 0.0, 'M_PBRA': -2.0, 'q_ACB': 0.5}
2025-11-23 17:23:58.469 | INFO     | env.satellite_mac_env:step:159 - parsed_action {'M_CBRA': -3.0, 'M_PBRA': 2.0, 'q_ACB': 0.5}
2025-11-23 17:23:58.471 | INFO     | env.satellite_mac_env:step:159 - parsed_action {'M_CBRA': -1.0, 'M_PBRA': 0.0, 'q_ACB': 0.5}
2025-11-23 17:23:58.472 | INFO     | env.satellite_mac_env:step:159 - parsed_action {'M_CBRA': 0.0, 'M_PBRA': -2.0, 'q_ACB': 0.5}
2025-11-23 17:23:58.474 | INFO     | env.satellite_mac_env:step:159 - parsed_action {'M_CBRA': -3.0, 'M_PBRA': 3.0, 'q_ACB': 0.5}
2025-11-23 17:23:58.477 | INFO     | env.satellite_mac_env:step:159 - parsed_action {'M_CBRA': 0.0, 'M_PBRA': -1.0, 'q_ACB': 0.5}
2025-11-23 17:23:58.479 | INFO     | env.satellite_mac_env:step:159 - parsed_action {'M_CBRA': 0.0, 'M_PBRA': 1.0, 'q_ACB': 0.5}
2025-11-23 17:23:58.480 | INFO     | env.satellite_mac_env:step:159 - parsed_action {'M_CBRA': -2.0, 'M_PBRA': 2.0, 'q_ACB': 0.5}
2025-11-23 17:23:58.481 | INFO     | env.satellite_mac_env:step:159 - parsed_action {'M_CBRA': 0.0, 'M_PBRA': 2.0, 'q_ACB': 0.5}
2025-11-23 17:23:58.484 | INFO     | env.satellite_mac_env:step:159 - parsed_action {'M_CBRA': -3.0, 'M_PBRA': 2.0, 'q_ACB': 0.5}
2025-11-23 17:23:58.486 | INFO     | env.satellite_mac_env:step:159 - parsed_action {'M_CBRA': 2.0, 'M_PBRA': -3.0, 'q_ACB': 0.5}
2025-11-23 17:23:58.488 | INFO     | env.satellite_mac_env:step:159 - parsed_action {'M_CBRA': 0.0, 'M_PBRA': 2.0, 'q_ACB': 0.5}
2025-11-23 17:23:58.489 | INFO     | env.satellite_mac_env:step:159 - parsed_action {'M_CBRA': -3.0, 'M_PBRA': 0.0, 'q_ACB': 0.5}
2025-11-23 17:23:58.493 | INFO     | env.satellite_mac_env:step:159 - parsed_action {'M_CBRA': 0.0, 'M_PBRA': -3.0, 'q_ACB': 0.5}
2025-11-23 17:23:58.494 | INFO     | env.satellite_mac_env:step:159 - parsed_action {'M_CBRA': 3.0, 'M_PBRA': 1.0, 'q_ACB': 0.5}
2025-11-23 17:23:58.495 | INFO     | env.satellite_mac_env:step:159 - parsed_action {'M_CBRA': -3.0, 'M_PBRA': 1.0, 'q_ACB': 0.5}
2025-11-23 17:23:58.496 | INFO     | env.satellite_mac_env:step:159 - parsed_action {'M_CBRA': -2.0, 'M_PBRA': -3.0, 'q_ACB': 0.5}
2025-11-23 17:23:58.500 | INFO     | env.satellite_mac_env:step:159 - parsed_action {'M_CBRA': -3.0, 'M_PBRA': -1.0, 'q_ACB': 0.5}
2025-11-23 17:23:58.501 | INFO     | env.satellite_mac_env:step:159 - parsed_action {'M_CBRA': 2.0, 'M_PBRA': -1.0, 'q_ACB': 0.5}
2025-11-23 17:23:58.503 | INFO     | env.satellite_mac_env:step:159 - parsed_action {'M_CBRA': 3.0, 'M_PBRA': 1.0, 'q_ACB': 0.5}
2025-11-23 17:23:58.504 | INFO     | env.satellite_mac_env:step:159 - parsed_action {'M_CBRA': -1.0, 'M_PBRA': 1.0, 'q_ACB': 0.5}
2025-11-23 17:23:58.508 | INFO     | env.satellite_mac_env:step:159 - parsed_action {'M_CBRA': -2.0, 'M_PBRA': 3.0, 'q_ACB': 0.5}
2025-11-23 17:23:58.510 | INFO     | env.satellite_mac_env:step:159 - parsed_action {'M_CBRA': -3.0, 'M_PBRA': 0.0, 'q_ACB': 0.5}
2025-11-23 17:23:58.511 | INFO     | env.satellite_mac_env:step:159 - parsed_action {'M_CBRA': -2.0, 'M_PBRA': -1.0, 'q_ACB': 0.5}
2025-11-23 17:23:58.512 | INFO     | env.satellite_mac_env:step:159 - parsed_action {'M_CBRA': 2.0, 'M_PBRA': -1.0, 'q_ACB': 0.5}
2025-11-23 17:23:58.516 | INFO     | env.satellite_mac_env:step:159 - parsed_action {'M_CBRA': 2.0, 'M_PBRA': 1.0, 'q_ACB': 0.5}
2025-11-23 17:23:58.517 | INFO     | env.satellite_mac_env:step:159 - parsed_action {'M_CBRA': -3.0, 'M_PBRA': -3.0, 'q_ACB': 0.5}
2025-11-23 17:23:58.518 | INFO     | env.satellite_mac_env:step:159 - parsed_action {'M_CBRA': 1.0, 'M_PBRA': -2.0, 'q_ACB': 0.5}
2025-11-23 17:23:58.521 | INFO     | env.satellite_mac_env:step:159 - parsed_action {'M_CBRA': 1.0, 'M_PBRA': 1.0, 'q_ACB': 0.5}
2025-11-23 17:23:58.525 | INFO     | env.satellite_mac_env:step:159 - parsed_action {'M_CBRA': 1.0, 'M_PBRA': 1.0, 'q_ACB': 0.5}
2025-11-23 17:23:58.526 | INFO     | env.satellite_mac_env:step:159 - parsed_action {'M_CBRA': 3.0, 'M_PBRA': -1.0, 'q_ACB': 0.5}
2025-11-23 17:23:58.528 | INFO     | env.satellite_mac_env:step:159 - parsed_action {'M_CBRA': 2.0, 'M_PBRA': 0.0, 'q_ACB': 0.5}
2025-11-23 17:23:58.529 | INFO     | env.satellite_mac_env:step:159 - parsed_action {'M_CBRA': 1.0, 'M_PBRA': -1.0, 'q_ACB': 0.5}
2025-11-23 17:23:58.533 | INFO     | env.satellite_mac_env:step:159 - parsed_action {'M_CBRA': -3.0, 'M_PBRA': -2.0, 'q_ACB': 0.5}
2025-11-23 17:23:58.534 | INFO     | env.satellite_mac_env:step:159 - parsed_action {'M_CBRA': 0.0, 'M_PBRA': 0.0, 'q_ACB': 0.5}
2025-11-23 17:23:58.536 | INFO     | env.satellite_mac_env:step:159 - parsed_action {'M_CBRA': -3.0, 'M_PBRA': -3.0, 'q_ACB': 0.5}
2025-11-23 17:23:58.538 | INFO     | env.satellite_mac_env:step:159 - parsed_action {'M_CBRA': 2.0, 'M_PBRA': 3.0, 'q_ACB': 0.5}
2025-11-23 17:23:58.542 | INFO     | env.satellite_mac_env:step:159 - parsed_action {'M_CBRA': -1.0, 'M_PBRA': 0.0, 'q_ACB': 0.5}
2025-11-23 17:23:58.543 | INFO     | env.satellite_mac_env:step:159 - parsed_action {'M_CBRA': 0.0, 'M_PBRA': -2.0, 'q_ACB': 0.5}
2025-11-23 17:23:58.544 | INFO     | env.satellite_mac_env:step:159 - parsed_action {'M_CBRA': 0.0, 'M_PBRA': -3.0, 'q_ACB': 0.5}
2025-11-23 17:23:58.546 | INFO     | env.satellite_mac_env:step:159 - parsed_action {'M_CBRA': 2.0, 'M_PBRA': 3.0, 'q_ACB': 0.5}
2025-11-23 17:23:58.549 | INFO     | env.satellite_mac_env:step:159 - parsed_action {'M_CBRA': -3.0, 'M_PBRA': -2.0, 'q_ACB': 0.5}
2025-11-23 17:23:58.551 | INFO     | env.satellite_mac_env:step:159 - parsed_action {'M_CBRA': -2.0, 'M_PBRA': 1.0, 'q_ACB': 0.5}
2025-11-23 17:23:58.552 | INFO     | env.satellite_mac_env:step:159 - parsed_action {'M_CBRA': -2.0, 'M_PBRA': -2.0, 'q_ACB': 0.5}
2025-11-23 17:23:58.554 | INFO     | env.satellite_mac_env:step:159 - parsed_action {'M_CBRA': 1.0, 'M_PBRA': -2.0, 'q_ACB': 0.5}
2025-11-23 17:23:58.558 | INFO     | env.satellite_mac_env:step:159 - parsed_action {'M_CBRA': 2.0, 'M_PBRA': 2.0, 'q_ACB': 0.5}
2025-11-23 17:23:58.560 | INFO     | env.satellite_mac_env:step:159 - parsed_action {'M_CBRA': -1.0, 'M_PBRA': -3.0, 'q_ACB': 0.5}
2025-11-23 17:23:58.561 | INFO     | env.satellite_mac_env:step:159 - parsed_action {'M_CBRA': -1.0, 'M_PBRA': 0.0, 'q_ACB': 0.5}
2025-11-23 17:23:58.562 | INFO     | env.satellite_mac_env:step:159 - parsed_action {'M_CBRA': -3.0, 'M_PBRA': 0.0, 'q_ACB': 0.5}
2025-11-23 17:23:58.566 | INFO     | env.satellite_mac_env:step:159 - parsed_action {'M_CBRA': -1.0, 'M_PBRA': 0.0, 'q_ACB': 0.5}
2025-11-23 17:23:58.568 | INFO     | env.satellite_mac_env:step:159 - parsed_action {'M_CBRA': 3.0, 'M_PBRA': 1.0, 'q_ACB': 0.5}
2025-11-23 17:23:58.569 | INFO     | env.satellite_mac_env:step:159 - parsed_action {'M_CBRA': -1.0, 'M_PBRA': 0.0, 'q_ACB': 0.5}
2025-11-23 17:23:58.571 | INFO     | env.satellite_mac_env:step:159 - parsed_action {'M_CBRA': -1.0, 'M_PBRA': -3.0, 'q_ACB': 0.5}
2025-11-23 17:23:58.575 | INFO     | env.satellite_mac_env:step:159 - parsed_action {'M_CBRA': 2.0, 'M_PBRA': 2.0, 'q_ACB': 0.5}
2025-11-23 17:23:58.576 | INFO     | env.satellite_mac_env:step:159 - parsed_action {'M_CBRA': -2.0, 'M_PBRA': 3.0, 'q_ACB': 0.5}
2025-11-23 17:23:58.577 | INFO     | env.satellite_mac_env:step:159 - parsed_action {'M_CBRA': 3.0, 'M_PBRA': 3.0, 'q_ACB': 0.5}
2025-11-23 17:23:58.579 | INFO     | env.satellite_mac_env:step:159 - parsed_action {'M_CBRA': -1.0, 'M_PBRA': -1.0, 'q_ACB': 0.5}
2025-11-23 17:23:58.582 | INFO     | env.satellite_mac_env:step:159 - parsed_action {'M_CBRA': 0.0, 'M_PBRA': -3.0, 'q_ACB': 0.5}
2025-11-23 17:23:58.584 | INFO     | env.satellite_mac_env:step:159 - parsed_action {'M_CBRA': -2.0, 'M_PBRA': 0.0, 'q_ACB': 0.5}
2025-11-23 17:23:58.585 | INFO     | env.satellite_mac_env:step:159 - parsed_action {'M_CBRA': -3.0, 'M_PBRA': 1.0, 'q_ACB': 0.5}
2025-11-23 17:23:58.587 | INFO     | env.satellite_mac_env:step:159 - parsed_action {'M_CBRA': 2.0, 'M_PBRA': -1.0, 'q_ACB': 0.5}
2025-11-23 17:23:58.591 | INFO     | env.satellite_mac_env:step:159 - parsed_action {'M_CBRA': 3.0, 'M_PBRA': 0.0, 'q_ACB': 0.5}
2025-11-23 17:23:58.592 | INFO     | env.satellite_mac_env:step:159 - parsed_action {'M_CBRA': 3.0, 'M_PBRA': 2.0, 'q_ACB': 0.5}
2025-11-23 17:23:58.594 | INFO     | env.satellite_mac_env:step:159 - parsed_action {'M_CBRA': -3.0, 'M_PBRA': 0.0, 'q_ACB': 0.5}
2025-11-23 17:23:58.595 | INFO     | env.satellite_mac_env:step:159 - parsed_action {'M_CBRA': 2.0, 'M_PBRA': -1.0, 'q_ACB': 0.5}
2025-11-23 17:23:58.598 | INFO     | env.satellite_mac_env:step:159 - parsed_action {'M_CBRA': -1.0, 'M_PBRA': -3.0, 'q_ACB': 0.5}
2025-11-23 17:23:58.600 | INFO     | env.satellite_mac_env:step:159 - parsed_action {'M_CBRA': -2.0, 'M_PBRA': -3.0, 'q_ACB': 0.5}
2025-11-23 17:23:58.601 | INFO     | env.satellite_mac_env:step:159 - parsed_action {'M_CBRA': 0.0, 'M_PBRA': -1.0, 'q_ACB': 0.5}
2025-11-23 17:23:58.602 | INFO     | env.satellite_mac_env:step:159 - parsed_action {'M_CBRA': -3.0, 'M_PBRA': -3.0, 'q_ACB': 0.5}
2025-11-23 17:23:58.606 | INFO     | env.satellite_mac_env:step:159 - parsed_action {'M_CBRA': -1.0, 'M_PBRA': -3.0, 'q_ACB': 0.5}
2025-11-23 17:23:58.608 | INFO     | env.satellite_mac_env:step:159 - parsed_action {'M_CBRA': -2.0, 'M_PBRA': 0.0, 'q_ACB': 0.5}
2025-11-23 17:23:58.609 | INFO     | env.satellite_mac_env:step:159 - parsed_action {'M_CBRA': 1.0, 'M_PBRA': 0.0, 'q_ACB': 0.5}
2025-11-23 17:23:58.611 | INFO     | env.satellite_mac_env:step:159 - parsed_action {'M_CBRA': -1.0, 'M_PBRA': 3.0, 'q_ACB': 0.5}
2025-11-23 17:23:58.614 | INFO     | env.satellite_mac_env:step:159 - parsed_action {'M_CBRA': -2.0, 'M_PBRA': 2.0, 'q_ACB': 0.5}
2025-11-23 17:23:58.616 | INFO     | env.satellite_mac_env:step:159 - parsed_action {'M_CBRA': -1.0, 'M_PBRA': 2.0, 'q_ACB': 0.5}
2025-11-23 17:23:58.617 | INFO     | env.satellite_mac_env:step:159 - parsed_action {'M_CBRA': -2.0, 'M_PBRA': 2.0, 'q_ACB': 0.5}
2025-11-23 17:23:58.618 | INFO     | env.satellite_mac_env:step:159 - parsed_action {'M_CBRA': -3.0, 'M_PBRA': 0.0, 'q_ACB': 0.5}
2025-11-23 17:23:58.623 | INFO     | env.satellite_mac_env:step:159 - parsed_action {'M_CBRA': 1.0, 'M_PBRA': -1.0, 'q_ACB': 0.5}
2025-11-23 17:23:58.624 | INFO     | env.satellite_mac_env:step:159 - parsed_action {'M_CBRA': -1.0, 'M_PBRA': -2.0, 'q_ACB': 0.5}
2025-11-23 17:23:58.626 | INFO     | env.satellite_mac_env:step:159 - parsed_action {'M_CBRA': -1.0, 'M_PBRA': 0.0, 'q_ACB': 0.5}
2025-11-23 17:23:58.627 | INFO     | env.satellite_mac_env:step:159 - parsed_action {'M_CBRA': 0.0, 'M_PBRA': -1.0, 'q_ACB': 0.5}
2025-11-23 17:23:58.631 | INFO     | env.satellite_mac_env:step:159 - parsed_action {'M_CBRA': -3.0, 'M_PBRA': 2.0, 'q_ACB': 0.5}
2025-11-23 17:23:58.632 | INFO     | env.satellite_mac_env:step:159 - parsed_action {'M_CBRA': -3.0, 'M_PBRA': -3.0, 'q_ACB': 0.5}
2025-11-23 17:23:58.633 | INFO     | env.satellite_mac_env:step:159 - parsed_action {'M_CBRA': 1.0, 'M_PBRA': 2.0, 'q_ACB': 0.5}
2025-11-23 17:23:58.635 | INFO     | env.satellite_mac_env:step:159 - parsed_action {'M_CBRA': 2.0, 'M_PBRA': -1.0, 'q_ACB': 0.5}
2025-11-23 17:23:58.639 | INFO     | env.satellite_mac_env:step:159 - parsed_action {'M_CBRA': 2.0, 'M_PBRA': -3.0, 'q_ACB': 0.5}
2025-11-23 17:23:58.641 | INFO     | env.satellite_mac_env:step:159 - parsed_action {'M_CBRA': 2.0, 'M_PBRA': -3.0, 'q_ACB': 0.5}
2025-11-23 17:23:58.642 | INFO     | env.satellite_mac_env:step:159 - parsed_action {'M_CBRA': -1.0, 'M_PBRA': -1.0, 'q_ACB': 0.5}
2025-11-23 17:23:58.644 | INFO     | env.satellite_mac_env:step:159 - parsed_action {'M_CBRA': -3.0, 'M_PBRA': 1.0, 'q_ACB': 0.5}
2025-11-23 17:23:58.648 | INFO     | env.satellite_mac_env:step:159 - parsed_action {'M_CBRA': 0.0, 'M_PBRA': 0.0, 'q_ACB': 0.5}
2025-11-23 17:23:58.649 | INFO     | env.satellite_mac_env:step:159 - parsed_action {'M_CBRA': 1.0, 'M_PBRA': 3.0, 'q_ACB': 0.5}
2025-11-23 17:23:58.650 | INFO     | env.satellite_mac_env:step:159 - parsed_action {'M_CBRA': 3.0, 'M_PBRA': -3.0, 'q_ACB': 0.5}
2025-11-23 17:23:58.651 | INFO     | env.satellite_mac_env:step:159 - parsed_action {'M_CBRA': -2.0, 'M_PBRA': -3.0, 'q_ACB': 0.5}
2025-11-23 17:23:58.656 | INFO     | env.satellite_mac_env:step:159 - parsed_action {'M_CBRA': 3.0, 'M_PBRA': 3.0, 'q_ACB': 0.5}
2025-11-23 17:23:58.657 | INFO     | env.satellite_mac_env:step:159 - parsed_action {'M_CBRA': 1.0, 'M_PBRA': 1.0, 'q_ACB': 0.5}
2025-11-23 17:23:58.659 | INFO     | env.satellite_mac_env:step:159 - parsed_action {'M_CBRA': 3.0, 'M_PBRA': 0.0, 'q_ACB': 0.5}
2025-11-23 17:23:58.660 | INFO     | env.satellite_mac_env:step:159 - parsed_action {'M_CBRA': -3.0, 'M_PBRA': -3.0, 'q_ACB': 0.5}
2025-11-23 17:23:58.663 | INFO     | env.satellite_mac_env:step:159 - parsed_action {'M_CBRA': 1.0, 'M_PBRA': 0.0, 'q_ACB': 0.5}
2025-11-23 17:23:58.665 | INFO     | env.satellite_mac_env:step:159 - parsed_action {'M_CBRA': -1.0, 'M_PBRA': 0.0, 'q_ACB': 0.5}
2025-11-23 17:23:58.666 | INFO     | env.satellite_mac_env:step:159 - parsed_action {'M_CBRA': -2.0, 'M_PBRA': -1.0, 'q_ACB': 0.5}
2025-11-23 17:23:58.667 | INFO     | env.satellite_mac_env:step:159 - parsed_action {'M_CBRA': -3.0, 'M_PBRA': 3.0, 'q_ACB': 0.5}
2025-11-23 17:23:58.671 | INFO     | env.satellite_mac_env:step:159 - parsed_action {'M_CBRA': -2.0, 'M_PBRA': 0.0, 'q_ACB': 0.5}
2025-11-23 17:23:58.673 | INFO     | env.satellite_mac_env:step:159 - parsed_action {'M_CBRA': -3.0, 'M_PBRA': -3.0, 'q_ACB': 0.5}
2025-11-23 17:23:58.674 | INFO     | env.satellite_mac_env:step:159 - parsed_action {'M_CBRA': -1.0, 'M_PBRA': -3.0, 'q_ACB': 0.5}
2025-11-23 17:23:58.676 | INFO     | env.satellite_mac_env:step:159 - parsed_action {'M_CBRA': -2.0, 'M_PBRA': 0.0, 'q_ACB': 0.5}
2025-11-23 17:23:58.679 | INFO     | env.satellite_mac_env:step:159 - parsed_action {'M_CBRA': 3.0, 'M_PBRA': 1.0, 'q_ACB': 0.5}
2025-11-23 17:23:58.680 | INFO     | env.satellite_mac_env:step:159 - parsed_action {'M_CBRA': -1.0, 'M_PBRA': 2.0, 'q_ACB': 0.5}
2025-11-23 17:23:58.682 | INFO     | env.satellite_mac_env:step:159 - parsed_action {'M_CBRA': 0.0, 'M_PBRA': -1.0, 'q_ACB': 0.5}
2025-11-23 17:23:58.683 | INFO     | env.satellite_mac_env:step:159 - parsed_action {'M_CBRA': 2.0, 'M_PBRA': -2.0, 'q_ACB': 0.5}
2025-11-23 17:23:58.688 | INFO     | env.satellite_mac_env:step:159 - parsed_action {'M_CBRA': -1.0, 'M_PBRA': 2.0, 'q_ACB': 0.5}
2025-11-23 17:23:58.690 | INFO     | env.satellite_mac_env:step:159 - parsed_action {'M_CBRA': 0.0, 'M_PBRA': -2.0, 'q_ACB': 0.5}
2025-11-23 17:23:58.691 | INFO     | env.satellite_mac_env:step:159 - parsed_action {'M_CBRA': -1.0, 'M_PBRA': -3.0, 'q_ACB': 0.5}
2025-11-23 17:23:58.693 | INFO     | env.satellite_mac_env:step:159 - parsed_action {'M_CBRA': -1.0, 'M_PBRA': 2.0, 'q_ACB': 0.5}
2025-11-23 17:23:58.696 | INFO     | env.satellite_mac_env:step:159 - parsed_action {'M_CBRA': -3.0, 'M_PBRA': 3.0, 'q_ACB': 0.5}
2025-11-23 17:23:58.698 | INFO     | env.satellite_mac_env:step:159 - parsed_action {'M_CBRA': -1.0, 'M_PBRA': 1.0, 'q_ACB': 0.5}
2025-11-23 17:23:58.699 | INFO     | env.satellite_mac_env:step:159 - parsed_action {'M_CBRA': 0.0, 'M_PBRA': -1.0, 'q_ACB': 0.5}
2025-11-23 17:23:58.700 | INFO     | env.satellite_mac_env:step:159 - parsed_action {'M_CBRA': 1.0, 'M_PBRA': 0.0, 'q_ACB': 0.5}
2025-11-23 17:23:58.705 | INFO     | env.satellite_mac_env:step:159 - parsed_action {'M_CBRA': -3.0, 'M_PBRA': -1.0, 'q_ACB': 0.5}
2025-11-23 17:23:58.707 | INFO     | env.satellite_mac_env:step:159 - parsed_action {'M_CBRA': -3.0, 'M_PBRA': 1.0, 'q_ACB': 0.5}
2025-11-23 17:23:58.708 | INFO     | env.satellite_mac_env:step:159 - parsed_action {'M_CBRA': -2.0, 'M_PBRA': 2.0, 'q_ACB': 0.5}
2025-11-23 17:23:58.709 | INFO     | env.satellite_mac_env:step:159 - parsed_action {'M_CBRA': 0.0, 'M_PBRA': 2.0, 'q_ACB': 0.5}
2025-11-23 17:23:58.713 | INFO     | env.satellite_mac_env:step:159 - parsed_action {'M_CBRA': -3.0, 'M_PBRA': 0.0, 'q_ACB': 0.5}
2025-11-23 17:23:58.714 | INFO     | env.satellite_mac_env:step:159 - parsed_action {'M_CBRA': -3.0, 'M_PBRA': -1.0, 'q_ACB': 0.5}
2025-11-23 17:23:58.715 | INFO     | env.satellite_mac_env:step:159 - parsed_action {'M_CBRA': 0.0, 'M_PBRA': -1.0, 'q_ACB': 0.5}
2025-11-23 17:23:58.717 | INFO     | env.satellite_mac_env:step:159 - parsed_action {'M_CBRA': -1.0, 'M_PBRA': 0.0, 'q_ACB': 0.5}
2025-11-23 17:23:58.722 | INFO     | env.satellite_mac_env:step:159 - parsed_action {'M_CBRA': 3.0, 'M_PBRA': 2.0, 'q_ACB': 0.5}
2025-11-23 17:23:58.724 | INFO     | env.satellite_mac_env:step:159 - parsed_action {'M_CBRA': 2.0, 'M_PBRA': 3.0, 'q_ACB': 0.5}
2025-11-23 17:23:58.725 | INFO     | env.satellite_mac_env:step:159 - parsed_action {'M_CBRA': 3.0, 'M_PBRA': 0.0, 'q_ACB': 0.5}
2025-11-23 17:23:58.726 | INFO     | env.satellite_mac_env:step:159 - parsed_action {'M_CBRA': -3.0, 'M_PBRA': 2.0, 'q_ACB': 0.5}
2025-11-23 17:23:58.730 | INFO     | env.satellite_mac_env:step:159 - parsed_action {'M_CBRA': 2.0, 'M_PBRA': 3.0, 'q_ACB': 0.5}
2025-11-23 17:23:58.731 | INFO     | env.satellite_mac_env:step:159 - parsed_action {'M_CBRA': 3.0, 'M_PBRA': 3.0, 'q_ACB': 0.5}
2025-11-23 17:23:58.732 | INFO     | env.satellite_mac_env:step:159 - parsed_action {'M_CBRA': -3.0, 'M_PBRA': -3.0, 'q_ACB': 0.5}
2025-11-23 17:23:58.734 | INFO     | env.satellite_mac_env:step:159 - parsed_action {'M_CBRA': -3.0, 'M_PBRA': -1.0, 'q_ACB': 0.5}
2025-11-23 17:23:58.738 | INFO     | env.satellite_mac_env:step:159 - parsed_action {'M_CBRA': -3.0, 'M_PBRA': -3.0, 'q_ACB': 0.5}
2025-11-23 17:23:58.740 | INFO     | env.satellite_mac_env:step:159 - parsed_action {'M_CBRA': 1.0, 'M_PBRA': -2.0, 'q_ACB': 0.5}
2025-11-23 17:23:58.741 | INFO     | env.satellite_mac_env:step:159 - parsed_action {'M_CBRA': -1.0, 'M_PBRA': -3.0, 'q_ACB': 0.5}
2025-11-23 17:23:58.742 | INFO     | env.satellite_mac_env:step:159 - parsed_action {'M_CBRA': 0.0, 'M_PBRA': 3.0, 'q_ACB': 0.5}
2025-11-23 17:23:58.746 | INFO     | env.satellite_mac_env:step:159 - parsed_action {'M_CBRA': 3.0, 'M_PBRA': 1.0, 'q_ACB': 0.5}
2025-11-23 17:23:58.747 | INFO     | env.satellite_mac_env:step:159 - parsed_action {'M_CBRA': -2.0, 'M_PBRA': 2.0, 'q_ACB': 0.5}
2025-11-23 17:23:58.748 | INFO     | env.satellite_mac_env:step:159 - parsed_action {'M_CBRA': -3.0, 'M_PBRA': -2.0, 'q_ACB': 0.5}
2025-11-23 17:23:58.750 | INFO     | env.satellite_mac_env:step:159 - parsed_action {'M_CBRA': 2.0, 'M_PBRA': -3.0, 'q_ACB': 0.5}
2025-11-23 17:23:58.754 | INFO     | env.satellite_mac_env:step:159 - parsed_action {'M_CBRA': -1.0, 'M_PBRA': 3.0, 'q_ACB': 0.5}
2025-11-23 17:23:58.756 | INFO     | env.satellite_mac_env:step:159 - parsed_action {'M_CBRA': -3.0, 'M_PBRA': -1.0, 'q_ACB': 0.5}
2025-11-23 17:23:58.757 | INFO     | env.satellite_mac_env:step:159 - parsed_action {'M_CBRA': 3.0, 'M_PBRA': -1.0, 'q_ACB': 0.5}
2025-11-23 17:23:58.759 | INFO     | env.satellite_mac_env:step:159 - parsed_action {'M_CBRA': -3.0, 'M_PBRA': 0.0, 'q_ACB': 0.5}
2025-11-23 17:23:58.762 | INFO     | env.satellite_mac_env:step:159 - parsed_action {'M_CBRA': 2.0, 'M_PBRA': 2.0, 'q_ACB': 0.5}
2025-11-23 17:23:58.764 | INFO     | env.satellite_mac_env:step:159 - parsed_action {'M_CBRA': -3.0, 'M_PBRA': 3.0, 'q_ACB': 0.5}
2025-11-23 17:23:58.765 | INFO     | env.satellite_mac_env:step:159 - parsed_action {'M_CBRA': 3.0, 'M_PBRA': 1.0, 'q_ACB': 0.5}
2025-11-23 17:23:58.766 | INFO     | env.satellite_mac_env:step:159 - parsed_action {'M_CBRA': -1.0, 'M_PBRA': -3.0, 'q_ACB': 0.5}
2025-11-23 17:23:58.770 | INFO     | env.satellite_mac_env:step:159 - parsed_action {'M_CBRA': 3.0, 'M_PBRA': 2.0, 'q_ACB': 0.5}
2025-11-23 17:23:58.772 | INFO     | env.satellite_mac_env:step:159 - parsed_action {'M_CBRA': -1.0, 'M_PBRA': -1.0, 'q_ACB': 0.5}
2025-11-23 17:23:58.773 | INFO     | env.satellite_mac_env:step:159 - parsed_action {'M_CBRA': 0.0, 'M_PBRA': 1.0, 'q_ACB': 0.5}
2025-11-23 17:23:58.775 | INFO     | env.satellite_mac_env:step:159 - parsed_action {'M_CBRA': -2.0, 'M_PBRA': -2.0, 'q_ACB': 0.5}
2025-11-23 17:23:58.779 | INFO     | env.satellite_mac_env:step:159 - parsed_action {'M_CBRA': -3.0, 'M_PBRA': -3.0, 'q_ACB': 0.5}
2025-11-23 17:23:58.780 | INFO     | env.satellite_mac_env:step:159 - parsed_action {'M_CBRA': 2.0, 'M_PBRA': 0.0, 'q_ACB': 0.5}
2025-11-23 17:23:58.781 | INFO     | env.satellite_mac_env:step:159 - parsed_action {'M_CBRA': -1.0, 'M_PBRA': -3.0, 'q_ACB': 0.5}
2025-11-23 17:23:58.783 | INFO     | env.satellite_mac_env:step:159 - parsed_action {'M_CBRA': -1.0, 'M_PBRA': 2.0, 'q_ACB': 0.5}
2025-11-23 17:23:58.786 | INFO     | env.satellite_mac_env:step:159 - parsed_action {'M_CBRA': 1.0, 'M_PBRA': 3.0, 'q_ACB': 0.5}
2025-11-23 17:23:58.788 | INFO     | env.satellite_mac_env:step:159 - parsed_action {'M_CBRA': 0.0, 'M_PBRA': 3.0, 'q_ACB': 0.5}
2025-11-23 17:23:58.789 | INFO     | env.satellite_mac_env:step:159 - parsed_action {'M_CBRA': 0.0, 'M_PBRA': 0.0, 'q_ACB': 0.5}
2025-11-23 17:23:58.790 | INFO     | env.satellite_mac_env:step:159 - parsed_action {'M_CBRA': 2.0, 'M_PBRA': 3.0, 'q_ACB': 0.5}
2025-11-23 17:23:58.794 | INFO     | env.satellite_mac_env:step:159 - parsed_action {'M_CBRA': -2.0, 'M_PBRA': -2.0, 'q_ACB': 0.5}
2025-11-23 17:23:58.795 | INFO     | env.satellite_mac_env:step:159 - parsed_action {'M_CBRA': -3.0, 'M_PBRA': 1.0, 'q_ACB': 0.5}
2025-11-23 17:23:58.797 | INFO     | env.satellite_mac_env:step:159 - parsed_action {'M_CBRA': -3.0, 'M_PBRA': -3.0, 'q_ACB': 0.5}
2025-11-23 17:23:58.798 | INFO     | env.satellite_mac_env:step:159 - parsed_action {'M_CBRA': 0.0, 'M_PBRA': 2.0, 'q_ACB': 0.5}
2025-11-23 17:23:59.152 | INFO     | __main__:_log_metrics:146 - iter=0001 reward=0.0007 ESS=1.0000 acb_mean=nan clip_fraction=0.0000 coll_rate=0.0000 coll_total=nan entropy=3.8918 explained_variance=nan kl_approx=0.0000 loss_critic=nan loss_entropy=-0.0389 loss_objective=nan p_cbra=nan p_cfra=nan p_pbra=nan r_cbra=nan r_pbra=nan succ_rate=0.0000 succ_total=nan succe_rate=0.0000
2025-11-23 17:23:59.154 | INFO     | env.satellite_mac_env:step:159 - parsed_action {'M_CBRA': 2.0, 'M_PBRA': 3.0, 'q_ACB': 0.5}
2025-11-23 17:23:59.156 | INFO     | env.satellite_mac_env:step:159 - parsed_action {'M_CBRA': -3.0, 'M_PBRA': 0.0, 'q_ACB': 0.5}
2025-11-23 17:23:59.157 | INFO     | env.satellite_mac_env:step:159 - parsed_action {'M_CBRA': 0.0, 'M_PBRA': 0.0, 'q_ACB': 0.5}
2025-11-23 17:23:59.158 | INFO     | env.satellite_mac_env:step:159 - parsed_action {'M_CBRA': -3.0, 'M_PBRA': 0.0, 'q_ACB': 0.5}
2025-11-23 17:23:59.162 | INFO     | env.satellite_mac_env:step:159 - parsed_action {'M_CBRA': -1.0, 'M_PBRA': 2.0, 'q_ACB': 0.5}
2025-11-23 17:23:59.163 | INFO     | env.satellite_mac_env:step:159 - parsed_action {'M_CBRA': 3.0, 'M_PBRA': -2.0, 'q_ACB': 0.5}
2025-11-23 17:23:59.165 | INFO     | env.satellite_mac_env:step:159 - parsed_action {'M_CBRA': 3.0, 'M_PBRA': -3.0, 'q_ACB': 0.5}
2025-11-23 17:23:59.166 | INFO     | env.satellite_mac_env:step:159 - parsed_action {'M_CBRA': 1.0, 'M_PBRA': 2.0, 'q_ACB': 0.5}
2025-11-23 17:23:59.170 | INFO     | env.satellite_mac_env:step:159 - parsed_action {'M_CBRA': -3.0, 'M_PBRA': -3.0, 'q_ACB': 0.5}
2025-11-23 17:23:59.172 | INFO     | env.satellite_mac_env:step:159 - parsed_action {'M_CBRA': 1.0, 'M_PBRA': 0.0, 'q_ACB': 0.5}
2025-11-23 17:23:59.173 | INFO     | env.satellite_mac_env:step:159 - parsed_action {'M_CBRA': 3.0, 'M_PBRA': 3.0, 'q_ACB': 0.5}
2025-11-23 17:23:59.175 | INFO     | env.satellite_mac_env:step:159 - parsed_action {'M_CBRA': 3.0, 'M_PBRA': -2.0, 'q_ACB': 0.5}
2025-11-23 17:23:59.178 | INFO     | env.satellite_mac_env:step:159 - parsed_action {'M_CBRA': 3.0, 'M_PBRA': -2.0, 'q_ACB': 0.5}
2025-11-23 17:23:59.180 | INFO     | env.satellite_mac_env:step:159 - parsed_action {'M_CBRA': -2.0, 'M_PBRA': -1.0, 'q_ACB': 0.5}
2025-11-23 17:23:59.181 | INFO     | env.satellite_mac_env:step:159 - parsed_action {'M_CBRA': 3.0, 'M_PBRA': 0.0, 'q_ACB': 0.5}
2025-11-23 17:23:59.182 | INFO     | env.satellite_mac_env:step:159 - parsed_action {'M_CBRA': 2.0, 'M_PBRA': -2.0, 'q_ACB': 0.5}
2025-11-23 17:23:59.186 | INFO     | env.satellite_mac_env:step:159 - parsed_action {'M_CBRA': -1.0, 'M_PBRA': 1.0, 'q_ACB': 0.5}
2025-11-23 17:23:59.188 | INFO     | env.satellite_mac_env:step:159 - parsed_action {'M_CBRA': -2.0, 'M_PBRA': -2.0, 'q_ACB': 0.5}
2025-11-23 17:23:59.190 | INFO     | env.satellite_mac_env:step:159 - parsed_action {'M_CBRA': 2.0, 'M_PBRA': 3.0, 'q_ACB': 0.5}
2025-11-23 17:23:59.191 | INFO     | env.satellite_mac_env:step:159 - parsed_action {'M_CBRA': 2.0, 'M_PBRA': -1.0, 'q_ACB': 0.5}
2025-11-23 17:23:59.195 | INFO     | env.satellite_mac_env:step:159 - parsed_action {'M_CBRA': 2.0, 'M_PBRA': 3.0, 'q_ACB': 0.5}
2025-11-23 17:23:59.197 | INFO     | env.satellite_mac_env:step:159 - parsed_action {'M_CBRA': 1.0, 'M_PBRA': -2.0, 'q_ACB': 0.5}
2025-11-23 17:23:59.198 | INFO     | env.satellite_mac_env:step:159 - parsed_action {'M_CBRA': 2.0, 'M_PBRA': 1.0, 'q_ACB': 0.5}
2025-11-23 17:23:59.200 | INFO     | env.satellite_mac_env:step:159 - parsed_action {'M_CBRA': -1.0, 'M_PBRA': 3.0, 'q_ACB': 0.5}
2025-11-23 17:23:59.204 | INFO     | env.satellite_mac_env:step:159 - parsed_action {'M_CBRA': 0.0, 'M_PBRA': 1.0, 'q_ACB': 0.5}
2025-11-23 17:23:59.206 | INFO     | env.satellite_mac_env:step:159 - parsed_action {'M_CBRA': 2.0, 'M_PBRA': -1.0, 'q_ACB': 0.5}
2025-11-23 17:23:59.207 | INFO     | env.satellite_mac_env:step:159 - parsed_action {'M_CBRA': 1.0, 'M_PBRA': 2.0, 'q_ACB': 0.5}
2025-11-23 17:23:59.209 | INFO     | env.satellite_mac_env:step:159 - parsed_action {'M_CBRA': 2.0, 'M_PBRA': -3.0, 'q_ACB': 0.5}
2025-11-23 17:23:59.213 | INFO     | env.satellite_mac_env:step:159 - parsed_action {'M_CBRA': -3.0, 'M_PBRA': -2.0, 'q_ACB': 0.5}
2025-11-23 17:23:59.214 | INFO     | env.satellite_mac_env:step:159 - parsed_action {'M_CBRA': -2.0, 'M_PBRA': -2.0, 'q_ACB': 0.5}
2025-11-23 17:23:59.216 | INFO     | env.satellite_mac_env:step:159 - parsed_action {'M_CBRA': 0.0, 'M_PBRA': 1.0, 'q_ACB': 0.5}
2025-11-23 17:23:59.217 | INFO     | env.satellite_mac_env:step:159 - parsed_action {'M_CBRA': -2.0, 'M_PBRA': -1.0, 'q_ACB': 0.5}
2025-11-23 17:23:59.222 | INFO     | env.satellite_mac_env:step:159 - parsed_action {'M_CBRA': 0.0, 'M_PBRA': 2.0, 'q_ACB': 0.5}
2025-11-23 17:23:59.224 | INFO     | env.satellite_mac_env:step:159 - parsed_action {'M_CBRA': -2.0, 'M_PBRA': 1.0, 'q_ACB': 0.5}
2025-11-23 17:23:59.226 | INFO     | env.satellite_mac_env:step:159 - parsed_action {'M_CBRA': -3.0, 'M_PBRA': 3.0, 'q_ACB': 0.5}
2025-11-23 17:23:59.227 | INFO     | env.satellite_mac_env:step:159 - parsed_action {'M_CBRA': -2.0, 'M_PBRA': -1.0, 'q_ACB': 0.5}
2025-11-23 17:23:59.231 | INFO     | env.satellite_mac_env:step:159 - parsed_action {'M_CBRA': -2.0, 'M_PBRA': 2.0, 'q_ACB': 0.5}
2025-11-23 17:23:59.232 | INFO     | env.satellite_mac_env:step:159 - parsed_action {'M_CBRA': 0.0, 'M_PBRA': 3.0, 'q_ACB': 0.5}
2025-11-23 17:23:59.234 | INFO     | env.satellite_mac_env:step:159 - parsed_action {'M_CBRA': 1.0, 'M_PBRA': -1.0, 'q_ACB': 0.5}
2025-11-23 17:23:59.235 | INFO     | env.satellite_mac_env:step:159 - parsed_action {'M_CBRA': -3.0, 'M_PBRA': -3.0, 'q_ACB': 0.5}
2025-11-23 17:23:59.240 | INFO     | env.satellite_mac_env:step:159 - parsed_action {'M_CBRA': -2.0, 'M_PBRA': 1.0, 'q_ACB': 0.5}
2025-11-23 17:23:59.242 | INFO     | env.satellite_mac_env:step:159 - parsed_action {'M_CBRA': -1.0, 'M_PBRA': 0.0, 'q_ACB': 0.5}
2025-11-23 17:23:59.243 | INFO     | env.satellite_mac_env:step:159 - parsed_action {'M_CBRA': -2.0, 'M_PBRA': 3.0, 'q_ACB': 0.5}
2025-11-23 17:23:59.244 | INFO     | env.satellite_mac_env:step:159 - parsed_action {'M_CBRA': -1.0, 'M_PBRA': 3.0, 'q_ACB': 0.5}
2025-11-23 17:23:59.248 | INFO     | env.satellite_mac_env:step:159 - parsed_action {'M_CBRA': 1.0, 'M_PBRA': 1.0, 'q_ACB': 0.5}
2025-11-23 17:23:59.250 | INFO     | env.satellite_mac_env:step:159 - parsed_action {'M_CBRA': 1.0, 'M_PBRA': 0.0, 'q_ACB': 0.5}
2025-11-23 17:23:59.251 | INFO     | env.satellite_mac_env:step:159 - parsed_action {'M_CBRA': -3.0, 'M_PBRA': -2.0, 'q_ACB': 0.5}
2025-11-23 17:23:59.254 | INFO     | env.satellite_mac_env:step:159 - parsed_action {'M_CBRA': -3.0, 'M_PBRA': 0.0, 'q_ACB': 0.5}
2025-11-23 17:23:59.259 | INFO     | env.satellite_mac_env:step:159 - parsed_action {'M_CBRA': 1.0, 'M_PBRA': 3.0, 'q_ACB': 0.5}
2025-11-23 17:23:59.260 | INFO     | env.satellite_mac_env:step:159 - parsed_action {'M_CBRA': 0.0, 'M_PBRA': -3.0, 'q_ACB': 0.5}
2025-11-23 17:23:59.262 | INFO     | env.satellite_mac_env:step:159 - parsed_action {'M_CBRA': 0.0, 'M_PBRA': 0.0, 'q_ACB': 0.5}
2025-11-23 17:23:59.263 | INFO     | env.satellite_mac_env:step:159 - parsed_action {'M_CBRA': 1.0, 'M_PBRA': 0.0, 'q_ACB': 0.5}
2025-11-23 17:23:59.267 | INFO     | env.satellite_mac_env:step:159 - parsed_action {'M_CBRA': -1.0, 'M_PBRA': -2.0, 'q_ACB': 0.5}
2025-11-23 17:23:59.268 | INFO     | env.satellite_mac_env:step:159 - parsed_action {'M_CBRA': -3.0, 'M_PBRA': -3.0, 'q_ACB': 0.5}
2025-11-23 17:23:59.270 | INFO     | env.satellite_mac_env:step:159 - parsed_action {'M_CBRA': -1.0, 'M_PBRA': 3.0, 'q_ACB': 0.5}
2025-11-23 17:23:59.273 | INFO     | env.satellite_mac_env:step:159 - parsed_action {'M_CBRA': 0.0, 'M_PBRA': 2.0, 'q_ACB': 0.5}
2025-11-23 17:23:59.277 | INFO     | env.satellite_mac_env:step:159 - parsed_action {'M_CBRA': 0.0, 'M_PBRA': -3.0, 'q_ACB': 0.5}
2025-11-23 17:23:59.278 | INFO     | env.satellite_mac_env:step:159 - parsed_action {'M_CBRA': 0.0, 'M_PBRA': 3.0, 'q_ACB': 0.5}
2025-11-23 17:23:59.279 | INFO     | env.satellite_mac_env:step:159 - parsed_action {'M_CBRA': 0.0, 'M_PBRA': 3.0, 'q_ACB': 0.5}
2025-11-23 17:23:59.280 | INFO     | env.satellite_mac_env:step:159 - parsed_action {'M_CBRA': -2.0, 'M_PBRA': -2.0, 'q_ACB': 0.5}
2025-11-23 17:23:59.284 | INFO     | env.satellite_mac_env:step:159 - parsed_action {'M_CBRA': 0.0, 'M_PBRA': 2.0, 'q_ACB': 0.5}
2025-11-23 17:23:59.286 | INFO     | env.satellite_mac_env:step:159 - parsed_action {'M_CBRA': 2.0, 'M_PBRA': 0.0, 'q_ACB': 0.5}
2025-11-23 17:23:59.287 | INFO     | env.satellite_mac_env:step:159 - parsed_action {'M_CBRA': 3.0, 'M_PBRA': -2.0, 'q_ACB': 0.5}
2025-11-23 17:23:59.289 | INFO     | env.satellite_mac_env:step:159 - parsed_action {'M_CBRA': -3.0, 'M_PBRA': 0.0, 'q_ACB': 0.5}
2025-11-23 17:23:59.293 | INFO     | env.satellite_mac_env:step:159 - parsed_action {'M_CBRA': 2.0, 'M_PBRA': 0.0, 'q_ACB': 0.5}
2025-11-23 17:23:59.295 | INFO     | env.satellite_mac_env:step:159 - parsed_action {'M_CBRA': -1.0, 'M_PBRA': 0.0, 'q_ACB': 0.5}
2025-11-23 17:23:59.296 | INFO     | env.satellite_mac_env:step:159 - parsed_action {'M_CBRA': -2.0, 'M_PBRA': -2.0, 'q_ACB': 0.5}
2025-11-23 17:23:59.297 | INFO     | env.satellite_mac_env:step:159 - parsed_action {'M_CBRA': -2.0, 'M_PBRA': -1.0, 'q_ACB': 0.5}
2025-11-23 17:23:59.301 | INFO     | env.satellite_mac_env:step:159 - parsed_action {'M_CBRA': -2.0, 'M_PBRA': 1.0, 'q_ACB': 0.5}
2025-11-23 17:23:59.303 | INFO     | env.satellite_mac_env:step:159 - parsed_action {'M_CBRA': -2.0, 'M_PBRA': -3.0, 'q_ACB': 0.5}
2025-11-23 17:23:59.305 | INFO     | env.satellite_mac_env:step:159 - parsed_action {'M_CBRA': 1.0, 'M_PBRA': -3.0, 'q_ACB': 0.5}
2025-11-23 17:23:59.306 | INFO     | env.satellite_mac_env:step:159 - parsed_action {'M_CBRA': -3.0, 'M_PBRA': -2.0, 'q_ACB': 0.5}
2025-11-23 17:23:59.310 | INFO     | env.satellite_mac_env:step:159 - parsed_action {'M_CBRA': 0.0, 'M_PBRA': -1.0, 'q_ACB': 0.5}
2025-11-23 17:23:59.311 | INFO     | env.satellite_mac_env:step:159 - parsed_action {'M_CBRA': 2.0, 'M_PBRA': 0.0, 'q_ACB': 0.5}
2025-11-23 17:23:59.313 | INFO     | env.satellite_mac_env:step:159 - parsed_action {'M_CBRA': -1.0, 'M_PBRA': -1.0, 'q_ACB': 0.5}
2025-11-23 17:23:59.314 | INFO     | env.satellite_mac_env:step:159 - parsed_action {'M_CBRA': -3.0, 'M_PBRA': -2.0, 'q_ACB': 0.5}
2025-11-23 17:23:59.318 | INFO     | env.satellite_mac_env:step:159 - parsed_action {'M_CBRA': 2.0, 'M_PBRA': 3.0, 'q_ACB': 0.5}
2025-11-23 17:23:59.320 | INFO     | env.satellite_mac_env:step:159 - parsed_action {'M_CBRA': -2.0, 'M_PBRA': -3.0, 'q_ACB': 0.5}
2025-11-23 17:23:59.322 | INFO     | env.satellite_mac_env:step:159 - parsed_action {'M_CBRA': 2.0, 'M_PBRA': 0.0, 'q_ACB': 0.5}
2025-11-23 17:23:59.324 | INFO     | env.satellite_mac_env:step:159 - parsed_action {'M_CBRA': -1.0, 'M_PBRA': -2.0, 'q_ACB': 0.5}
2025-11-23 17:23:59.328 | INFO     | env.satellite_mac_env:step:159 - parsed_action {'M_CBRA': -3.0, 'M_PBRA': -1.0, 'q_ACB': 0.5}
2025-11-23 17:23:59.329 | INFO     | env.satellite_mac_env:step:159 - parsed_action {'M_CBRA': -3.0, 'M_PBRA': -1.0, 'q_ACB': 0.5}
2025-11-23 17:23:59.330 | INFO     | env.satellite_mac_env:step:159 - parsed_action {'M_CBRA': 2.0, 'M_PBRA': 2.0, 'q_ACB': 0.5}
2025-11-23 17:23:59.332 | INFO     | env.satellite_mac_env:step:159 - parsed_action {'M_CBRA': 0.0, 'M_PBRA': 0.0, 'q_ACB': 0.5}
2025-11-23 17:23:59.335 | INFO     | env.satellite_mac_env:step:159 - parsed_action {'M_CBRA': -2.0, 'M_PBRA': 0.0, 'q_ACB': 0.5}
2025-11-23 17:23:59.337 | INFO     | env.satellite_mac_env:step:159 - parsed_action {'M_CBRA': -3.0, 'M_PBRA': 3.0, 'q_ACB': 0.5}
2025-11-23 17:23:59.339 | INFO     | env.satellite_mac_env:step:159 - parsed_action {'M_CBRA': -2.0, 'M_PBRA': 1.0, 'q_ACB': 0.5}
2025-11-23 17:23:59.340 | INFO     | env.satellite_mac_env:step:159 - parsed_action {'M_CBRA': 0.0, 'M_PBRA': -3.0, 'q_ACB': 0.5}
2025-11-23 17:23:59.344 | INFO     | env.satellite_mac_env:step:159 - parsed_action {'M_CBRA': -3.0, 'M_PBRA': 0.0, 'q_ACB': 0.5}
2025-11-23 17:23:59.346 | INFO     | env.satellite_mac_env:step:159 - parsed_action {'M_CBRA': 1.0, 'M_PBRA': -2.0, 'q_ACB': 0.5}
2025-11-23 17:23:59.347 | INFO     | env.satellite_mac_env:step:159 - parsed_action {'M_CBRA': 1.0, 'M_PBRA': 0.0, 'q_ACB': 0.5}
2025-11-23 17:23:59.348 | INFO     | env.satellite_mac_env:step:159 - parsed_action {'M_CBRA': 0.0, 'M_PBRA': -1.0, 'q_ACB': 0.5}
2025-11-23 17:23:59.352 | INFO     | env.satellite_mac_env:step:159 - parsed_action {'M_CBRA': -3.0, 'M_PBRA': 2.0, 'q_ACB': 0.5}
2025-11-23 17:23:59.355 | INFO     | env.satellite_mac_env:step:159 - parsed_action {'M_CBRA': -3.0, 'M_PBRA': -3.0, 'q_ACB': 0.5}
2025-11-23 17:23:59.357 | INFO     | env.satellite_mac_env:step:159 - parsed_action {'M_CBRA': 1.0, 'M_PBRA': 0.0, 'q_ACB': 0.5}
2025-11-23 17:23:59.358 | INFO     | env.satellite_mac_env:step:159 - parsed_action {'M_CBRA': -2.0, 'M_PBRA': -1.0, 'q_ACB': 0.5}
2025-11-23 17:23:59.362 | INFO     | env.satellite_mac_env:step:159 - parsed_action {'M_CBRA': 2.0, 'M_PBRA': 2.0, 'q_ACB': 0.5}
2025-11-23 17:23:59.364 | INFO     | env.satellite_mac_env:step:159 - parsed_action {'M_CBRA': 0.0, 'M_PBRA': 1.0, 'q_ACB': 0.5}
2025-11-23 17:23:59.365 | INFO     | env.satellite_mac_env:step:159 - parsed_action {'M_CBRA': -1.0, 'M_PBRA': -3.0, 'q_ACB': 0.5}
2025-11-23 17:23:59.366 | INFO     | env.satellite_mac_env:step:159 - parsed_action {'M_CBRA': -2.0, 'M_PBRA': -3.0, 'q_ACB': 0.5}
2025-11-23 17:23:59.371 | INFO     | env.satellite_mac_env:step:159 - parsed_action {'M_CBRA': -3.0, 'M_PBRA': 2.0, 'q_ACB': 0.5}
2025-11-23 17:23:59.373 | INFO     | env.satellite_mac_env:step:159 - parsed_action {'M_CBRA': -2.0, 'M_PBRA': -3.0, 'q_ACB': 0.5}
2025-11-23 17:23:59.374 | INFO     | env.satellite_mac_env:step:159 - parsed_action {'M_CBRA': -3.0, 'M_PBRA': 2.0, 'q_ACB': 0.5}
2025-11-23 17:23:59.375 | INFO     | env.satellite_mac_env:step:159 - parsed_action {'M_CBRA': -1.0, 'M_PBRA': 3.0, 'q_ACB': 0.5}
2025-11-23 17:23:59.379 | INFO     | env.satellite_mac_env:step:159 - parsed_action {'M_CBRA': 2.0, 'M_PBRA': 3.0, 'q_ACB': 0.5}
2025-11-23 17:23:59.381 | INFO     | env.satellite_mac_env:step:159 - parsed_action {'M_CBRA': 3.0, 'M_PBRA': 2.0, 'q_ACB': 0.5}
2025-11-23 17:23:59.382 | INFO     | env.satellite_mac_env:step:159 - parsed_action {'M_CBRA': 1.0, 'M_PBRA': 1.0, 'q_ACB': 0.5}
2025-11-23 17:23:59.384 | INFO     | env.satellite_mac_env:step:159 - parsed_action {'M_CBRA': 3.0, 'M_PBRA': 1.0, 'q_ACB': 0.5}
2025-11-23 17:23:59.388 | INFO     | env.satellite_mac_env:step:159 - parsed_action {'M_CBRA': -1.0, 'M_PBRA': 2.0, 'q_ACB': 0.5}
2025-11-23 17:23:59.390 | INFO     | env.satellite_mac_env:step:159 - parsed_action {'M_CBRA': -2.0, 'M_PBRA': -1.0, 'q_ACB': 0.5}
2025-11-23 17:23:59.392 | INFO     | env.satellite_mac_env:step:159 - parsed_action {'M_CBRA': 2.0, 'M_PBRA': 3.0, 'q_ACB': 0.5}
2025-11-23 17:23:59.393 | INFO     | env.satellite_mac_env:step:159 - parsed_action {'M_CBRA': 0.0, 'M_PBRA': 0.0, 'q_ACB': 0.5}
2025-11-23 17:23:59.397 | INFO     | env.satellite_mac_env:step:159 - parsed_action {'M_CBRA': -2.0, 'M_PBRA': -2.0, 'q_ACB': 0.5}
2025-11-23 17:23:59.398 | INFO     | env.satellite_mac_env:step:159 - parsed_action {'M_CBRA': -3.0, 'M_PBRA': 3.0, 'q_ACB': 0.5}
2025-11-23 17:23:59.399 | INFO     | env.satellite_mac_env:step:159 - parsed_action {'M_CBRA': 2.0, 'M_PBRA': 1.0, 'q_ACB': 0.5}
2025-11-23 17:23:59.400 | INFO     | env.satellite_mac_env:step:159 - parsed_action {'M_CBRA': 0.0, 'M_PBRA': 3.0, 'q_ACB': 0.5}
2025-11-23 17:23:59.405 | INFO     | env.satellite_mac_env:step:159 - parsed_action {'M_CBRA': 2.0, 'M_PBRA': -3.0, 'q_ACB': 0.5}
2025-11-23 17:23:59.407 | INFO     | env.satellite_mac_env:step:159 - parsed_action {'M_CBRA': -2.0, 'M_PBRA': -3.0, 'q_ACB': 0.5}
2025-11-23 17:23:59.408 | INFO     | env.satellite_mac_env:step:159 - parsed_action {'M_CBRA': -2.0, 'M_PBRA': 0.0, 'q_ACB': 0.5}
2025-11-23 17:23:59.410 | INFO     | env.satellite_mac_env:step:159 - parsed_action {'M_CBRA': -3.0, 'M_PBRA': 0.0, 'q_ACB': 0.5}
2025-11-23 17:23:59.413 | INFO     | env.satellite_mac_env:step:159 - parsed_action {'M_CBRA': 3.0, 'M_PBRA': -1.0, 'q_ACB': 0.5}
2025-11-23 17:23:59.415 | INFO     | env.satellite_mac_env:step:159 - parsed_action {'M_CBRA': 1.0, 'M_PBRA': 2.0, 'q_ACB': 0.5}
2025-11-23 17:23:59.416 | INFO     | env.satellite_mac_env:step:159 - parsed_action {'M_CBRA': 2.0, 'M_PBRA': 1.0, 'q_ACB': 0.5}
2025-11-23 17:23:59.417 | INFO     | env.satellite_mac_env:step:159 - parsed_action {'M_CBRA': -1.0, 'M_PBRA': 0.0, 'q_ACB': 0.5}
2025-11-23 17:23:59.422 | INFO     | env.satellite_mac_env:step:159 - parsed_action {'M_CBRA': 2.0, 'M_PBRA': -2.0, 'q_ACB': 0.5}
2025-11-23 17:23:59.424 | INFO     | env.satellite_mac_env:step:159 - parsed_action {'M_CBRA': -3.0, 'M_PBRA': -1.0, 'q_ACB': 0.5}
2025-11-23 17:23:59.426 | INFO     | env.satellite_mac_env:step:159 - parsed_action {'M_CBRA': -1.0, 'M_PBRA': 0.0, 'q_ACB': 0.5}
2025-11-23 17:23:59.427 | INFO     | env.satellite_mac_env:step:159 - parsed_action {'M_CBRA': 1.0, 'M_PBRA': -3.0, 'q_ACB': 0.5}
2025-11-23 17:23:59.430 | INFO     | env.satellite_mac_env:step:159 - parsed_action {'M_CBRA': 1.0, 'M_PBRA': 3.0, 'q_ACB': 0.5}
2025-11-23 17:23:59.432 | INFO     | env.satellite_mac_env:step:159 - parsed_action {'M_CBRA': 3.0, 'M_PBRA': 0.0, 'q_ACB': 0.5}
2025-11-23 17:23:59.433 | INFO     | env.satellite_mac_env:step:159 - parsed_action {'M_CBRA': -3.0, 'M_PBRA': 1.0, 'q_ACB': 0.5}
2025-11-23 17:23:59.434 | INFO     | env.satellite_mac_env:step:159 - parsed_action {'M_CBRA': -1.0, 'M_PBRA': 0.0, 'q_ACB': 0.5}
2025-11-23 17:23:59.439 | INFO     | env.satellite_mac_env:step:159 - parsed_action {'M_CBRA': -2.0, 'M_PBRA': -1.0, 'q_ACB': 0.5}
2025-11-23 17:23:59.441 | INFO     | env.satellite_mac_env:step:159 - parsed_action {'M_CBRA': -3.0, 'M_PBRA': -2.0, 'q_ACB': 0.5}
2025-11-23 17:23:59.443 | INFO     | env.satellite_mac_env:step:159 - parsed_action {'M_CBRA': 1.0, 'M_PBRA': 0.0, 'q_ACB': 0.5}
2025-11-23 17:23:59.444 | INFO     | env.satellite_mac_env:step:159 - parsed_action {'M_CBRA': 3.0, 'M_PBRA': 3.0, 'q_ACB': 0.5}
2025-11-23 17:23:59.447 | INFO     | env.satellite_mac_env:step:159 - parsed_action {'M_CBRA': 2.0, 'M_PBRA': 1.0, 'q_ACB': 0.5}
2025-11-23 17:23:59.449 | INFO     | env.satellite_mac_env:step:159 - parsed_action {'M_CBRA': 2.0, 'M_PBRA': 0.0, 'q_ACB': 0.5}
2025-11-23 17:23:59.450 | INFO     | env.satellite_mac_env:step:159 - parsed_action {'M_CBRA': 0.0, 'M_PBRA': -2.0, 'q_ACB': 0.5}
2025-11-23 17:23:59.451 | INFO     | env.satellite_mac_env:step:159 - parsed_action {'M_CBRA': -2.0, 'M_PBRA': -1.0, 'q_ACB': 0.5}
2025-11-23 17:23:59.456 | INFO     | env.satellite_mac_env:step:159 - parsed_action {'M_CBRA': -3.0, 'M_PBRA': 3.0, 'q_ACB': 0.5}
2025-11-23 17:23:59.458 | INFO     | env.satellite_mac_env:step:159 - parsed_action {'M_CBRA': 2.0, 'M_PBRA': -1.0, 'q_ACB': 0.5}
2025-11-23 17:23:59.459 | INFO     | env.satellite_mac_env:step:159 - parsed_action {'M_CBRA': -1.0, 'M_PBRA': 3.0, 'q_ACB': 0.5}
2025-11-23 17:23:59.460 | INFO     | env.satellite_mac_env:step:159 - parsed_action {'M_CBRA': 1.0, 'M_PBRA': -2.0, 'q_ACB': 0.5}
2025-11-23 17:23:59.464 | INFO     | env.satellite_mac_env:step:159 - parsed_action {'M_CBRA': 2.0, 'M_PBRA': -3.0, 'q_ACB': 0.5}
2025-11-23 17:23:59.465 | INFO     | env.satellite_mac_env:step:159 - parsed_action {'M_CBRA': 2.0, 'M_PBRA': 3.0, 'q_ACB': 0.5}
2025-11-23 17:23:59.467 | INFO     | env.satellite_mac_env:step:159 - parsed_action {'M_CBRA': -3.0, 'M_PBRA': -1.0, 'q_ACB': 0.5}
2025-11-23 17:23:59.468 | INFO     | env.satellite_mac_env:step:159 - parsed_action {'M_CBRA': -2.0, 'M_PBRA': -1.0, 'q_ACB': 0.5}
2025-11-23 17:23:59.474 | INFO     | env.satellite_mac_env:step:159 - parsed_action {'M_CBRA': 1.0, 'M_PBRA': 0.0, 'q_ACB': 0.5}
2025-11-23 17:23:59.476 | INFO     | env.satellite_mac_env:step:159 - parsed_action {'M_CBRA': 3.0, 'M_PBRA': -2.0, 'q_ACB': 0.5}
2025-11-23 17:23:59.477 | INFO     | env.satellite_mac_env:step:159 - parsed_action {'M_CBRA': 3.0, 'M_PBRA': 2.0, 'q_ACB': 0.5}
2025-11-23 17:23:59.478 | INFO     | env.satellite_mac_env:step:159 - parsed_action {'M_CBRA': 0.0, 'M_PBRA': 3.0, 'q_ACB': 0.5}
2025-11-23 17:23:59.482 | INFO     | env.satellite_mac_env:step:159 - parsed_action {'M_CBRA': -3.0, 'M_PBRA': 1.0, 'q_ACB': 0.5}
2025-11-23 17:23:59.483 | INFO     | env.satellite_mac_env:step:159 - parsed_action {'M_CBRA': 1.0, 'M_PBRA': 0.0, 'q_ACB': 0.5}
2025-11-23 17:23:59.484 | INFO     | env.satellite_mac_env:step:159 - parsed_action {'M_CBRA': 3.0, 'M_PBRA': 0.0, 'q_ACB': 0.5}
2025-11-23 17:23:59.486 | INFO     | env.satellite_mac_env:step:159 - parsed_action {'M_CBRA': 0.0, 'M_PBRA': -3.0, 'q_ACB': 0.5}
2025-11-23 17:23:59.491 | INFO     | env.satellite_mac_env:step:159 - parsed_action {'M_CBRA': 2.0, 'M_PBRA': -1.0, 'q_ACB': 0.5}
2025-11-23 17:23:59.492 | INFO     | env.satellite_mac_env:step:159 - parsed_action {'M_CBRA': -3.0, 'M_PBRA': 0.0, 'q_ACB': 0.5}
2025-11-23 17:23:59.494 | INFO     | env.satellite_mac_env:step:159 - parsed_action {'M_CBRA': 0.0, 'M_PBRA': -1.0, 'q_ACB': 0.5}
2025-11-23 17:23:59.495 | INFO     | env.satellite_mac_env:step:159 - parsed_action {'M_CBRA': -3.0, 'M_PBRA': 3.0, 'q_ACB': 0.5}
2025-11-23 17:23:59.498 | INFO     | env.satellite_mac_env:step:159 - parsed_action {'M_CBRA': 1.0, 'M_PBRA': 1.0, 'q_ACB': 0.5}
2025-11-23 17:23:59.499 | INFO     | env.satellite_mac_env:step:159 - parsed_action {'M_CBRA': -3.0, 'M_PBRA': 0.0, 'q_ACB': 0.5}
2025-11-23 17:23:59.501 | INFO     | env.satellite_mac_env:step:159 - parsed_action {'M_CBRA': 0.0, 'M_PBRA': -2.0, 'q_ACB': 0.5}
2025-11-23 17:23:59.502 | INFO     | env.satellite_mac_env:step:159 - parsed_action {'M_CBRA': -3.0, 'M_PBRA': -2.0, 'q_ACB': 0.5}
2025-11-23 17:23:59.507 | INFO     | env.satellite_mac_env:step:159 - parsed_action {'M_CBRA': 0.0, 'M_PBRA': -2.0, 'q_ACB': 0.5}
2025-11-23 17:23:59.509 | INFO     | env.satellite_mac_env:step:159 - parsed_action {'M_CBRA': -3.0, 'M_PBRA': -1.0, 'q_ACB': 0.5}
2025-11-23 17:23:59.510 | INFO     | env.satellite_mac_env:step:159 - parsed_action {'M_CBRA': 3.0, 'M_PBRA': 0.0, 'q_ACB': 0.5}
2025-11-23 17:23:59.512 | INFO     | env.satellite_mac_env:step:159 - parsed_action {'M_CBRA': 0.0, 'M_PBRA': -2.0, 'q_ACB': 0.5}
2025-11-23 17:23:59.515 | INFO     | env.satellite_mac_env:step:159 - parsed_action {'M_CBRA': 1.0, 'M_PBRA': 3.0, 'q_ACB': 0.5}
2025-11-23 17:23:59.516 | INFO     | env.satellite_mac_env:step:159 - parsed_action {'M_CBRA': 3.0, 'M_PBRA': -2.0, 'q_ACB': 0.5}
2025-11-23 17:23:59.518 | INFO     | env.satellite_mac_env:step:159 - parsed_action {'M_CBRA': 3.0, 'M_PBRA': -3.0, 'q_ACB': 0.5}
2025-11-23 17:23:59.520 | INFO     | env.satellite_mac_env:step:159 - parsed_action {'M_CBRA': 2.0, 'M_PBRA': 2.0, 'q_ACB': 0.5}
2025-11-23 17:23:59.525 | INFO     | env.satellite_mac_env:step:159 - parsed_action {'M_CBRA': -2.0, 'M_PBRA': -1.0, 'q_ACB': 0.5}
2025-11-23 17:23:59.527 | INFO     | env.satellite_mac_env:step:159 - parsed_action {'M_CBRA': -3.0, 'M_PBRA': -1.0, 'q_ACB': 0.5}
2025-11-23 17:23:59.528 | INFO     | env.satellite_mac_env:step:159 - parsed_action {'M_CBRA': 2.0, 'M_PBRA': 2.0, 'q_ACB': 0.5}
2025-11-23 17:23:59.530 | INFO     | env.satellite_mac_env:step:159 - parsed_action {'M_CBRA': 2.0, 'M_PBRA': -3.0, 'q_ACB': 0.5}
2025-11-23 17:23:59.533 | INFO     | env.satellite_mac_env:step:159 - parsed_action {'M_CBRA': 1.0, 'M_PBRA': 1.0, 'q_ACB': 0.5}
2025-11-23 17:23:59.535 | INFO     | env.satellite_mac_env:step:159 - parsed_action {'M_CBRA': 1.0, 'M_PBRA': -1.0, 'q_ACB': 0.5}
2025-11-23 17:23:59.536 | INFO     | env.satellite_mac_env:step:159 - parsed_action {'M_CBRA': 3.0, 'M_PBRA': 2.0, 'q_ACB': 0.5}
2025-11-23 17:23:59.538 | INFO     | env.satellite_mac_env:step:159 - parsed_action {'M_CBRA': 3.0, 'M_PBRA': -1.0, 'q_ACB': 0.5}
2025-11-23 17:23:59.542 | INFO     | env.satellite_mac_env:step:159 - parsed_action {'M_CBRA': -1.0, 'M_PBRA': -3.0, 'q_ACB': 0.5}
2025-11-23 17:23:59.544 | INFO     | env.satellite_mac_env:step:159 - parsed_action {'M_CBRA': -2.0, 'M_PBRA': 1.0, 'q_ACB': 0.5}
2025-11-23 17:23:59.545 | INFO     | env.satellite_mac_env:step:159 - parsed_action {'M_CBRA': -1.0, 'M_PBRA': 3.0, 'q_ACB': 0.5}
2025-11-23 17:23:59.546 | INFO     | env.satellite_mac_env:step:159 - parsed_action {'M_CBRA': 2.0, 'M_PBRA': 1.0, 'q_ACB': 0.5}
2025-11-23 17:23:59.550 | INFO     | env.satellite_mac_env:step:159 - parsed_action {'M_CBRA': 0.0, 'M_PBRA': -1.0, 'q_ACB': 0.5}
2025-11-23 17:23:59.551 | INFO     | env.satellite_mac_env:step:159 - parsed_action {'M_CBRA': -1.0, 'M_PBRA': -3.0, 'q_ACB': 0.5}
2025-11-23 17:23:59.553 | INFO     | env.satellite_mac_env:step:159 - parsed_action {'M_CBRA': 2.0, 'M_PBRA': 2.0, 'q_ACB': 0.5}
2025-11-23 17:23:59.555 | INFO     | env.satellite_mac_env:step:159 - parsed_action {'M_CBRA': 0.0, 'M_PBRA': -1.0, 'q_ACB': 0.5}
2025-11-23 17:23:59.559 | INFO     | env.satellite_mac_env:step:159 - parsed_action {'M_CBRA': 2.0, 'M_PBRA': -3.0, 'q_ACB': 0.5}
2025-11-23 17:23:59.560 | INFO     | env.satellite_mac_env:step:159 - parsed_action {'M_CBRA': -1.0, 'M_PBRA': -1.0, 'q_ACB': 0.5}
2025-11-23 17:23:59.562 | INFO     | env.satellite_mac_env:step:159 - parsed_action {'M_CBRA': 1.0, 'M_PBRA': 3.0, 'q_ACB': 0.5}
2025-11-23 17:23:59.563 | INFO     | env.satellite_mac_env:step:159 - parsed_action {'M_CBRA': -1.0, 'M_PBRA': 1.0, 'q_ACB': 0.5}
2025-11-23 17:23:59.566 | INFO     | env.satellite_mac_env:step:159 - parsed_action {'M_CBRA': 0.0, 'M_PBRA': 1.0, 'q_ACB': 0.5}
2025-11-23 17:23:59.568 | INFO     | env.satellite_mac_env:step:159 - parsed_action {'M_CBRA': 0.0, 'M_PBRA': 0.0, 'q_ACB': 0.5}
2025-11-23 17:23:59.570 | INFO     | env.satellite_mac_env:step:159 - parsed_action {'M_CBRA': -3.0, 'M_PBRA': 2.0, 'q_ACB': 0.5}
2025-11-23 17:23:59.571 | INFO     | env.satellite_mac_env:step:159 - parsed_action {'M_CBRA': 2.0, 'M_PBRA': 0.0, 'q_ACB': 0.5}
2025-11-23 17:23:59.575 | INFO     | env.satellite_mac_env:step:159 - parsed_action {'M_CBRA': 0.0, 'M_PBRA': 2.0, 'q_ACB': 0.5}
2025-11-23 17:23:59.577 | INFO     | env.satellite_mac_env:step:159 - parsed_action {'M_CBRA': 2.0, 'M_PBRA': 1.0, 'q_ACB': 0.5}
2025-11-23 17:23:59.578 | INFO     | env.satellite_mac_env:step:159 - parsed_action {'M_CBRA': 2.0, 'M_PBRA': 1.0, 'q_ACB': 0.5}
2025-11-23 17:23:59.579 | INFO     | env.satellite_mac_env:step:159 - parsed_action {'M_CBRA': -3.0, 'M_PBRA': 3.0, 'q_ACB': 0.5}
2025-11-23 17:23:59.583 | INFO     | env.satellite_mac_env:step:159 - parsed_action {'M_CBRA': -2.0, 'M_PBRA': -3.0, 'q_ACB': 0.5}
2025-11-23 17:23:59.584 | INFO     | env.satellite_mac_env:step:159 - parsed_action {'M_CBRA': 1.0, 'M_PBRA': 3.0, 'q_ACB': 0.5}
2025-11-23 17:23:59.585 | INFO     | env.satellite_mac_env:step:159 - parsed_action {'M_CBRA': 2.0, 'M_PBRA': -2.0, 'q_ACB': 0.5}
2025-11-23 17:23:59.587 | INFO     | env.satellite_mac_env:step:159 - parsed_action {'M_CBRA': 3.0, 'M_PBRA': -3.0, 'q_ACB': 0.5}
2025-11-23 17:23:59.591 | INFO     | env.satellite_mac_env:step:159 - parsed_action {'M_CBRA': -1.0, 'M_PBRA': 3.0, 'q_ACB': 0.5}
2025-11-23 17:23:59.592 | INFO     | env.satellite_mac_env:step:159 - parsed_action {'M_CBRA': 3.0, 'M_PBRA': 1.0, 'q_ACB': 0.5}
2025-11-23 17:23:59.593 | INFO     | env.satellite_mac_env:step:159 - parsed_action {'M_CBRA': 1.0, 'M_PBRA': 2.0, 'q_ACB': 0.5}
2025-11-23 17:23:59.595 | INFO     | env.satellite_mac_env:step:159 - parsed_action {'M_CBRA': -3.0, 'M_PBRA': 3.0, 'q_ACB': 0.5}
2025-11-23 17:23:59.598 | INFO     | env.satellite_mac_env:step:159 - parsed_action {'M_CBRA': 1.0, 'M_PBRA': 2.0, 'q_ACB': 0.5}
2025-11-23 17:23:59.599 | INFO     | env.satellite_mac_env:step:159 - parsed_action {'M_CBRA': 2.0, 'M_PBRA': -2.0, 'q_ACB': 0.5}
2025-11-23 17:23:59.601 | INFO     | env.satellite_mac_env:step:159 - parsed_action {'M_CBRA': 3.0, 'M_PBRA': -1.0, 'q_ACB': 0.5}
2025-11-23 17:23:59.602 | INFO     | env.satellite_mac_env:step:159 - parsed_action {'M_CBRA': -3.0, 'M_PBRA': -2.0, 'q_ACB': 0.5}
2025-11-23 17:23:59.606 | INFO     | env.satellite_mac_env:step:159 - parsed_action {'M_CBRA': -2.0, 'M_PBRA': -1.0, 'q_ACB': 0.5}
2025-11-23 17:23:59.608 | INFO     | env.satellite_mac_env:step:159 - parsed_action {'M_CBRA': -1.0, 'M_PBRA': -1.0, 'q_ACB': 0.5}
2025-11-23 17:23:59.609 | INFO     | env.satellite_mac_env:step:159 - parsed_action {'M_CBRA': -1.0, 'M_PBRA': -3.0, 'q_ACB': 0.5}
2025-11-23 17:23:59.610 | INFO     | env.satellite_mac_env:step:159 - parsed_action {'M_CBRA': -1.0, 'M_PBRA': -3.0, 'q_ACB': 0.5}
2025-11-23 17:23:59.614 | INFO     | env.satellite_mac_env:step:159 - parsed_action {'M_CBRA': -1.0, 'M_PBRA': 3.0, 'q_ACB': 0.5}
2025-11-23 17:23:59.615 | INFO     | env.satellite_mac_env:step:159 - parsed_action {'M_CBRA': -3.0, 'M_PBRA': 2.0, 'q_ACB': 0.5}
2025-11-23 17:23:59.616 | INFO     | env.satellite_mac_env:step:159 - parsed_action {'M_CBRA': 2.0, 'M_PBRA': 3.0, 'q_ACB': 0.5}
2025-11-23 17:23:59.617 | INFO     | env.satellite_mac_env:step:159 - parsed_action {'M_CBRA': 2.0, 'M_PBRA': 0.0, 'q_ACB': 0.5}
2025-11-23 17:23:59.622 | INFO     | env.satellite_mac_env:step:159 - parsed_action {'M_CBRA': -1.0, 'M_PBRA': -1.0, 'q_ACB': 0.5}
2025-11-23 17:23:59.624 | INFO     | env.satellite_mac_env:step:159 - parsed_action {'M_CBRA': -3.0, 'M_PBRA': -1.0, 'q_ACB': 0.5}
2025-11-23 17:23:59.625 | INFO     | env.satellite_mac_env:step:159 - parsed_action {'M_CBRA': 0.0, 'M_PBRA': -2.0, 'q_ACB': 0.5}
2025-11-23 17:23:59.626 | INFO     | env.satellite_mac_env:step:159 - parsed_action {'M_CBRA': -3.0, 'M_PBRA': -1.0, 'q_ACB': 0.5}
2025-11-23 17:23:59.630 | INFO     | env.satellite_mac_env:step:159 - parsed_action {'M_CBRA': -1.0, 'M_PBRA': -2.0, 'q_ACB': 0.5}
2025-11-23 17:23:59.631 | INFO     | env.satellite_mac_env:step:159 - parsed_action {'M_CBRA': -2.0, 'M_PBRA': -1.0, 'q_ACB': 0.5}
2025-11-23 17:23:59.632 | INFO     | env.satellite_mac_env:step:159 - parsed_action {'M_CBRA': 0.0, 'M_PBRA': 3.0, 'q_ACB': 0.5}
2025-11-23 17:23:59.634 | INFO     | env.satellite_mac_env:step:159 - parsed_action {'M_CBRA': 0.0, 'M_PBRA': -3.0, 'q_ACB': 0.5}
2025-11-23 17:23:59.638 | INFO     | env.satellite_mac_env:step:159 - parsed_action {'M_CBRA': -2.0, 'M_PBRA': -2.0, 'q_ACB': 0.5}
2025-11-23 17:23:59.640 | INFO     | env.satellite_mac_env:step:159 - parsed_action {'M_CBRA': 3.0, 'M_PBRA': -1.0, 'q_ACB': 0.5}
2025-11-23 17:23:59.641 | INFO     | env.satellite_mac_env:step:159 - parsed_action {'M_CBRA': 2.0, 'M_PBRA': -3.0, 'q_ACB': 0.5}
2025-11-23 17:23:59.642 | INFO     | env.satellite_mac_env:step:159 - parsed_action {'M_CBRA': 2.0, 'M_PBRA': -2.0, 'q_ACB': 0.5}
2025-11-23 17:23:59.646 | INFO     | env.satellite_mac_env:step:159 - parsed_action {'M_CBRA': -2.0, 'M_PBRA': 1.0, 'q_ACB': 0.5}
2025-11-23 17:23:59.647 | INFO     | env.satellite_mac_env:step:159 - parsed_action {'M_CBRA': -1.0, 'M_PBRA': 2.0, 'q_ACB': 0.5}
2025-11-23 17:23:59.648 | INFO     | env.satellite_mac_env:step:159 - parsed_action {'M_CBRA': -1.0, 'M_PBRA': 0.0, 'q_ACB': 0.5}
2025-11-23 17:23:59.650 | INFO     | env.satellite_mac_env:step:159 - parsed_action {'M_CBRA': 3.0, 'M_PBRA': 2.0, 'q_ACB': 0.5}
2025-11-23 17:23:59.653 | INFO     | env.satellite_mac_env:step:159 - parsed_action {'M_CBRA': 3.0, 'M_PBRA': -3.0, 'q_ACB': 0.5}
2025-11-23 17:23:59.655 | INFO     | env.satellite_mac_env:step:159 - parsed_action {'M_CBRA': 1.0, 'M_PBRA': 0.0, 'q_ACB': 0.5}
2025-11-23 17:23:59.656 | INFO     | env.satellite_mac_env:step:159 - parsed_action {'M_CBRA': 0.0, 'M_PBRA': 0.0, 'q_ACB': 0.5}
2025-11-23 17:23:59.658 | INFO     | env.satellite_mac_env:step:159 - parsed_action {'M_CBRA': 2.0, 'M_PBRA': 0.0, 'q_ACB': 0.5}
2025-11-23 17:23:59.662 | INFO     | env.satellite_mac_env:step:159 - parsed_action {'M_CBRA': 0.0, 'M_PBRA': 1.0, 'q_ACB': 0.5}
2025-11-23 17:23:59.663 | INFO     | env.satellite_mac_env:step:159 - parsed_action {'M_CBRA': 3.0, 'M_PBRA': 0.0, 'q_ACB': 0.5}
2025-11-23 17:23:59.664 | INFO     | env.satellite_mac_env:step:159 - parsed_action {'M_CBRA': -1.0, 'M_PBRA': -1.0, 'q_ACB': 0.5}
2025-11-23 17:23:59.665 | INFO     | env.satellite_mac_env:step:159 - parsed_action {'M_CBRA': 1.0, 'M_PBRA': -1.0, 'q_ACB': 0.5}
2025-11-23 17:23:59.669 | INFO     | env.satellite_mac_env:step:159 - parsed_action {'M_CBRA': -3.0, 'M_PBRA': -3.0, 'q_ACB': 0.5}
2025-11-23 17:23:59.671 | INFO     | env.satellite_mac_env:step:159 - parsed_action {'M_CBRA': -2.0, 'M_PBRA': 0.0, 'q_ACB': 0.5}
2025-11-23 17:23:59.672 | INFO     | env.satellite_mac_env:step:159 - parsed_action {'M_CBRA': -1.0, 'M_PBRA': -3.0, 'q_ACB': 0.5}
2025-11-23 17:23:59.674 | INFO     | env.satellite_mac_env:step:159 - parsed_action {'M_CBRA': 1.0, 'M_PBRA': -3.0, 'q_ACB': 0.5}
2025-11-23 17:23:59.677 | INFO     | env.satellite_mac_env:step:159 - parsed_action {'M_CBRA': -2.0, 'M_PBRA': 0.0, 'q_ACB': 0.5}
2025-11-23 17:23:59.678 | INFO     | env.satellite_mac_env:step:159 - parsed_action {'M_CBRA': -3.0, 'M_PBRA': 1.0, 'q_ACB': 0.5}
2025-11-23 17:23:59.680 | INFO     | env.satellite_mac_env:step:159 - parsed_action {'M_CBRA': -1.0, 'M_PBRA': -2.0, 'q_ACB': 0.5}
2025-11-23 17:23:59.681 | INFO     | env.satellite_mac_env:step:159 - parsed_action {'M_CBRA': 0.0, 'M_PBRA': 3.0, 'q_ACB': 0.5}
2025-11-23 17:23:59.684 | INFO     | env.satellite_mac_env:step:159 - parsed_action {'M_CBRA': -2.0, 'M_PBRA': 2.0, 'q_ACB': 0.5}
2025-11-23 17:23:59.686 | INFO     | env.satellite_mac_env:step:159 - parsed_action {'M_CBRA': 0.0, 'M_PBRA': 3.0, 'q_ACB': 0.5}
2025-11-23 17:23:59.688 | INFO     | env.satellite_mac_env:step:159 - parsed_action {'M_CBRA': -2.0, 'M_PBRA': 3.0, 'q_ACB': 0.5}
2025-11-23 17:23:59.689 | INFO     | env.satellite_mac_env:step:159 - parsed_action {'M_CBRA': 3.0, 'M_PBRA': -3.0, 'q_ACB': 0.5}
2025-11-23 17:23:59.693 | INFO     | env.satellite_mac_env:step:159 - parsed_action {'M_CBRA': -2.0, 'M_PBRA': -1.0, 'q_ACB': 0.5}
2025-11-23 17:23:59.694 | INFO     | env.satellite_mac_env:step:159 - parsed_action {'M_CBRA': 2.0, 'M_PBRA': -1.0, 'q_ACB': 0.5}
2025-11-23 17:23:59.695 | INFO     | env.satellite_mac_env:step:159 - parsed_action {'M_CBRA': -1.0, 'M_PBRA': 3.0, 'q_ACB': 0.5}
2025-11-23 17:23:59.697 | INFO     | env.satellite_mac_env:step:159 - parsed_action {'M_CBRA': -2.0, 'M_PBRA': -1.0, 'q_ACB': 0.5}
2025-11-23 17:23:59.700 | INFO     | env.satellite_mac_env:step:159 - parsed_action {'M_CBRA': 0.0, 'M_PBRA': -1.0, 'q_ACB': 0.5}
2025-11-23 17:23:59.701 | INFO     | env.satellite_mac_env:step:159 - parsed_action {'M_CBRA': 3.0, 'M_PBRA': -3.0, 'q_ACB': 0.5}
2025-11-23 17:23:59.702 | INFO     | env.satellite_mac_env:step:159 - parsed_action {'M_CBRA': 0.0, 'M_PBRA': -3.0, 'q_ACB': 0.5}
2025-11-23 17:23:59.704 | INFO     | env.satellite_mac_env:step:159 - parsed_action {'M_CBRA': -3.0, 'M_PBRA': -2.0, 'q_ACB': 0.5}
2025-11-23 17:23:59.708 | INFO     | env.satellite_mac_env:step:159 - parsed_action {'M_CBRA': -3.0, 'M_PBRA': 0.0, 'q_ACB': 0.5}
2025-11-23 17:23:59.709 | INFO     | env.satellite_mac_env:step:159 - parsed_action {'M_CBRA': -3.0, 'M_PBRA': -2.0, 'q_ACB': 0.5}
2025-11-23 17:23:59.711 | INFO     | env.satellite_mac_env:step:159 - parsed_action {'M_CBRA': 3.0, 'M_PBRA': 3.0, 'q_ACB': 0.5}
2025-11-23 17:23:59.712 | INFO     | env.satellite_mac_env:step:159 - parsed_action {'M_CBRA': 2.0, 'M_PBRA': 2.0, 'q_ACB': 0.5}
2025-11-23 17:23:59.715 | INFO     | env.satellite_mac_env:step:159 - parsed_action {'M_CBRA': 1.0, 'M_PBRA': -2.0, 'q_ACB': 0.5}
2025-11-23 17:23:59.716 | INFO     | env.satellite_mac_env:step:159 - parsed_action {'M_CBRA': -1.0, 'M_PBRA': 1.0, 'q_ACB': 0.5}
2025-11-23 17:23:59.718 | INFO     | env.satellite_mac_env:step:159 - parsed_action {'M_CBRA': 3.0, 'M_PBRA': 2.0, 'q_ACB': 0.5}
2025-11-23 17:23:59.719 | INFO     | env.satellite_mac_env:step:159 - parsed_action {'M_CBRA': -2.0, 'M_PBRA': 1.0, 'q_ACB': 0.5}
2025-11-23 17:23:59.723 | INFO     | env.satellite_mac_env:step:159 - parsed_action {'M_CBRA': 2.0, 'M_PBRA': 3.0, 'q_ACB': 0.5}
2025-11-23 17:23:59.725 | INFO     | env.satellite_mac_env:step:159 - parsed_action {'M_CBRA': 2.0, 'M_PBRA': 0.0, 'q_ACB': 0.5}
2025-11-23 17:23:59.726 | INFO     | env.satellite_mac_env:step:159 - parsed_action {'M_CBRA': 1.0, 'M_PBRA': -2.0, 'q_ACB': 0.5}
2025-11-23 17:23:59.727 | INFO     | env.satellite_mac_env:step:159 - parsed_action {'M_CBRA': 0.0, 'M_PBRA': -2.0, 'q_ACB': 0.5}
2025-11-23 17:23:59.730 | INFO     | env.satellite_mac_env:step:159 - parsed_action {'M_CBRA': -3.0, 'M_PBRA': -1.0, 'q_ACB': 0.5}
2025-11-23 17:23:59.732 | INFO     | env.satellite_mac_env:step:159 - parsed_action {'M_CBRA': 1.0, 'M_PBRA': -1.0, 'q_ACB': 0.5}
2025-11-23 17:23:59.733 | INFO     | env.satellite_mac_env:step:159 - parsed_action {'M_CBRA': 1.0, 'M_PBRA': 1.0, 'q_ACB': 0.5}
2025-11-23 17:23:59.734 | INFO     | env.satellite_mac_env:step:159 - parsed_action {'M_CBRA': 3.0, 'M_PBRA': 0.0, 'q_ACB': 0.5}
2025-11-23 17:23:59.739 | INFO     | env.satellite_mac_env:step:159 - parsed_action {'M_CBRA': 2.0, 'M_PBRA': 1.0, 'q_ACB': 0.5}
2025-11-23 17:23:59.740 | INFO     | env.satellite_mac_env:step:159 - parsed_action {'M_CBRA': -1.0, 'M_PBRA': -2.0, 'q_ACB': 0.5}
2025-11-23 17:27:25.025 | INFO     | __main__:main:177 - Using serial env backend with 4 replicas
2025-11-23 17:27:25.083 | INFO     | __main__:main:181 - Starting H-PPO training
2025-11-23 17:27:25.099 | INFO     | env.satellite_mac_env:_decode_combo_component:220 - self._delta_pairs [(-3, -3), (-3, -2), (-3, -1), (-3, 0), (-3, 1), (-3, 2), (-3, 3), (-2, -3), (-2, -2), (-2, -1), (-2, 0), (-2, 1), (-2, 2), (-2, 3), (-1, -3), (-1, -2), (-1, -1), (-1, 0), (-1, 1), (-1, 2), (-1, 3), (0, -3), (0, -2), (0, -1), (0, 0), (0, 1), (0, 2), (0, 3), (1, -3), (1, -2), (1, -1), (1, 0), (1, 1), (1, 2), (1, 3), (2, -3), (2, -2), (2, -1), (2, 0), (2, 1), (2, 2), (2, 3), (3, -3), (3, -2), (3, -1), (3, 0), (3, 1), (3, 2), (3, 3)]
2025-11-23 17:27:25.101 | INFO     | env.satellite_mac_env:_decode_combo_component:220 - self._delta_pairs [(-3, -3), (-3, -2), (-3, -1), (-3, 0), (-3, 1), (-3, 2), (-3, 3), (-2, -3), (-2, -2), (-2, -1), (-2, 0), (-2, 1), (-2, 2), (-2, 3), (-1, -3), (-1, -2), (-1, -1), (-1, 0), (-1, 1), (-1, 2), (-1, 3), (0, -3), (0, -2), (0, -1), (0, 0), (0, 1), (0, 2), (0, 3), (1, -3), (1, -2), (1, -1), (1, 0), (1, 1), (1, 2), (1, 3), (2, -3), (2, -2), (2, -1), (2, 0), (2, 1), (2, 2), (2, 3), (3, -3), (3, -2), (3, -1), (3, 0), (3, 1), (3, 2), (3, 3)]
2025-11-23 17:27:25.102 | INFO     | env.satellite_mac_env:_decode_combo_component:220 - self._delta_pairs [(-3, -3), (-3, -2), (-3, -1), (-3, 0), (-3, 1), (-3, 2), (-3, 3), (-2, -3), (-2, -2), (-2, -1), (-2, 0), (-2, 1), (-2, 2), (-2, 3), (-1, -3), (-1, -2), (-1, -1), (-1, 0), (-1, 1), (-1, 2), (-1, 3), (0, -3), (0, -2), (0, -1), (0, 0), (0, 1), (0, 2), (0, 3), (1, -3), (1, -2), (1, -1), (1, 0), (1, 1), (1, 2), (1, 3), (2, -3), (2, -2), (2, -1), (2, 0), (2, 1), (2, 2), (2, 3), (3, -3), (3, -2), (3, -1), (3, 0), (3, 1), (3, 2), (3, 3)]
2025-11-23 17:27:25.104 | INFO     | env.satellite_mac_env:_decode_combo_component:220 - self._delta_pairs [(-3, -3), (-3, -2), (-3, -1), (-3, 0), (-3, 1), (-3, 2), (-3, 3), (-2, -3), (-2, -2), (-2, -1), (-2, 0), (-2, 1), (-2, 2), (-2, 3), (-1, -3), (-1, -2), (-1, -1), (-1, 0), (-1, 1), (-1, 2), (-1, 3), (0, -3), (0, -2), (0, -1), (0, 0), (0, 1), (0, 2), (0, 3), (1, -3), (1, -2), (1, -1), (1, 0), (1, 1), (1, 2), (1, 3), (2, -3), (2, -2), (2, -1), (2, 0), (2, 1), (2, 2), (2, 3), (3, -3), (3, -2), (3, -1), (3, 0), (3, 1), (3, 2), (3, 3)]
2025-11-23 17:27:25.108 | INFO     | env.satellite_mac_env:_decode_combo_component:220 - self._delta_pairs [(-3, -3), (-3, -2), (-3, -1), (-3, 0), (-3, 1), (-3, 2), (-3, 3), (-2, -3), (-2, -2), (-2, -1), (-2, 0), (-2, 1), (-2, 2), (-2, 3), (-1, -3), (-1, -2), (-1, -1), (-1, 0), (-1, 1), (-1, 2), (-1, 3), (0, -3), (0, -2), (0, -1), (0, 0), (0, 1), (0, 2), (0, 3), (1, -3), (1, -2), (1, -1), (1, 0), (1, 1), (1, 2), (1, 3), (2, -3), (2, -2), (2, -1), (2, 0), (2, 1), (2, 2), (2, 3), (3, -3), (3, -2), (3, -1), (3, 0), (3, 1), (3, 2), (3, 3)]
2025-11-23 17:27:25.110 | INFO     | env.satellite_mac_env:_decode_combo_component:220 - self._delta_pairs [(-3, -3), (-3, -2), (-3, -1), (-3, 0), (-3, 1), (-3, 2), (-3, 3), (-2, -3), (-2, -2), (-2, -1), (-2, 0), (-2, 1), (-2, 2), (-2, 3), (-1, -3), (-1, -2), (-1, -1), (-1, 0), (-1, 1), (-1, 2), (-1, 3), (0, -3), (0, -2), (0, -1), (0, 0), (0, 1), (0, 2), (0, 3), (1, -3), (1, -2), (1, -1), (1, 0), (1, 1), (1, 2), (1, 3), (2, -3), (2, -2), (2, -1), (2, 0), (2, 1), (2, 2), (2, 3), (3, -3), (3, -2), (3, -1), (3, 0), (3, 1), (3, 2), (3, 3)]
2025-11-23 17:27:25.112 | INFO     | env.satellite_mac_env:_decode_combo_component:220 - self._delta_pairs [(-3, -3), (-3, -2), (-3, -1), (-3, 0), (-3, 1), (-3, 2), (-3, 3), (-2, -3), (-2, -2), (-2, -1), (-2, 0), (-2, 1), (-2, 2), (-2, 3), (-1, -3), (-1, -2), (-1, -1), (-1, 0), (-1, 1), (-1, 2), (-1, 3), (0, -3), (0, -2), (0, -1), (0, 0), (0, 1), (0, 2), (0, 3), (1, -3), (1, -2), (1, -1), (1, 0), (1, 1), (1, 2), (1, 3), (2, -3), (2, -2), (2, -1), (2, 0), (2, 1), (2, 2), (2, 3), (3, -3), (3, -2), (3, -1), (3, 0), (3, 1), (3, 2), (3, 3)]
2025-11-23 17:27:25.113 | INFO     | env.satellite_mac_env:_decode_combo_component:220 - self._delta_pairs [(-3, -3), (-3, -2), (-3, -1), (-3, 0), (-3, 1), (-3, 2), (-3, 3), (-2, -3), (-2, -2), (-2, -1), (-2, 0), (-2, 1), (-2, 2), (-2, 3), (-1, -3), (-1, -2), (-1, -1), (-1, 0), (-1, 1), (-1, 2), (-1, 3), (0, -3), (0, -2), (0, -1), (0, 0), (0, 1), (0, 2), (0, 3), (1, -3), (1, -2), (1, -1), (1, 0), (1, 1), (1, 2), (1, 3), (2, -3), (2, -2), (2, -1), (2, 0), (2, 1), (2, 2), (2, 3), (3, -3), (3, -2), (3, -1), (3, 0), (3, 1), (3, 2), (3, 3)]
2025-11-23 17:27:25.116 | INFO     | env.satellite_mac_env:_decode_combo_component:220 - self._delta_pairs [(-3, -3), (-3, -2), (-3, -1), (-3, 0), (-3, 1), (-3, 2), (-3, 3), (-2, -3), (-2, -2), (-2, -1), (-2, 0), (-2, 1), (-2, 2), (-2, 3), (-1, -3), (-1, -2), (-1, -1), (-1, 0), (-1, 1), (-1, 2), (-1, 3), (0, -3), (0, -2), (0, -1), (0, 0), (0, 1), (0, 2), (0, 3), (1, -3), (1, -2), (1, -1), (1, 0), (1, 1), (1, 2), (1, 3), (2, -3), (2, -2), (2, -1), (2, 0), (2, 1), (2, 2), (2, 3), (3, -3), (3, -2), (3, -1), (3, 0), (3, 1), (3, 2), (3, 3)]
2025-11-23 17:27:25.117 | INFO     | env.satellite_mac_env:_decode_combo_component:220 - self._delta_pairs [(-3, -3), (-3, -2), (-3, -1), (-3, 0), (-3, 1), (-3, 2), (-3, 3), (-2, -3), (-2, -2), (-2, -1), (-2, 0), (-2, 1), (-2, 2), (-2, 3), (-1, -3), (-1, -2), (-1, -1), (-1, 0), (-1, 1), (-1, 2), (-1, 3), (0, -3), (0, -2), (0, -1), (0, 0), (0, 1), (0, 2), (0, 3), (1, -3), (1, -2), (1, -1), (1, 0), (1, 1), (1, 2), (1, 3), (2, -3), (2, -2), (2, -1), (2, 0), (2, 1), (2, 2), (2, 3), (3, -3), (3, -2), (3, -1), (3, 0), (3, 1), (3, 2), (3, 3)]
2025-11-23 17:27:25.119 | INFO     | env.satellite_mac_env:_decode_combo_component:220 - self._delta_pairs [(-3, -3), (-3, -2), (-3, -1), (-3, 0), (-3, 1), (-3, 2), (-3, 3), (-2, -3), (-2, -2), (-2, -1), (-2, 0), (-2, 1), (-2, 2), (-2, 3), (-1, -3), (-1, -2), (-1, -1), (-1, 0), (-1, 1), (-1, 2), (-1, 3), (0, -3), (0, -2), (0, -1), (0, 0), (0, 1), (0, 2), (0, 3), (1, -3), (1, -2), (1, -1), (1, 0), (1, 1), (1, 2), (1, 3), (2, -3), (2, -2), (2, -1), (2, 0), (2, 1), (2, 2), (2, 3), (3, -3), (3, -2), (3, -1), (3, 0), (3, 1), (3, 2), (3, 3)]
2025-11-23 17:27:25.120 | INFO     | env.satellite_mac_env:_decode_combo_component:220 - self._delta_pairs [(-3, -3), (-3, -2), (-3, -1), (-3, 0), (-3, 1), (-3, 2), (-3, 3), (-2, -3), (-2, -2), (-2, -1), (-2, 0), (-2, 1), (-2, 2), (-2, 3), (-1, -3), (-1, -2), (-1, -1), (-1, 0), (-1, 1), (-1, 2), (-1, 3), (0, -3), (0, -2), (0, -1), (0, 0), (0, 1), (0, 2), (0, 3), (1, -3), (1, -2), (1, -1), (1, 0), (1, 1), (1, 2), (1, 3), (2, -3), (2, -2), (2, -1), (2, 0), (2, 1), (2, 2), (2, 3), (3, -3), (3, -2), (3, -1), (3, 0), (3, 1), (3, 2), (3, 3)]
2025-11-23 17:27:25.124 | INFO     | env.satellite_mac_env:_decode_combo_component:220 - self._delta_pairs [(-3, -3), (-3, -2), (-3, -1), (-3, 0), (-3, 1), (-3, 2), (-3, 3), (-2, -3), (-2, -2), (-2, -1), (-2, 0), (-2, 1), (-2, 2), (-2, 3), (-1, -3), (-1, -2), (-1, -1), (-1, 0), (-1, 1), (-1, 2), (-1, 3), (0, -3), (0, -2), (0, -1), (0, 0), (0, 1), (0, 2), (0, 3), (1, -3), (1, -2), (1, -1), (1, 0), (1, 1), (1, 2), (1, 3), (2, -3), (2, -2), (2, -1), (2, 0), (2, 1), (2, 2), (2, 3), (3, -3), (3, -2), (3, -1), (3, 0), (3, 1), (3, 2), (3, 3)]
2025-11-23 17:27:25.125 | INFO     | env.satellite_mac_env:_decode_combo_component:220 - self._delta_pairs [(-3, -3), (-3, -2), (-3, -1), (-3, 0), (-3, 1), (-3, 2), (-3, 3), (-2, -3), (-2, -2), (-2, -1), (-2, 0), (-2, 1), (-2, 2), (-2, 3), (-1, -3), (-1, -2), (-1, -1), (-1, 0), (-1, 1), (-1, 2), (-1, 3), (0, -3), (0, -2), (0, -1), (0, 0), (0, 1), (0, 2), (0, 3), (1, -3), (1, -2), (1, -1), (1, 0), (1, 1), (1, 2), (1, 3), (2, -3), (2, -2), (2, -1), (2, 0), (2, 1), (2, 2), (2, 3), (3, -3), (3, -2), (3, -1), (3, 0), (3, 1), (3, 2), (3, 3)]
2025-11-23 17:27:25.127 | INFO     | env.satellite_mac_env:_decode_combo_component:220 - self._delta_pairs [(-3, -3), (-3, -2), (-3, -1), (-3, 0), (-3, 1), (-3, 2), (-3, 3), (-2, -3), (-2, -2), (-2, -1), (-2, 0), (-2, 1), (-2, 2), (-2, 3), (-1, -3), (-1, -2), (-1, -1), (-1, 0), (-1, 1), (-1, 2), (-1, 3), (0, -3), (0, -2), (0, -1), (0, 0), (0, 1), (0, 2), (0, 3), (1, -3), (1, -2), (1, -1), (1, 0), (1, 1), (1, 2), (1, 3), (2, -3), (2, -2), (2, -1), (2, 0), (2, 1), (2, 2), (2, 3), (3, -3), (3, -2), (3, -1), (3, 0), (3, 1), (3, 2), (3, 3)]
2025-11-23 17:27:25.128 | INFO     | env.satellite_mac_env:_decode_combo_component:220 - self._delta_pairs [(-3, -3), (-3, -2), (-3, -1), (-3, 0), (-3, 1), (-3, 2), (-3, 3), (-2, -3), (-2, -2), (-2, -1), (-2, 0), (-2, 1), (-2, 2), (-2, 3), (-1, -3), (-1, -2), (-1, -1), (-1, 0), (-1, 1), (-1, 2), (-1, 3), (0, -3), (0, -2), (0, -1), (0, 0), (0, 1), (0, 2), (0, 3), (1, -3), (1, -2), (1, -1), (1, 0), (1, 1), (1, 2), (1, 3), (2, -3), (2, -2), (2, -1), (2, 0), (2, 1), (2, 2), (2, 3), (3, -3), (3, -2), (3, -1), (3, 0), (3, 1), (3, 2), (3, 3)]
2025-11-23 17:27:25.131 | INFO     | env.satellite_mac_env:_decode_combo_component:220 - self._delta_pairs [(-3, -3), (-3, -2), (-3, -1), (-3, 0), (-3, 1), (-3, 2), (-3, 3), (-2, -3), (-2, -2), (-2, -1), (-2, 0), (-2, 1), (-2, 2), (-2, 3), (-1, -3), (-1, -2), (-1, -1), (-1, 0), (-1, 1), (-1, 2), (-1, 3), (0, -3), (0, -2), (0, -1), (0, 0), (0, 1), (0, 2), (0, 3), (1, -3), (1, -2), (1, -1), (1, 0), (1, 1), (1, 2), (1, 3), (2, -3), (2, -2), (2, -1), (2, 0), (2, 1), (2, 2), (2, 3), (3, -3), (3, -2), (3, -1), (3, 0), (3, 1), (3, 2), (3, 3)]
2025-11-23 17:27:25.133 | INFO     | env.satellite_mac_env:_decode_combo_component:220 - self._delta_pairs [(-3, -3), (-3, -2), (-3, -1), (-3, 0), (-3, 1), (-3, 2), (-3, 3), (-2, -3), (-2, -2), (-2, -1), (-2, 0), (-2, 1), (-2, 2), (-2, 3), (-1, -3), (-1, -2), (-1, -1), (-1, 0), (-1, 1), (-1, 2), (-1, 3), (0, -3), (0, -2), (0, -1), (0, 0), (0, 1), (0, 2), (0, 3), (1, -3), (1, -2), (1, -1), (1, 0), (1, 1), (1, 2), (1, 3), (2, -3), (2, -2), (2, -1), (2, 0), (2, 1), (2, 2), (2, 3), (3, -3), (3, -2), (3, -1), (3, 0), (3, 1), (3, 2), (3, 3)]
2025-11-23 17:27:25.134 | INFO     | env.satellite_mac_env:_decode_combo_component:220 - self._delta_pairs [(-3, -3), (-3, -2), (-3, -1), (-3, 0), (-3, 1), (-3, 2), (-3, 3), (-2, -3), (-2, -2), (-2, -1), (-2, 0), (-2, 1), (-2, 2), (-2, 3), (-1, -3), (-1, -2), (-1, -1), (-1, 0), (-1, 1), (-1, 2), (-1, 3), (0, -3), (0, -2), (0, -1), (0, 0), (0, 1), (0, 2), (0, 3), (1, -3), (1, -2), (1, -1), (1, 0), (1, 1), (1, 2), (1, 3), (2, -3), (2, -2), (2, -1), (2, 0), (2, 1), (2, 2), (2, 3), (3, -3), (3, -2), (3, -1), (3, 0), (3, 1), (3, 2), (3, 3)]
2025-11-23 17:27:25.136 | INFO     | env.satellite_mac_env:_decode_combo_component:220 - self._delta_pairs [(-3, -3), (-3, -2), (-3, -1), (-3, 0), (-3, 1), (-3, 2), (-3, 3), (-2, -3), (-2, -2), (-2, -1), (-2, 0), (-2, 1), (-2, 2), (-2, 3), (-1, -3), (-1, -2), (-1, -1), (-1, 0), (-1, 1), (-1, 2), (-1, 3), (0, -3), (0, -2), (0, -1), (0, 0), (0, 1), (0, 2), (0, 3), (1, -3), (1, -2), (1, -1), (1, 0), (1, 1), (1, 2), (1, 3), (2, -3), (2, -2), (2, -1), (2, 0), (2, 1), (2, 2), (2, 3), (3, -3), (3, -2), (3, -1), (3, 0), (3, 1), (3, 2), (3, 3)]
2025-11-23 17:27:25.140 | INFO     | env.satellite_mac_env:_decode_combo_component:220 - self._delta_pairs [(-3, -3), (-3, -2), (-3, -1), (-3, 0), (-3, 1), (-3, 2), (-3, 3), (-2, -3), (-2, -2), (-2, -1), (-2, 0), (-2, 1), (-2, 2), (-2, 3), (-1, -3), (-1, -2), (-1, -1), (-1, 0), (-1, 1), (-1, 2), (-1, 3), (0, -3), (0, -2), (0, -1), (0, 0), (0, 1), (0, 2), (0, 3), (1, -3), (1, -2), (1, -1), (1, 0), (1, 1), (1, 2), (1, 3), (2, -3), (2, -2), (2, -1), (2, 0), (2, 1), (2, 2), (2, 3), (3, -3), (3, -2), (3, -1), (3, 0), (3, 1), (3, 2), (3, 3)]
2025-11-23 17:27:25.142 | INFO     | env.satellite_mac_env:_decode_combo_component:220 - self._delta_pairs [(-3, -3), (-3, -2), (-3, -1), (-3, 0), (-3, 1), (-3, 2), (-3, 3), (-2, -3), (-2, -2), (-2, -1), (-2, 0), (-2, 1), (-2, 2), (-2, 3), (-1, -3), (-1, -2), (-1, -1), (-1, 0), (-1, 1), (-1, 2), (-1, 3), (0, -3), (0, -2), (0, -1), (0, 0), (0, 1), (0, 2), (0, 3), (1, -3), (1, -2), (1, -1), (1, 0), (1, 1), (1, 2), (1, 3), (2, -3), (2, -2), (2, -1), (2, 0), (2, 1), (2, 2), (2, 3), (3, -3), (3, -2), (3, -1), (3, 0), (3, 1), (3, 2), (3, 3)]
2025-11-23 17:27:25.143 | INFO     | env.satellite_mac_env:_decode_combo_component:220 - self._delta_pairs [(-3, -3), (-3, -2), (-3, -1), (-3, 0), (-3, 1), (-3, 2), (-3, 3), (-2, -3), (-2, -2), (-2, -1), (-2, 0), (-2, 1), (-2, 2), (-2, 3), (-1, -3), (-1, -2), (-1, -1), (-1, 0), (-1, 1), (-1, 2), (-1, 3), (0, -3), (0, -2), (0, -1), (0, 0), (0, 1), (0, 2), (0, 3), (1, -3), (1, -2), (1, -1), (1, 0), (1, 1), (1, 2), (1, 3), (2, -3), (2, -2), (2, -1), (2, 0), (2, 1), (2, 2), (2, 3), (3, -3), (3, -2), (3, -1), (3, 0), (3, 1), (3, 2), (3, 3)]
2025-11-23 17:27:25.145 | INFO     | env.satellite_mac_env:_decode_combo_component:220 - self._delta_pairs [(-3, -3), (-3, -2), (-3, -1), (-3, 0), (-3, 1), (-3, 2), (-3, 3), (-2, -3), (-2, -2), (-2, -1), (-2, 0), (-2, 1), (-2, 2), (-2, 3), (-1, -3), (-1, -2), (-1, -1), (-1, 0), (-1, 1), (-1, 2), (-1, 3), (0, -3), (0, -2), (0, -1), (0, 0), (0, 1), (0, 2), (0, 3), (1, -3), (1, -2), (1, -1), (1, 0), (1, 1), (1, 2), (1, 3), (2, -3), (2, -2), (2, -1), (2, 0), (2, 1), (2, 2), (2, 3), (3, -3), (3, -2), (3, -1), (3, 0), (3, 1), (3, 2), (3, 3)]
2025-11-23 17:27:25.148 | INFO     | env.satellite_mac_env:_decode_combo_component:220 - self._delta_pairs [(-3, -3), (-3, -2), (-3, -1), (-3, 0), (-3, 1), (-3, 2), (-3, 3), (-2, -3), (-2, -2), (-2, -1), (-2, 0), (-2, 1), (-2, 2), (-2, 3), (-1, -3), (-1, -2), (-1, -1), (-1, 0), (-1, 1), (-1, 2), (-1, 3), (0, -3), (0, -2), (0, -1), (0, 0), (0, 1), (0, 2), (0, 3), (1, -3), (1, -2), (1, -1), (1, 0), (1, 1), (1, 2), (1, 3), (2, -3), (2, -2), (2, -1), (2, 0), (2, 1), (2, 2), (2, 3), (3, -3), (3, -2), (3, -1), (3, 0), (3, 1), (3, 2), (3, 3)]
2025-11-23 17:27:25.150 | INFO     | env.satellite_mac_env:_decode_combo_component:220 - self._delta_pairs [(-3, -3), (-3, -2), (-3, -1), (-3, 0), (-3, 1), (-3, 2), (-3, 3), (-2, -3), (-2, -2), (-2, -1), (-2, 0), (-2, 1), (-2, 2), (-2, 3), (-1, -3), (-1, -2), (-1, -1), (-1, 0), (-1, 1), (-1, 2), (-1, 3), (0, -3), (0, -2), (0, -1), (0, 0), (0, 1), (0, 2), (0, 3), (1, -3), (1, -2), (1, -1), (1, 0), (1, 1), (1, 2), (1, 3), (2, -3), (2, -2), (2, -1), (2, 0), (2, 1), (2, 2), (2, 3), (3, -3), (3, -2), (3, -1), (3, 0), (3, 1), (3, 2), (3, 3)]
2025-11-23 17:27:25.151 | INFO     | env.satellite_mac_env:_decode_combo_component:220 - self._delta_pairs [(-3, -3), (-3, -2), (-3, -1), (-3, 0), (-3, 1), (-3, 2), (-3, 3), (-2, -3), (-2, -2), (-2, -1), (-2, 0), (-2, 1), (-2, 2), (-2, 3), (-1, -3), (-1, -2), (-1, -1), (-1, 0), (-1, 1), (-1, 2), (-1, 3), (0, -3), (0, -2), (0, -1), (0, 0), (0, 1), (0, 2), (0, 3), (1, -3), (1, -2), (1, -1), (1, 0), (1, 1), (1, 2), (1, 3), (2, -3), (2, -2), (2, -1), (2, 0), (2, 1), (2, 2), (2, 3), (3, -3), (3, -2), (3, -1), (3, 0), (3, 1), (3, 2), (3, 3)]
2025-11-23 17:27:25.152 | INFO     | env.satellite_mac_env:_decode_combo_component:220 - self._delta_pairs [(-3, -3), (-3, -2), (-3, -1), (-3, 0), (-3, 1), (-3, 2), (-3, 3), (-2, -3), (-2, -2), (-2, -1), (-2, 0), (-2, 1), (-2, 2), (-2, 3), (-1, -3), (-1, -2), (-1, -1), (-1, 0), (-1, 1), (-1, 2), (-1, 3), (0, -3), (0, -2), (0, -1), (0, 0), (0, 1), (0, 2), (0, 3), (1, -3), (1, -2), (1, -1), (1, 0), (1, 1), (1, 2), (1, 3), (2, -3), (2, -2), (2, -1), (2, 0), (2, 1), (2, 2), (2, 3), (3, -3), (3, -2), (3, -1), (3, 0), (3, 1), (3, 2), (3, 3)]
2025-11-23 17:27:25.157 | INFO     | env.satellite_mac_env:_decode_combo_component:220 - self._delta_pairs [(-3, -3), (-3, -2), (-3, -1), (-3, 0), (-3, 1), (-3, 2), (-3, 3), (-2, -3), (-2, -2), (-2, -1), (-2, 0), (-2, 1), (-2, 2), (-2, 3), (-1, -3), (-1, -2), (-1, -1), (-1, 0), (-1, 1), (-1, 2), (-1, 3), (0, -3), (0, -2), (0, -1), (0, 0), (0, 1), (0, 2), (0, 3), (1, -3), (1, -2), (1, -1), (1, 0), (1, 1), (1, 2), (1, 3), (2, -3), (2, -2), (2, -1), (2, 0), (2, 1), (2, 2), (2, 3), (3, -3), (3, -2), (3, -1), (3, 0), (3, 1), (3, 2), (3, 3)]
2025-11-23 17:27:25.158 | INFO     | env.satellite_mac_env:_decode_combo_component:220 - self._delta_pairs [(-3, -3), (-3, -2), (-3, -1), (-3, 0), (-3, 1), (-3, 2), (-3, 3), (-2, -3), (-2, -2), (-2, -1), (-2, 0), (-2, 1), (-2, 2), (-2, 3), (-1, -3), (-1, -2), (-1, -1), (-1, 0), (-1, 1), (-1, 2), (-1, 3), (0, -3), (0, -2), (0, -1), (0, 0), (0, 1), (0, 2), (0, 3), (1, -3), (1, -2), (1, -1), (1, 0), (1, 1), (1, 2), (1, 3), (2, -3), (2, -2), (2, -1), (2, 0), (2, 1), (2, 2), (2, 3), (3, -3), (3, -2), (3, -1), (3, 0), (3, 1), (3, 2), (3, 3)]
2025-11-23 17:27:25.160 | INFO     | env.satellite_mac_env:_decode_combo_component:220 - self._delta_pairs [(-3, -3), (-3, -2), (-3, -1), (-3, 0), (-3, 1), (-3, 2), (-3, 3), (-2, -3), (-2, -2), (-2, -1), (-2, 0), (-2, 1), (-2, 2), (-2, 3), (-1, -3), (-1, -2), (-1, -1), (-1, 0), (-1, 1), (-1, 2), (-1, 3), (0, -3), (0, -2), (0, -1), (0, 0), (0, 1), (0, 2), (0, 3), (1, -3), (1, -2), (1, -1), (1, 0), (1, 1), (1, 2), (1, 3), (2, -3), (2, -2), (2, -1), (2, 0), (2, 1), (2, 2), (2, 3), (3, -3), (3, -2), (3, -1), (3, 0), (3, 1), (3, 2), (3, 3)]
2025-11-23 17:27:25.161 | INFO     | env.satellite_mac_env:_decode_combo_component:220 - self._delta_pairs [(-3, -3), (-3, -2), (-3, -1), (-3, 0), (-3, 1), (-3, 2), (-3, 3), (-2, -3), (-2, -2), (-2, -1), (-2, 0), (-2, 1), (-2, 2), (-2, 3), (-1, -3), (-1, -2), (-1, -1), (-1, 0), (-1, 1), (-1, 2), (-1, 3), (0, -3), (0, -2), (0, -1), (0, 0), (0, 1), (0, 2), (0, 3), (1, -3), (1, -2), (1, -1), (1, 0), (1, 1), (1, 2), (1, 3), (2, -3), (2, -2), (2, -1), (2, 0), (2, 1), (2, 2), (2, 3), (3, -3), (3, -2), (3, -1), (3, 0), (3, 1), (3, 2), (3, 3)]
2025-11-23 17:27:25.164 | INFO     | env.satellite_mac_env:_decode_combo_component:220 - self._delta_pairs [(-3, -3), (-3, -2), (-3, -1), (-3, 0), (-3, 1), (-3, 2), (-3, 3), (-2, -3), (-2, -2), (-2, -1), (-2, 0), (-2, 1), (-2, 2), (-2, 3), (-1, -3), (-1, -2), (-1, -1), (-1, 0), (-1, 1), (-1, 2), (-1, 3), (0, -3), (0, -2), (0, -1), (0, 0), (0, 1), (0, 2), (0, 3), (1, -3), (1, -2), (1, -1), (1, 0), (1, 1), (1, 2), (1, 3), (2, -3), (2, -2), (2, -1), (2, 0), (2, 1), (2, 2), (2, 3), (3, -3), (3, -2), (3, -1), (3, 0), (3, 1), (3, 2), (3, 3)]
2025-11-23 17:27:25.166 | INFO     | env.satellite_mac_env:_decode_combo_component:220 - self._delta_pairs [(-3, -3), (-3, -2), (-3, -1), (-3, 0), (-3, 1), (-3, 2), (-3, 3), (-2, -3), (-2, -2), (-2, -1), (-2, 0), (-2, 1), (-2, 2), (-2, 3), (-1, -3), (-1, -2), (-1, -1), (-1, 0), (-1, 1), (-1, 2), (-1, 3), (0, -3), (0, -2), (0, -1), (0, 0), (0, 1), (0, 2), (0, 3), (1, -3), (1, -2), (1, -1), (1, 0), (1, 1), (1, 2), (1, 3), (2, -3), (2, -2), (2, -1), (2, 0), (2, 1), (2, 2), (2, 3), (3, -3), (3, -2), (3, -1), (3, 0), (3, 1), (3, 2), (3, 3)]
2025-11-23 17:27:25.167 | INFO     | env.satellite_mac_env:_decode_combo_component:220 - self._delta_pairs [(-3, -3), (-3, -2), (-3, -1), (-3, 0), (-3, 1), (-3, 2), (-3, 3), (-2, -3), (-2, -2), (-2, -1), (-2, 0), (-2, 1), (-2, 2), (-2, 3), (-1, -3), (-1, -2), (-1, -1), (-1, 0), (-1, 1), (-1, 2), (-1, 3), (0, -3), (0, -2), (0, -1), (0, 0), (0, 1), (0, 2), (0, 3), (1, -3), (1, -2), (1, -1), (1, 0), (1, 1), (1, 2), (1, 3), (2, -3), (2, -2), (2, -1), (2, 0), (2, 1), (2, 2), (2, 3), (3, -3), (3, -2), (3, -1), (3, 0), (3, 1), (3, 2), (3, 3)]
2025-11-23 17:27:25.168 | INFO     | env.satellite_mac_env:_decode_combo_component:220 - self._delta_pairs [(-3, -3), (-3, -2), (-3, -1), (-3, 0), (-3, 1), (-3, 2), (-3, 3), (-2, -3), (-2, -2), (-2, -1), (-2, 0), (-2, 1), (-2, 2), (-2, 3), (-1, -3), (-1, -2), (-1, -1), (-1, 0), (-1, 1), (-1, 2), (-1, 3), (0, -3), (0, -2), (0, -1), (0, 0), (0, 1), (0, 2), (0, 3), (1, -3), (1, -2), (1, -1), (1, 0), (1, 1), (1, 2), (1, 3), (2, -3), (2, -2), (2, -1), (2, 0), (2, 1), (2, 2), (2, 3), (3, -3), (3, -2), (3, -1), (3, 0), (3, 1), (3, 2), (3, 3)]
2025-11-23 17:27:25.172 | INFO     | env.satellite_mac_env:_decode_combo_component:220 - self._delta_pairs [(-3, -3), (-3, -2), (-3, -1), (-3, 0), (-3, 1), (-3, 2), (-3, 3), (-2, -3), (-2, -2), (-2, -1), (-2, 0), (-2, 1), (-2, 2), (-2, 3), (-1, -3), (-1, -2), (-1, -1), (-1, 0), (-1, 1), (-1, 2), (-1, 3), (0, -3), (0, -2), (0, -1), (0, 0), (0, 1), (0, 2), (0, 3), (1, -3), (1, -2), (1, -1), (1, 0), (1, 1), (1, 2), (1, 3), (2, -3), (2, -2), (2, -1), (2, 0), (2, 1), (2, 2), (2, 3), (3, -3), (3, -2), (3, -1), (3, 0), (3, 1), (3, 2), (3, 3)]
2025-11-23 17:27:25.174 | INFO     | env.satellite_mac_env:_decode_combo_component:220 - self._delta_pairs [(-3, -3), (-3, -2), (-3, -1), (-3, 0), (-3, 1), (-3, 2), (-3, 3), (-2, -3), (-2, -2), (-2, -1), (-2, 0), (-2, 1), (-2, 2), (-2, 3), (-1, -3), (-1, -2), (-1, -1), (-1, 0), (-1, 1), (-1, 2), (-1, 3), (0, -3), (0, -2), (0, -1), (0, 0), (0, 1), (0, 2), (0, 3), (1, -3), (1, -2), (1, -1), (1, 0), (1, 1), (1, 2), (1, 3), (2, -3), (2, -2), (2, -1), (2, 0), (2, 1), (2, 2), (2, 3), (3, -3), (3, -2), (3, -1), (3, 0), (3, 1), (3, 2), (3, 3)]
2025-11-23 17:27:25.175 | INFO     | env.satellite_mac_env:_decode_combo_component:220 - self._delta_pairs [(-3, -3), (-3, -2), (-3, -1), (-3, 0), (-3, 1), (-3, 2), (-3, 3), (-2, -3), (-2, -2), (-2, -1), (-2, 0), (-2, 1), (-2, 2), (-2, 3), (-1, -3), (-1, -2), (-1, -1), (-1, 0), (-1, 1), (-1, 2), (-1, 3), (0, -3), (0, -2), (0, -1), (0, 0), (0, 1), (0, 2), (0, 3), (1, -3), (1, -2), (1, -1), (1, 0), (1, 1), (1, 2), (1, 3), (2, -3), (2, -2), (2, -1), (2, 0), (2, 1), (2, 2), (2, 3), (3, -3), (3, -2), (3, -1), (3, 0), (3, 1), (3, 2), (3, 3)]
2025-11-23 17:27:25.177 | INFO     | env.satellite_mac_env:_decode_combo_component:220 - self._delta_pairs [(-3, -3), (-3, -2), (-3, -1), (-3, 0), (-3, 1), (-3, 2), (-3, 3), (-2, -3), (-2, -2), (-2, -1), (-2, 0), (-2, 1), (-2, 2), (-2, 3), (-1, -3), (-1, -2), (-1, -1), (-1, 0), (-1, 1), (-1, 2), (-1, 3), (0, -3), (0, -2), (0, -1), (0, 0), (0, 1), (0, 2), (0, 3), (1, -3), (1, -2), (1, -1), (1, 0), (1, 1), (1, 2), (1, 3), (2, -3), (2, -2), (2, -1), (2, 0), (2, 1), (2, 2), (2, 3), (3, -3), (3, -2), (3, -1), (3, 0), (3, 1), (3, 2), (3, 3)]
2025-11-23 17:27:25.180 | INFO     | env.satellite_mac_env:_decode_combo_component:220 - self._delta_pairs [(-3, -3), (-3, -2), (-3, -1), (-3, 0), (-3, 1), (-3, 2), (-3, 3), (-2, -3), (-2, -2), (-2, -1), (-2, 0), (-2, 1), (-2, 2), (-2, 3), (-1, -3), (-1, -2), (-1, -1), (-1, 0), (-1, 1), (-1, 2), (-1, 3), (0, -3), (0, -2), (0, -1), (0, 0), (0, 1), (0, 2), (0, 3), (1, -3), (1, -2), (1, -1), (1, 0), (1, 1), (1, 2), (1, 3), (2, -3), (2, -2), (2, -1), (2, 0), (2, 1), (2, 2), (2, 3), (3, -3), (3, -2), (3, -1), (3, 0), (3, 1), (3, 2), (3, 3)]
2025-11-23 17:27:25.181 | INFO     | env.satellite_mac_env:_decode_combo_component:220 - self._delta_pairs [(-3, -3), (-3, -2), (-3, -1), (-3, 0), (-3, 1), (-3, 2), (-3, 3), (-2, -3), (-2, -2), (-2, -1), (-2, 0), (-2, 1), (-2, 2), (-2, 3), (-1, -3), (-1, -2), (-1, -1), (-1, 0), (-1, 1), (-1, 2), (-1, 3), (0, -3), (0, -2), (0, -1), (0, 0), (0, 1), (0, 2), (0, 3), (1, -3), (1, -2), (1, -1), (1, 0), (1, 1), (1, 2), (1, 3), (2, -3), (2, -2), (2, -1), (2, 0), (2, 1), (2, 2), (2, 3), (3, -3), (3, -2), (3, -1), (3, 0), (3, 1), (3, 2), (3, 3)]
2025-11-23 17:27:25.182 | INFO     | env.satellite_mac_env:_decode_combo_component:220 - self._delta_pairs [(-3, -3), (-3, -2), (-3, -1), (-3, 0), (-3, 1), (-3, 2), (-3, 3), (-2, -3), (-2, -2), (-2, -1), (-2, 0), (-2, 1), (-2, 2), (-2, 3), (-1, -3), (-1, -2), (-1, -1), (-1, 0), (-1, 1), (-1, 2), (-1, 3), (0, -3), (0, -2), (0, -1), (0, 0), (0, 1), (0, 2), (0, 3), (1, -3), (1, -2), (1, -1), (1, 0), (1, 1), (1, 2), (1, 3), (2, -3), (2, -2), (2, -1), (2, 0), (2, 1), (2, 2), (2, 3), (3, -3), (3, -2), (3, -1), (3, 0), (3, 1), (3, 2), (3, 3)]
2025-11-23 17:27:25.183 | INFO     | env.satellite_mac_env:_decode_combo_component:220 - self._delta_pairs [(-3, -3), (-3, -2), (-3, -1), (-3, 0), (-3, 1), (-3, 2), (-3, 3), (-2, -3), (-2, -2), (-2, -1), (-2, 0), (-2, 1), (-2, 2), (-2, 3), (-1, -3), (-1, -2), (-1, -1), (-1, 0), (-1, 1), (-1, 2), (-1, 3), (0, -3), (0, -2), (0, -1), (0, 0), (0, 1), (0, 2), (0, 3), (1, -3), (1, -2), (1, -1), (1, 0), (1, 1), (1, 2), (1, 3), (2, -3), (2, -2), (2, -1), (2, 0), (2, 1), (2, 2), (2, 3), (3, -3), (3, -2), (3, -1), (3, 0), (3, 1), (3, 2), (3, 3)]
2025-11-23 17:27:25.187 | INFO     | env.satellite_mac_env:_decode_combo_component:220 - self._delta_pairs [(-3, -3), (-3, -2), (-3, -1), (-3, 0), (-3, 1), (-3, 2), (-3, 3), (-2, -3), (-2, -2), (-2, -1), (-2, 0), (-2, 1), (-2, 2), (-2, 3), (-1, -3), (-1, -2), (-1, -1), (-1, 0), (-1, 1), (-1, 2), (-1, 3), (0, -3), (0, -2), (0, -1), (0, 0), (0, 1), (0, 2), (0, 3), (1, -3), (1, -2), (1, -1), (1, 0), (1, 1), (1, 2), (1, 3), (2, -3), (2, -2), (2, -1), (2, 0), (2, 1), (2, 2), (2, 3), (3, -3), (3, -2), (3, -1), (3, 0), (3, 1), (3, 2), (3, 3)]
2025-11-23 17:27:25.189 | INFO     | env.satellite_mac_env:_decode_combo_component:220 - self._delta_pairs [(-3, -3), (-3, -2), (-3, -1), (-3, 0), (-3, 1), (-3, 2), (-3, 3), (-2, -3), (-2, -2), (-2, -1), (-2, 0), (-2, 1), (-2, 2), (-2, 3), (-1, -3), (-1, -2), (-1, -1), (-1, 0), (-1, 1), (-1, 2), (-1, 3), (0, -3), (0, -2), (0, -1), (0, 0), (0, 1), (0, 2), (0, 3), (1, -3), (1, -2), (1, -1), (1, 0), (1, 1), (1, 2), (1, 3), (2, -3), (2, -2), (2, -1), (2, 0), (2, 1), (2, 2), (2, 3), (3, -3), (3, -2), (3, -1), (3, 0), (3, 1), (3, 2), (3, 3)]
2025-11-23 17:27:25.191 | INFO     | env.satellite_mac_env:_decode_combo_component:220 - self._delta_pairs [(-3, -3), (-3, -2), (-3, -1), (-3, 0), (-3, 1), (-3, 2), (-3, 3), (-2, -3), (-2, -2), (-2, -1), (-2, 0), (-2, 1), (-2, 2), (-2, 3), (-1, -3), (-1, -2), (-1, -1), (-1, 0), (-1, 1), (-1, 2), (-1, 3), (0, -3), (0, -2), (0, -1), (0, 0), (0, 1), (0, 2), (0, 3), (1, -3), (1, -2), (1, -1), (1, 0), (1, 1), (1, 2), (1, 3), (2, -3), (2, -2), (2, -1), (2, 0), (2, 1), (2, 2), (2, 3), (3, -3), (3, -2), (3, -1), (3, 0), (3, 1), (3, 2), (3, 3)]
2025-11-23 17:27:25.192 | INFO     | env.satellite_mac_env:_decode_combo_component:220 - self._delta_pairs [(-3, -3), (-3, -2), (-3, -1), (-3, 0), (-3, 1), (-3, 2), (-3, 3), (-2, -3), (-2, -2), (-2, -1), (-2, 0), (-2, 1), (-2, 2), (-2, 3), (-1, -3), (-1, -2), (-1, -1), (-1, 0), (-1, 1), (-1, 2), (-1, 3), (0, -3), (0, -2), (0, -1), (0, 0), (0, 1), (0, 2), (0, 3), (1, -3), (1, -2), (1, -1), (1, 0), (1, 1), (1, 2), (1, 3), (2, -3), (2, -2), (2, -1), (2, 0), (2, 1), (2, 2), (2, 3), (3, -3), (3, -2), (3, -1), (3, 0), (3, 1), (3, 2), (3, 3)]
2025-11-23 17:27:25.195 | INFO     | env.satellite_mac_env:_decode_combo_component:220 - self._delta_pairs [(-3, -3), (-3, -2), (-3, -1), (-3, 0), (-3, 1), (-3, 2), (-3, 3), (-2, -3), (-2, -2), (-2, -1), (-2, 0), (-2, 1), (-2, 2), (-2, 3), (-1, -3), (-1, -2), (-1, -1), (-1, 0), (-1, 1), (-1, 2), (-1, 3), (0, -3), (0, -2), (0, -1), (0, 0), (0, 1), (0, 2), (0, 3), (1, -3), (1, -2), (1, -1), (1, 0), (1, 1), (1, 2), (1, 3), (2, -3), (2, -2), (2, -1), (2, 0), (2, 1), (2, 2), (2, 3), (3, -3), (3, -2), (3, -1), (3, 0), (3, 1), (3, 2), (3, 3)]
2025-11-23 17:27:25.197 | INFO     | env.satellite_mac_env:_decode_combo_component:220 - self._delta_pairs [(-3, -3), (-3, -2), (-3, -1), (-3, 0), (-3, 1), (-3, 2), (-3, 3), (-2, -3), (-2, -2), (-2, -1), (-2, 0), (-2, 1), (-2, 2), (-2, 3), (-1, -3), (-1, -2), (-1, -1), (-1, 0), (-1, 1), (-1, 2), (-1, 3), (0, -3), (0, -2), (0, -1), (0, 0), (0, 1), (0, 2), (0, 3), (1, -3), (1, -2), (1, -1), (1, 0), (1, 1), (1, 2), (1, 3), (2, -3), (2, -2), (2, -1), (2, 0), (2, 1), (2, 2), (2, 3), (3, -3), (3, -2), (3, -1), (3, 0), (3, 1), (3, 2), (3, 3)]
2025-11-23 17:27:25.198 | INFO     | env.satellite_mac_env:_decode_combo_component:220 - self._delta_pairs [(-3, -3), (-3, -2), (-3, -1), (-3, 0), (-3, 1), (-3, 2), (-3, 3), (-2, -3), (-2, -2), (-2, -1), (-2, 0), (-2, 1), (-2, 2), (-2, 3), (-1, -3), (-1, -2), (-1, -1), (-1, 0), (-1, 1), (-1, 2), (-1, 3), (0, -3), (0, -2), (0, -1), (0, 0), (0, 1), (0, 2), (0, 3), (1, -3), (1, -2), (1, -1), (1, 0), (1, 1), (1, 2), (1, 3), (2, -3), (2, -2), (2, -1), (2, 0), (2, 1), (2, 2), (2, 3), (3, -3), (3, -2), (3, -1), (3, 0), (3, 1), (3, 2), (3, 3)]
2025-11-23 17:27:25.199 | INFO     | env.satellite_mac_env:_decode_combo_component:220 - self._delta_pairs [(-3, -3), (-3, -2), (-3, -1), (-3, 0), (-3, 1), (-3, 2), (-3, 3), (-2, -3), (-2, -2), (-2, -1), (-2, 0), (-2, 1), (-2, 2), (-2, 3), (-1, -3), (-1, -2), (-1, -1), (-1, 0), (-1, 1), (-1, 2), (-1, 3), (0, -3), (0, -2), (0, -1), (0, 0), (0, 1), (0, 2), (0, 3), (1, -3), (1, -2), (1, -1), (1, 0), (1, 1), (1, 2), (1, 3), (2, -3), (2, -2), (2, -1), (2, 0), (2, 1), (2, 2), (2, 3), (3, -3), (3, -2), (3, -1), (3, 0), (3, 1), (3, 2), (3, 3)]
2025-11-23 17:27:25.202 | INFO     | env.satellite_mac_env:_decode_combo_component:220 - self._delta_pairs [(-3, -3), (-3, -2), (-3, -1), (-3, 0), (-3, 1), (-3, 2), (-3, 3), (-2, -3), (-2, -2), (-2, -1), (-2, 0), (-2, 1), (-2, 2), (-2, 3), (-1, -3), (-1, -2), (-1, -1), (-1, 0), (-1, 1), (-1, 2), (-1, 3), (0, -3), (0, -2), (0, -1), (0, 0), (0, 1), (0, 2), (0, 3), (1, -3), (1, -2), (1, -1), (1, 0), (1, 1), (1, 2), (1, 3), (2, -3), (2, -2), (2, -1), (2, 0), (2, 1), (2, 2), (2, 3), (3, -3), (3, -2), (3, -1), (3, 0), (3, 1), (3, 2), (3, 3)]
2025-11-23 17:27:25.205 | INFO     | env.satellite_mac_env:_decode_combo_component:220 - self._delta_pairs [(-3, -3), (-3, -2), (-3, -1), (-3, 0), (-3, 1), (-3, 2), (-3, 3), (-2, -3), (-2, -2), (-2, -1), (-2, 0), (-2, 1), (-2, 2), (-2, 3), (-1, -3), (-1, -2), (-1, -1), (-1, 0), (-1, 1), (-1, 2), (-1, 3), (0, -3), (0, -2), (0, -1), (0, 0), (0, 1), (0, 2), (0, 3), (1, -3), (1, -2), (1, -1), (1, 0), (1, 1), (1, 2), (1, 3), (2, -3), (2, -2), (2, -1), (2, 0), (2, 1), (2, 2), (2, 3), (3, -3), (3, -2), (3, -1), (3, 0), (3, 1), (3, 2), (3, 3)]
2025-11-23 17:27:25.206 | INFO     | env.satellite_mac_env:_decode_combo_component:220 - self._delta_pairs [(-3, -3), (-3, -2), (-3, -1), (-3, 0), (-3, 1), (-3, 2), (-3, 3), (-2, -3), (-2, -2), (-2, -1), (-2, 0), (-2, 1), (-2, 2), (-2, 3), (-1, -3), (-1, -2), (-1, -1), (-1, 0), (-1, 1), (-1, 2), (-1, 3), (0, -3), (0, -2), (0, -1), (0, 0), (0, 1), (0, 2), (0, 3), (1, -3), (1, -2), (1, -1), (1, 0), (1, 1), (1, 2), (1, 3), (2, -3), (2, -2), (2, -1), (2, 0), (2, 1), (2, 2), (2, 3), (3, -3), (3, -2), (3, -1), (3, 0), (3, 1), (3, 2), (3, 3)]
2025-11-23 17:27:25.208 | INFO     | env.satellite_mac_env:_decode_combo_component:220 - self._delta_pairs [(-3, -3), (-3, -2), (-3, -1), (-3, 0), (-3, 1), (-3, 2), (-3, 3), (-2, -3), (-2, -2), (-2, -1), (-2, 0), (-2, 1), (-2, 2), (-2, 3), (-1, -3), (-1, -2), (-1, -1), (-1, 0), (-1, 1), (-1, 2), (-1, 3), (0, -3), (0, -2), (0, -1), (0, 0), (0, 1), (0, 2), (0, 3), (1, -3), (1, -2), (1, -1), (1, 0), (1, 1), (1, 2), (1, 3), (2, -3), (2, -2), (2, -1), (2, 0), (2, 1), (2, 2), (2, 3), (3, -3), (3, -2), (3, -1), (3, 0), (3, 1), (3, 2), (3, 3)]
2025-11-23 17:27:25.211 | INFO     | env.satellite_mac_env:_decode_combo_component:220 - self._delta_pairs [(-3, -3), (-3, -2), (-3, -1), (-3, 0), (-3, 1), (-3, 2), (-3, 3), (-2, -3), (-2, -2), (-2, -1), (-2, 0), (-2, 1), (-2, 2), (-2, 3), (-1, -3), (-1, -2), (-1, -1), (-1, 0), (-1, 1), (-1, 2), (-1, 3), (0, -3), (0, -2), (0, -1), (0, 0), (0, 1), (0, 2), (0, 3), (1, -3), (1, -2), (1, -1), (1, 0), (1, 1), (1, 2), (1, 3), (2, -3), (2, -2), (2, -1), (2, 0), (2, 1), (2, 2), (2, 3), (3, -3), (3, -2), (3, -1), (3, 0), (3, 1), (3, 2), (3, 3)]
2025-11-23 17:27:25.212 | INFO     | env.satellite_mac_env:_decode_combo_component:220 - self._delta_pairs [(-3, -3), (-3, -2), (-3, -1), (-3, 0), (-3, 1), (-3, 2), (-3, 3), (-2, -3), (-2, -2), (-2, -1), (-2, 0), (-2, 1), (-2, 2), (-2, 3), (-1, -3), (-1, -2), (-1, -1), (-1, 0), (-1, 1), (-1, 2), (-1, 3), (0, -3), (0, -2), (0, -1), (0, 0), (0, 1), (0, 2), (0, 3), (1, -3), (1, -2), (1, -1), (1, 0), (1, 1), (1, 2), (1, 3), (2, -3), (2, -2), (2, -1), (2, 0), (2, 1), (2, 2), (2, 3), (3, -3), (3, -2), (3, -1), (3, 0), (3, 1), (3, 2), (3, 3)]
2025-11-23 17:27:25.214 | INFO     | env.satellite_mac_env:_decode_combo_component:220 - self._delta_pairs [(-3, -3), (-3, -2), (-3, -1), (-3, 0), (-3, 1), (-3, 2), (-3, 3), (-2, -3), (-2, -2), (-2, -1), (-2, 0), (-2, 1), (-2, 2), (-2, 3), (-1, -3), (-1, -2), (-1, -1), (-1, 0), (-1, 1), (-1, 2), (-1, 3), (0, -3), (0, -2), (0, -1), (0, 0), (0, 1), (0, 2), (0, 3), (1, -3), (1, -2), (1, -1), (1, 0), (1, 1), (1, 2), (1, 3), (2, -3), (2, -2), (2, -1), (2, 0), (2, 1), (2, 2), (2, 3), (3, -3), (3, -2), (3, -1), (3, 0), (3, 1), (3, 2), (3, 3)]
2025-11-23 17:27:25.215 | INFO     | env.satellite_mac_env:_decode_combo_component:220 - self._delta_pairs [(-3, -3), (-3, -2), (-3, -1), (-3, 0), (-3, 1), (-3, 2), (-3, 3), (-2, -3), (-2, -2), (-2, -1), (-2, 0), (-2, 1), (-2, 2), (-2, 3), (-1, -3), (-1, -2), (-1, -1), (-1, 0), (-1, 1), (-1, 2), (-1, 3), (0, -3), (0, -2), (0, -1), (0, 0), (0, 1), (0, 2), (0, 3), (1, -3), (1, -2), (1, -1), (1, 0), (1, 1), (1, 2), (1, 3), (2, -3), (2, -2), (2, -1), (2, 0), (2, 1), (2, 2), (2, 3), (3, -3), (3, -2), (3, -1), (3, 0), (3, 1), (3, 2), (3, 3)]
2025-11-23 17:27:25.218 | INFO     | env.satellite_mac_env:_decode_combo_component:220 - self._delta_pairs [(-3, -3), (-3, -2), (-3, -1), (-3, 0), (-3, 1), (-3, 2), (-3, 3), (-2, -3), (-2, -2), (-2, -1), (-2, 0), (-2, 1), (-2, 2), (-2, 3), (-1, -3), (-1, -2), (-1, -1), (-1, 0), (-1, 1), (-1, 2), (-1, 3), (0, -3), (0, -2), (0, -1), (0, 0), (0, 1), (0, 2), (0, 3), (1, -3), (1, -2), (1, -1), (1, 0), (1, 1), (1, 2), (1, 3), (2, -3), (2, -2), (2, -1), (2, 0), (2, 1), (2, 2), (2, 3), (3, -3), (3, -2), (3, -1), (3, 0), (3, 1), (3, 2), (3, 3)]
2025-11-23 17:27:25.219 | INFO     | env.satellite_mac_env:_decode_combo_component:220 - self._delta_pairs [(-3, -3), (-3, -2), (-3, -1), (-3, 0), (-3, 1), (-3, 2), (-3, 3), (-2, -3), (-2, -2), (-2, -1), (-2, 0), (-2, 1), (-2, 2), (-2, 3), (-1, -3), (-1, -2), (-1, -1), (-1, 0), (-1, 1), (-1, 2), (-1, 3), (0, -3), (0, -2), (0, -1), (0, 0), (0, 1), (0, 2), (0, 3), (1, -3), (1, -2), (1, -1), (1, 0), (1, 1), (1, 2), (1, 3), (2, -3), (2, -2), (2, -1), (2, 0), (2, 1), (2, 2), (2, 3), (3, -3), (3, -2), (3, -1), (3, 0), (3, 1), (3, 2), (3, 3)]
2025-11-23 17:27:25.222 | INFO     | env.satellite_mac_env:_decode_combo_component:220 - self._delta_pairs [(-3, -3), (-3, -2), (-3, -1), (-3, 0), (-3, 1), (-3, 2), (-3, 3), (-2, -3), (-2, -2), (-2, -1), (-2, 0), (-2, 1), (-2, 2), (-2, 3), (-1, -3), (-1, -2), (-1, -1), (-1, 0), (-1, 1), (-1, 2), (-1, 3), (0, -3), (0, -2), (0, -1), (0, 0), (0, 1), (0, 2), (0, 3), (1, -3), (1, -2), (1, -1), (1, 0), (1, 1), (1, 2), (1, 3), (2, -3), (2, -2), (2, -1), (2, 0), (2, 1), (2, 2), (2, 3), (3, -3), (3, -2), (3, -1), (3, 0), (3, 1), (3, 2), (3, 3)]
2025-11-23 17:27:25.223 | INFO     | env.satellite_mac_env:_decode_combo_component:220 - self._delta_pairs [(-3, -3), (-3, -2), (-3, -1), (-3, 0), (-3, 1), (-3, 2), (-3, 3), (-2, -3), (-2, -2), (-2, -1), (-2, 0), (-2, 1), (-2, 2), (-2, 3), (-1, -3), (-1, -2), (-1, -1), (-1, 0), (-1, 1), (-1, 2), (-1, 3), (0, -3), (0, -2), (0, -1), (0, 0), (0, 1), (0, 2), (0, 3), (1, -3), (1, -2), (1, -1), (1, 0), (1, 1), (1, 2), (1, 3), (2, -3), (2, -2), (2, -1), (2, 0), (2, 1), (2, 2), (2, 3), (3, -3), (3, -2), (3, -1), (3, 0), (3, 1), (3, 2), (3, 3)]
2025-11-23 17:27:25.227 | INFO     | env.satellite_mac_env:_decode_combo_component:220 - self._delta_pairs [(-3, -3), (-3, -2), (-3, -1), (-3, 0), (-3, 1), (-3, 2), (-3, 3), (-2, -3), (-2, -2), (-2, -1), (-2, 0), (-2, 1), (-2, 2), (-2, 3), (-1, -3), (-1, -2), (-1, -1), (-1, 0), (-1, 1), (-1, 2), (-1, 3), (0, -3), (0, -2), (0, -1), (0, 0), (0, 1), (0, 2), (0, 3), (1, -3), (1, -2), (1, -1), (1, 0), (1, 1), (1, 2), (1, 3), (2, -3), (2, -2), (2, -1), (2, 0), (2, 1), (2, 2), (2, 3), (3, -3), (3, -2), (3, -1), (3, 0), (3, 1), (3, 2), (3, 3)]
2025-11-23 17:27:25.228 | INFO     | env.satellite_mac_env:_decode_combo_component:220 - self._delta_pairs [(-3, -3), (-3, -2), (-3, -1), (-3, 0), (-3, 1), (-3, 2), (-3, 3), (-2, -3), (-2, -2), (-2, -1), (-2, 0), (-2, 1), (-2, 2), (-2, 3), (-1, -3), (-1, -2), (-1, -1), (-1, 0), (-1, 1), (-1, 2), (-1, 3), (0, -3), (0, -2), (0, -1), (0, 0), (0, 1), (0, 2), (0, 3), (1, -3), (1, -2), (1, -1), (1, 0), (1, 1), (1, 2), (1, 3), (2, -3), (2, -2), (2, -1), (2, 0), (2, 1), (2, 2), (2, 3), (3, -3), (3, -2), (3, -1), (3, 0), (3, 1), (3, 2), (3, 3)]
2025-11-23 17:27:25.229 | INFO     | env.satellite_mac_env:_decode_combo_component:220 - self._delta_pairs [(-3, -3), (-3, -2), (-3, -1), (-3, 0), (-3, 1), (-3, 2), (-3, 3), (-2, -3), (-2, -2), (-2, -1), (-2, 0), (-2, 1), (-2, 2), (-2, 3), (-1, -3), (-1, -2), (-1, -1), (-1, 0), (-1, 1), (-1, 2), (-1, 3), (0, -3), (0, -2), (0, -1), (0, 0), (0, 1), (0, 2), (0, 3), (1, -3), (1, -2), (1, -1), (1, 0), (1, 1), (1, 2), (1, 3), (2, -3), (2, -2), (2, -1), (2, 0), (2, 1), (2, 2), (2, 3), (3, -3), (3, -2), (3, -1), (3, 0), (3, 1), (3, 2), (3, 3)]
2025-11-23 17:27:25.230 | INFO     | env.satellite_mac_env:_decode_combo_component:220 - self._delta_pairs [(-3, -3), (-3, -2), (-3, -1), (-3, 0), (-3, 1), (-3, 2), (-3, 3), (-2, -3), (-2, -2), (-2, -1), (-2, 0), (-2, 1), (-2, 2), (-2, 3), (-1, -3), (-1, -2), (-1, -1), (-1, 0), (-1, 1), (-1, 2), (-1, 3), (0, -3), (0, -2), (0, -1), (0, 0), (0, 1), (0, 2), (0, 3), (1, -3), (1, -2), (1, -1), (1, 0), (1, 1), (1, 2), (1, 3), (2, -3), (2, -2), (2, -1), (2, 0), (2, 1), (2, 2), (2, 3), (3, -3), (3, -2), (3, -1), (3, 0), (3, 1), (3, 2), (3, 3)]
2025-11-23 17:27:25.233 | INFO     | env.satellite_mac_env:_decode_combo_component:220 - self._delta_pairs [(-3, -3), (-3, -2), (-3, -1), (-3, 0), (-3, 1), (-3, 2), (-3, 3), (-2, -3), (-2, -2), (-2, -1), (-2, 0), (-2, 1), (-2, 2), (-2, 3), (-1, -3), (-1, -2), (-1, -1), (-1, 0), (-1, 1), (-1, 2), (-1, 3), (0, -3), (0, -2), (0, -1), (0, 0), (0, 1), (0, 2), (0, 3), (1, -3), (1, -2), (1, -1), (1, 0), (1, 1), (1, 2), (1, 3), (2, -3), (2, -2), (2, -1), (2, 0), (2, 1), (2, 2), (2, 3), (3, -3), (3, -2), (3, -1), (3, 0), (3, 1), (3, 2), (3, 3)]
2025-11-23 17:27:25.235 | INFO     | env.satellite_mac_env:_decode_combo_component:220 - self._delta_pairs [(-3, -3), (-3, -2), (-3, -1), (-3, 0), (-3, 1), (-3, 2), (-3, 3), (-2, -3), (-2, -2), (-2, -1), (-2, 0), (-2, 1), (-2, 2), (-2, 3), (-1, -3), (-1, -2), (-1, -1), (-1, 0), (-1, 1), (-1, 2), (-1, 3), (0, -3), (0, -2), (0, -1), (0, 0), (0, 1), (0, 2), (0, 3), (1, -3), (1, -2), (1, -1), (1, 0), (1, 1), (1, 2), (1, 3), (2, -3), (2, -2), (2, -1), (2, 0), (2, 1), (2, 2), (2, 3), (3, -3), (3, -2), (3, -1), (3, 0), (3, 1), (3, 2), (3, 3)]
2025-11-23 17:27:25.236 | INFO     | env.satellite_mac_env:_decode_combo_component:220 - self._delta_pairs [(-3, -3), (-3, -2), (-3, -1), (-3, 0), (-3, 1), (-3, 2), (-3, 3), (-2, -3), (-2, -2), (-2, -1), (-2, 0), (-2, 1), (-2, 2), (-2, 3), (-1, -3), (-1, -2), (-1, -1), (-1, 0), (-1, 1), (-1, 2), (-1, 3), (0, -3), (0, -2), (0, -1), (0, 0), (0, 1), (0, 2), (0, 3), (1, -3), (1, -2), (1, -1), (1, 0), (1, 1), (1, 2), (1, 3), (2, -3), (2, -2), (2, -1), (2, 0), (2, 1), (2, 2), (2, 3), (3, -3), (3, -2), (3, -1), (3, 0), (3, 1), (3, 2), (3, 3)]
2025-11-23 17:27:25.238 | INFO     | env.satellite_mac_env:_decode_combo_component:220 - self._delta_pairs [(-3, -3), (-3, -2), (-3, -1), (-3, 0), (-3, 1), (-3, 2), (-3, 3), (-2, -3), (-2, -2), (-2, -1), (-2, 0), (-2, 1), (-2, 2), (-2, 3), (-1, -3), (-1, -2), (-1, -1), (-1, 0), (-1, 1), (-1, 2), (-1, 3), (0, -3), (0, -2), (0, -1), (0, 0), (0, 1), (0, 2), (0, 3), (1, -3), (1, -2), (1, -1), (1, 0), (1, 1), (1, 2), (1, 3), (2, -3), (2, -2), (2, -1), (2, 0), (2, 1), (2, 2), (2, 3), (3, -3), (3, -2), (3, -1), (3, 0), (3, 1), (3, 2), (3, 3)]
2025-11-23 17:27:25.242 | INFO     | env.satellite_mac_env:_decode_combo_component:220 - self._delta_pairs [(-3, -3), (-3, -2), (-3, -1), (-3, 0), (-3, 1), (-3, 2), (-3, 3), (-2, -3), (-2, -2), (-2, -1), (-2, 0), (-2, 1), (-2, 2), (-2, 3), (-1, -3), (-1, -2), (-1, -1), (-1, 0), (-1, 1), (-1, 2), (-1, 3), (0, -3), (0, -2), (0, -1), (0, 0), (0, 1), (0, 2), (0, 3), (1, -3), (1, -2), (1, -1), (1, 0), (1, 1), (1, 2), (1, 3), (2, -3), (2, -2), (2, -1), (2, 0), (2, 1), (2, 2), (2, 3), (3, -3), (3, -2), (3, -1), (3, 0), (3, 1), (3, 2), (3, 3)]
2025-11-23 17:27:25.243 | INFO     | env.satellite_mac_env:_decode_combo_component:220 - self._delta_pairs [(-3, -3), (-3, -2), (-3, -1), (-3, 0), (-3, 1), (-3, 2), (-3, 3), (-2, -3), (-2, -2), (-2, -1), (-2, 0), (-2, 1), (-2, 2), (-2, 3), (-1, -3), (-1, -2), (-1, -1), (-1, 0), (-1, 1), (-1, 2), (-1, 3), (0, -3), (0, -2), (0, -1), (0, 0), (0, 1), (0, 2), (0, 3), (1, -3), (1, -2), (1, -1), (1, 0), (1, 1), (1, 2), (1, 3), (2, -3), (2, -2), (2, -1), (2, 0), (2, 1), (2, 2), (2, 3), (3, -3), (3, -2), (3, -1), (3, 0), (3, 1), (3, 2), (3, 3)]
2025-11-23 17:27:25.244 | INFO     | env.satellite_mac_env:_decode_combo_component:220 - self._delta_pairs [(-3, -3), (-3, -2), (-3, -1), (-3, 0), (-3, 1), (-3, 2), (-3, 3), (-2, -3), (-2, -2), (-2, -1), (-2, 0), (-2, 1), (-2, 2), (-2, 3), (-1, -3), (-1, -2), (-1, -1), (-1, 0), (-1, 1), (-1, 2), (-1, 3), (0, -3), (0, -2), (0, -1), (0, 0), (0, 1), (0, 2), (0, 3), (1, -3), (1, -2), (1, -1), (1, 0), (1, 1), (1, 2), (1, 3), (2, -3), (2, -2), (2, -1), (2, 0), (2, 1), (2, 2), (2, 3), (3, -3), (3, -2), (3, -1), (3, 0), (3, 1), (3, 2), (3, 3)]
2025-11-23 17:27:25.245 | INFO     | env.satellite_mac_env:_decode_combo_component:220 - self._delta_pairs [(-3, -3), (-3, -2), (-3, -1), (-3, 0), (-3, 1), (-3, 2), (-3, 3), (-2, -3), (-2, -2), (-2, -1), (-2, 0), (-2, 1), (-2, 2), (-2, 3), (-1, -3), (-1, -2), (-1, -1), (-1, 0), (-1, 1), (-1, 2), (-1, 3), (0, -3), (0, -2), (0, -1), (0, 0), (0, 1), (0, 2), (0, 3), (1, -3), (1, -2), (1, -1), (1, 0), (1, 1), (1, 2), (1, 3), (2, -3), (2, -2), (2, -1), (2, 0), (2, 1), (2, 2), (2, 3), (3, -3), (3, -2), (3, -1), (3, 0), (3, 1), (3, 2), (3, 3)]
2025-11-23 17:27:25.248 | INFO     | env.satellite_mac_env:_decode_combo_component:220 - self._delta_pairs [(-3, -3), (-3, -2), (-3, -1), (-3, 0), (-3, 1), (-3, 2), (-3, 3), (-2, -3), (-2, -2), (-2, -1), (-2, 0), (-2, 1), (-2, 2), (-2, 3), (-1, -3), (-1, -2), (-1, -1), (-1, 0), (-1, 1), (-1, 2), (-1, 3), (0, -3), (0, -2), (0, -1), (0, 0), (0, 1), (0, 2), (0, 3), (1, -3), (1, -2), (1, -1), (1, 0), (1, 1), (1, 2), (1, 3), (2, -3), (2, -2), (2, -1), (2, 0), (2, 1), (2, 2), (2, 3), (3, -3), (3, -2), (3, -1), (3, 0), (3, 1), (3, 2), (3, 3)]
2025-11-23 17:27:25.249 | INFO     | env.satellite_mac_env:_decode_combo_component:220 - self._delta_pairs [(-3, -3), (-3, -2), (-3, -1), (-3, 0), (-3, 1), (-3, 2), (-3, 3), (-2, -3), (-2, -2), (-2, -1), (-2, 0), (-2, 1), (-2, 2), (-2, 3), (-1, -3), (-1, -2), (-1, -1), (-1, 0), (-1, 1), (-1, 2), (-1, 3), (0, -3), (0, -2), (0, -1), (0, 0), (0, 1), (0, 2), (0, 3), (1, -3), (1, -2), (1, -1), (1, 0), (1, 1), (1, 2), (1, 3), (2, -3), (2, -2), (2, -1), (2, 0), (2, 1), (2, 2), (2, 3), (3, -3), (3, -2), (3, -1), (3, 0), (3, 1), (3, 2), (3, 3)]
2025-11-23 17:27:25.251 | INFO     | env.satellite_mac_env:_decode_combo_component:220 - self._delta_pairs [(-3, -3), (-3, -2), (-3, -1), (-3, 0), (-3, 1), (-3, 2), (-3, 3), (-2, -3), (-2, -2), (-2, -1), (-2, 0), (-2, 1), (-2, 2), (-2, 3), (-1, -3), (-1, -2), (-1, -1), (-1, 0), (-1, 1), (-1, 2), (-1, 3), (0, -3), (0, -2), (0, -1), (0, 0), (0, 1), (0, 2), (0, 3), (1, -3), (1, -2), (1, -1), (1, 0), (1, 1), (1, 2), (1, 3), (2, -3), (2, -2), (2, -1), (2, 0), (2, 1), (2, 2), (2, 3), (3, -3), (3, -2), (3, -1), (3, 0), (3, 1), (3, 2), (3, 3)]
2025-11-23 17:27:25.252 | INFO     | env.satellite_mac_env:_decode_combo_component:220 - self._delta_pairs [(-3, -3), (-3, -2), (-3, -1), (-3, 0), (-3, 1), (-3, 2), (-3, 3), (-2, -3), (-2, -2), (-2, -1), (-2, 0), (-2, 1), (-2, 2), (-2, 3), (-1, -3), (-1, -2), (-1, -1), (-1, 0), (-1, 1), (-1, 2), (-1, 3), (0, -3), (0, -2), (0, -1), (0, 0), (0, 1), (0, 2), (0, 3), (1, -3), (1, -2), (1, -1), (1, 0), (1, 1), (1, 2), (1, 3), (2, -3), (2, -2), (2, -1), (2, 0), (2, 1), (2, 2), (2, 3), (3, -3), (3, -2), (3, -1), (3, 0), (3, 1), (3, 2), (3, 3)]
2025-11-23 17:27:25.256 | INFO     | env.satellite_mac_env:_decode_combo_component:220 - self._delta_pairs [(-3, -3), (-3, -2), (-3, -1), (-3, 0), (-3, 1), (-3, 2), (-3, 3), (-2, -3), (-2, -2), (-2, -1), (-2, 0), (-2, 1), (-2, 2), (-2, 3), (-1, -3), (-1, -2), (-1, -1), (-1, 0), (-1, 1), (-1, 2), (-1, 3), (0, -3), (0, -2), (0, -1), (0, 0), (0, 1), (0, 2), (0, 3), (1, -3), (1, -2), (1, -1), (1, 0), (1, 1), (1, 2), (1, 3), (2, -3), (2, -2), (2, -1), (2, 0), (2, 1), (2, 2), (2, 3), (3, -3), (3, -2), (3, -1), (3, 0), (3, 1), (3, 2), (3, 3)]
2025-11-23 17:27:25.258 | INFO     | env.satellite_mac_env:_decode_combo_component:220 - self._delta_pairs [(-3, -3), (-3, -2), (-3, -1), (-3, 0), (-3, 1), (-3, 2), (-3, 3), (-2, -3), (-2, -2), (-2, -1), (-2, 0), (-2, 1), (-2, 2), (-2, 3), (-1, -3), (-1, -2), (-1, -1), (-1, 0), (-1, 1), (-1, 2), (-1, 3), (0, -3), (0, -2), (0, -1), (0, 0), (0, 1), (0, 2), (0, 3), (1, -3), (1, -2), (1, -1), (1, 0), (1, 1), (1, 2), (1, 3), (2, -3), (2, -2), (2, -1), (2, 0), (2, 1), (2, 2), (2, 3), (3, -3), (3, -2), (3, -1), (3, 0), (3, 1), (3, 2), (3, 3)]
2025-11-23 17:27:25.259 | INFO     | env.satellite_mac_env:_decode_combo_component:220 - self._delta_pairs [(-3, -3), (-3, -2), (-3, -1), (-3, 0), (-3, 1), (-3, 2), (-3, 3), (-2, -3), (-2, -2), (-2, -1), (-2, 0), (-2, 1), (-2, 2), (-2, 3), (-1, -3), (-1, -2), (-1, -1), (-1, 0), (-1, 1), (-1, 2), (-1, 3), (0, -3), (0, -2), (0, -1), (0, 0), (0, 1), (0, 2), (0, 3), (1, -3), (1, -2), (1, -1), (1, 0), (1, 1), (1, 2), (1, 3), (2, -3), (2, -2), (2, -1), (2, 0), (2, 1), (2, 2), (2, 3), (3, -3), (3, -2), (3, -1), (3, 0), (3, 1), (3, 2), (3, 3)]
2025-11-23 17:27:25.260 | INFO     | env.satellite_mac_env:_decode_combo_component:220 - self._delta_pairs [(-3, -3), (-3, -2), (-3, -1), (-3, 0), (-3, 1), (-3, 2), (-3, 3), (-2, -3), (-2, -2), (-2, -1), (-2, 0), (-2, 1), (-2, 2), (-2, 3), (-1, -3), (-1, -2), (-1, -1), (-1, 0), (-1, 1), (-1, 2), (-1, 3), (0, -3), (0, -2), (0, -1), (0, 0), (0, 1), (0, 2), (0, 3), (1, -3), (1, -2), (1, -1), (1, 0), (1, 1), (1, 2), (1, 3), (2, -3), (2, -2), (2, -1), (2, 0), (2, 1), (2, 2), (2, 3), (3, -3), (3, -2), (3, -1), (3, 0), (3, 1), (3, 2), (3, 3)]
2025-11-23 17:27:25.263 | INFO     | env.satellite_mac_env:_decode_combo_component:220 - self._delta_pairs [(-3, -3), (-3, -2), (-3, -1), (-3, 0), (-3, 1), (-3, 2), (-3, 3), (-2, -3), (-2, -2), (-2, -1), (-2, 0), (-2, 1), (-2, 2), (-2, 3), (-1, -3), (-1, -2), (-1, -1), (-1, 0), (-1, 1), (-1, 2), (-1, 3), (0, -3), (0, -2), (0, -1), (0, 0), (0, 1), (0, 2), (0, 3), (1, -3), (1, -2), (1, -1), (1, 0), (1, 1), (1, 2), (1, 3), (2, -3), (2, -2), (2, -1), (2, 0), (2, 1), (2, 2), (2, 3), (3, -3), (3, -2), (3, -1), (3, 0), (3, 1), (3, 2), (3, 3)]
2025-11-23 17:27:25.265 | INFO     | env.satellite_mac_env:_decode_combo_component:220 - self._delta_pairs [(-3, -3), (-3, -2), (-3, -1), (-3, 0), (-3, 1), (-3, 2), (-3, 3), (-2, -3), (-2, -2), (-2, -1), (-2, 0), (-2, 1), (-2, 2), (-2, 3), (-1, -3), (-1, -2), (-1, -1), (-1, 0), (-1, 1), (-1, 2), (-1, 3), (0, -3), (0, -2), (0, -1), (0, 0), (0, 1), (0, 2), (0, 3), (1, -3), (1, -2), (1, -1), (1, 0), (1, 1), (1, 2), (1, 3), (2, -3), (2, -2), (2, -1), (2, 0), (2, 1), (2, 2), (2, 3), (3, -3), (3, -2), (3, -1), (3, 0), (3, 1), (3, 2), (3, 3)]
2025-11-23 17:27:25.266 | INFO     | env.satellite_mac_env:_decode_combo_component:220 - self._delta_pairs [(-3, -3), (-3, -2), (-3, -1), (-3, 0), (-3, 1), (-3, 2), (-3, 3), (-2, -3), (-2, -2), (-2, -1), (-2, 0), (-2, 1), (-2, 2), (-2, 3), (-1, -3), (-1, -2), (-1, -1), (-1, 0), (-1, 1), (-1, 2), (-1, 3), (0, -3), (0, -2), (0, -1), (0, 0), (0, 1), (0, 2), (0, 3), (1, -3), (1, -2), (1, -1), (1, 0), (1, 1), (1, 2), (1, 3), (2, -3), (2, -2), (2, -1), (2, 0), (2, 1), (2, 2), (2, 3), (3, -3), (3, -2), (3, -1), (3, 0), (3, 1), (3, 2), (3, 3)]
2025-11-23 17:27:25.267 | INFO     | env.satellite_mac_env:_decode_combo_component:220 - self._delta_pairs [(-3, -3), (-3, -2), (-3, -1), (-3, 0), (-3, 1), (-3, 2), (-3, 3), (-2, -3), (-2, -2), (-2, -1), (-2, 0), (-2, 1), (-2, 2), (-2, 3), (-1, -3), (-1, -2), (-1, -1), (-1, 0), (-1, 1), (-1, 2), (-1, 3), (0, -3), (0, -2), (0, -1), (0, 0), (0, 1), (0, 2), (0, 3), (1, -3), (1, -2), (1, -1), (1, 0), (1, 1), (1, 2), (1, 3), (2, -3), (2, -2), (2, -1), (2, 0), (2, 1), (2, 2), (2, 3), (3, -3), (3, -2), (3, -1), (3, 0), (3, 1), (3, 2), (3, 3)]
2025-11-23 17:27:25.272 | INFO     | env.satellite_mac_env:_decode_combo_component:220 - self._delta_pairs [(-3, -3), (-3, -2), (-3, -1), (-3, 0), (-3, 1), (-3, 2), (-3, 3), (-2, -3), (-2, -2), (-2, -1), (-2, 0), (-2, 1), (-2, 2), (-2, 3), (-1, -3), (-1, -2), (-1, -1), (-1, 0), (-1, 1), (-1, 2), (-1, 3), (0, -3), (0, -2), (0, -1), (0, 0), (0, 1), (0, 2), (0, 3), (1, -3), (1, -2), (1, -1), (1, 0), (1, 1), (1, 2), (1, 3), (2, -3), (2, -2), (2, -1), (2, 0), (2, 1), (2, 2), (2, 3), (3, -3), (3, -2), (3, -1), (3, 0), (3, 1), (3, 2), (3, 3)]
2025-11-23 17:27:25.274 | INFO     | env.satellite_mac_env:_decode_combo_component:220 - self._delta_pairs [(-3, -3), (-3, -2), (-3, -1), (-3, 0), (-3, 1), (-3, 2), (-3, 3), (-2, -3), (-2, -2), (-2, -1), (-2, 0), (-2, 1), (-2, 2), (-2, 3), (-1, -3), (-1, -2), (-1, -1), (-1, 0), (-1, 1), (-1, 2), (-1, 3), (0, -3), (0, -2), (0, -1), (0, 0), (0, 1), (0, 2), (0, 3), (1, -3), (1, -2), (1, -1), (1, 0), (1, 1), (1, 2), (1, 3), (2, -3), (2, -2), (2, -1), (2, 0), (2, 1), (2, 2), (2, 3), (3, -3), (3, -2), (3, -1), (3, 0), (3, 1), (3, 2), (3, 3)]
2025-11-23 17:27:25.275 | INFO     | env.satellite_mac_env:_decode_combo_component:220 - self._delta_pairs [(-3, -3), (-3, -2), (-3, -1), (-3, 0), (-3, 1), (-3, 2), (-3, 3), (-2, -3), (-2, -2), (-2, -1), (-2, 0), (-2, 1), (-2, 2), (-2, 3), (-1, -3), (-1, -2), (-1, -1), (-1, 0), (-1, 1), (-1, 2), (-1, 3), (0, -3), (0, -2), (0, -1), (0, 0), (0, 1), (0, 2), (0, 3), (1, -3), (1, -2), (1, -1), (1, 0), (1, 1), (1, 2), (1, 3), (2, -3), (2, -2), (2, -1), (2, 0), (2, 1), (2, 2), (2, 3), (3, -3), (3, -2), (3, -1), (3, 0), (3, 1), (3, 2), (3, 3)]
2025-11-23 17:27:25.276 | INFO     | env.satellite_mac_env:_decode_combo_component:220 - self._delta_pairs [(-3, -3), (-3, -2), (-3, -1), (-3, 0), (-3, 1), (-3, 2), (-3, 3), (-2, -3), (-2, -2), (-2, -1), (-2, 0), (-2, 1), (-2, 2), (-2, 3), (-1, -3), (-1, -2), (-1, -1), (-1, 0), (-1, 1), (-1, 2), (-1, 3), (0, -3), (0, -2), (0, -1), (0, 0), (0, 1), (0, 2), (0, 3), (1, -3), (1, -2), (1, -1), (1, 0), (1, 1), (1, 2), (1, 3), (2, -3), (2, -2), (2, -1), (2, 0), (2, 1), (2, 2), (2, 3), (3, -3), (3, -2), (3, -1), (3, 0), (3, 1), (3, 2), (3, 3)]
2025-11-23 17:27:25.279 | INFO     | env.satellite_mac_env:_decode_combo_component:220 - self._delta_pairs [(-3, -3), (-3, -2), (-3, -1), (-3, 0), (-3, 1), (-3, 2), (-3, 3), (-2, -3), (-2, -2), (-2, -1), (-2, 0), (-2, 1), (-2, 2), (-2, 3), (-1, -3), (-1, -2), (-1, -1), (-1, 0), (-1, 1), (-1, 2), (-1, 3), (0, -3), (0, -2), (0, -1), (0, 0), (0, 1), (0, 2), (0, 3), (1, -3), (1, -2), (1, -1), (1, 0), (1, 1), (1, 2), (1, 3), (2, -3), (2, -2), (2, -1), (2, 0), (2, 1), (2, 2), (2, 3), (3, -3), (3, -2), (3, -1), (3, 0), (3, 1), (3, 2), (3, 3)]
2025-11-23 17:27:25.281 | INFO     | env.satellite_mac_env:_decode_combo_component:220 - self._delta_pairs [(-3, -3), (-3, -2), (-3, -1), (-3, 0), (-3, 1), (-3, 2), (-3, 3), (-2, -3), (-2, -2), (-2, -1), (-2, 0), (-2, 1), (-2, 2), (-2, 3), (-1, -3), (-1, -2), (-1, -1), (-1, 0), (-1, 1), (-1, 2), (-1, 3), (0, -3), (0, -2), (0, -1), (0, 0), (0, 1), (0, 2), (0, 3), (1, -3), (1, -2), (1, -1), (1, 0), (1, 1), (1, 2), (1, 3), (2, -3), (2, -2), (2, -1), (2, 0), (2, 1), (2, 2), (2, 3), (3, -3), (3, -2), (3, -1), (3, 0), (3, 1), (3, 2), (3, 3)]
2025-11-23 17:27:25.282 | INFO     | env.satellite_mac_env:_decode_combo_component:220 - self._delta_pairs [(-3, -3), (-3, -2), (-3, -1), (-3, 0), (-3, 1), (-3, 2), (-3, 3), (-2, -3), (-2, -2), (-2, -1), (-2, 0), (-2, 1), (-2, 2), (-2, 3), (-1, -3), (-1, -2), (-1, -1), (-1, 0), (-1, 1), (-1, 2), (-1, 3), (0, -3), (0, -2), (0, -1), (0, 0), (0, 1), (0, 2), (0, 3), (1, -3), (1, -2), (1, -1), (1, 0), (1, 1), (1, 2), (1, 3), (2, -3), (2, -2), (2, -1), (2, 0), (2, 1), (2, 2), (2, 3), (3, -3), (3, -2), (3, -1), (3, 0), (3, 1), (3, 2), (3, 3)]
2025-11-23 17:27:25.283 | INFO     | env.satellite_mac_env:_decode_combo_component:220 - self._delta_pairs [(-3, -3), (-3, -2), (-3, -1), (-3, 0), (-3, 1), (-3, 2), (-3, 3), (-2, -3), (-2, -2), (-2, -1), (-2, 0), (-2, 1), (-2, 2), (-2, 3), (-1, -3), (-1, -2), (-1, -1), (-1, 0), (-1, 1), (-1, 2), (-1, 3), (0, -3), (0, -2), (0, -1), (0, 0), (0, 1), (0, 2), (0, 3), (1, -3), (1, -2), (1, -1), (1, 0), (1, 1), (1, 2), (1, 3), (2, -3), (2, -2), (2, -1), (2, 0), (2, 1), (2, 2), (2, 3), (3, -3), (3, -2), (3, -1), (3, 0), (3, 1), (3, 2), (3, 3)]
2025-11-23 17:27:25.287 | INFO     | env.satellite_mac_env:_decode_combo_component:220 - self._delta_pairs [(-3, -3), (-3, -2), (-3, -1), (-3, 0), (-3, 1), (-3, 2), (-3, 3), (-2, -3), (-2, -2), (-2, -1), (-2, 0), (-2, 1), (-2, 2), (-2, 3), (-1, -3), (-1, -2), (-1, -1), (-1, 0), (-1, 1), (-1, 2), (-1, 3), (0, -3), (0, -2), (0, -1), (0, 0), (0, 1), (0, 2), (0, 3), (1, -3), (1, -2), (1, -1), (1, 0), (1, 1), (1, 2), (1, 3), (2, -3), (2, -2), (2, -1), (2, 0), (2, 1), (2, 2), (2, 3), (3, -3), (3, -2), (3, -1), (3, 0), (3, 1), (3, 2), (3, 3)]
2025-11-23 17:27:25.289 | INFO     | env.satellite_mac_env:_decode_combo_component:220 - self._delta_pairs [(-3, -3), (-3, -2), (-3, -1), (-3, 0), (-3, 1), (-3, 2), (-3, 3), (-2, -3), (-2, -2), (-2, -1), (-2, 0), (-2, 1), (-2, 2), (-2, 3), (-1, -3), (-1, -2), (-1, -1), (-1, 0), (-1, 1), (-1, 2), (-1, 3), (0, -3), (0, -2), (0, -1), (0, 0), (0, 1), (0, 2), (0, 3), (1, -3), (1, -2), (1, -1), (1, 0), (1, 1), (1, 2), (1, 3), (2, -3), (2, -2), (2, -1), (2, 0), (2, 1), (2, 2), (2, 3), (3, -3), (3, -2), (3, -1), (3, 0), (3, 1), (3, 2), (3, 3)]
2025-11-23 17:27:25.291 | INFO     | env.satellite_mac_env:_decode_combo_component:220 - self._delta_pairs [(-3, -3), (-3, -2), (-3, -1), (-3, 0), (-3, 1), (-3, 2), (-3, 3), (-2, -3), (-2, -2), (-2, -1), (-2, 0), (-2, 1), (-2, 2), (-2, 3), (-1, -3), (-1, -2), (-1, -1), (-1, 0), (-1, 1), (-1, 2), (-1, 3), (0, -3), (0, -2), (0, -1), (0, 0), (0, 1), (0, 2), (0, 3), (1, -3), (1, -2), (1, -1), (1, 0), (1, 1), (1, 2), (1, 3), (2, -3), (2, -2), (2, -1), (2, 0), (2, 1), (2, 2), (2, 3), (3, -3), (3, -2), (3, -1), (3, 0), (3, 1), (3, 2), (3, 3)]
2025-11-23 17:27:25.292 | INFO     | env.satellite_mac_env:_decode_combo_component:220 - self._delta_pairs [(-3, -3), (-3, -2), (-3, -1), (-3, 0), (-3, 1), (-3, 2), (-3, 3), (-2, -3), (-2, -2), (-2, -1), (-2, 0), (-2, 1), (-2, 2), (-2, 3), (-1, -3), (-1, -2), (-1, -1), (-1, 0), (-1, 1), (-1, 2), (-1, 3), (0, -3), (0, -2), (0, -1), (0, 0), (0, 1), (0, 2), (0, 3), (1, -3), (1, -2), (1, -1), (1, 0), (1, 1), (1, 2), (1, 3), (2, -3), (2, -2), (2, -1), (2, 0), (2, 1), (2, 2), (2, 3), (3, -3), (3, -2), (3, -1), (3, 0), (3, 1), (3, 2), (3, 3)]
2025-11-23 17:27:25.296 | INFO     | env.satellite_mac_env:_decode_combo_component:220 - self._delta_pairs [(-3, -3), (-3, -2), (-3, -1), (-3, 0), (-3, 1), (-3, 2), (-3, 3), (-2, -3), (-2, -2), (-2, -1), (-2, 0), (-2, 1), (-2, 2), (-2, 3), (-1, -3), (-1, -2), (-1, -1), (-1, 0), (-1, 1), (-1, 2), (-1, 3), (0, -3), (0, -2), (0, -1), (0, 0), (0, 1), (0, 2), (0, 3), (1, -3), (1, -2), (1, -1), (1, 0), (1, 1), (1, 2), (1, 3), (2, -3), (2, -2), (2, -1), (2, 0), (2, 1), (2, 2), (2, 3), (3, -3), (3, -2), (3, -1), (3, 0), (3, 1), (3, 2), (3, 3)]
2025-11-23 17:27:25.297 | INFO     | env.satellite_mac_env:_decode_combo_component:220 - self._delta_pairs [(-3, -3), (-3, -2), (-3, -1), (-3, 0), (-3, 1), (-3, 2), (-3, 3), (-2, -3), (-2, -2), (-2, -1), (-2, 0), (-2, 1), (-2, 2), (-2, 3), (-1, -3), (-1, -2), (-1, -1), (-1, 0), (-1, 1), (-1, 2), (-1, 3), (0, -3), (0, -2), (0, -1), (0, 0), (0, 1), (0, 2), (0, 3), (1, -3), (1, -2), (1, -1), (1, 0), (1, 1), (1, 2), (1, 3), (2, -3), (2, -2), (2, -1), (2, 0), (2, 1), (2, 2), (2, 3), (3, -3), (3, -2), (3, -1), (3, 0), (3, 1), (3, 2), (3, 3)]
2025-11-23 17:27:25.299 | INFO     | env.satellite_mac_env:_decode_combo_component:220 - self._delta_pairs [(-3, -3), (-3, -2), (-3, -1), (-3, 0), (-3, 1), (-3, 2), (-3, 3), (-2, -3), (-2, -2), (-2, -1), (-2, 0), (-2, 1), (-2, 2), (-2, 3), (-1, -3), (-1, -2), (-1, -1), (-1, 0), (-1, 1), (-1, 2), (-1, 3), (0, -3), (0, -2), (0, -1), (0, 0), (0, 1), (0, 2), (0, 3), (1, -3), (1, -2), (1, -1), (1, 0), (1, 1), (1, 2), (1, 3), (2, -3), (2, -2), (2, -1), (2, 0), (2, 1), (2, 2), (2, 3), (3, -3), (3, -2), (3, -1), (3, 0), (3, 1), (3, 2), (3, 3)]
2025-11-23 17:27:25.300 | INFO     | env.satellite_mac_env:_decode_combo_component:220 - self._delta_pairs [(-3, -3), (-3, -2), (-3, -1), (-3, 0), (-3, 1), (-3, 2), (-3, 3), (-2, -3), (-2, -2), (-2, -1), (-2, 0), (-2, 1), (-2, 2), (-2, 3), (-1, -3), (-1, -2), (-1, -1), (-1, 0), (-1, 1), (-1, 2), (-1, 3), (0, -3), (0, -2), (0, -1), (0, 0), (0, 1), (0, 2), (0, 3), (1, -3), (1, -2), (1, -1), (1, 0), (1, 1), (1, 2), (1, 3), (2, -3), (2, -2), (2, -1), (2, 0), (2, 1), (2, 2), (2, 3), (3, -3), (3, -2), (3, -1), (3, 0), (3, 1), (3, 2), (3, 3)]
2025-11-23 17:27:25.304 | INFO     | env.satellite_mac_env:_decode_combo_component:220 - self._delta_pairs [(-3, -3), (-3, -2), (-3, -1), (-3, 0), (-3, 1), (-3, 2), (-3, 3), (-2, -3), (-2, -2), (-2, -1), (-2, 0), (-2, 1), (-2, 2), (-2, 3), (-1, -3), (-1, -2), (-1, -1), (-1, 0), (-1, 1), (-1, 2), (-1, 3), (0, -3), (0, -2), (0, -1), (0, 0), (0, 1), (0, 2), (0, 3), (1, -3), (1, -2), (1, -1), (1, 0), (1, 1), (1, 2), (1, 3), (2, -3), (2, -2), (2, -1), (2, 0), (2, 1), (2, 2), (2, 3), (3, -3), (3, -2), (3, -1), (3, 0), (3, 1), (3, 2), (3, 3)]
2025-11-23 17:27:25.306 | INFO     | env.satellite_mac_env:_decode_combo_component:220 - self._delta_pairs [(-3, -3), (-3, -2), (-3, -1), (-3, 0), (-3, 1), (-3, 2), (-3, 3), (-2, -3), (-2, -2), (-2, -1), (-2, 0), (-2, 1), (-2, 2), (-2, 3), (-1, -3), (-1, -2), (-1, -1), (-1, 0), (-1, 1), (-1, 2), (-1, 3), (0, -3), (0, -2), (0, -1), (0, 0), (0, 1), (0, 2), (0, 3), (1, -3), (1, -2), (1, -1), (1, 0), (1, 1), (1, 2), (1, 3), (2, -3), (2, -2), (2, -1), (2, 0), (2, 1), (2, 2), (2, 3), (3, -3), (3, -2), (3, -1), (3, 0), (3, 1), (3, 2), (3, 3)]
2025-11-23 17:27:25.308 | INFO     | env.satellite_mac_env:_decode_combo_component:220 - self._delta_pairs [(-3, -3), (-3, -2), (-3, -1), (-3, 0), (-3, 1), (-3, 2), (-3, 3), (-2, -3), (-2, -2), (-2, -1), (-2, 0), (-2, 1), (-2, 2), (-2, 3), (-1, -3), (-1, -2), (-1, -1), (-1, 0), (-1, 1), (-1, 2), (-1, 3), (0, -3), (0, -2), (0, -1), (0, 0), (0, 1), (0, 2), (0, 3), (1, -3), (1, -2), (1, -1), (1, 0), (1, 1), (1, 2), (1, 3), (2, -3), (2, -2), (2, -1), (2, 0), (2, 1), (2, 2), (2, 3), (3, -3), (3, -2), (3, -1), (3, 0), (3, 1), (3, 2), (3, 3)]
2025-11-23 17:27:25.309 | INFO     | env.satellite_mac_env:_decode_combo_component:220 - self._delta_pairs [(-3, -3), (-3, -2), (-3, -1), (-3, 0), (-3, 1), (-3, 2), (-3, 3), (-2, -3), (-2, -2), (-2, -1), (-2, 0), (-2, 1), (-2, 2), (-2, 3), (-1, -3), (-1, -2), (-1, -1), (-1, 0), (-1, 1), (-1, 2), (-1, 3), (0, -3), (0, -2), (0, -1), (0, 0), (0, 1), (0, 2), (0, 3), (1, -3), (1, -2), (1, -1), (1, 0), (1, 1), (1, 2), (1, 3), (2, -3), (2, -2), (2, -1), (2, 0), (2, 1), (2, 2), (2, 3), (3, -3), (3, -2), (3, -1), (3, 0), (3, 1), (3, 2), (3, 3)]
2025-11-23 17:27:25.312 | INFO     | env.satellite_mac_env:_decode_combo_component:220 - self._delta_pairs [(-3, -3), (-3, -2), (-3, -1), (-3, 0), (-3, 1), (-3, 2), (-3, 3), (-2, -3), (-2, -2), (-2, -1), (-2, 0), (-2, 1), (-2, 2), (-2, 3), (-1, -3), (-1, -2), (-1, -1), (-1, 0), (-1, 1), (-1, 2), (-1, 3), (0, -3), (0, -2), (0, -1), (0, 0), (0, 1), (0, 2), (0, 3), (1, -3), (1, -2), (1, -1), (1, 0), (1, 1), (1, 2), (1, 3), (2, -3), (2, -2), (2, -1), (2, 0), (2, 1), (2, 2), (2, 3), (3, -3), (3, -2), (3, -1), (3, 0), (3, 1), (3, 2), (3, 3)]
2025-11-23 17:27:25.313 | INFO     | env.satellite_mac_env:_decode_combo_component:220 - self._delta_pairs [(-3, -3), (-3, -2), (-3, -1), (-3, 0), (-3, 1), (-3, 2), (-3, 3), (-2, -3), (-2, -2), (-2, -1), (-2, 0), (-2, 1), (-2, 2), (-2, 3), (-1, -3), (-1, -2), (-1, -1), (-1, 0), (-1, 1), (-1, 2), (-1, 3), (0, -3), (0, -2), (0, -1), (0, 0), (0, 1), (0, 2), (0, 3), (1, -3), (1, -2), (1, -1), (1, 0), (1, 1), (1, 2), (1, 3), (2, -3), (2, -2), (2, -1), (2, 0), (2, 1), (2, 2), (2, 3), (3, -3), (3, -2), (3, -1), (3, 0), (3, 1), (3, 2), (3, 3)]
2025-11-23 17:27:25.315 | INFO     | env.satellite_mac_env:_decode_combo_component:220 - self._delta_pairs [(-3, -3), (-3, -2), (-3, -1), (-3, 0), (-3, 1), (-3, 2), (-3, 3), (-2, -3), (-2, -2), (-2, -1), (-2, 0), (-2, 1), (-2, 2), (-2, 3), (-1, -3), (-1, -2), (-1, -1), (-1, 0), (-1, 1), (-1, 2), (-1, 3), (0, -3), (0, -2), (0, -1), (0, 0), (0, 1), (0, 2), (0, 3), (1, -3), (1, -2), (1, -1), (1, 0), (1, 1), (1, 2), (1, 3), (2, -3), (2, -2), (2, -1), (2, 0), (2, 1), (2, 2), (2, 3), (3, -3), (3, -2), (3, -1), (3, 0), (3, 1), (3, 2), (3, 3)]
2025-11-23 17:27:25.316 | INFO     | env.satellite_mac_env:_decode_combo_component:220 - self._delta_pairs [(-3, -3), (-3, -2), (-3, -1), (-3, 0), (-3, 1), (-3, 2), (-3, 3), (-2, -3), (-2, -2), (-2, -1), (-2, 0), (-2, 1), (-2, 2), (-2, 3), (-1, -3), (-1, -2), (-1, -1), (-1, 0), (-1, 1), (-1, 2), (-1, 3), (0, -3), (0, -2), (0, -1), (0, 0), (0, 1), (0, 2), (0, 3), (1, -3), (1, -2), (1, -1), (1, 0), (1, 1), (1, 2), (1, 3), (2, -3), (2, -2), (2, -1), (2, 0), (2, 1), (2, 2), (2, 3), (3, -3), (3, -2), (3, -1), (3, 0), (3, 1), (3, 2), (3, 3)]
2025-11-23 17:27:25.319 | INFO     | env.satellite_mac_env:_decode_combo_component:220 - self._delta_pairs [(-3, -3), (-3, -2), (-3, -1), (-3, 0), (-3, 1), (-3, 2), (-3, 3), (-2, -3), (-2, -2), (-2, -1), (-2, 0), (-2, 1), (-2, 2), (-2, 3), (-1, -3), (-1, -2), (-1, -1), (-1, 0), (-1, 1), (-1, 2), (-1, 3), (0, -3), (0, -2), (0, -1), (0, 0), (0, 1), (0, 2), (0, 3), (1, -3), (1, -2), (1, -1), (1, 0), (1, 1), (1, 2), (1, 3), (2, -3), (2, -2), (2, -1), (2, 0), (2, 1), (2, 2), (2, 3), (3, -3), (3, -2), (3, -1), (3, 0), (3, 1), (3, 2), (3, 3)]
2025-11-23 17:27:25.321 | INFO     | env.satellite_mac_env:_decode_combo_component:220 - self._delta_pairs [(-3, -3), (-3, -2), (-3, -1), (-3, 0), (-3, 1), (-3, 2), (-3, 3), (-2, -3), (-2, -2), (-2, -1), (-2, 0), (-2, 1), (-2, 2), (-2, 3), (-1, -3), (-1, -2), (-1, -1), (-1, 0), (-1, 1), (-1, 2), (-1, 3), (0, -3), (0, -2), (0, -1), (0, 0), (0, 1), (0, 2), (0, 3), (1, -3), (1, -2), (1, -1), (1, 0), (1, 1), (1, 2), (1, 3), (2, -3), (2, -2), (2, -1), (2, 0), (2, 1), (2, 2), (2, 3), (3, -3), (3, -2), (3, -1), (3, 0), (3, 1), (3, 2), (3, 3)]
2025-11-23 17:27:25.322 | INFO     | env.satellite_mac_env:_decode_combo_component:220 - self._delta_pairs [(-3, -3), (-3, -2), (-3, -1), (-3, 0), (-3, 1), (-3, 2), (-3, 3), (-2, -3), (-2, -2), (-2, -1), (-2, 0), (-2, 1), (-2, 2), (-2, 3), (-1, -3), (-1, -2), (-1, -1), (-1, 0), (-1, 1), (-1, 2), (-1, 3), (0, -3), (0, -2), (0, -1), (0, 0), (0, 1), (0, 2), (0, 3), (1, -3), (1, -2), (1, -1), (1, 0), (1, 1), (1, 2), (1, 3), (2, -3), (2, -2), (2, -1), (2, 0), (2, 1), (2, 2), (2, 3), (3, -3), (3, -2), (3, -1), (3, 0), (3, 1), (3, 2), (3, 3)]
2025-11-23 17:27:25.324 | INFO     | env.satellite_mac_env:_decode_combo_component:220 - self._delta_pairs [(-3, -3), (-3, -2), (-3, -1), (-3, 0), (-3, 1), (-3, 2), (-3, 3), (-2, -3), (-2, -2), (-2, -1), (-2, 0), (-2, 1), (-2, 2), (-2, 3), (-1, -3), (-1, -2), (-1, -1), (-1, 0), (-1, 1), (-1, 2), (-1, 3), (0, -3), (0, -2), (0, -1), (0, 0), (0, 1), (0, 2), (0, 3), (1, -3), (1, -2), (1, -1), (1, 0), (1, 1), (1, 2), (1, 3), (2, -3), (2, -2), (2, -1), (2, 0), (2, 1), (2, 2), (2, 3), (3, -3), (3, -2), (3, -1), (3, 0), (3, 1), (3, 2), (3, 3)]
2025-11-23 17:27:25.327 | INFO     | env.satellite_mac_env:_decode_combo_component:220 - self._delta_pairs [(-3, -3), (-3, -2), (-3, -1), (-3, 0), (-3, 1), (-3, 2), (-3, 3), (-2, -3), (-2, -2), (-2, -1), (-2, 0), (-2, 1), (-2, 2), (-2, 3), (-1, -3), (-1, -2), (-1, -1), (-1, 0), (-1, 1), (-1, 2), (-1, 3), (0, -3), (0, -2), (0, -1), (0, 0), (0, 1), (0, 2), (0, 3), (1, -3), (1, -2), (1, -1), (1, 0), (1, 1), (1, 2), (1, 3), (2, -3), (2, -2), (2, -1), (2, 0), (2, 1), (2, 2), (2, 3), (3, -3), (3, -2), (3, -1), (3, 0), (3, 1), (3, 2), (3, 3)]
2025-11-23 17:27:25.328 | INFO     | env.satellite_mac_env:_decode_combo_component:220 - self._delta_pairs [(-3, -3), (-3, -2), (-3, -1), (-3, 0), (-3, 1), (-3, 2), (-3, 3), (-2, -3), (-2, -2), (-2, -1), (-2, 0), (-2, 1), (-2, 2), (-2, 3), (-1, -3), (-1, -2), (-1, -1), (-1, 0), (-1, 1), (-1, 2), (-1, 3), (0, -3), (0, -2), (0, -1), (0, 0), (0, 1), (0, 2), (0, 3), (1, -3), (1, -2), (1, -1), (1, 0), (1, 1), (1, 2), (1, 3), (2, -3), (2, -2), (2, -1), (2, 0), (2, 1), (2, 2), (2, 3), (3, -3), (3, -2), (3, -1), (3, 0), (3, 1), (3, 2), (3, 3)]
2025-11-23 17:27:25.329 | INFO     | env.satellite_mac_env:_decode_combo_component:220 - self._delta_pairs [(-3, -3), (-3, -2), (-3, -1), (-3, 0), (-3, 1), (-3, 2), (-3, 3), (-2, -3), (-2, -2), (-2, -1), (-2, 0), (-2, 1), (-2, 2), (-2, 3), (-1, -3), (-1, -2), (-1, -1), (-1, 0), (-1, 1), (-1, 2), (-1, 3), (0, -3), (0, -2), (0, -1), (0, 0), (0, 1), (0, 2), (0, 3), (1, -3), (1, -2), (1, -1), (1, 0), (1, 1), (1, 2), (1, 3), (2, -3), (2, -2), (2, -1), (2, 0), (2, 1), (2, 2), (2, 3), (3, -3), (3, -2), (3, -1), (3, 0), (3, 1), (3, 2), (3, 3)]
2025-11-23 17:27:25.331 | INFO     | env.satellite_mac_env:_decode_combo_component:220 - self._delta_pairs [(-3, -3), (-3, -2), (-3, -1), (-3, 0), (-3, 1), (-3, 2), (-3, 3), (-2, -3), (-2, -2), (-2, -1), (-2, 0), (-2, 1), (-2, 2), (-2, 3), (-1, -3), (-1, -2), (-1, -1), (-1, 0), (-1, 1), (-1, 2), (-1, 3), (0, -3), (0, -2), (0, -1), (0, 0), (0, 1), (0, 2), (0, 3), (1, -3), (1, -2), (1, -1), (1, 0), (1, 1), (1, 2), (1, 3), (2, -3), (2, -2), (2, -1), (2, 0), (2, 1), (2, 2), (2, 3), (3, -3), (3, -2), (3, -1), (3, 0), (3, 1), (3, 2), (3, 3)]
2025-11-23 17:27:25.334 | INFO     | env.satellite_mac_env:_decode_combo_component:220 - self._delta_pairs [(-3, -3), (-3, -2), (-3, -1), (-3, 0), (-3, 1), (-3, 2), (-3, 3), (-2, -3), (-2, -2), (-2, -1), (-2, 0), (-2, 1), (-2, 2), (-2, 3), (-1, -3), (-1, -2), (-1, -1), (-1, 0), (-1, 1), (-1, 2), (-1, 3), (0, -3), (0, -2), (0, -1), (0, 0), (0, 1), (0, 2), (0, 3), (1, -3), (1, -2), (1, -1), (1, 0), (1, 1), (1, 2), (1, 3), (2, -3), (2, -2), (2, -1), (2, 0), (2, 1), (2, 2), (2, 3), (3, -3), (3, -2), (3, -1), (3, 0), (3, 1), (3, 2), (3, 3)]
2025-11-23 17:27:25.335 | INFO     | env.satellite_mac_env:_decode_combo_component:220 - self._delta_pairs [(-3, -3), (-3, -2), (-3, -1), (-3, 0), (-3, 1), (-3, 2), (-3, 3), (-2, -3), (-2, -2), (-2, -1), (-2, 0), (-2, 1), (-2, 2), (-2, 3), (-1, -3), (-1, -2), (-1, -1), (-1, 0), (-1, 1), (-1, 2), (-1, 3), (0, -3), (0, -2), (0, -1), (0, 0), (0, 1), (0, 2), (0, 3), (1, -3), (1, -2), (1, -1), (1, 0), (1, 1), (1, 2), (1, 3), (2, -3), (2, -2), (2, -1), (2, 0), (2, 1), (2, 2), (2, 3), (3, -3), (3, -2), (3, -1), (3, 0), (3, 1), (3, 2), (3, 3)]
2025-11-23 17:27:25.336 | INFO     | env.satellite_mac_env:_decode_combo_component:220 - self._delta_pairs [(-3, -3), (-3, -2), (-3, -1), (-3, 0), (-3, 1), (-3, 2), (-3, 3), (-2, -3), (-2, -2), (-2, -1), (-2, 0), (-2, 1), (-2, 2), (-2, 3), (-1, -3), (-1, -2), (-1, -1), (-1, 0), (-1, 1), (-1, 2), (-1, 3), (0, -3), (0, -2), (0, -1), (0, 0), (0, 1), (0, 2), (0, 3), (1, -3), (1, -2), (1, -1), (1, 0), (1, 1), (1, 2), (1, 3), (2, -3), (2, -2), (2, -1), (2, 0), (2, 1), (2, 2), (2, 3), (3, -3), (3, -2), (3, -1), (3, 0), (3, 1), (3, 2), (3, 3)]
2025-11-23 17:27:25.338 | INFO     | env.satellite_mac_env:_decode_combo_component:220 - self._delta_pairs [(-3, -3), (-3, -2), (-3, -1), (-3, 0), (-3, 1), (-3, 2), (-3, 3), (-2, -3), (-2, -2), (-2, -1), (-2, 0), (-2, 1), (-2, 2), (-2, 3), (-1, -3), (-1, -2), (-1, -1), (-1, 0), (-1, 1), (-1, 2), (-1, 3), (0, -3), (0, -2), (0, -1), (0, 0), (0, 1), (0, 2), (0, 3), (1, -3), (1, -2), (1, -1), (1, 0), (1, 1), (1, 2), (1, 3), (2, -3), (2, -2), (2, -1), (2, 0), (2, 1), (2, 2), (2, 3), (3, -3), (3, -2), (3, -1), (3, 0), (3, 1), (3, 2), (3, 3)]
2025-11-23 17:27:25.341 | INFO     | env.satellite_mac_env:_decode_combo_component:220 - self._delta_pairs [(-3, -3), (-3, -2), (-3, -1), (-3, 0), (-3, 1), (-3, 2), (-3, 3), (-2, -3), (-2, -2), (-2, -1), (-2, 0), (-2, 1), (-2, 2), (-2, 3), (-1, -3), (-1, -2), (-1, -1), (-1, 0), (-1, 1), (-1, 2), (-1, 3), (0, -3), (0, -2), (0, -1), (0, 0), (0, 1), (0, 2), (0, 3), (1, -3), (1, -2), (1, -1), (1, 0), (1, 1), (1, 2), (1, 3), (2, -3), (2, -2), (2, -1), (2, 0), (2, 1), (2, 2), (2, 3), (3, -3), (3, -2), (3, -1), (3, 0), (3, 1), (3, 2), (3, 3)]
2025-11-23 17:27:25.343 | INFO     | env.satellite_mac_env:_decode_combo_component:220 - self._delta_pairs [(-3, -3), (-3, -2), (-3, -1), (-3, 0), (-3, 1), (-3, 2), (-3, 3), (-2, -3), (-2, -2), (-2, -1), (-2, 0), (-2, 1), (-2, 2), (-2, 3), (-1, -3), (-1, -2), (-1, -1), (-1, 0), (-1, 1), (-1, 2), (-1, 3), (0, -3), (0, -2), (0, -1), (0, 0), (0, 1), (0, 2), (0, 3), (1, -3), (1, -2), (1, -1), (1, 0), (1, 1), (1, 2), (1, 3), (2, -3), (2, -2), (2, -1), (2, 0), (2, 1), (2, 2), (2, 3), (3, -3), (3, -2), (3, -1), (3, 0), (3, 1), (3, 2), (3, 3)]
2025-11-23 17:27:25.344 | INFO     | env.satellite_mac_env:_decode_combo_component:220 - self._delta_pairs [(-3, -3), (-3, -2), (-3, -1), (-3, 0), (-3, 1), (-3, 2), (-3, 3), (-2, -3), (-2, -2), (-2, -1), (-2, 0), (-2, 1), (-2, 2), (-2, 3), (-1, -3), (-1, -2), (-1, -1), (-1, 0), (-1, 1), (-1, 2), (-1, 3), (0, -3), (0, -2), (0, -1), (0, 0), (0, 1), (0, 2), (0, 3), (1, -3), (1, -2), (1, -1), (1, 0), (1, 1), (1, 2), (1, 3), (2, -3), (2, -2), (2, -1), (2, 0), (2, 1), (2, 2), (2, 3), (3, -3), (3, -2), (3, -1), (3, 0), (3, 1), (3, 2), (3, 3)]
2025-11-23 17:27:25.345 | INFO     | env.satellite_mac_env:_decode_combo_component:220 - self._delta_pairs [(-3, -3), (-3, -2), (-3, -1), (-3, 0), (-3, 1), (-3, 2), (-3, 3), (-2, -3), (-2, -2), (-2, -1), (-2, 0), (-2, 1), (-2, 2), (-2, 3), (-1, -3), (-1, -2), (-1, -1), (-1, 0), (-1, 1), (-1, 2), (-1, 3), (0, -3), (0, -2), (0, -1), (0, 0), (0, 1), (0, 2), (0, 3), (1, -3), (1, -2), (1, -1), (1, 0), (1, 1), (1, 2), (1, 3), (2, -3), (2, -2), (2, -1), (2, 0), (2, 1), (2, 2), (2, 3), (3, -3), (3, -2), (3, -1), (3, 0), (3, 1), (3, 2), (3, 3)]
2025-11-23 17:27:25.348 | INFO     | env.satellite_mac_env:_decode_combo_component:220 - self._delta_pairs [(-3, -3), (-3, -2), (-3, -1), (-3, 0), (-3, 1), (-3, 2), (-3, 3), (-2, -3), (-2, -2), (-2, -1), (-2, 0), (-2, 1), (-2, 2), (-2, 3), (-1, -3), (-1, -2), (-1, -1), (-1, 0), (-1, 1), (-1, 2), (-1, 3), (0, -3), (0, -2), (0, -1), (0, 0), (0, 1), (0, 2), (0, 3), (1, -3), (1, -2), (1, -1), (1, 0), (1, 1), (1, 2), (1, 3), (2, -3), (2, -2), (2, -1), (2, 0), (2, 1), (2, 2), (2, 3), (3, -3), (3, -2), (3, -1), (3, 0), (3, 1), (3, 2), (3, 3)]
2025-11-23 17:27:25.349 | INFO     | env.satellite_mac_env:_decode_combo_component:220 - self._delta_pairs [(-3, -3), (-3, -2), (-3, -1), (-3, 0), (-3, 1), (-3, 2), (-3, 3), (-2, -3), (-2, -2), (-2, -1), (-2, 0), (-2, 1), (-2, 2), (-2, 3), (-1, -3), (-1, -2), (-1, -1), (-1, 0), (-1, 1), (-1, 2), (-1, 3), (0, -3), (0, -2), (0, -1), (0, 0), (0, 1), (0, 2), (0, 3), (1, -3), (1, -2), (1, -1), (1, 0), (1, 1), (1, 2), (1, 3), (2, -3), (2, -2), (2, -1), (2, 0), (2, 1), (2, 2), (2, 3), (3, -3), (3, -2), (3, -1), (3, 0), (3, 1), (3, 2), (3, 3)]
2025-11-23 17:27:25.351 | INFO     | env.satellite_mac_env:_decode_combo_component:220 - self._delta_pairs [(-3, -3), (-3, -2), (-3, -1), (-3, 0), (-3, 1), (-3, 2), (-3, 3), (-2, -3), (-2, -2), (-2, -1), (-2, 0), (-2, 1), (-2, 2), (-2, 3), (-1, -3), (-1, -2), (-1, -1), (-1, 0), (-1, 1), (-1, 2), (-1, 3), (0, -3), (0, -2), (0, -1), (0, 0), (0, 1), (0, 2), (0, 3), (1, -3), (1, -2), (1, -1), (1, 0), (1, 1), (1, 2), (1, 3), (2, -3), (2, -2), (2, -1), (2, 0), (2, 1), (2, 2), (2, 3), (3, -3), (3, -2), (3, -1), (3, 0), (3, 1), (3, 2), (3, 3)]
2025-11-23 17:27:25.352 | INFO     | env.satellite_mac_env:_decode_combo_component:220 - self._delta_pairs [(-3, -3), (-3, -2), (-3, -1), (-3, 0), (-3, 1), (-3, 2), (-3, 3), (-2, -3), (-2, -2), (-2, -1), (-2, 0), (-2, 1), (-2, 2), (-2, 3), (-1, -3), (-1, -2), (-1, -1), (-1, 0), (-1, 1), (-1, 2), (-1, 3), (0, -3), (0, -2), (0, -1), (0, 0), (0, 1), (0, 2), (0, 3), (1, -3), (1, -2), (1, -1), (1, 0), (1, 1), (1, 2), (1, 3), (2, -3), (2, -2), (2, -1), (2, 0), (2, 1), (2, 2), (2, 3), (3, -3), (3, -2), (3, -1), (3, 0), (3, 1), (3, 2), (3, 3)]
2025-11-23 17:27:25.356 | INFO     | env.satellite_mac_env:_decode_combo_component:220 - self._delta_pairs [(-3, -3), (-3, -2), (-3, -1), (-3, 0), (-3, 1), (-3, 2), (-3, 3), (-2, -3), (-2, -2), (-2, -1), (-2, 0), (-2, 1), (-2, 2), (-2, 3), (-1, -3), (-1, -2), (-1, -1), (-1, 0), (-1, 1), (-1, 2), (-1, 3), (0, -3), (0, -2), (0, -1), (0, 0), (0, 1), (0, 2), (0, 3), (1, -3), (1, -2), (1, -1), (1, 0), (1, 1), (1, 2), (1, 3), (2, -3), (2, -2), (2, -1), (2, 0), (2, 1), (2, 2), (2, 3), (3, -3), (3, -2), (3, -1), (3, 0), (3, 1), (3, 2), (3, 3)]
2025-11-23 17:27:25.358 | INFO     | env.satellite_mac_env:_decode_combo_component:220 - self._delta_pairs [(-3, -3), (-3, -2), (-3, -1), (-3, 0), (-3, 1), (-3, 2), (-3, 3), (-2, -3), (-2, -2), (-2, -1), (-2, 0), (-2, 1), (-2, 2), (-2, 3), (-1, -3), (-1, -2), (-1, -1), (-1, 0), (-1, 1), (-1, 2), (-1, 3), (0, -3), (0, -2), (0, -1), (0, 0), (0, 1), (0, 2), (0, 3), (1, -3), (1, -2), (1, -1), (1, 0), (1, 1), (1, 2), (1, 3), (2, -3), (2, -2), (2, -1), (2, 0), (2, 1), (2, 2), (2, 3), (3, -3), (3, -2), (3, -1), (3, 0), (3, 1), (3, 2), (3, 3)]
2025-11-23 17:27:25.359 | INFO     | env.satellite_mac_env:_decode_combo_component:220 - self._delta_pairs [(-3, -3), (-3, -2), (-3, -1), (-3, 0), (-3, 1), (-3, 2), (-3, 3), (-2, -3), (-2, -2), (-2, -1), (-2, 0), (-2, 1), (-2, 2), (-2, 3), (-1, -3), (-1, -2), (-1, -1), (-1, 0), (-1, 1), (-1, 2), (-1, 3), (0, -3), (0, -2), (0, -1), (0, 0), (0, 1), (0, 2), (0, 3), (1, -3), (1, -2), (1, -1), (1, 0), (1, 1), (1, 2), (1, 3), (2, -3), (2, -2), (2, -1), (2, 0), (2, 1), (2, 2), (2, 3), (3, -3), (3, -2), (3, -1), (3, 0), (3, 1), (3, 2), (3, 3)]
2025-11-23 17:27:25.361 | INFO     | env.satellite_mac_env:_decode_combo_component:220 - self._delta_pairs [(-3, -3), (-3, -2), (-3, -1), (-3, 0), (-3, 1), (-3, 2), (-3, 3), (-2, -3), (-2, -2), (-2, -1), (-2, 0), (-2, 1), (-2, 2), (-2, 3), (-1, -3), (-1, -2), (-1, -1), (-1, 0), (-1, 1), (-1, 2), (-1, 3), (0, -3), (0, -2), (0, -1), (0, 0), (0, 1), (0, 2), (0, 3), (1, -3), (1, -2), (1, -1), (1, 0), (1, 1), (1, 2), (1, 3), (2, -3), (2, -2), (2, -1), (2, 0), (2, 1), (2, 2), (2, 3), (3, -3), (3, -2), (3, -1), (3, 0), (3, 1), (3, 2), (3, 3)]
2025-11-23 17:27:25.364 | INFO     | env.satellite_mac_env:_decode_combo_component:220 - self._delta_pairs [(-3, -3), (-3, -2), (-3, -1), (-3, 0), (-3, 1), (-3, 2), (-3, 3), (-2, -3), (-2, -2), (-2, -1), (-2, 0), (-2, 1), (-2, 2), (-2, 3), (-1, -3), (-1, -2), (-1, -1), (-1, 0), (-1, 1), (-1, 2), (-1, 3), (0, -3), (0, -2), (0, -1), (0, 0), (0, 1), (0, 2), (0, 3), (1, -3), (1, -2), (1, -1), (1, 0), (1, 1), (1, 2), (1, 3), (2, -3), (2, -2), (2, -1), (2, 0), (2, 1), (2, 2), (2, 3), (3, -3), (3, -2), (3, -1), (3, 0), (3, 1), (3, 2), (3, 3)]
2025-11-23 17:27:25.365 | INFO     | env.satellite_mac_env:_decode_combo_component:220 - self._delta_pairs [(-3, -3), (-3, -2), (-3, -1), (-3, 0), (-3, 1), (-3, 2), (-3, 3), (-2, -3), (-2, -2), (-2, -1), (-2, 0), (-2, 1), (-2, 2), (-2, 3), (-1, -3), (-1, -2), (-1, -1), (-1, 0), (-1, 1), (-1, 2), (-1, 3), (0, -3), (0, -2), (0, -1), (0, 0), (0, 1), (0, 2), (0, 3), (1, -3), (1, -2), (1, -1), (1, 0), (1, 1), (1, 2), (1, 3), (2, -3), (2, -2), (2, -1), (2, 0), (2, 1), (2, 2), (2, 3), (3, -3), (3, -2), (3, -1), (3, 0), (3, 1), (3, 2), (3, 3)]
2025-11-23 17:27:25.366 | INFO     | env.satellite_mac_env:_decode_combo_component:220 - self._delta_pairs [(-3, -3), (-3, -2), (-3, -1), (-3, 0), (-3, 1), (-3, 2), (-3, 3), (-2, -3), (-2, -2), (-2, -1), (-2, 0), (-2, 1), (-2, 2), (-2, 3), (-1, -3), (-1, -2), (-1, -1), (-1, 0), (-1, 1), (-1, 2), (-1, 3), (0, -3), (0, -2), (0, -1), (0, 0), (0, 1), (0, 2), (0, 3), (1, -3), (1, -2), (1, -1), (1, 0), (1, 1), (1, 2), (1, 3), (2, -3), (2, -2), (2, -1), (2, 0), (2, 1), (2, 2), (2, 3), (3, -3), (3, -2), (3, -1), (3, 0), (3, 1), (3, 2), (3, 3)]
2025-11-23 17:27:25.367 | INFO     | env.satellite_mac_env:_decode_combo_component:220 - self._delta_pairs [(-3, -3), (-3, -2), (-3, -1), (-3, 0), (-3, 1), (-3, 2), (-3, 3), (-2, -3), (-2, -2), (-2, -1), (-2, 0), (-2, 1), (-2, 2), (-2, 3), (-1, -3), (-1, -2), (-1, -1), (-1, 0), (-1, 1), (-1, 2), (-1, 3), (0, -3), (0, -2), (0, -1), (0, 0), (0, 1), (0, 2), (0, 3), (1, -3), (1, -2), (1, -1), (1, 0), (1, 1), (1, 2), (1, 3), (2, -3), (2, -2), (2, -1), (2, 0), (2, 1), (2, 2), (2, 3), (3, -3), (3, -2), (3, -1), (3, 0), (3, 1), (3, 2), (3, 3)]
2025-11-23 17:27:25.371 | INFO     | env.satellite_mac_env:_decode_combo_component:220 - self._delta_pairs [(-3, -3), (-3, -2), (-3, -1), (-3, 0), (-3, 1), (-3, 2), (-3, 3), (-2, -3), (-2, -2), (-2, -1), (-2, 0), (-2, 1), (-2, 2), (-2, 3), (-1, -3), (-1, -2), (-1, -1), (-1, 0), (-1, 1), (-1, 2), (-1, 3), (0, -3), (0, -2), (0, -1), (0, 0), (0, 1), (0, 2), (0, 3), (1, -3), (1, -2), (1, -1), (1, 0), (1, 1), (1, 2), (1, 3), (2, -3), (2, -2), (2, -1), (2, 0), (2, 1), (2, 2), (2, 3), (3, -3), (3, -2), (3, -1), (3, 0), (3, 1), (3, 2), (3, 3)]
2025-11-23 17:27:25.373 | INFO     | env.satellite_mac_env:_decode_combo_component:220 - self._delta_pairs [(-3, -3), (-3, -2), (-3, -1), (-3, 0), (-3, 1), (-3, 2), (-3, 3), (-2, -3), (-2, -2), (-2, -1), (-2, 0), (-2, 1), (-2, 2), (-2, 3), (-1, -3), (-1, -2), (-1, -1), (-1, 0), (-1, 1), (-1, 2), (-1, 3), (0, -3), (0, -2), (0, -1), (0, 0), (0, 1), (0, 2), (0, 3), (1, -3), (1, -2), (1, -1), (1, 0), (1, 1), (1, 2), (1, 3), (2, -3), (2, -2), (2, -1), (2, 0), (2, 1), (2, 2), (2, 3), (3, -3), (3, -2), (3, -1), (3, 0), (3, 1), (3, 2), (3, 3)]
2025-11-23 17:27:25.374 | INFO     | env.satellite_mac_env:_decode_combo_component:220 - self._delta_pairs [(-3, -3), (-3, -2), (-3, -1), (-3, 0), (-3, 1), (-3, 2), (-3, 3), (-2, -3), (-2, -2), (-2, -1), (-2, 0), (-2, 1), (-2, 2), (-2, 3), (-1, -3), (-1, -2), (-1, -1), (-1, 0), (-1, 1), (-1, 2), (-1, 3), (0, -3), (0, -2), (0, -1), (0, 0), (0, 1), (0, 2), (0, 3), (1, -3), (1, -2), (1, -1), (1, 0), (1, 1), (1, 2), (1, 3), (2, -3), (2, -2), (2, -1), (2, 0), (2, 1), (2, 2), (2, 3), (3, -3), (3, -2), (3, -1), (3, 0), (3, 1), (3, 2), (3, 3)]
2025-11-23 17:27:25.375 | INFO     | env.satellite_mac_env:_decode_combo_component:220 - self._delta_pairs [(-3, -3), (-3, -2), (-3, -1), (-3, 0), (-3, 1), (-3, 2), (-3, 3), (-2, -3), (-2, -2), (-2, -1), (-2, 0), (-2, 1), (-2, 2), (-2, 3), (-1, -3), (-1, -2), (-1, -1), (-1, 0), (-1, 1), (-1, 2), (-1, 3), (0, -3), (0, -2), (0, -1), (0, 0), (0, 1), (0, 2), (0, 3), (1, -3), (1, -2), (1, -1), (1, 0), (1, 1), (1, 2), (1, 3), (2, -3), (2, -2), (2, -1), (2, 0), (2, 1), (2, 2), (2, 3), (3, -3), (3, -2), (3, -1), (3, 0), (3, 1), (3, 2), (3, 3)]
2025-11-23 17:27:25.378 | INFO     | env.satellite_mac_env:_decode_combo_component:220 - self._delta_pairs [(-3, -3), (-3, -2), (-3, -1), (-3, 0), (-3, 1), (-3, 2), (-3, 3), (-2, -3), (-2, -2), (-2, -1), (-2, 0), (-2, 1), (-2, 2), (-2, 3), (-1, -3), (-1, -2), (-1, -1), (-1, 0), (-1, 1), (-1, 2), (-1, 3), (0, -3), (0, -2), (0, -1), (0, 0), (0, 1), (0, 2), (0, 3), (1, -3), (1, -2), (1, -1), (1, 0), (1, 1), (1, 2), (1, 3), (2, -3), (2, -2), (2, -1), (2, 0), (2, 1), (2, 2), (2, 3), (3, -3), (3, -2), (3, -1), (3, 0), (3, 1), (3, 2), (3, 3)]
2025-11-23 17:27:25.380 | INFO     | env.satellite_mac_env:_decode_combo_component:220 - self._delta_pairs [(-3, -3), (-3, -2), (-3, -1), (-3, 0), (-3, 1), (-3, 2), (-3, 3), (-2, -3), (-2, -2), (-2, -1), (-2, 0), (-2, 1), (-2, 2), (-2, 3), (-1, -3), (-1, -2), (-1, -1), (-1, 0), (-1, 1), (-1, 2), (-1, 3), (0, -3), (0, -2), (0, -1), (0, 0), (0, 1), (0, 2), (0, 3), (1, -3), (1, -2), (1, -1), (1, 0), (1, 1), (1, 2), (1, 3), (2, -3), (2, -2), (2, -1), (2, 0), (2, 1), (2, 2), (2, 3), (3, -3), (3, -2), (3, -1), (3, 0), (3, 1), (3, 2), (3, 3)]
2025-11-23 17:27:25.381 | INFO     | env.satellite_mac_env:_decode_combo_component:220 - self._delta_pairs [(-3, -3), (-3, -2), (-3, -1), (-3, 0), (-3, 1), (-3, 2), (-3, 3), (-2, -3), (-2, -2), (-2, -1), (-2, 0), (-2, 1), (-2, 2), (-2, 3), (-1, -3), (-1, -2), (-1, -1), (-1, 0), (-1, 1), (-1, 2), (-1, 3), (0, -3), (0, -2), (0, -1), (0, 0), (0, 1), (0, 2), (0, 3), (1, -3), (1, -2), (1, -1), (1, 0), (1, 1), (1, 2), (1, 3), (2, -3), (2, -2), (2, -1), (2, 0), (2, 1), (2, 2), (2, 3), (3, -3), (3, -2), (3, -1), (3, 0), (3, 1), (3, 2), (3, 3)]
2025-11-23 17:27:25.382 | INFO     | env.satellite_mac_env:_decode_combo_component:220 - self._delta_pairs [(-3, -3), (-3, -2), (-3, -1), (-3, 0), (-3, 1), (-3, 2), (-3, 3), (-2, -3), (-2, -2), (-2, -1), (-2, 0), (-2, 1), (-2, 2), (-2, 3), (-1, -3), (-1, -2), (-1, -1), (-1, 0), (-1, 1), (-1, 2), (-1, 3), (0, -3), (0, -2), (0, -1), (0, 0), (0, 1), (0, 2), (0, 3), (1, -3), (1, -2), (1, -1), (1, 0), (1, 1), (1, 2), (1, 3), (2, -3), (2, -2), (2, -1), (2, 0), (2, 1), (2, 2), (2, 3), (3, -3), (3, -2), (3, -1), (3, 0), (3, 1), (3, 2), (3, 3)]
2025-11-23 17:27:25.385 | INFO     | env.satellite_mac_env:_decode_combo_component:220 - self._delta_pairs [(-3, -3), (-3, -2), (-3, -1), (-3, 0), (-3, 1), (-3, 2), (-3, 3), (-2, -3), (-2, -2), (-2, -1), (-2, 0), (-2, 1), (-2, 2), (-2, 3), (-1, -3), (-1, -2), (-1, -1), (-1, 0), (-1, 1), (-1, 2), (-1, 3), (0, -3), (0, -2), (0, -1), (0, 0), (0, 1), (0, 2), (0, 3), (1, -3), (1, -2), (1, -1), (1, 0), (1, 1), (1, 2), (1, 3), (2, -3), (2, -2), (2, -1), (2, 0), (2, 1), (2, 2), (2, 3), (3, -3), (3, -2), (3, -1), (3, 0), (3, 1), (3, 2), (3, 3)]
2025-11-23 17:27:25.387 | INFO     | env.satellite_mac_env:_decode_combo_component:220 - self._delta_pairs [(-3, -3), (-3, -2), (-3, -1), (-3, 0), (-3, 1), (-3, 2), (-3, 3), (-2, -3), (-2, -2), (-2, -1), (-2, 0), (-2, 1), (-2, 2), (-2, 3), (-1, -3), (-1, -2), (-1, -1), (-1, 0), (-1, 1), (-1, 2), (-1, 3), (0, -3), (0, -2), (0, -1), (0, 0), (0, 1), (0, 2), (0, 3), (1, -3), (1, -2), (1, -1), (1, 0), (1, 1), (1, 2), (1, 3), (2, -3), (2, -2), (2, -1), (2, 0), (2, 1), (2, 2), (2, 3), (3, -3), (3, -2), (3, -1), (3, 0), (3, 1), (3, 2), (3, 3)]
2025-11-23 17:27:25.389 | INFO     | env.satellite_mac_env:_decode_combo_component:220 - self._delta_pairs [(-3, -3), (-3, -2), (-3, -1), (-3, 0), (-3, 1), (-3, 2), (-3, 3), (-2, -3), (-2, -2), (-2, -1), (-2, 0), (-2, 1), (-2, 2), (-2, 3), (-1, -3), (-1, -2), (-1, -1), (-1, 0), (-1, 1), (-1, 2), (-1, 3), (0, -3), (0, -2), (0, -1), (0, 0), (0, 1), (0, 2), (0, 3), (1, -3), (1, -2), (1, -1), (1, 0), (1, 1), (1, 2), (1, 3), (2, -3), (2, -2), (2, -1), (2, 0), (2, 1), (2, 2), (2, 3), (3, -3), (3, -2), (3, -1), (3, 0), (3, 1), (3, 2), (3, 3)]
2025-11-23 17:27:25.390 | INFO     | env.satellite_mac_env:_decode_combo_component:220 - self._delta_pairs [(-3, -3), (-3, -2), (-3, -1), (-3, 0), (-3, 1), (-3, 2), (-3, 3), (-2, -3), (-2, -2), (-2, -1), (-2, 0), (-2, 1), (-2, 2), (-2, 3), (-1, -3), (-1, -2), (-1, -1), (-1, 0), (-1, 1), (-1, 2), (-1, 3), (0, -3), (0, -2), (0, -1), (0, 0), (0, 1), (0, 2), (0, 3), (1, -3), (1, -2), (1, -1), (1, 0), (1, 1), (1, 2), (1, 3), (2, -3), (2, -2), (2, -1), (2, 0), (2, 1), (2, 2), (2, 3), (3, -3), (3, -2), (3, -1), (3, 0), (3, 1), (3, 2), (3, 3)]
2025-11-23 17:27:25.393 | INFO     | env.satellite_mac_env:_decode_combo_component:220 - self._delta_pairs [(-3, -3), (-3, -2), (-3, -1), (-3, 0), (-3, 1), (-3, 2), (-3, 3), (-2, -3), (-2, -2), (-2, -1), (-2, 0), (-2, 1), (-2, 2), (-2, 3), (-1, -3), (-1, -2), (-1, -1), (-1, 0), (-1, 1), (-1, 2), (-1, 3), (0, -3), (0, -2), (0, -1), (0, 0), (0, 1), (0, 2), (0, 3), (1, -3), (1, -2), (1, -1), (1, 0), (1, 1), (1, 2), (1, 3), (2, -3), (2, -2), (2, -1), (2, 0), (2, 1), (2, 2), (2, 3), (3, -3), (3, -2), (3, -1), (3, 0), (3, 1), (3, 2), (3, 3)]
2025-11-23 17:27:25.395 | INFO     | env.satellite_mac_env:_decode_combo_component:220 - self._delta_pairs [(-3, -3), (-3, -2), (-3, -1), (-3, 0), (-3, 1), (-3, 2), (-3, 3), (-2, -3), (-2, -2), (-2, -1), (-2, 0), (-2, 1), (-2, 2), (-2, 3), (-1, -3), (-1, -2), (-1, -1), (-1, 0), (-1, 1), (-1, 2), (-1, 3), (0, -3), (0, -2), (0, -1), (0, 0), (0, 1), (0, 2), (0, 3), (1, -3), (1, -2), (1, -1), (1, 0), (1, 1), (1, 2), (1, 3), (2, -3), (2, -2), (2, -1), (2, 0), (2, 1), (2, 2), (2, 3), (3, -3), (3, -2), (3, -1), (3, 0), (3, 1), (3, 2), (3, 3)]
2025-11-23 17:27:25.396 | INFO     | env.satellite_mac_env:_decode_combo_component:220 - self._delta_pairs [(-3, -3), (-3, -2), (-3, -1), (-3, 0), (-3, 1), (-3, 2), (-3, 3), (-2, -3), (-2, -2), (-2, -1), (-2, 0), (-2, 1), (-2, 2), (-2, 3), (-1, -3), (-1, -2), (-1, -1), (-1, 0), (-1, 1), (-1, 2), (-1, 3), (0, -3), (0, -2), (0, -1), (0, 0), (0, 1), (0, 2), (0, 3), (1, -3), (1, -2), (1, -1), (1, 0), (1, 1), (1, 2), (1, 3), (2, -3), (2, -2), (2, -1), (2, 0), (2, 1), (2, 2), (2, 3), (3, -3), (3, -2), (3, -1), (3, 0), (3, 1), (3, 2), (3, 3)]
2025-11-23 17:27:25.397 | INFO     | env.satellite_mac_env:_decode_combo_component:220 - self._delta_pairs [(-3, -3), (-3, -2), (-3, -1), (-3, 0), (-3, 1), (-3, 2), (-3, 3), (-2, -3), (-2, -2), (-2, -1), (-2, 0), (-2, 1), (-2, 2), (-2, 3), (-1, -3), (-1, -2), (-1, -1), (-1, 0), (-1, 1), (-1, 2), (-1, 3), (0, -3), (0, -2), (0, -1), (0, 0), (0, 1), (0, 2), (0, 3), (1, -3), (1, -2), (1, -1), (1, 0), (1, 1), (1, 2), (1, 3), (2, -3), (2, -2), (2, -1), (2, 0), (2, 1), (2, 2), (2, 3), (3, -3), (3, -2), (3, -1), (3, 0), (3, 1), (3, 2), (3, 3)]
2025-11-23 17:27:25.400 | INFO     | env.satellite_mac_env:_decode_combo_component:220 - self._delta_pairs [(-3, -3), (-3, -2), (-3, -1), (-3, 0), (-3, 1), (-3, 2), (-3, 3), (-2, -3), (-2, -2), (-2, -1), (-2, 0), (-2, 1), (-2, 2), (-2, 3), (-1, -3), (-1, -2), (-1, -1), (-1, 0), (-1, 1), (-1, 2), (-1, 3), (0, -3), (0, -2), (0, -1), (0, 0), (0, 1), (0, 2), (0, 3), (1, -3), (1, -2), (1, -1), (1, 0), (1, 1), (1, 2), (1, 3), (2, -3), (2, -2), (2, -1), (2, 0), (2, 1), (2, 2), (2, 3), (3, -3), (3, -2), (3, -1), (3, 0), (3, 1), (3, 2), (3, 3)]
2025-11-23 17:27:25.401 | INFO     | env.satellite_mac_env:_decode_combo_component:220 - self._delta_pairs [(-3, -3), (-3, -2), (-3, -1), (-3, 0), (-3, 1), (-3, 2), (-3, 3), (-2, -3), (-2, -2), (-2, -1), (-2, 0), (-2, 1), (-2, 2), (-2, 3), (-1, -3), (-1, -2), (-1, -1), (-1, 0), (-1, 1), (-1, 2), (-1, 3), (0, -3), (0, -2), (0, -1), (0, 0), (0, 1), (0, 2), (0, 3), (1, -3), (1, -2), (1, -1), (1, 0), (1, 1), (1, 2), (1, 3), (2, -3), (2, -2), (2, -1), (2, 0), (2, 1), (2, 2), (2, 3), (3, -3), (3, -2), (3, -1), (3, 0), (3, 1), (3, 2), (3, 3)]
2025-11-23 17:27:25.403 | INFO     | env.satellite_mac_env:_decode_combo_component:220 - self._delta_pairs [(-3, -3), (-3, -2), (-3, -1), (-3, 0), (-3, 1), (-3, 2), (-3, 3), (-2, -3), (-2, -2), (-2, -1), (-2, 0), (-2, 1), (-2, 2), (-2, 3), (-1, -3), (-1, -2), (-1, -1), (-1, 0), (-1, 1), (-1, 2), (-1, 3), (0, -3), (0, -2), (0, -1), (0, 0), (0, 1), (0, 2), (0, 3), (1, -3), (1, -2), (1, -1), (1, 0), (1, 1), (1, 2), (1, 3), (2, -3), (2, -2), (2, -1), (2, 0), (2, 1), (2, 2), (2, 3), (3, -3), (3, -2), (3, -1), (3, 0), (3, 1), (3, 2), (3, 3)]
2025-11-23 17:27:25.404 | INFO     | env.satellite_mac_env:_decode_combo_component:220 - self._delta_pairs [(-3, -3), (-3, -2), (-3, -1), (-3, 0), (-3, 1), (-3, 2), (-3, 3), (-2, -3), (-2, -2), (-2, -1), (-2, 0), (-2, 1), (-2, 2), (-2, 3), (-1, -3), (-1, -2), (-1, -1), (-1, 0), (-1, 1), (-1, 2), (-1, 3), (0, -3), (0, -2), (0, -1), (0, 0), (0, 1), (0, 2), (0, 3), (1, -3), (1, -2), (1, -1), (1, 0), (1, 1), (1, 2), (1, 3), (2, -3), (2, -2), (2, -1), (2, 0), (2, 1), (2, 2), (2, 3), (3, -3), (3, -2), (3, -1), (3, 0), (3, 1), (3, 2), (3, 3)]
2025-11-23 17:27:25.407 | INFO     | env.satellite_mac_env:_decode_combo_component:220 - self._delta_pairs [(-3, -3), (-3, -2), (-3, -1), (-3, 0), (-3, 1), (-3, 2), (-3, 3), (-2, -3), (-2, -2), (-2, -1), (-2, 0), (-2, 1), (-2, 2), (-2, 3), (-1, -3), (-1, -2), (-1, -1), (-1, 0), (-1, 1), (-1, 2), (-1, 3), (0, -3), (0, -2), (0, -1), (0, 0), (0, 1), (0, 2), (0, 3), (1, -3), (1, -2), (1, -1), (1, 0), (1, 1), (1, 2), (1, 3), (2, -3), (2, -2), (2, -1), (2, 0), (2, 1), (2, 2), (2, 3), (3, -3), (3, -2), (3, -1), (3, 0), (3, 1), (3, 2), (3, 3)]
2025-11-23 17:27:25.409 | INFO     | env.satellite_mac_env:_decode_combo_component:220 - self._delta_pairs [(-3, -3), (-3, -2), (-3, -1), (-3, 0), (-3, 1), (-3, 2), (-3, 3), (-2, -3), (-2, -2), (-2, -1), (-2, 0), (-2, 1), (-2, 2), (-2, 3), (-1, -3), (-1, -2), (-1, -1), (-1, 0), (-1, 1), (-1, 2), (-1, 3), (0, -3), (0, -2), (0, -1), (0, 0), (0, 1), (0, 2), (0, 3), (1, -3), (1, -2), (1, -1), (1, 0), (1, 1), (1, 2), (1, 3), (2, -3), (2, -2), (2, -1), (2, 0), (2, 1), (2, 2), (2, 3), (3, -3), (3, -2), (3, -1), (3, 0), (3, 1), (3, 2), (3, 3)]
2025-11-23 17:27:25.410 | INFO     | env.satellite_mac_env:_decode_combo_component:220 - self._delta_pairs [(-3, -3), (-3, -2), (-3, -1), (-3, 0), (-3, 1), (-3, 2), (-3, 3), (-2, -3), (-2, -2), (-2, -1), (-2, 0), (-2, 1), (-2, 2), (-2, 3), (-1, -3), (-1, -2), (-1, -1), (-1, 0), (-1, 1), (-1, 2), (-1, 3), (0, -3), (0, -2), (0, -1), (0, 0), (0, 1), (0, 2), (0, 3), (1, -3), (1, -2), (1, -1), (1, 0), (1, 1), (1, 2), (1, 3), (2, -3), (2, -2), (2, -1), (2, 0), (2, 1), (2, 2), (2, 3), (3, -3), (3, -2), (3, -1), (3, 0), (3, 1), (3, 2), (3, 3)]
2025-11-23 17:27:25.411 | INFO     | env.satellite_mac_env:_decode_combo_component:220 - self._delta_pairs [(-3, -3), (-3, -2), (-3, -1), (-3, 0), (-3, 1), (-3, 2), (-3, 3), (-2, -3), (-2, -2), (-2, -1), (-2, 0), (-2, 1), (-2, 2), (-2, 3), (-1, -3), (-1, -2), (-1, -1), (-1, 0), (-1, 1), (-1, 2), (-1, 3), (0, -3), (0, -2), (0, -1), (0, 0), (0, 1), (0, 2), (0, 3), (1, -3), (1, -2), (1, -1), (1, 0), (1, 1), (1, 2), (1, 3), (2, -3), (2, -2), (2, -1), (2, 0), (2, 1), (2, 2), (2, 3), (3, -3), (3, -2), (3, -1), (3, 0), (3, 1), (3, 2), (3, 3)]
2025-11-23 17:27:25.414 | INFO     | env.satellite_mac_env:_decode_combo_component:220 - self._delta_pairs [(-3, -3), (-3, -2), (-3, -1), (-3, 0), (-3, 1), (-3, 2), (-3, 3), (-2, -3), (-2, -2), (-2, -1), (-2, 0), (-2, 1), (-2, 2), (-2, 3), (-1, -3), (-1, -2), (-1, -1), (-1, 0), (-1, 1), (-1, 2), (-1, 3), (0, -3), (0, -2), (0, -1), (0, 0), (0, 1), (0, 2), (0, 3), (1, -3), (1, -2), (1, -1), (1, 0), (1, 1), (1, 2), (1, 3), (2, -3), (2, -2), (2, -1), (2, 0), (2, 1), (2, 2), (2, 3), (3, -3), (3, -2), (3, -1), (3, 0), (3, 1), (3, 2), (3, 3)]
2025-11-23 17:27:25.415 | INFO     | env.satellite_mac_env:_decode_combo_component:220 - self._delta_pairs [(-3, -3), (-3, -2), (-3, -1), (-3, 0), (-3, 1), (-3, 2), (-3, 3), (-2, -3), (-2, -2), (-2, -1), (-2, 0), (-2, 1), (-2, 2), (-2, 3), (-1, -3), (-1, -2), (-1, -1), (-1, 0), (-1, 1), (-1, 2), (-1, 3), (0, -3), (0, -2), (0, -1), (0, 0), (0, 1), (0, 2), (0, 3), (1, -3), (1, -2), (1, -1), (1, 0), (1, 1), (1, 2), (1, 3), (2, -3), (2, -2), (2, -1), (2, 0), (2, 1), (2, 2), (2, 3), (3, -3), (3, -2), (3, -1), (3, 0), (3, 1), (3, 2), (3, 3)]
2025-11-23 17:27:25.416 | INFO     | env.satellite_mac_env:_decode_combo_component:220 - self._delta_pairs [(-3, -3), (-3, -2), (-3, -1), (-3, 0), (-3, 1), (-3, 2), (-3, 3), (-2, -3), (-2, -2), (-2, -1), (-2, 0), (-2, 1), (-2, 2), (-2, 3), (-1, -3), (-1, -2), (-1, -1), (-1, 0), (-1, 1), (-1, 2), (-1, 3), (0, -3), (0, -2), (0, -1), (0, 0), (0, 1), (0, 2), (0, 3), (1, -3), (1, -2), (1, -1), (1, 0), (1, 1), (1, 2), (1, 3), (2, -3), (2, -2), (2, -1), (2, 0), (2, 1), (2, 2), (2, 3), (3, -3), (3, -2), (3, -1), (3, 0), (3, 1), (3, 2), (3, 3)]
2025-11-23 17:27:25.418 | INFO     | env.satellite_mac_env:_decode_combo_component:220 - self._delta_pairs [(-3, -3), (-3, -2), (-3, -1), (-3, 0), (-3, 1), (-3, 2), (-3, 3), (-2, -3), (-2, -2), (-2, -1), (-2, 0), (-2, 1), (-2, 2), (-2, 3), (-1, -3), (-1, -2), (-1, -1), (-1, 0), (-1, 1), (-1, 2), (-1, 3), (0, -3), (0, -2), (0, -1), (0, 0), (0, 1), (0, 2), (0, 3), (1, -3), (1, -2), (1, -1), (1, 0), (1, 1), (1, 2), (1, 3), (2, -3), (2, -2), (2, -1), (2, 0), (2, 1), (2, 2), (2, 3), (3, -3), (3, -2), (3, -1), (3, 0), (3, 1), (3, 2), (3, 3)]
2025-11-23 17:27:25.422 | INFO     | env.satellite_mac_env:_decode_combo_component:220 - self._delta_pairs [(-3, -3), (-3, -2), (-3, -1), (-3, 0), (-3, 1), (-3, 2), (-3, 3), (-2, -3), (-2, -2), (-2, -1), (-2, 0), (-2, 1), (-2, 2), (-2, 3), (-1, -3), (-1, -2), (-1, -1), (-1, 0), (-1, 1), (-1, 2), (-1, 3), (0, -3), (0, -2), (0, -1), (0, 0), (0, 1), (0, 2), (0, 3), (1, -3), (1, -2), (1, -1), (1, 0), (1, 1), (1, 2), (1, 3), (2, -3), (2, -2), (2, -1), (2, 0), (2, 1), (2, 2), (2, 3), (3, -3), (3, -2), (3, -1), (3, 0), (3, 1), (3, 2), (3, 3)]
2025-11-23 17:27:25.424 | INFO     | env.satellite_mac_env:_decode_combo_component:220 - self._delta_pairs [(-3, -3), (-3, -2), (-3, -1), (-3, 0), (-3, 1), (-3, 2), (-3, 3), (-2, -3), (-2, -2), (-2, -1), (-2, 0), (-2, 1), (-2, 2), (-2, 3), (-1, -3), (-1, -2), (-1, -1), (-1, 0), (-1, 1), (-1, 2), (-1, 3), (0, -3), (0, -2), (0, -1), (0, 0), (0, 1), (0, 2), (0, 3), (1, -3), (1, -2), (1, -1), (1, 0), (1, 1), (1, 2), (1, 3), (2, -3), (2, -2), (2, -1), (2, 0), (2, 1), (2, 2), (2, 3), (3, -3), (3, -2), (3, -1), (3, 0), (3, 1), (3, 2), (3, 3)]
2025-11-23 17:27:25.425 | INFO     | env.satellite_mac_env:_decode_combo_component:220 - self._delta_pairs [(-3, -3), (-3, -2), (-3, -1), (-3, 0), (-3, 1), (-3, 2), (-3, 3), (-2, -3), (-2, -2), (-2, -1), (-2, 0), (-2, 1), (-2, 2), (-2, 3), (-1, -3), (-1, -2), (-1, -1), (-1, 0), (-1, 1), (-1, 2), (-1, 3), (0, -3), (0, -2), (0, -1), (0, 0), (0, 1), (0, 2), (0, 3), (1, -3), (1, -2), (1, -1), (1, 0), (1, 1), (1, 2), (1, 3), (2, -3), (2, -2), (2, -1), (2, 0), (2, 1), (2, 2), (2, 3), (3, -3), (3, -2), (3, -1), (3, 0), (3, 1), (3, 2), (3, 3)]
2025-11-23 17:27:25.426 | INFO     | env.satellite_mac_env:_decode_combo_component:220 - self._delta_pairs [(-3, -3), (-3, -2), (-3, -1), (-3, 0), (-3, 1), (-3, 2), (-3, 3), (-2, -3), (-2, -2), (-2, -1), (-2, 0), (-2, 1), (-2, 2), (-2, 3), (-1, -3), (-1, -2), (-1, -1), (-1, 0), (-1, 1), (-1, 2), (-1, 3), (0, -3), (0, -2), (0, -1), (0, 0), (0, 1), (0, 2), (0, 3), (1, -3), (1, -2), (1, -1), (1, 0), (1, 1), (1, 2), (1, 3), (2, -3), (2, -2), (2, -1), (2, 0), (2, 1), (2, 2), (2, 3), (3, -3), (3, -2), (3, -1), (3, 0), (3, 1), (3, 2), (3, 3)]
2025-11-23 17:27:25.429 | INFO     | env.satellite_mac_env:_decode_combo_component:220 - self._delta_pairs [(-3, -3), (-3, -2), (-3, -1), (-3, 0), (-3, 1), (-3, 2), (-3, 3), (-2, -3), (-2, -2), (-2, -1), (-2, 0), (-2, 1), (-2, 2), (-2, 3), (-1, -3), (-1, -2), (-1, -1), (-1, 0), (-1, 1), (-1, 2), (-1, 3), (0, -3), (0, -2), (0, -1), (0, 0), (0, 1), (0, 2), (0, 3), (1, -3), (1, -2), (1, -1), (1, 0), (1, 1), (1, 2), (1, 3), (2, -3), (2, -2), (2, -1), (2, 0), (2, 1), (2, 2), (2, 3), (3, -3), (3, -2), (3, -1), (3, 0), (3, 1), (3, 2), (3, 3)]
2025-11-23 17:27:25.431 | INFO     | env.satellite_mac_env:_decode_combo_component:220 - self._delta_pairs [(-3, -3), (-3, -2), (-3, -1), (-3, 0), (-3, 1), (-3, 2), (-3, 3), (-2, -3), (-2, -2), (-2, -1), (-2, 0), (-2, 1), (-2, 2), (-2, 3), (-1, -3), (-1, -2), (-1, -1), (-1, 0), (-1, 1), (-1, 2), (-1, 3), (0, -3), (0, -2), (0, -1), (0, 0), (0, 1), (0, 2), (0, 3), (1, -3), (1, -2), (1, -1), (1, 0), (1, 1), (1, 2), (1, 3), (2, -3), (2, -2), (2, -1), (2, 0), (2, 1), (2, 2), (2, 3), (3, -3), (3, -2), (3, -1), (3, 0), (3, 1), (3, 2), (3, 3)]
2025-11-23 17:27:25.432 | INFO     | env.satellite_mac_env:_decode_combo_component:220 - self._delta_pairs [(-3, -3), (-3, -2), (-3, -1), (-3, 0), (-3, 1), (-3, 2), (-3, 3), (-2, -3), (-2, -2), (-2, -1), (-2, 0), (-2, 1), (-2, 2), (-2, 3), (-1, -3), (-1, -2), (-1, -1), (-1, 0), (-1, 1), (-1, 2), (-1, 3), (0, -3), (0, -2), (0, -1), (0, 0), (0, 1), (0, 2), (0, 3), (1, -3), (1, -2), (1, -1), (1, 0), (1, 1), (1, 2), (1, 3), (2, -3), (2, -2), (2, -1), (2, 0), (2, 1), (2, 2), (2, 3), (3, -3), (3, -2), (3, -1), (3, 0), (3, 1), (3, 2), (3, 3)]
2025-11-23 17:27:25.433 | INFO     | env.satellite_mac_env:_decode_combo_component:220 - self._delta_pairs [(-3, -3), (-3, -2), (-3, -1), (-3, 0), (-3, 1), (-3, 2), (-3, 3), (-2, -3), (-2, -2), (-2, -1), (-2, 0), (-2, 1), (-2, 2), (-2, 3), (-1, -3), (-1, -2), (-1, -1), (-1, 0), (-1, 1), (-1, 2), (-1, 3), (0, -3), (0, -2), (0, -1), (0, 0), (0, 1), (0, 2), (0, 3), (1, -3), (1, -2), (1, -1), (1, 0), (1, 1), (1, 2), (1, 3), (2, -3), (2, -2), (2, -1), (2, 0), (2, 1), (2, 2), (2, 3), (3, -3), (3, -2), (3, -1), (3, 0), (3, 1), (3, 2), (3, 3)]
2025-11-23 17:27:25.438 | INFO     | env.satellite_mac_env:_decode_combo_component:220 - self._delta_pairs [(-3, -3), (-3, -2), (-3, -1), (-3, 0), (-3, 1), (-3, 2), (-3, 3), (-2, -3), (-2, -2), (-2, -1), (-2, 0), (-2, 1), (-2, 2), (-2, 3), (-1, -3), (-1, -2), (-1, -1), (-1, 0), (-1, 1), (-1, 2), (-1, 3), (0, -3), (0, -2), (0, -1), (0, 0), (0, 1), (0, 2), (0, 3), (1, -3), (1, -2), (1, -1), (1, 0), (1, 1), (1, 2), (1, 3), (2, -3), (2, -2), (2, -1), (2, 0), (2, 1), (2, 2), (2, 3), (3, -3), (3, -2), (3, -1), (3, 0), (3, 1), (3, 2), (3, 3)]
2025-11-23 17:27:25.439 | INFO     | env.satellite_mac_env:_decode_combo_component:220 - self._delta_pairs [(-3, -3), (-3, -2), (-3, -1), (-3, 0), (-3, 1), (-3, 2), (-3, 3), (-2, -3), (-2, -2), (-2, -1), (-2, 0), (-2, 1), (-2, 2), (-2, 3), (-1, -3), (-1, -2), (-1, -1), (-1, 0), (-1, 1), (-1, 2), (-1, 3), (0, -3), (0, -2), (0, -1), (0, 0), (0, 1), (0, 2), (0, 3), (1, -3), (1, -2), (1, -1), (1, 0), (1, 1), (1, 2), (1, 3), (2, -3), (2, -2), (2, -1), (2, 0), (2, 1), (2, 2), (2, 3), (3, -3), (3, -2), (3, -1), (3, 0), (3, 1), (3, 2), (3, 3)]
2025-11-23 17:27:25.441 | INFO     | env.satellite_mac_env:_decode_combo_component:220 - self._delta_pairs [(-3, -3), (-3, -2), (-3, -1), (-3, 0), (-3, 1), (-3, 2), (-3, 3), (-2, -3), (-2, -2), (-2, -1), (-2, 0), (-2, 1), (-2, 2), (-2, 3), (-1, -3), (-1, -2), (-1, -1), (-1, 0), (-1, 1), (-1, 2), (-1, 3), (0, -3), (0, -2), (0, -1), (0, 0), (0, 1), (0, 2), (0, 3), (1, -3), (1, -2), (1, -1), (1, 0), (1, 1), (1, 2), (1, 3), (2, -3), (2, -2), (2, -1), (2, 0), (2, 1), (2, 2), (2, 3), (3, -3), (3, -2), (3, -1), (3, 0), (3, 1), (3, 2), (3, 3)]
2025-11-23 17:27:25.442 | INFO     | env.satellite_mac_env:_decode_combo_component:220 - self._delta_pairs [(-3, -3), (-3, -2), (-3, -1), (-3, 0), (-3, 1), (-3, 2), (-3, 3), (-2, -3), (-2, -2), (-2, -1), (-2, 0), (-2, 1), (-2, 2), (-2, 3), (-1, -3), (-1, -2), (-1, -1), (-1, 0), (-1, 1), (-1, 2), (-1, 3), (0, -3), (0, -2), (0, -1), (0, 0), (0, 1), (0, 2), (0, 3), (1, -3), (1, -2), (1, -1), (1, 0), (1, 1), (1, 2), (1, 3), (2, -3), (2, -2), (2, -1), (2, 0), (2, 1), (2, 2), (2, 3), (3, -3), (3, -2), (3, -1), (3, 0), (3, 1), (3, 2), (3, 3)]
2025-11-23 17:27:25.445 | INFO     | env.satellite_mac_env:_decode_combo_component:220 - self._delta_pairs [(-3, -3), (-3, -2), (-3, -1), (-3, 0), (-3, 1), (-3, 2), (-3, 3), (-2, -3), (-2, -2), (-2, -1), (-2, 0), (-2, 1), (-2, 2), (-2, 3), (-1, -3), (-1, -2), (-1, -1), (-1, 0), (-1, 1), (-1, 2), (-1, 3), (0, -3), (0, -2), (0, -1), (0, 0), (0, 1), (0, 2), (0, 3), (1, -3), (1, -2), (1, -1), (1, 0), (1, 1), (1, 2), (1, 3), (2, -3), (2, -2), (2, -1), (2, 0), (2, 1), (2, 2), (2, 3), (3, -3), (3, -2), (3, -1), (3, 0), (3, 1), (3, 2), (3, 3)]
2025-11-23 17:27:25.446 | INFO     | env.satellite_mac_env:_decode_combo_component:220 - self._delta_pairs [(-3, -3), (-3, -2), (-3, -1), (-3, 0), (-3, 1), (-3, 2), (-3, 3), (-2, -3), (-2, -2), (-2, -1), (-2, 0), (-2, 1), (-2, 2), (-2, 3), (-1, -3), (-1, -2), (-1, -1), (-1, 0), (-1, 1), (-1, 2), (-1, 3), (0, -3), (0, -2), (0, -1), (0, 0), (0, 1), (0, 2), (0, 3), (1, -3), (1, -2), (1, -1), (1, 0), (1, 1), (1, 2), (1, 3), (2, -3), (2, -2), (2, -1), (2, 0), (2, 1), (2, 2), (2, 3), (3, -3), (3, -2), (3, -1), (3, 0), (3, 1), (3, 2), (3, 3)]
2025-11-23 17:27:25.448 | INFO     | env.satellite_mac_env:_decode_combo_component:220 - self._delta_pairs [(-3, -3), (-3, -2), (-3, -1), (-3, 0), (-3, 1), (-3, 2), (-3, 3), (-2, -3), (-2, -2), (-2, -1), (-2, 0), (-2, 1), (-2, 2), (-2, 3), (-1, -3), (-1, -2), (-1, -1), (-1, 0), (-1, 1), (-1, 2), (-1, 3), (0, -3), (0, -2), (0, -1), (0, 0), (0, 1), (0, 2), (0, 3), (1, -3), (1, -2), (1, -1), (1, 0), (1, 1), (1, 2), (1, 3), (2, -3), (2, -2), (2, -1), (2, 0), (2, 1), (2, 2), (2, 3), (3, -3), (3, -2), (3, -1), (3, 0), (3, 1), (3, 2), (3, 3)]
2025-11-23 17:27:25.449 | INFO     | env.satellite_mac_env:_decode_combo_component:220 - self._delta_pairs [(-3, -3), (-3, -2), (-3, -1), (-3, 0), (-3, 1), (-3, 2), (-3, 3), (-2, -3), (-2, -2), (-2, -1), (-2, 0), (-2, 1), (-2, 2), (-2, 3), (-1, -3), (-1, -2), (-1, -1), (-1, 0), (-1, 1), (-1, 2), (-1, 3), (0, -3), (0, -2), (0, -1), (0, 0), (0, 1), (0, 2), (0, 3), (1, -3), (1, -2), (1, -1), (1, 0), (1, 1), (1, 2), (1, 3), (2, -3), (2, -2), (2, -1), (2, 0), (2, 1), (2, 2), (2, 3), (3, -3), (3, -2), (3, -1), (3, 0), (3, 1), (3, 2), (3, 3)]
2025-11-23 17:27:25.452 | INFO     | env.satellite_mac_env:_decode_combo_component:220 - self._delta_pairs [(-3, -3), (-3, -2), (-3, -1), (-3, 0), (-3, 1), (-3, 2), (-3, 3), (-2, -3), (-2, -2), (-2, -1), (-2, 0), (-2, 1), (-2, 2), (-2, 3), (-1, -3), (-1, -2), (-1, -1), (-1, 0), (-1, 1), (-1, 2), (-1, 3), (0, -3), (0, -2), (0, -1), (0, 0), (0, 1), (0, 2), (0, 3), (1, -3), (1, -2), (1, -1), (1, 0), (1, 1), (1, 2), (1, 3), (2, -3), (2, -2), (2, -1), (2, 0), (2, 1), (2, 2), (2, 3), (3, -3), (3, -2), (3, -1), (3, 0), (3, 1), (3, 2), (3, 3)]
2025-11-23 17:27:25.453 | INFO     | env.satellite_mac_env:_decode_combo_component:220 - self._delta_pairs [(-3, -3), (-3, -2), (-3, -1), (-3, 0), (-3, 1), (-3, 2), (-3, 3), (-2, -3), (-2, -2), (-2, -1), (-2, 0), (-2, 1), (-2, 2), (-2, 3), (-1, -3), (-1, -2), (-1, -1), (-1, 0), (-1, 1), (-1, 2), (-1, 3), (0, -3), (0, -2), (0, -1), (0, 0), (0, 1), (0, 2), (0, 3), (1, -3), (1, -2), (1, -1), (1, 0), (1, 1), (1, 2), (1, 3), (2, -3), (2, -2), (2, -1), (2, 0), (2, 1), (2, 2), (2, 3), (3, -3), (3, -2), (3, -1), (3, 0), (3, 1), (3, 2), (3, 3)]
2025-11-23 17:27:25.455 | INFO     | env.satellite_mac_env:_decode_combo_component:220 - self._delta_pairs [(-3, -3), (-3, -2), (-3, -1), (-3, 0), (-3, 1), (-3, 2), (-3, 3), (-2, -3), (-2, -2), (-2, -1), (-2, 0), (-2, 1), (-2, 2), (-2, 3), (-1, -3), (-1, -2), (-1, -1), (-1, 0), (-1, 1), (-1, 2), (-1, 3), (0, -3), (0, -2), (0, -1), (0, 0), (0, 1), (0, 2), (0, 3), (1, -3), (1, -2), (1, -1), (1, 0), (1, 1), (1, 2), (1, 3), (2, -3), (2, -2), (2, -1), (2, 0), (2, 1), (2, 2), (2, 3), (3, -3), (3, -2), (3, -1), (3, 0), (3, 1), (3, 2), (3, 3)]
2025-11-23 17:27:25.457 | INFO     | env.satellite_mac_env:_decode_combo_component:220 - self._delta_pairs [(-3, -3), (-3, -2), (-3, -1), (-3, 0), (-3, 1), (-3, 2), (-3, 3), (-2, -3), (-2, -2), (-2, -1), (-2, 0), (-2, 1), (-2, 2), (-2, 3), (-1, -3), (-1, -2), (-1, -1), (-1, 0), (-1, 1), (-1, 2), (-1, 3), (0, -3), (0, -2), (0, -1), (0, 0), (0, 1), (0, 2), (0, 3), (1, -3), (1, -2), (1, -1), (1, 0), (1, 1), (1, 2), (1, 3), (2, -3), (2, -2), (2, -1), (2, 0), (2, 1), (2, 2), (2, 3), (3, -3), (3, -2), (3, -1), (3, 0), (3, 1), (3, 2), (3, 3)]
2025-11-23 17:27:25.460 | INFO     | env.satellite_mac_env:_decode_combo_component:220 - self._delta_pairs [(-3, -3), (-3, -2), (-3, -1), (-3, 0), (-3, 1), (-3, 2), (-3, 3), (-2, -3), (-2, -2), (-2, -1), (-2, 0), (-2, 1), (-2, 2), (-2, 3), (-1, -3), (-1, -2), (-1, -1), (-1, 0), (-1, 1), (-1, 2), (-1, 3), (0, -3), (0, -2), (0, -1), (0, 0), (0, 1), (0, 2), (0, 3), (1, -3), (1, -2), (1, -1), (1, 0), (1, 1), (1, 2), (1, 3), (2, -3), (2, -2), (2, -1), (2, 0), (2, 1), (2, 2), (2, 3), (3, -3), (3, -2), (3, -1), (3, 0), (3, 1), (3, 2), (3, 3)]
2025-11-23 17:27:25.462 | INFO     | env.satellite_mac_env:_decode_combo_component:220 - self._delta_pairs [(-3, -3), (-3, -2), (-3, -1), (-3, 0), (-3, 1), (-3, 2), (-3, 3), (-2, -3), (-2, -2), (-2, -1), (-2, 0), (-2, 1), (-2, 2), (-2, 3), (-1, -3), (-1, -2), (-1, -1), (-1, 0), (-1, 1), (-1, 2), (-1, 3), (0, -3), (0, -2), (0, -1), (0, 0), (0, 1), (0, 2), (0, 3), (1, -3), (1, -2), (1, -1), (1, 0), (1, 1), (1, 2), (1, 3), (2, -3), (2, -2), (2, -1), (2, 0), (2, 1), (2, 2), (2, 3), (3, -3), (3, -2), (3, -1), (3, 0), (3, 1), (3, 2), (3, 3)]
2025-11-23 17:27:25.463 | INFO     | env.satellite_mac_env:_decode_combo_component:220 - self._delta_pairs [(-3, -3), (-3, -2), (-3, -1), (-3, 0), (-3, 1), (-3, 2), (-3, 3), (-2, -3), (-2, -2), (-2, -1), (-2, 0), (-2, 1), (-2, 2), (-2, 3), (-1, -3), (-1, -2), (-1, -1), (-1, 0), (-1, 1), (-1, 2), (-1, 3), (0, -3), (0, -2), (0, -1), (0, 0), (0, 1), (0, 2), (0, 3), (1, -3), (1, -2), (1, -1), (1, 0), (1, 1), (1, 2), (1, 3), (2, -3), (2, -2), (2, -1), (2, 0), (2, 1), (2, 2), (2, 3), (3, -3), (3, -2), (3, -1), (3, 0), (3, 1), (3, 2), (3, 3)]
2025-11-23 17:27:25.464 | INFO     | env.satellite_mac_env:_decode_combo_component:220 - self._delta_pairs [(-3, -3), (-3, -2), (-3, -1), (-3, 0), (-3, 1), (-3, 2), (-3, 3), (-2, -3), (-2, -2), (-2, -1), (-2, 0), (-2, 1), (-2, 2), (-2, 3), (-1, -3), (-1, -2), (-1, -1), (-1, 0), (-1, 1), (-1, 2), (-1, 3), (0, -3), (0, -2), (0, -1), (0, 0), (0, 1), (0, 2), (0, 3), (1, -3), (1, -2), (1, -1), (1, 0), (1, 1), (1, 2), (1, 3), (2, -3), (2, -2), (2, -1), (2, 0), (2, 1), (2, 2), (2, 3), (3, -3), (3, -2), (3, -1), (3, 0), (3, 1), (3, 2), (3, 3)]
2025-11-23 17:27:25.467 | INFO     | env.satellite_mac_env:_decode_combo_component:220 - self._delta_pairs [(-3, -3), (-3, -2), (-3, -1), (-3, 0), (-3, 1), (-3, 2), (-3, 3), (-2, -3), (-2, -2), (-2, -1), (-2, 0), (-2, 1), (-2, 2), (-2, 3), (-1, -3), (-1, -2), (-1, -1), (-1, 0), (-1, 1), (-1, 2), (-1, 3), (0, -3), (0, -2), (0, -1), (0, 0), (0, 1), (0, 2), (0, 3), (1, -3), (1, -2), (1, -1), (1, 0), (1, 1), (1, 2), (1, 3), (2, -3), (2, -2), (2, -1), (2, 0), (2, 1), (2, 2), (2, 3), (3, -3), (3, -2), (3, -1), (3, 0), (3, 1), (3, 2), (3, 3)]
2025-11-23 17:27:25.468 | INFO     | env.satellite_mac_env:_decode_combo_component:220 - self._delta_pairs [(-3, -3), (-3, -2), (-3, -1), (-3, 0), (-3, 1), (-3, 2), (-3, 3), (-2, -3), (-2, -2), (-2, -1), (-2, 0), (-2, 1), (-2, 2), (-2, 3), (-1, -3), (-1, -2), (-1, -1), (-1, 0), (-1, 1), (-1, 2), (-1, 3), (0, -3), (0, -2), (0, -1), (0, 0), (0, 1), (0, 2), (0, 3), (1, -3), (1, -2), (1, -1), (1, 0), (1, 1), (1, 2), (1, 3), (2, -3), (2, -2), (2, -1), (2, 0), (2, 1), (2, 2), (2, 3), (3, -3), (3, -2), (3, -1), (3, 0), (3, 1), (3, 2), (3, 3)]
2025-11-23 17:27:25.470 | INFO     | env.satellite_mac_env:_decode_combo_component:220 - self._delta_pairs [(-3, -3), (-3, -2), (-3, -1), (-3, 0), (-3, 1), (-3, 2), (-3, 3), (-2, -3), (-2, -2), (-2, -1), (-2, 0), (-2, 1), (-2, 2), (-2, 3), (-1, -3), (-1, -2), (-1, -1), (-1, 0), (-1, 1), (-1, 2), (-1, 3), (0, -3), (0, -2), (0, -1), (0, 0), (0, 1), (0, 2), (0, 3), (1, -3), (1, -2), (1, -1), (1, 0), (1, 1), (1, 2), (1, 3), (2, -3), (2, -2), (2, -1), (2, 0), (2, 1), (2, 2), (2, 3), (3, -3), (3, -2), (3, -1), (3, 0), (3, 1), (3, 2), (3, 3)]
2025-11-23 17:27:25.471 | INFO     | env.satellite_mac_env:_decode_combo_component:220 - self._delta_pairs [(-3, -3), (-3, -2), (-3, -1), (-3, 0), (-3, 1), (-3, 2), (-3, 3), (-2, -3), (-2, -2), (-2, -1), (-2, 0), (-2, 1), (-2, 2), (-2, 3), (-1, -3), (-1, -2), (-1, -1), (-1, 0), (-1, 1), (-1, 2), (-1, 3), (0, -3), (0, -2), (0, -1), (0, 0), (0, 1), (0, 2), (0, 3), (1, -3), (1, -2), (1, -1), (1, 0), (1, 1), (1, 2), (1, 3), (2, -3), (2, -2), (2, -1), (2, 0), (2, 1), (2, 2), (2, 3), (3, -3), (3, -2), (3, -1), (3, 0), (3, 1), (3, 2), (3, 3)]
2025-11-23 17:27:25.475 | INFO     | env.satellite_mac_env:_decode_combo_component:220 - self._delta_pairs [(-3, -3), (-3, -2), (-3, -1), (-3, 0), (-3, 1), (-3, 2), (-3, 3), (-2, -3), (-2, -2), (-2, -1), (-2, 0), (-2, 1), (-2, 2), (-2, 3), (-1, -3), (-1, -2), (-1, -1), (-1, 0), (-1, 1), (-1, 2), (-1, 3), (0, -3), (0, -2), (0, -1), (0, 0), (0, 1), (0, 2), (0, 3), (1, -3), (1, -2), (1, -1), (1, 0), (1, 1), (1, 2), (1, 3), (2, -3), (2, -2), (2, -1), (2, 0), (2, 1), (2, 2), (2, 3), (3, -3), (3, -2), (3, -1), (3, 0), (3, 1), (3, 2), (3, 3)]
2025-11-23 17:27:25.476 | INFO     | env.satellite_mac_env:_decode_combo_component:220 - self._delta_pairs [(-3, -3), (-3, -2), (-3, -1), (-3, 0), (-3, 1), (-3, 2), (-3, 3), (-2, -3), (-2, -2), (-2, -1), (-2, 0), (-2, 1), (-2, 2), (-2, 3), (-1, -3), (-1, -2), (-1, -1), (-1, 0), (-1, 1), (-1, 2), (-1, 3), (0, -3), (0, -2), (0, -1), (0, 0), (0, 1), (0, 2), (0, 3), (1, -3), (1, -2), (1, -1), (1, 0), (1, 1), (1, 2), (1, 3), (2, -3), (2, -2), (2, -1), (2, 0), (2, 1), (2, 2), (2, 3), (3, -3), (3, -2), (3, -1), (3, 0), (3, 1), (3, 2), (3, 3)]
2025-11-23 17:27:25.478 | INFO     | env.satellite_mac_env:_decode_combo_component:220 - self._delta_pairs [(-3, -3), (-3, -2), (-3, -1), (-3, 0), (-3, 1), (-3, 2), (-3, 3), (-2, -3), (-2, -2), (-2, -1), (-2, 0), (-2, 1), (-2, 2), (-2, 3), (-1, -3), (-1, -2), (-1, -1), (-1, 0), (-1, 1), (-1, 2), (-1, 3), (0, -3), (0, -2), (0, -1), (0, 0), (0, 1), (0, 2), (0, 3), (1, -3), (1, -2), (1, -1), (1, 0), (1, 1), (1, 2), (1, 3), (2, -3), (2, -2), (2, -1), (2, 0), (2, 1), (2, 2), (2, 3), (3, -3), (3, -2), (3, -1), (3, 0), (3, 1), (3, 2), (3, 3)]
2025-11-23 17:27:25.479 | INFO     | env.satellite_mac_env:_decode_combo_component:220 - self._delta_pairs [(-3, -3), (-3, -2), (-3, -1), (-3, 0), (-3, 1), (-3, 2), (-3, 3), (-2, -3), (-2, -2), (-2, -1), (-2, 0), (-2, 1), (-2, 2), (-2, 3), (-1, -3), (-1, -2), (-1, -1), (-1, 0), (-1, 1), (-1, 2), (-1, 3), (0, -3), (0, -2), (0, -1), (0, 0), (0, 1), (0, 2), (0, 3), (1, -3), (1, -2), (1, -1), (1, 0), (1, 1), (1, 2), (1, 3), (2, -3), (2, -2), (2, -1), (2, 0), (2, 1), (2, 2), (2, 3), (3, -3), (3, -2), (3, -1), (3, 0), (3, 1), (3, 2), (3, 3)]
2025-11-23 17:27:25.482 | INFO     | env.satellite_mac_env:_decode_combo_component:220 - self._delta_pairs [(-3, -3), (-3, -2), (-3, -1), (-3, 0), (-3, 1), (-3, 2), (-3, 3), (-2, -3), (-2, -2), (-2, -1), (-2, 0), (-2, 1), (-2, 2), (-2, 3), (-1, -3), (-1, -2), (-1, -1), (-1, 0), (-1, 1), (-1, 2), (-1, 3), (0, -3), (0, -2), (0, -1), (0, 0), (0, 1), (0, 2), (0, 3), (1, -3), (1, -2), (1, -1), (1, 0), (1, 1), (1, 2), (1, 3), (2, -3), (2, -2), (2, -1), (2, 0), (2, 1), (2, 2), (2, 3), (3, -3), (3, -2), (3, -1), (3, 0), (3, 1), (3, 2), (3, 3)]
2025-11-23 17:27:25.483 | INFO     | env.satellite_mac_env:_decode_combo_component:220 - self._delta_pairs [(-3, -3), (-3, -2), (-3, -1), (-3, 0), (-3, 1), (-3, 2), (-3, 3), (-2, -3), (-2, -2), (-2, -1), (-2, 0), (-2, 1), (-2, 2), (-2, 3), (-1, -3), (-1, -2), (-1, -1), (-1, 0), (-1, 1), (-1, 2), (-1, 3), (0, -3), (0, -2), (0, -1), (0, 0), (0, 1), (0, 2), (0, 3), (1, -3), (1, -2), (1, -1), (1, 0), (1, 1), (1, 2), (1, 3), (2, -3), (2, -2), (2, -1), (2, 0), (2, 1), (2, 2), (2, 3), (3, -3), (3, -2), (3, -1), (3, 0), (3, 1), (3, 2), (3, 3)]
2025-11-23 17:27:25.484 | INFO     | env.satellite_mac_env:_decode_combo_component:220 - self._delta_pairs [(-3, -3), (-3, -2), (-3, -1), (-3, 0), (-3, 1), (-3, 2), (-3, 3), (-2, -3), (-2, -2), (-2, -1), (-2, 0), (-2, 1), (-2, 2), (-2, 3), (-1, -3), (-1, -2), (-1, -1), (-1, 0), (-1, 1), (-1, 2), (-1, 3), (0, -3), (0, -2), (0, -1), (0, 0), (0, 1), (0, 2), (0, 3), (1, -3), (1, -2), (1, -1), (1, 0), (1, 1), (1, 2), (1, 3), (2, -3), (2, -2), (2, -1), (2, 0), (2, 1), (2, 2), (2, 3), (3, -3), (3, -2), (3, -1), (3, 0), (3, 1), (3, 2), (3, 3)]
2025-11-23 17:27:25.486 | INFO     | env.satellite_mac_env:_decode_combo_component:220 - self._delta_pairs [(-3, -3), (-3, -2), (-3, -1), (-3, 0), (-3, 1), (-3, 2), (-3, 3), (-2, -3), (-2, -2), (-2, -1), (-2, 0), (-2, 1), (-2, 2), (-2, 3), (-1, -3), (-1, -2), (-1, -1), (-1, 0), (-1, 1), (-1, 2), (-1, 3), (0, -3), (0, -2), (0, -1), (0, 0), (0, 1), (0, 2), (0, 3), (1, -3), (1, -2), (1, -1), (1, 0), (1, 1), (1, 2), (1, 3), (2, -3), (2, -2), (2, -1), (2, 0), (2, 1), (2, 2), (2, 3), (3, -3), (3, -2), (3, -1), (3, 0), (3, 1), (3, 2), (3, 3)]
2025-11-23 17:27:25.490 | INFO     | env.satellite_mac_env:_decode_combo_component:220 - self._delta_pairs [(-3, -3), (-3, -2), (-3, -1), (-3, 0), (-3, 1), (-3, 2), (-3, 3), (-2, -3), (-2, -2), (-2, -1), (-2, 0), (-2, 1), (-2, 2), (-2, 3), (-1, -3), (-1, -2), (-1, -1), (-1, 0), (-1, 1), (-1, 2), (-1, 3), (0, -3), (0, -2), (0, -1), (0, 0), (0, 1), (0, 2), (0, 3), (1, -3), (1, -2), (1, -1), (1, 0), (1, 1), (1, 2), (1, 3), (2, -3), (2, -2), (2, -1), (2, 0), (2, 1), (2, 2), (2, 3), (3, -3), (3, -2), (3, -1), (3, 0), (3, 1), (3, 2), (3, 3)]
2025-11-23 17:27:25.492 | INFO     | env.satellite_mac_env:_decode_combo_component:220 - self._delta_pairs [(-3, -3), (-3, -2), (-3, -1), (-3, 0), (-3, 1), (-3, 2), (-3, 3), (-2, -3), (-2, -2), (-2, -1), (-2, 0), (-2, 1), (-2, 2), (-2, 3), (-1, -3), (-1, -2), (-1, -1), (-1, 0), (-1, 1), (-1, 2), (-1, 3), (0, -3), (0, -2), (0, -1), (0, 0), (0, 1), (0, 2), (0, 3), (1, -3), (1, -2), (1, -1), (1, 0), (1, 1), (1, 2), (1, 3), (2, -3), (2, -2), (2, -1), (2, 0), (2, 1), (2, 2), (2, 3), (3, -3), (3, -2), (3, -1), (3, 0), (3, 1), (3, 2), (3, 3)]
2025-11-23 17:27:25.493 | INFO     | env.satellite_mac_env:_decode_combo_component:220 - self._delta_pairs [(-3, -3), (-3, -2), (-3, -1), (-3, 0), (-3, 1), (-3, 2), (-3, 3), (-2, -3), (-2, -2), (-2, -1), (-2, 0), (-2, 1), (-2, 2), (-2, 3), (-1, -3), (-1, -2), (-1, -1), (-1, 0), (-1, 1), (-1, 2), (-1, 3), (0, -3), (0, -2), (0, -1), (0, 0), (0, 1), (0, 2), (0, 3), (1, -3), (1, -2), (1, -1), (1, 0), (1, 1), (1, 2), (1, 3), (2, -3), (2, -2), (2, -1), (2, 0), (2, 1), (2, 2), (2, 3), (3, -3), (3, -2), (3, -1), (3, 0), (3, 1), (3, 2), (3, 3)]
2025-11-23 17:27:25.494 | INFO     | env.satellite_mac_env:_decode_combo_component:220 - self._delta_pairs [(-3, -3), (-3, -2), (-3, -1), (-3, 0), (-3, 1), (-3, 2), (-3, 3), (-2, -3), (-2, -2), (-2, -1), (-2, 0), (-2, 1), (-2, 2), (-2, 3), (-1, -3), (-1, -2), (-1, -1), (-1, 0), (-1, 1), (-1, 2), (-1, 3), (0, -3), (0, -2), (0, -1), (0, 0), (0, 1), (0, 2), (0, 3), (1, -3), (1, -2), (1, -1), (1, 0), (1, 1), (1, 2), (1, 3), (2, -3), (2, -2), (2, -1), (2, 0), (2, 1), (2, 2), (2, 3), (3, -3), (3, -2), (3, -1), (3, 0), (3, 1), (3, 2), (3, 3)]
2025-11-23 17:27:25.497 | INFO     | env.satellite_mac_env:_decode_combo_component:220 - self._delta_pairs [(-3, -3), (-3, -2), (-3, -1), (-3, 0), (-3, 1), (-3, 2), (-3, 3), (-2, -3), (-2, -2), (-2, -1), (-2, 0), (-2, 1), (-2, 2), (-2, 3), (-1, -3), (-1, -2), (-1, -1), (-1, 0), (-1, 1), (-1, 2), (-1, 3), (0, -3), (0, -2), (0, -1), (0, 0), (0, 1), (0, 2), (0, 3), (1, -3), (1, -2), (1, -1), (1, 0), (1, 1), (1, 2), (1, 3), (2, -3), (2, -2), (2, -1), (2, 0), (2, 1), (2, 2), (2, 3), (3, -3), (3, -2), (3, -1), (3, 0), (3, 1), (3, 2), (3, 3)]
2025-11-23 17:27:25.499 | INFO     | env.satellite_mac_env:_decode_combo_component:220 - self._delta_pairs [(-3, -3), (-3, -2), (-3, -1), (-3, 0), (-3, 1), (-3, 2), (-3, 3), (-2, -3), (-2, -2), (-2, -1), (-2, 0), (-2, 1), (-2, 2), (-2, 3), (-1, -3), (-1, -2), (-1, -1), (-1, 0), (-1, 1), (-1, 2), (-1, 3), (0, -3), (0, -2), (0, -1), (0, 0), (0, 1), (0, 2), (0, 3), (1, -3), (1, -2), (1, -1), (1, 0), (1, 1), (1, 2), (1, 3), (2, -3), (2, -2), (2, -1), (2, 0), (2, 1), (2, 2), (2, 3), (3, -3), (3, -2), (3, -1), (3, 0), (3, 1), (3, 2), (3, 3)]
2025-11-23 17:27:25.500 | INFO     | env.satellite_mac_env:_decode_combo_component:220 - self._delta_pairs [(-3, -3), (-3, -2), (-3, -1), (-3, 0), (-3, 1), (-3, 2), (-3, 3), (-2, -3), (-2, -2), (-2, -1), (-2, 0), (-2, 1), (-2, 2), (-2, 3), (-1, -3), (-1, -2), (-1, -1), (-1, 0), (-1, 1), (-1, 2), (-1, 3), (0, -3), (0, -2), (0, -1), (0, 0), (0, 1), (0, 2), (0, 3), (1, -3), (1, -2), (1, -1), (1, 0), (1, 1), (1, 2), (1, 3), (2, -3), (2, -2), (2, -1), (2, 0), (2, 1), (2, 2), (2, 3), (3, -3), (3, -2), (3, -1), (3, 0), (3, 1), (3, 2), (3, 3)]
2025-11-23 17:27:25.501 | INFO     | env.satellite_mac_env:_decode_combo_component:220 - self._delta_pairs [(-3, -3), (-3, -2), (-3, -1), (-3, 0), (-3, 1), (-3, 2), (-3, 3), (-2, -3), (-2, -2), (-2, -1), (-2, 0), (-2, 1), (-2, 2), (-2, 3), (-1, -3), (-1, -2), (-1, -1), (-1, 0), (-1, 1), (-1, 2), (-1, 3), (0, -3), (0, -2), (0, -1), (0, 0), (0, 1), (0, 2), (0, 3), (1, -3), (1, -2), (1, -1), (1, 0), (1, 1), (1, 2), (1, 3), (2, -3), (2, -2), (2, -1), (2, 0), (2, 1), (2, 2), (2, 3), (3, -3), (3, -2), (3, -1), (3, 0), (3, 1), (3, 2), (3, 3)]
2025-11-23 17:27:25.505 | INFO     | env.satellite_mac_env:_decode_combo_component:220 - self._delta_pairs [(-3, -3), (-3, -2), (-3, -1), (-3, 0), (-3, 1), (-3, 2), (-3, 3), (-2, -3), (-2, -2), (-2, -1), (-2, 0), (-2, 1), (-2, 2), (-2, 3), (-1, -3), (-1, -2), (-1, -1), (-1, 0), (-1, 1), (-1, 2), (-1, 3), (0, -3), (0, -2), (0, -1), (0, 0), (0, 1), (0, 2), (0, 3), (1, -3), (1, -2), (1, -1), (1, 0), (1, 1), (1, 2), (1, 3), (2, -3), (2, -2), (2, -1), (2, 0), (2, 1), (2, 2), (2, 3), (3, -3), (3, -2), (3, -1), (3, 0), (3, 1), (3, 2), (3, 3)]
2025-11-23 17:27:25.506 | INFO     | env.satellite_mac_env:_decode_combo_component:220 - self._delta_pairs [(-3, -3), (-3, -2), (-3, -1), (-3, 0), (-3, 1), (-3, 2), (-3, 3), (-2, -3), (-2, -2), (-2, -1), (-2, 0), (-2, 1), (-2, 2), (-2, 3), (-1, -3), (-1, -2), (-1, -1), (-1, 0), (-1, 1), (-1, 2), (-1, 3), (0, -3), (0, -2), (0, -1), (0, 0), (0, 1), (0, 2), (0, 3), (1, -3), (1, -2), (1, -1), (1, 0), (1, 1), (1, 2), (1, 3), (2, -3), (2, -2), (2, -1), (2, 0), (2, 1), (2, 2), (2, 3), (3, -3), (3, -2), (3, -1), (3, 0), (3, 1), (3, 2), (3, 3)]
2025-11-23 17:27:25.508 | INFO     | env.satellite_mac_env:_decode_combo_component:220 - self._delta_pairs [(-3, -3), (-3, -2), (-3, -1), (-3, 0), (-3, 1), (-3, 2), (-3, 3), (-2, -3), (-2, -2), (-2, -1), (-2, 0), (-2, 1), (-2, 2), (-2, 3), (-1, -3), (-1, -2), (-1, -1), (-1, 0), (-1, 1), (-1, 2), (-1, 3), (0, -3), (0, -2), (0, -1), (0, 0), (0, 1), (0, 2), (0, 3), (1, -3), (1, -2), (1, -1), (1, 0), (1, 1), (1, 2), (1, 3), (2, -3), (2, -2), (2, -1), (2, 0), (2, 1), (2, 2), (2, 3), (3, -3), (3, -2), (3, -1), (3, 0), (3, 1), (3, 2), (3, 3)]
2025-11-23 17:27:25.509 | INFO     | env.satellite_mac_env:_decode_combo_component:220 - self._delta_pairs [(-3, -3), (-3, -2), (-3, -1), (-3, 0), (-3, 1), (-3, 2), (-3, 3), (-2, -3), (-2, -2), (-2, -1), (-2, 0), (-2, 1), (-2, 2), (-2, 3), (-1, -3), (-1, -2), (-1, -1), (-1, 0), (-1, 1), (-1, 2), (-1, 3), (0, -3), (0, -2), (0, -1), (0, 0), (0, 1), (0, 2), (0, 3), (1, -3), (1, -2), (1, -1), (1, 0), (1, 1), (1, 2), (1, 3), (2, -3), (2, -2), (2, -1), (2, 0), (2, 1), (2, 2), (2, 3), (3, -3), (3, -2), (3, -1), (3, 0), (3, 1), (3, 2), (3, 3)]
2025-11-23 17:27:25.512 | INFO     | env.satellite_mac_env:_decode_combo_component:220 - self._delta_pairs [(-3, -3), (-3, -2), (-3, -1), (-3, 0), (-3, 1), (-3, 2), (-3, 3), (-2, -3), (-2, -2), (-2, -1), (-2, 0), (-2, 1), (-2, 2), (-2, 3), (-1, -3), (-1, -2), (-1, -1), (-1, 0), (-1, 1), (-1, 2), (-1, 3), (0, -3), (0, -2), (0, -1), (0, 0), (0, 1), (0, 2), (0, 3), (1, -3), (1, -2), (1, -1), (1, 0), (1, 1), (1, 2), (1, 3), (2, -3), (2, -2), (2, -1), (2, 0), (2, 1), (2, 2), (2, 3), (3, -3), (3, -2), (3, -1), (3, 0), (3, 1), (3, 2), (3, 3)]
2025-11-23 17:27:25.513 | INFO     | env.satellite_mac_env:_decode_combo_component:220 - self._delta_pairs [(-3, -3), (-3, -2), (-3, -1), (-3, 0), (-3, 1), (-3, 2), (-3, 3), (-2, -3), (-2, -2), (-2, -1), (-2, 0), (-2, 1), (-2, 2), (-2, 3), (-1, -3), (-1, -2), (-1, -1), (-1, 0), (-1, 1), (-1, 2), (-1, 3), (0, -3), (0, -2), (0, -1), (0, 0), (0, 1), (0, 2), (0, 3), (1, -3), (1, -2), (1, -1), (1, 0), (1, 1), (1, 2), (1, 3), (2, -3), (2, -2), (2, -1), (2, 0), (2, 1), (2, 2), (2, 3), (3, -3), (3, -2), (3, -1), (3, 0), (3, 1), (3, 2), (3, 3)]
2025-11-23 17:27:25.514 | INFO     | env.satellite_mac_env:_decode_combo_component:220 - self._delta_pairs [(-3, -3), (-3, -2), (-3, -1), (-3, 0), (-3, 1), (-3, 2), (-3, 3), (-2, -3), (-2, -2), (-2, -1), (-2, 0), (-2, 1), (-2, 2), (-2, 3), (-1, -3), (-1, -2), (-1, -1), (-1, 0), (-1, 1), (-1, 2), (-1, 3), (0, -3), (0, -2), (0, -1), (0, 0), (0, 1), (0, 2), (0, 3), (1, -3), (1, -2), (1, -1), (1, 0), (1, 1), (1, 2), (1, 3), (2, -3), (2, -2), (2, -1), (2, 0), (2, 1), (2, 2), (2, 3), (3, -3), (3, -2), (3, -1), (3, 0), (3, 1), (3, 2), (3, 3)]
2025-11-23 17:27:25.515 | INFO     | env.satellite_mac_env:_decode_combo_component:220 - self._delta_pairs [(-3, -3), (-3, -2), (-3, -1), (-3, 0), (-3, 1), (-3, 2), (-3, 3), (-2, -3), (-2, -2), (-2, -1), (-2, 0), (-2, 1), (-2, 2), (-2, 3), (-1, -3), (-1, -2), (-1, -1), (-1, 0), (-1, 1), (-1, 2), (-1, 3), (0, -3), (0, -2), (0, -1), (0, 0), (0, 1), (0, 2), (0, 3), (1, -3), (1, -2), (1, -1), (1, 0), (1, 1), (1, 2), (1, 3), (2, -3), (2, -2), (2, -1), (2, 0), (2, 1), (2, 2), (2, 3), (3, -3), (3, -2), (3, -1), (3, 0), (3, 1), (3, 2), (3, 3)]
2025-11-23 17:27:25.519 | INFO     | env.satellite_mac_env:_decode_combo_component:220 - self._delta_pairs [(-3, -3), (-3, -2), (-3, -1), (-3, 0), (-3, 1), (-3, 2), (-3, 3), (-2, -3), (-2, -2), (-2, -1), (-2, 0), (-2, 1), (-2, 2), (-2, 3), (-1, -3), (-1, -2), (-1, -1), (-1, 0), (-1, 1), (-1, 2), (-1, 3), (0, -3), (0, -2), (0, -1), (0, 0), (0, 1), (0, 2), (0, 3), (1, -3), (1, -2), (1, -1), (1, 0), (1, 1), (1, 2), (1, 3), (2, -3), (2, -2), (2, -1), (2, 0), (2, 1), (2, 2), (2, 3), (3, -3), (3, -2), (3, -1), (3, 0), (3, 1), (3, 2), (3, 3)]
2025-11-23 17:27:25.521 | INFO     | env.satellite_mac_env:_decode_combo_component:220 - self._delta_pairs [(-3, -3), (-3, -2), (-3, -1), (-3, 0), (-3, 1), (-3, 2), (-3, 3), (-2, -3), (-2, -2), (-2, -1), (-2, 0), (-2, 1), (-2, 2), (-2, 3), (-1, -3), (-1, -2), (-1, -1), (-1, 0), (-1, 1), (-1, 2), (-1, 3), (0, -3), (0, -2), (0, -1), (0, 0), (0, 1), (0, 2), (0, 3), (1, -3), (1, -2), (1, -1), (1, 0), (1, 1), (1, 2), (1, 3), (2, -3), (2, -2), (2, -1), (2, 0), (2, 1), (2, 2), (2, 3), (3, -3), (3, -2), (3, -1), (3, 0), (3, 1), (3, 2), (3, 3)]
2025-11-23 17:27:25.523 | INFO     | env.satellite_mac_env:_decode_combo_component:220 - self._delta_pairs [(-3, -3), (-3, -2), (-3, -1), (-3, 0), (-3, 1), (-3, 2), (-3, 3), (-2, -3), (-2, -2), (-2, -1), (-2, 0), (-2, 1), (-2, 2), (-2, 3), (-1, -3), (-1, -2), (-1, -1), (-1, 0), (-1, 1), (-1, 2), (-1, 3), (0, -3), (0, -2), (0, -1), (0, 0), (0, 1), (0, 2), (0, 3), (1, -3), (1, -2), (1, -1), (1, 0), (1, 1), (1, 2), (1, 3), (2, -3), (2, -2), (2, -1), (2, 0), (2, 1), (2, 2), (2, 3), (3, -3), (3, -2), (3, -1), (3, 0), (3, 1), (3, 2), (3, 3)]
2025-11-23 17:27:25.524 | INFO     | env.satellite_mac_env:_decode_combo_component:220 - self._delta_pairs [(-3, -3), (-3, -2), (-3, -1), (-3, 0), (-3, 1), (-3, 2), (-3, 3), (-2, -3), (-2, -2), (-2, -1), (-2, 0), (-2, 1), (-2, 2), (-2, 3), (-1, -3), (-1, -2), (-1, -1), (-1, 0), (-1, 1), (-1, 2), (-1, 3), (0, -3), (0, -2), (0, -1), (0, 0), (0, 1), (0, 2), (0, 3), (1, -3), (1, -2), (1, -1), (1, 0), (1, 1), (1, 2), (1, 3), (2, -3), (2, -2), (2, -1), (2, 0), (2, 1), (2, 2), (2, 3), (3, -3), (3, -2), (3, -1), (3, 0), (3, 1), (3, 2), (3, 3)]
2025-11-23 17:27:25.527 | INFO     | env.satellite_mac_env:_decode_combo_component:220 - self._delta_pairs [(-3, -3), (-3, -2), (-3, -1), (-3, 0), (-3, 1), (-3, 2), (-3, 3), (-2, -3), (-2, -2), (-2, -1), (-2, 0), (-2, 1), (-2, 2), (-2, 3), (-1, -3), (-1, -2), (-1, -1), (-1, 0), (-1, 1), (-1, 2), (-1, 3), (0, -3), (0, -2), (0, -1), (0, 0), (0, 1), (0, 2), (0, 3), (1, -3), (1, -2), (1, -1), (1, 0), (1, 1), (1, 2), (1, 3), (2, -3), (2, -2), (2, -1), (2, 0), (2, 1), (2, 2), (2, 3), (3, -3), (3, -2), (3, -1), (3, 0), (3, 1), (3, 2), (3, 3)]
2025-11-23 17:27:25.529 | INFO     | env.satellite_mac_env:_decode_combo_component:220 - self._delta_pairs [(-3, -3), (-3, -2), (-3, -1), (-3, 0), (-3, 1), (-3, 2), (-3, 3), (-2, -3), (-2, -2), (-2, -1), (-2, 0), (-2, 1), (-2, 2), (-2, 3), (-1, -3), (-1, -2), (-1, -1), (-1, 0), (-1, 1), (-1, 2), (-1, 3), (0, -3), (0, -2), (0, -1), (0, 0), (0, 1), (0, 2), (0, 3), (1, -3), (1, -2), (1, -1), (1, 0), (1, 1), (1, 2), (1, 3), (2, -3), (2, -2), (2, -1), (2, 0), (2, 1), (2, 2), (2, 3), (3, -3), (3, -2), (3, -1), (3, 0), (3, 1), (3, 2), (3, 3)]
2025-11-23 17:27:25.530 | INFO     | env.satellite_mac_env:_decode_combo_component:220 - self._delta_pairs [(-3, -3), (-3, -2), (-3, -1), (-3, 0), (-3, 1), (-3, 2), (-3, 3), (-2, -3), (-2, -2), (-2, -1), (-2, 0), (-2, 1), (-2, 2), (-2, 3), (-1, -3), (-1, -2), (-1, -1), (-1, 0), (-1, 1), (-1, 2), (-1, 3), (0, -3), (0, -2), (0, -1), (0, 0), (0, 1), (0, 2), (0, 3), (1, -3), (1, -2), (1, -1), (1, 0), (1, 1), (1, 2), (1, 3), (2, -3), (2, -2), (2, -1), (2, 0), (2, 1), (2, 2), (2, 3), (3, -3), (3, -2), (3, -1), (3, 0), (3, 1), (3, 2), (3, 3)]
2025-11-23 17:27:25.531 | INFO     | env.satellite_mac_env:_decode_combo_component:220 - self._delta_pairs [(-3, -3), (-3, -2), (-3, -1), (-3, 0), (-3, 1), (-3, 2), (-3, 3), (-2, -3), (-2, -2), (-2, -1), (-2, 0), (-2, 1), (-2, 2), (-2, 3), (-1, -3), (-1, -2), (-1, -1), (-1, 0), (-1, 1), (-1, 2), (-1, 3), (0, -3), (0, -2), (0, -1), (0, 0), (0, 1), (0, 2), (0, 3), (1, -3), (1, -2), (1, -1), (1, 0), (1, 1), (1, 2), (1, 3), (2, -3), (2, -2), (2, -1), (2, 0), (2, 1), (2, 2), (2, 3), (3, -3), (3, -2), (3, -1), (3, 0), (3, 1), (3, 2), (3, 3)]
2025-11-23 17:27:25.535 | INFO     | env.satellite_mac_env:_decode_combo_component:220 - self._delta_pairs [(-3, -3), (-3, -2), (-3, -1), (-3, 0), (-3, 1), (-3, 2), (-3, 3), (-2, -3), (-2, -2), (-2, -1), (-2, 0), (-2, 1), (-2, 2), (-2, 3), (-1, -3), (-1, -2), (-1, -1), (-1, 0), (-1, 1), (-1, 2), (-1, 3), (0, -3), (0, -2), (0, -1), (0, 0), (0, 1), (0, 2), (0, 3), (1, -3), (1, -2), (1, -1), (1, 0), (1, 1), (1, 2), (1, 3), (2, -3), (2, -2), (2, -1), (2, 0), (2, 1), (2, 2), (2, 3), (3, -3), (3, -2), (3, -1), (3, 0), (3, 1), (3, 2), (3, 3)]
2025-11-23 17:27:25.536 | INFO     | env.satellite_mac_env:_decode_combo_component:220 - self._delta_pairs [(-3, -3), (-3, -2), (-3, -1), (-3, 0), (-3, 1), (-3, 2), (-3, 3), (-2, -3), (-2, -2), (-2, -1), (-2, 0), (-2, 1), (-2, 2), (-2, 3), (-1, -3), (-1, -2), (-1, -1), (-1, 0), (-1, 1), (-1, 2), (-1, 3), (0, -3), (0, -2), (0, -1), (0, 0), (0, 1), (0, 2), (0, 3), (1, -3), (1, -2), (1, -1), (1, 0), (1, 1), (1, 2), (1, 3), (2, -3), (2, -2), (2, -1), (2, 0), (2, 1), (2, 2), (2, 3), (3, -3), (3, -2), (3, -1), (3, 0), (3, 1), (3, 2), (3, 3)]
2025-11-23 17:27:25.538 | INFO     | env.satellite_mac_env:_decode_combo_component:220 - self._delta_pairs [(-3, -3), (-3, -2), (-3, -1), (-3, 0), (-3, 1), (-3, 2), (-3, 3), (-2, -3), (-2, -2), (-2, -1), (-2, 0), (-2, 1), (-2, 2), (-2, 3), (-1, -3), (-1, -2), (-1, -1), (-1, 0), (-1, 1), (-1, 2), (-1, 3), (0, -3), (0, -2), (0, -1), (0, 0), (0, 1), (0, 2), (0, 3), (1, -3), (1, -2), (1, -1), (1, 0), (1, 1), (1, 2), (1, 3), (2, -3), (2, -2), (2, -1), (2, 0), (2, 1), (2, 2), (2, 3), (3, -3), (3, -2), (3, -1), (3, 0), (3, 1), (3, 2), (3, 3)]
2025-11-23 17:27:25.540 | INFO     | env.satellite_mac_env:_decode_combo_component:220 - self._delta_pairs [(-3, -3), (-3, -2), (-3, -1), (-3, 0), (-3, 1), (-3, 2), (-3, 3), (-2, -3), (-2, -2), (-2, -1), (-2, 0), (-2, 1), (-2, 2), (-2, 3), (-1, -3), (-1, -2), (-1, -1), (-1, 0), (-1, 1), (-1, 2), (-1, 3), (0, -3), (0, -2), (0, -1), (0, 0), (0, 1), (0, 2), (0, 3), (1, -3), (1, -2), (1, -1), (1, 0), (1, 1), (1, 2), (1, 3), (2, -3), (2, -2), (2, -1), (2, 0), (2, 1), (2, 2), (2, 3), (3, -3), (3, -2), (3, -1), (3, 0), (3, 1), (3, 2), (3, 3)]
2025-11-23 17:27:25.545 | INFO     | env.satellite_mac_env:_decode_combo_component:220 - self._delta_pairs [(-3, -3), (-3, -2), (-3, -1), (-3, 0), (-3, 1), (-3, 2), (-3, 3), (-2, -3), (-2, -2), (-2, -1), (-2, 0), (-2, 1), (-2, 2), (-2, 3), (-1, -3), (-1, -2), (-1, -1), (-1, 0), (-1, 1), (-1, 2), (-1, 3), (0, -3), (0, -2), (0, -1), (0, 0), (0, 1), (0, 2), (0, 3), (1, -3), (1, -2), (1, -1), (1, 0), (1, 1), (1, 2), (1, 3), (2, -3), (2, -2), (2, -1), (2, 0), (2, 1), (2, 2), (2, 3), (3, -3), (3, -2), (3, -1), (3, 0), (3, 1), (3, 2), (3, 3)]
2025-11-23 17:27:25.546 | INFO     | env.satellite_mac_env:_decode_combo_component:220 - self._delta_pairs [(-3, -3), (-3, -2), (-3, -1), (-3, 0), (-3, 1), (-3, 2), (-3, 3), (-2, -3), (-2, -2), (-2, -1), (-2, 0), (-2, 1), (-2, 2), (-2, 3), (-1, -3), (-1, -2), (-1, -1), (-1, 0), (-1, 1), (-1, 2), (-1, 3), (0, -3), (0, -2), (0, -1), (0, 0), (0, 1), (0, 2), (0, 3), (1, -3), (1, -2), (1, -1), (1, 0), (1, 1), (1, 2), (1, 3), (2, -3), (2, -2), (2, -1), (2, 0), (2, 1), (2, 2), (2, 3), (3, -3), (3, -2), (3, -1), (3, 0), (3, 1), (3, 2), (3, 3)]
2025-11-23 17:27:25.547 | INFO     | env.satellite_mac_env:_decode_combo_component:220 - self._delta_pairs [(-3, -3), (-3, -2), (-3, -1), (-3, 0), (-3, 1), (-3, 2), (-3, 3), (-2, -3), (-2, -2), (-2, -1), (-2, 0), (-2, 1), (-2, 2), (-2, 3), (-1, -3), (-1, -2), (-1, -1), (-1, 0), (-1, 1), (-1, 2), (-1, 3), (0, -3), (0, -2), (0, -1), (0, 0), (0, 1), (0, 2), (0, 3), (1, -3), (1, -2), (1, -1), (1, 0), (1, 1), (1, 2), (1, 3), (2, -3), (2, -2), (2, -1), (2, 0), (2, 1), (2, 2), (2, 3), (3, -3), (3, -2), (3, -1), (3, 0), (3, 1), (3, 2), (3, 3)]
2025-11-23 17:27:25.549 | INFO     | env.satellite_mac_env:_decode_combo_component:220 - self._delta_pairs [(-3, -3), (-3, -2), (-3, -1), (-3, 0), (-3, 1), (-3, 2), (-3, 3), (-2, -3), (-2, -2), (-2, -1), (-2, 0), (-2, 1), (-2, 2), (-2, 3), (-1, -3), (-1, -2), (-1, -1), (-1, 0), (-1, 1), (-1, 2), (-1, 3), (0, -3), (0, -2), (0, -1), (0, 0), (0, 1), (0, 2), (0, 3), (1, -3), (1, -2), (1, -1), (1, 0), (1, 1), (1, 2), (1, 3), (2, -3), (2, -2), (2, -1), (2, 0), (2, 1), (2, 2), (2, 3), (3, -3), (3, -2), (3, -1), (3, 0), (3, 1), (3, 2), (3, 3)]
2025-11-23 17:27:25.552 | INFO     | env.satellite_mac_env:_decode_combo_component:220 - self._delta_pairs [(-3, -3), (-3, -2), (-3, -1), (-3, 0), (-3, 1), (-3, 2), (-3, 3), (-2, -3), (-2, -2), (-2, -1), (-2, 0), (-2, 1), (-2, 2), (-2, 3), (-1, -3), (-1, -2), (-1, -1), (-1, 0), (-1, 1), (-1, 2), (-1, 3), (0, -3), (0, -2), (0, -1), (0, 0), (0, 1), (0, 2), (0, 3), (1, -3), (1, -2), (1, -1), (1, 0), (1, 1), (1, 2), (1, 3), (2, -3), (2, -2), (2, -1), (2, 0), (2, 1), (2, 2), (2, 3), (3, -3), (3, -2), (3, -1), (3, 0), (3, 1), (3, 2), (3, 3)]
2025-11-23 17:27:25.554 | INFO     | env.satellite_mac_env:_decode_combo_component:220 - self._delta_pairs [(-3, -3), (-3, -2), (-3, -1), (-3, 0), (-3, 1), (-3, 2), (-3, 3), (-2, -3), (-2, -2), (-2, -1), (-2, 0), (-2, 1), (-2, 2), (-2, 3), (-1, -3), (-1, -2), (-1, -1), (-1, 0), (-1, 1), (-1, 2), (-1, 3), (0, -3), (0, -2), (0, -1), (0, 0), (0, 1), (0, 2), (0, 3), (1, -3), (1, -2), (1, -1), (1, 0), (1, 1), (1, 2), (1, 3), (2, -3), (2, -2), (2, -1), (2, 0), (2, 1), (2, 2), (2, 3), (3, -3), (3, -2), (3, -1), (3, 0), (3, 1), (3, 2), (3, 3)]
2025-11-23 17:27:25.555 | INFO     | env.satellite_mac_env:_decode_combo_component:220 - self._delta_pairs [(-3, -3), (-3, -2), (-3, -1), (-3, 0), (-3, 1), (-3, 2), (-3, 3), (-2, -3), (-2, -2), (-2, -1), (-2, 0), (-2, 1), (-2, 2), (-2, 3), (-1, -3), (-1, -2), (-1, -1), (-1, 0), (-1, 1), (-1, 2), (-1, 3), (0, -3), (0, -2), (0, -1), (0, 0), (0, 1), (0, 2), (0, 3), (1, -3), (1, -2), (1, -1), (1, 0), (1, 1), (1, 2), (1, 3), (2, -3), (2, -2), (2, -1), (2, 0), (2, 1), (2, 2), (2, 3), (3, -3), (3, -2), (3, -1), (3, 0), (3, 1), (3, 2), (3, 3)]
2025-11-23 17:27:25.557 | INFO     | env.satellite_mac_env:_decode_combo_component:220 - self._delta_pairs [(-3, -3), (-3, -2), (-3, -1), (-3, 0), (-3, 1), (-3, 2), (-3, 3), (-2, -3), (-2, -2), (-2, -1), (-2, 0), (-2, 1), (-2, 2), (-2, 3), (-1, -3), (-1, -2), (-1, -1), (-1, 0), (-1, 1), (-1, 2), (-1, 3), (0, -3), (0, -2), (0, -1), (0, 0), (0, 1), (0, 2), (0, 3), (1, -3), (1, -2), (1, -1), (1, 0), (1, 1), (1, 2), (1, 3), (2, -3), (2, -2), (2, -1), (2, 0), (2, 1), (2, 2), (2, 3), (3, -3), (3, -2), (3, -1), (3, 0), (3, 1), (3, 2), (3, 3)]
2025-11-23 17:27:25.560 | INFO     | env.satellite_mac_env:_decode_combo_component:220 - self._delta_pairs [(-3, -3), (-3, -2), (-3, -1), (-3, 0), (-3, 1), (-3, 2), (-3, 3), (-2, -3), (-2, -2), (-2, -1), (-2, 0), (-2, 1), (-2, 2), (-2, 3), (-1, -3), (-1, -2), (-1, -1), (-1, 0), (-1, 1), (-1, 2), (-1, 3), (0, -3), (0, -2), (0, -1), (0, 0), (0, 1), (0, 2), (0, 3), (1, -3), (1, -2), (1, -1), (1, 0), (1, 1), (1, 2), (1, 3), (2, -3), (2, -2), (2, -1), (2, 0), (2, 1), (2, 2), (2, 3), (3, -3), (3, -2), (3, -1), (3, 0), (3, 1), (3, 2), (3, 3)]
2025-11-23 17:27:25.561 | INFO     | env.satellite_mac_env:_decode_combo_component:220 - self._delta_pairs [(-3, -3), (-3, -2), (-3, -1), (-3, 0), (-3, 1), (-3, 2), (-3, 3), (-2, -3), (-2, -2), (-2, -1), (-2, 0), (-2, 1), (-2, 2), (-2, 3), (-1, -3), (-1, -2), (-1, -1), (-1, 0), (-1, 1), (-1, 2), (-1, 3), (0, -3), (0, -2), (0, -1), (0, 0), (0, 1), (0, 2), (0, 3), (1, -3), (1, -2), (1, -1), (1, 0), (1, 1), (1, 2), (1, 3), (2, -3), (2, -2), (2, -1), (2, 0), (2, 1), (2, 2), (2, 3), (3, -3), (3, -2), (3, -1), (3, 0), (3, 1), (3, 2), (3, 3)]
2025-11-23 17:27:25.562 | INFO     | env.satellite_mac_env:_decode_combo_component:220 - self._delta_pairs [(-3, -3), (-3, -2), (-3, -1), (-3, 0), (-3, 1), (-3, 2), (-3, 3), (-2, -3), (-2, -2), (-2, -1), (-2, 0), (-2, 1), (-2, 2), (-2, 3), (-1, -3), (-1, -2), (-1, -1), (-1, 0), (-1, 1), (-1, 2), (-1, 3), (0, -3), (0, -2), (0, -1), (0, 0), (0, 1), (0, 2), (0, 3), (1, -3), (1, -2), (1, -1), (1, 0), (1, 1), (1, 2), (1, 3), (2, -3), (2, -2), (2, -1), (2, 0), (2, 1), (2, 2), (2, 3), (3, -3), (3, -2), (3, -1), (3, 0), (3, 1), (3, 2), (3, 3)]
2025-11-23 17:27:25.564 | INFO     | env.satellite_mac_env:_decode_combo_component:220 - self._delta_pairs [(-3, -3), (-3, -2), (-3, -1), (-3, 0), (-3, 1), (-3, 2), (-3, 3), (-2, -3), (-2, -2), (-2, -1), (-2, 0), (-2, 1), (-2, 2), (-2, 3), (-1, -3), (-1, -2), (-1, -1), (-1, 0), (-1, 1), (-1, 2), (-1, 3), (0, -3), (0, -2), (0, -1), (0, 0), (0, 1), (0, 2), (0, 3), (1, -3), (1, -2), (1, -1), (1, 0), (1, 1), (1, 2), (1, 3), (2, -3), (2, -2), (2, -1), (2, 0), (2, 1), (2, 2), (2, 3), (3, -3), (3, -2), (3, -1), (3, 0), (3, 1), (3, 2), (3, 3)]
2025-11-23 17:27:25.566 | INFO     | env.satellite_mac_env:_decode_combo_component:220 - self._delta_pairs [(-3, -3), (-3, -2), (-3, -1), (-3, 0), (-3, 1), (-3, 2), (-3, 3), (-2, -3), (-2, -2), (-2, -1), (-2, 0), (-2, 1), (-2, 2), (-2, 3), (-1, -3), (-1, -2), (-1, -1), (-1, 0), (-1, 1), (-1, 2), (-1, 3), (0, -3), (0, -2), (0, -1), (0, 0), (0, 1), (0, 2), (0, 3), (1, -3), (1, -2), (1, -1), (1, 0), (1, 1), (1, 2), (1, 3), (2, -3), (2, -2), (2, -1), (2, 0), (2, 1), (2, 2), (2, 3), (3, -3), (3, -2), (3, -1), (3, 0), (3, 1), (3, 2), (3, 3)]
2025-11-23 17:27:25.568 | INFO     | env.satellite_mac_env:_decode_combo_component:220 - self._delta_pairs [(-3, -3), (-3, -2), (-3, -1), (-3, 0), (-3, 1), (-3, 2), (-3, 3), (-2, -3), (-2, -2), (-2, -1), (-2, 0), (-2, 1), (-2, 2), (-2, 3), (-1, -3), (-1, -2), (-1, -1), (-1, 0), (-1, 1), (-1, 2), (-1, 3), (0, -3), (0, -2), (0, -1), (0, 0), (0, 1), (0, 2), (0, 3), (1, -3), (1, -2), (1, -1), (1, 0), (1, 1), (1, 2), (1, 3), (2, -3), (2, -2), (2, -1), (2, 0), (2, 1), (2, 2), (2, 3), (3, -3), (3, -2), (3, -1), (3, 0), (3, 1), (3, 2), (3, 3)]
2025-11-23 17:27:25.569 | INFO     | env.satellite_mac_env:_decode_combo_component:220 - self._delta_pairs [(-3, -3), (-3, -2), (-3, -1), (-3, 0), (-3, 1), (-3, 2), (-3, 3), (-2, -3), (-2, -2), (-2, -1), (-2, 0), (-2, 1), (-2, 2), (-2, 3), (-1, -3), (-1, -2), (-1, -1), (-1, 0), (-1, 1), (-1, 2), (-1, 3), (0, -3), (0, -2), (0, -1), (0, 0), (0, 1), (0, 2), (0, 3), (1, -3), (1, -2), (1, -1), (1, 0), (1, 1), (1, 2), (1, 3), (2, -3), (2, -2), (2, -1), (2, 0), (2, 1), (2, 2), (2, 3), (3, -3), (3, -2), (3, -1), (3, 0), (3, 1), (3, 2), (3, 3)]
2025-11-23 17:27:25.571 | INFO     | env.satellite_mac_env:_decode_combo_component:220 - self._delta_pairs [(-3, -3), (-3, -2), (-3, -1), (-3, 0), (-3, 1), (-3, 2), (-3, 3), (-2, -3), (-2, -2), (-2, -1), (-2, 0), (-2, 1), (-2, 2), (-2, 3), (-1, -3), (-1, -2), (-1, -1), (-1, 0), (-1, 1), (-1, 2), (-1, 3), (0, -3), (0, -2), (0, -1), (0, 0), (0, 1), (0, 2), (0, 3), (1, -3), (1, -2), (1, -1), (1, 0), (1, 1), (1, 2), (1, 3), (2, -3), (2, -2), (2, -1), (2, 0), (2, 1), (2, 2), (2, 3), (3, -3), (3, -2), (3, -1), (3, 0), (3, 1), (3, 2), (3, 3)]
2025-11-23 17:27:25.574 | INFO     | env.satellite_mac_env:_decode_combo_component:220 - self._delta_pairs [(-3, -3), (-3, -2), (-3, -1), (-3, 0), (-3, 1), (-3, 2), (-3, 3), (-2, -3), (-2, -2), (-2, -1), (-2, 0), (-2, 1), (-2, 2), (-2, 3), (-1, -3), (-1, -2), (-1, -1), (-1, 0), (-1, 1), (-1, 2), (-1, 3), (0, -3), (0, -2), (0, -1), (0, 0), (0, 1), (0, 2), (0, 3), (1, -3), (1, -2), (1, -1), (1, 0), (1, 1), (1, 2), (1, 3), (2, -3), (2, -2), (2, -1), (2, 0), (2, 1), (2, 2), (2, 3), (3, -3), (3, -2), (3, -1), (3, 0), (3, 1), (3, 2), (3, 3)]
2025-11-23 17:27:25.576 | INFO     | env.satellite_mac_env:_decode_combo_component:220 - self._delta_pairs [(-3, -3), (-3, -2), (-3, -1), (-3, 0), (-3, 1), (-3, 2), (-3, 3), (-2, -3), (-2, -2), (-2, -1), (-2, 0), (-2, 1), (-2, 2), (-2, 3), (-1, -3), (-1, -2), (-1, -1), (-1, 0), (-1, 1), (-1, 2), (-1, 3), (0, -3), (0, -2), (0, -1), (0, 0), (0, 1), (0, 2), (0, 3), (1, -3), (1, -2), (1, -1), (1, 0), (1, 1), (1, 2), (1, 3), (2, -3), (2, -2), (2, -1), (2, 0), (2, 1), (2, 2), (2, 3), (3, -3), (3, -2), (3, -1), (3, 0), (3, 1), (3, 2), (3, 3)]
2025-11-23 17:27:25.577 | INFO     | env.satellite_mac_env:_decode_combo_component:220 - self._delta_pairs [(-3, -3), (-3, -2), (-3, -1), (-3, 0), (-3, 1), (-3, 2), (-3, 3), (-2, -3), (-2, -2), (-2, -1), (-2, 0), (-2, 1), (-2, 2), (-2, 3), (-1, -3), (-1, -2), (-1, -1), (-1, 0), (-1, 1), (-1, 2), (-1, 3), (0, -3), (0, -2), (0, -1), (0, 0), (0, 1), (0, 2), (0, 3), (1, -3), (1, -2), (1, -1), (1, 0), (1, 1), (1, 2), (1, 3), (2, -3), (2, -2), (2, -1), (2, 0), (2, 1), (2, 2), (2, 3), (3, -3), (3, -2), (3, -1), (3, 0), (3, 1), (3, 2), (3, 3)]
2025-11-23 17:27:25.578 | INFO     | env.satellite_mac_env:_decode_combo_component:220 - self._delta_pairs [(-3, -3), (-3, -2), (-3, -1), (-3, 0), (-3, 1), (-3, 2), (-3, 3), (-2, -3), (-2, -2), (-2, -1), (-2, 0), (-2, 1), (-2, 2), (-2, 3), (-1, -3), (-1, -2), (-1, -1), (-1, 0), (-1, 1), (-1, 2), (-1, 3), (0, -3), (0, -2), (0, -1), (0, 0), (0, 1), (0, 2), (0, 3), (1, -3), (1, -2), (1, -1), (1, 0), (1, 1), (1, 2), (1, 3), (2, -3), (2, -2), (2, -1), (2, 0), (2, 1), (2, 2), (2, 3), (3, -3), (3, -2), (3, -1), (3, 0), (3, 1), (3, 2), (3, 3)]
2025-11-23 17:27:25.581 | INFO     | env.satellite_mac_env:_decode_combo_component:220 - self._delta_pairs [(-3, -3), (-3, -2), (-3, -1), (-3, 0), (-3, 1), (-3, 2), (-3, 3), (-2, -3), (-2, -2), (-2, -1), (-2, 0), (-2, 1), (-2, 2), (-2, 3), (-1, -3), (-1, -2), (-1, -1), (-1, 0), (-1, 1), (-1, 2), (-1, 3), (0, -3), (0, -2), (0, -1), (0, 0), (0, 1), (0, 2), (0, 3), (1, -3), (1, -2), (1, -1), (1, 0), (1, 1), (1, 2), (1, 3), (2, -3), (2, -2), (2, -1), (2, 0), (2, 1), (2, 2), (2, 3), (3, -3), (3, -2), (3, -1), (3, 0), (3, 1), (3, 2), (3, 3)]
2025-11-23 17:27:25.583 | INFO     | env.satellite_mac_env:_decode_combo_component:220 - self._delta_pairs [(-3, -3), (-3, -2), (-3, -1), (-3, 0), (-3, 1), (-3, 2), (-3, 3), (-2, -3), (-2, -2), (-2, -1), (-2, 0), (-2, 1), (-2, 2), (-2, 3), (-1, -3), (-1, -2), (-1, -1), (-1, 0), (-1, 1), (-1, 2), (-1, 3), (0, -3), (0, -2), (0, -1), (0, 0), (0, 1), (0, 2), (0, 3), (1, -3), (1, -2), (1, -1), (1, 0), (1, 1), (1, 2), (1, 3), (2, -3), (2, -2), (2, -1), (2, 0), (2, 1), (2, 2), (2, 3), (3, -3), (3, -2), (3, -1), (3, 0), (3, 1), (3, 2), (3, 3)]
2025-11-23 17:27:25.584 | INFO     | env.satellite_mac_env:_decode_combo_component:220 - self._delta_pairs [(-3, -3), (-3, -2), (-3, -1), (-3, 0), (-3, 1), (-3, 2), (-3, 3), (-2, -3), (-2, -2), (-2, -1), (-2, 0), (-2, 1), (-2, 2), (-2, 3), (-1, -3), (-1, -2), (-1, -1), (-1, 0), (-1, 1), (-1, 2), (-1, 3), (0, -3), (0, -2), (0, -1), (0, 0), (0, 1), (0, 2), (0, 3), (1, -3), (1, -2), (1, -1), (1, 0), (1, 1), (1, 2), (1, 3), (2, -3), (2, -2), (2, -1), (2, 0), (2, 1), (2, 2), (2, 3), (3, -3), (3, -2), (3, -1), (3, 0), (3, 1), (3, 2), (3, 3)]
2025-11-23 17:27:25.585 | INFO     | env.satellite_mac_env:_decode_combo_component:220 - self._delta_pairs [(-3, -3), (-3, -2), (-3, -1), (-3, 0), (-3, 1), (-3, 2), (-3, 3), (-2, -3), (-2, -2), (-2, -1), (-2, 0), (-2, 1), (-2, 2), (-2, 3), (-1, -3), (-1, -2), (-1, -1), (-1, 0), (-1, 1), (-1, 2), (-1, 3), (0, -3), (0, -2), (0, -1), (0, 0), (0, 1), (0, 2), (0, 3), (1, -3), (1, -2), (1, -1), (1, 0), (1, 1), (1, 2), (1, 3), (2, -3), (2, -2), (2, -1), (2, 0), (2, 1), (2, 2), (2, 3), (3, -3), (3, -2), (3, -1), (3, 0), (3, 1), (3, 2), (3, 3)]
2025-11-23 17:27:25.589 | INFO     | env.satellite_mac_env:_decode_combo_component:220 - self._delta_pairs [(-3, -3), (-3, -2), (-3, -1), (-3, 0), (-3, 1), (-3, 2), (-3, 3), (-2, -3), (-2, -2), (-2, -1), (-2, 0), (-2, 1), (-2, 2), (-2, 3), (-1, -3), (-1, -2), (-1, -1), (-1, 0), (-1, 1), (-1, 2), (-1, 3), (0, -3), (0, -2), (0, -1), (0, 0), (0, 1), (0, 2), (0, 3), (1, -3), (1, -2), (1, -1), (1, 0), (1, 1), (1, 2), (1, 3), (2, -3), (2, -2), (2, -1), (2, 0), (2, 1), (2, 2), (2, 3), (3, -3), (3, -2), (3, -1), (3, 0), (3, 1), (3, 2), (3, 3)]
2025-11-23 17:27:25.590 | INFO     | env.satellite_mac_env:_decode_combo_component:220 - self._delta_pairs [(-3, -3), (-3, -2), (-3, -1), (-3, 0), (-3, 1), (-3, 2), (-3, 3), (-2, -3), (-2, -2), (-2, -1), (-2, 0), (-2, 1), (-2, 2), (-2, 3), (-1, -3), (-1, -2), (-1, -1), (-1, 0), (-1, 1), (-1, 2), (-1, 3), (0, -3), (0, -2), (0, -1), (0, 0), (0, 1), (0, 2), (0, 3), (1, -3), (1, -2), (1, -1), (1, 0), (1, 1), (1, 2), (1, 3), (2, -3), (2, -2), (2, -1), (2, 0), (2, 1), (2, 2), (2, 3), (3, -3), (3, -2), (3, -1), (3, 0), (3, 1), (3, 2), (3, 3)]
2025-11-23 17:27:25.592 | INFO     | env.satellite_mac_env:_decode_combo_component:220 - self._delta_pairs [(-3, -3), (-3, -2), (-3, -1), (-3, 0), (-3, 1), (-3, 2), (-3, 3), (-2, -3), (-2, -2), (-2, -1), (-2, 0), (-2, 1), (-2, 2), (-2, 3), (-1, -3), (-1, -2), (-1, -1), (-1, 0), (-1, 1), (-1, 2), (-1, 3), (0, -3), (0, -2), (0, -1), (0, 0), (0, 1), (0, 2), (0, 3), (1, -3), (1, -2), (1, -1), (1, 0), (1, 1), (1, 2), (1, 3), (2, -3), (2, -2), (2, -1), (2, 0), (2, 1), (2, 2), (2, 3), (3, -3), (3, -2), (3, -1), (3, 0), (3, 1), (3, 2), (3, 3)]
2025-11-23 17:27:25.593 | INFO     | env.satellite_mac_env:_decode_combo_component:220 - self._delta_pairs [(-3, -3), (-3, -2), (-3, -1), (-3, 0), (-3, 1), (-3, 2), (-3, 3), (-2, -3), (-2, -2), (-2, -1), (-2, 0), (-2, 1), (-2, 2), (-2, 3), (-1, -3), (-1, -2), (-1, -1), (-1, 0), (-1, 1), (-1, 2), (-1, 3), (0, -3), (0, -2), (0, -1), (0, 0), (0, 1), (0, 2), (0, 3), (1, -3), (1, -2), (1, -1), (1, 0), (1, 1), (1, 2), (1, 3), (2, -3), (2, -2), (2, -1), (2, 0), (2, 1), (2, 2), (2, 3), (3, -3), (3, -2), (3, -1), (3, 0), (3, 1), (3, 2), (3, 3)]
2025-11-23 17:27:25.596 | INFO     | env.satellite_mac_env:_decode_combo_component:220 - self._delta_pairs [(-3, -3), (-3, -2), (-3, -1), (-3, 0), (-3, 1), (-3, 2), (-3, 3), (-2, -3), (-2, -2), (-2, -1), (-2, 0), (-2, 1), (-2, 2), (-2, 3), (-1, -3), (-1, -2), (-1, -1), (-1, 0), (-1, 1), (-1, 2), (-1, 3), (0, -3), (0, -2), (0, -1), (0, 0), (0, 1), (0, 2), (0, 3), (1, -3), (1, -2), (1, -1), (1, 0), (1, 1), (1, 2), (1, 3), (2, -3), (2, -2), (2, -1), (2, 0), (2, 1), (2, 2), (2, 3), (3, -3), (3, -2), (3, -1), (3, 0), (3, 1), (3, 2), (3, 3)]
2025-11-23 17:27:25.597 | INFO     | env.satellite_mac_env:_decode_combo_component:220 - self._delta_pairs [(-3, -3), (-3, -2), (-3, -1), (-3, 0), (-3, 1), (-3, 2), (-3, 3), (-2, -3), (-2, -2), (-2, -1), (-2, 0), (-2, 1), (-2, 2), (-2, 3), (-1, -3), (-1, -2), (-1, -1), (-1, 0), (-1, 1), (-1, 2), (-1, 3), (0, -3), (0, -2), (0, -1), (0, 0), (0, 1), (0, 2), (0, 3), (1, -3), (1, -2), (1, -1), (1, 0), (1, 1), (1, 2), (1, 3), (2, -3), (2, -2), (2, -1), (2, 0), (2, 1), (2, 2), (2, 3), (3, -3), (3, -2), (3, -1), (3, 0), (3, 1), (3, 2), (3, 3)]
2025-11-23 17:27:25.598 | INFO     | env.satellite_mac_env:_decode_combo_component:220 - self._delta_pairs [(-3, -3), (-3, -2), (-3, -1), (-3, 0), (-3, 1), (-3, 2), (-3, 3), (-2, -3), (-2, -2), (-2, -1), (-2, 0), (-2, 1), (-2, 2), (-2, 3), (-1, -3), (-1, -2), (-1, -1), (-1, 0), (-1, 1), (-1, 2), (-1, 3), (0, -3), (0, -2), (0, -1), (0, 0), (0, 1), (0, 2), (0, 3), (1, -3), (1, -2), (1, -1), (1, 0), (1, 1), (1, 2), (1, 3), (2, -3), (2, -2), (2, -1), (2, 0), (2, 1), (2, 2), (2, 3), (3, -3), (3, -2), (3, -1), (3, 0), (3, 1), (3, 2), (3, 3)]
2025-11-23 17:27:25.600 | INFO     | env.satellite_mac_env:_decode_combo_component:220 - self._delta_pairs [(-3, -3), (-3, -2), (-3, -1), (-3, 0), (-3, 1), (-3, 2), (-3, 3), (-2, -3), (-2, -2), (-2, -1), (-2, 0), (-2, 1), (-2, 2), (-2, 3), (-1, -3), (-1, -2), (-1, -1), (-1, 0), (-1, 1), (-1, 2), (-1, 3), (0, -3), (0, -2), (0, -1), (0, 0), (0, 1), (0, 2), (0, 3), (1, -3), (1, -2), (1, -1), (1, 0), (1, 1), (1, 2), (1, 3), (2, -3), (2, -2), (2, -1), (2, 0), (2, 1), (2, 2), (2, 3), (3, -3), (3, -2), (3, -1), (3, 0), (3, 1), (3, 2), (3, 3)]
2025-11-23 17:27:25.603 | INFO     | env.satellite_mac_env:_decode_combo_component:220 - self._delta_pairs [(-3, -3), (-3, -2), (-3, -1), (-3, 0), (-3, 1), (-3, 2), (-3, 3), (-2, -3), (-2, -2), (-2, -1), (-2, 0), (-2, 1), (-2, 2), (-2, 3), (-1, -3), (-1, -2), (-1, -1), (-1, 0), (-1, 1), (-1, 2), (-1, 3), (0, -3), (0, -2), (0, -1), (0, 0), (0, 1), (0, 2), (0, 3), (1, -3), (1, -2), (1, -1), (1, 0), (1, 1), (1, 2), (1, 3), (2, -3), (2, -2), (2, -1), (2, 0), (2, 1), (2, 2), (2, 3), (3, -3), (3, -2), (3, -1), (3, 0), (3, 1), (3, 2), (3, 3)]
2025-11-23 17:27:25.605 | INFO     | env.satellite_mac_env:_decode_combo_component:220 - self._delta_pairs [(-3, -3), (-3, -2), (-3, -1), (-3, 0), (-3, 1), (-3, 2), (-3, 3), (-2, -3), (-2, -2), (-2, -1), (-2, 0), (-2, 1), (-2, 2), (-2, 3), (-1, -3), (-1, -2), (-1, -1), (-1, 0), (-1, 1), (-1, 2), (-1, 3), (0, -3), (0, -2), (0, -1), (0, 0), (0, 1), (0, 2), (0, 3), (1, -3), (1, -2), (1, -1), (1, 0), (1, 1), (1, 2), (1, 3), (2, -3), (2, -2), (2, -1), (2, 0), (2, 1), (2, 2), (2, 3), (3, -3), (3, -2), (3, -1), (3, 0), (3, 1), (3, 2), (3, 3)]
2025-11-23 17:27:25.606 | INFO     | env.satellite_mac_env:_decode_combo_component:220 - self._delta_pairs [(-3, -3), (-3, -2), (-3, -1), (-3, 0), (-3, 1), (-3, 2), (-3, 3), (-2, -3), (-2, -2), (-2, -1), (-2, 0), (-2, 1), (-2, 2), (-2, 3), (-1, -3), (-1, -2), (-1, -1), (-1, 0), (-1, 1), (-1, 2), (-1, 3), (0, -3), (0, -2), (0, -1), (0, 0), (0, 1), (0, 2), (0, 3), (1, -3), (1, -2), (1, -1), (1, 0), (1, 1), (1, 2), (1, 3), (2, -3), (2, -2), (2, -1), (2, 0), (2, 1), (2, 2), (2, 3), (3, -3), (3, -2), (3, -1), (3, 0), (3, 1), (3, 2), (3, 3)]
2025-11-23 17:27:25.608 | INFO     | env.satellite_mac_env:_decode_combo_component:220 - self._delta_pairs [(-3, -3), (-3, -2), (-3, -1), (-3, 0), (-3, 1), (-3, 2), (-3, 3), (-2, -3), (-2, -2), (-2, -1), (-2, 0), (-2, 1), (-2, 2), (-2, 3), (-1, -3), (-1, -2), (-1, -1), (-1, 0), (-1, 1), (-1, 2), (-1, 3), (0, -3), (0, -2), (0, -1), (0, 0), (0, 1), (0, 2), (0, 3), (1, -3), (1, -2), (1, -1), (1, 0), (1, 1), (1, 2), (1, 3), (2, -3), (2, -2), (2, -1), (2, 0), (2, 1), (2, 2), (2, 3), (3, -3), (3, -2), (3, -1), (3, 0), (3, 1), (3, 2), (3, 3)]
2025-11-23 17:27:25.611 | INFO     | env.satellite_mac_env:_decode_combo_component:220 - self._delta_pairs [(-3, -3), (-3, -2), (-3, -1), (-3, 0), (-3, 1), (-3, 2), (-3, 3), (-2, -3), (-2, -2), (-2, -1), (-2, 0), (-2, 1), (-2, 2), (-2, 3), (-1, -3), (-1, -2), (-1, -1), (-1, 0), (-1, 1), (-1, 2), (-1, 3), (0, -3), (0, -2), (0, -1), (0, 0), (0, 1), (0, 2), (0, 3), (1, -3), (1, -2), (1, -1), (1, 0), (1, 1), (1, 2), (1, 3), (2, -3), (2, -2), (2, -1), (2, 0), (2, 1), (2, 2), (2, 3), (3, -3), (3, -2), (3, -1), (3, 0), (3, 1), (3, 2), (3, 3)]
2025-11-23 17:27:25.612 | INFO     | env.satellite_mac_env:_decode_combo_component:220 - self._delta_pairs [(-3, -3), (-3, -2), (-3, -1), (-3, 0), (-3, 1), (-3, 2), (-3, 3), (-2, -3), (-2, -2), (-2, -1), (-2, 0), (-2, 1), (-2, 2), (-2, 3), (-1, -3), (-1, -2), (-1, -1), (-1, 0), (-1, 1), (-1, 2), (-1, 3), (0, -3), (0, -2), (0, -1), (0, 0), (0, 1), (0, 2), (0, 3), (1, -3), (1, -2), (1, -1), (1, 0), (1, 1), (1, 2), (1, 3), (2, -3), (2, -2), (2, -1), (2, 0), (2, 1), (2, 2), (2, 3), (3, -3), (3, -2), (3, -1), (3, 0), (3, 1), (3, 2), (3, 3)]
2025-11-23 17:27:25.613 | INFO     | env.satellite_mac_env:_decode_combo_component:220 - self._delta_pairs [(-3, -3), (-3, -2), (-3, -1), (-3, 0), (-3, 1), (-3, 2), (-3, 3), (-2, -3), (-2, -2), (-2, -1), (-2, 0), (-2, 1), (-2, 2), (-2, 3), (-1, -3), (-1, -2), (-1, -1), (-1, 0), (-1, 1), (-1, 2), (-1, 3), (0, -3), (0, -2), (0, -1), (0, 0), (0, 1), (0, 2), (0, 3), (1, -3), (1, -2), (1, -1), (1, 0), (1, 1), (1, 2), (1, 3), (2, -3), (2, -2), (2, -1), (2, 0), (2, 1), (2, 2), (2, 3), (3, -3), (3, -2), (3, -1), (3, 0), (3, 1), (3, 2), (3, 3)]
2025-11-23 17:27:25.614 | INFO     | env.satellite_mac_env:_decode_combo_component:220 - self._delta_pairs [(-3, -3), (-3, -2), (-3, -1), (-3, 0), (-3, 1), (-3, 2), (-3, 3), (-2, -3), (-2, -2), (-2, -1), (-2, 0), (-2, 1), (-2, 2), (-2, 3), (-1, -3), (-1, -2), (-1, -1), (-1, 0), (-1, 1), (-1, 2), (-1, 3), (0, -3), (0, -2), (0, -1), (0, 0), (0, 1), (0, 2), (0, 3), (1, -3), (1, -2), (1, -1), (1, 0), (1, 1), (1, 2), (1, 3), (2, -3), (2, -2), (2, -1), (2, 0), (2, 1), (2, 2), (2, 3), (3, -3), (3, -2), (3, -1), (3, 0), (3, 1), (3, 2), (3, 3)]
2025-11-23 17:27:25.617 | INFO     | env.satellite_mac_env:_decode_combo_component:220 - self._delta_pairs [(-3, -3), (-3, -2), (-3, -1), (-3, 0), (-3, 1), (-3, 2), (-3, 3), (-2, -3), (-2, -2), (-2, -1), (-2, 0), (-2, 1), (-2, 2), (-2, 3), (-1, -3), (-1, -2), (-1, -1), (-1, 0), (-1, 1), (-1, 2), (-1, 3), (0, -3), (0, -2), (0, -1), (0, 0), (0, 1), (0, 2), (0, 3), (1, -3), (1, -2), (1, -1), (1, 0), (1, 1), (1, 2), (1, 3), (2, -3), (2, -2), (2, -1), (2, 0), (2, 1), (2, 2), (2, 3), (3, -3), (3, -2), (3, -1), (3, 0), (3, 1), (3, 2), (3, 3)]
2025-11-23 17:27:25.618 | INFO     | env.satellite_mac_env:_decode_combo_component:220 - self._delta_pairs [(-3, -3), (-3, -2), (-3, -1), (-3, 0), (-3, 1), (-3, 2), (-3, 3), (-2, -3), (-2, -2), (-2, -1), (-2, 0), (-2, 1), (-2, 2), (-2, 3), (-1, -3), (-1, -2), (-1, -1), (-1, 0), (-1, 1), (-1, 2), (-1, 3), (0, -3), (0, -2), (0, -1), (0, 0), (0, 1), (0, 2), (0, 3), (1, -3), (1, -2), (1, -1), (1, 0), (1, 1), (1, 2), (1, 3), (2, -3), (2, -2), (2, -1), (2, 0), (2, 1), (2, 2), (2, 3), (3, -3), (3, -2), (3, -1), (3, 0), (3, 1), (3, 2), (3, 3)]
2025-11-23 17:27:25.620 | INFO     | env.satellite_mac_env:_decode_combo_component:220 - self._delta_pairs [(-3, -3), (-3, -2), (-3, -1), (-3, 0), (-3, 1), (-3, 2), (-3, 3), (-2, -3), (-2, -2), (-2, -1), (-2, 0), (-2, 1), (-2, 2), (-2, 3), (-1, -3), (-1, -2), (-1, -1), (-1, 0), (-1, 1), (-1, 2), (-1, 3), (0, -3), (0, -2), (0, -1), (0, 0), (0, 1), (0, 2), (0, 3), (1, -3), (1, -2), (1, -1), (1, 0), (1, 1), (1, 2), (1, 3), (2, -3), (2, -2), (2, -1), (2, 0), (2, 1), (2, 2), (2, 3), (3, -3), (3, -2), (3, -1), (3, 0), (3, 1), (3, 2), (3, 3)]
2025-11-23 17:27:25.622 | INFO     | env.satellite_mac_env:_decode_combo_component:220 - self._delta_pairs [(-3, -3), (-3, -2), (-3, -1), (-3, 0), (-3, 1), (-3, 2), (-3, 3), (-2, -3), (-2, -2), (-2, -1), (-2, 0), (-2, 1), (-2, 2), (-2, 3), (-1, -3), (-1, -2), (-1, -1), (-1, 0), (-1, 1), (-1, 2), (-1, 3), (0, -3), (0, -2), (0, -1), (0, 0), (0, 1), (0, 2), (0, 3), (1, -3), (1, -2), (1, -1), (1, 0), (1, 1), (1, 2), (1, 3), (2, -3), (2, -2), (2, -1), (2, 0), (2, 1), (2, 2), (2, 3), (3, -3), (3, -2), (3, -1), (3, 0), (3, 1), (3, 2), (3, 3)]
2025-11-23 17:27:25.626 | INFO     | env.satellite_mac_env:_decode_combo_component:220 - self._delta_pairs [(-3, -3), (-3, -2), (-3, -1), (-3, 0), (-3, 1), (-3, 2), (-3, 3), (-2, -3), (-2, -2), (-2, -1), (-2, 0), (-2, 1), (-2, 2), (-2, 3), (-1, -3), (-1, -2), (-1, -1), (-1, 0), (-1, 1), (-1, 2), (-1, 3), (0, -3), (0, -2), (0, -1), (0, 0), (0, 1), (0, 2), (0, 3), (1, -3), (1, -2), (1, -1), (1, 0), (1, 1), (1, 2), (1, 3), (2, -3), (2, -2), (2, -1), (2, 0), (2, 1), (2, 2), (2, 3), (3, -3), (3, -2), (3, -1), (3, 0), (3, 1), (3, 2), (3, 3)]
2025-11-23 17:27:25.627 | INFO     | env.satellite_mac_env:_decode_combo_component:220 - self._delta_pairs [(-3, -3), (-3, -2), (-3, -1), (-3, 0), (-3, 1), (-3, 2), (-3, 3), (-2, -3), (-2, -2), (-2, -1), (-2, 0), (-2, 1), (-2, 2), (-2, 3), (-1, -3), (-1, -2), (-1, -1), (-1, 0), (-1, 1), (-1, 2), (-1, 3), (0, -3), (0, -2), (0, -1), (0, 0), (0, 1), (0, 2), (0, 3), (1, -3), (1, -2), (1, -1), (1, 0), (1, 1), (1, 2), (1, 3), (2, -3), (2, -2), (2, -1), (2, 0), (2, 1), (2, 2), (2, 3), (3, -3), (3, -2), (3, -1), (3, 0), (3, 1), (3, 2), (3, 3)]
2025-11-23 17:27:25.628 | INFO     | env.satellite_mac_env:_decode_combo_component:220 - self._delta_pairs [(-3, -3), (-3, -2), (-3, -1), (-3, 0), (-3, 1), (-3, 2), (-3, 3), (-2, -3), (-2, -2), (-2, -1), (-2, 0), (-2, 1), (-2, 2), (-2, 3), (-1, -3), (-1, -2), (-1, -1), (-1, 0), (-1, 1), (-1, 2), (-1, 3), (0, -3), (0, -2), (0, -1), (0, 0), (0, 1), (0, 2), (0, 3), (1, -3), (1, -2), (1, -1), (1, 0), (1, 1), (1, 2), (1, 3), (2, -3), (2, -2), (2, -1), (2, 0), (2, 1), (2, 2), (2, 3), (3, -3), (3, -2), (3, -1), (3, 0), (3, 1), (3, 2), (3, 3)]
2025-11-23 17:27:25.629 | INFO     | env.satellite_mac_env:_decode_combo_component:220 - self._delta_pairs [(-3, -3), (-3, -2), (-3, -1), (-3, 0), (-3, 1), (-3, 2), (-3, 3), (-2, -3), (-2, -2), (-2, -1), (-2, 0), (-2, 1), (-2, 2), (-2, 3), (-1, -3), (-1, -2), (-1, -1), (-1, 0), (-1, 1), (-1, 2), (-1, 3), (0, -3), (0, -2), (0, -1), (0, 0), (0, 1), (0, 2), (0, 3), (1, -3), (1, -2), (1, -1), (1, 0), (1, 1), (1, 2), (1, 3), (2, -3), (2, -2), (2, -1), (2, 0), (2, 1), (2, 2), (2, 3), (3, -3), (3, -2), (3, -1), (3, 0), (3, 1), (3, 2), (3, 3)]
2025-11-23 17:27:25.632 | INFO     | env.satellite_mac_env:_decode_combo_component:220 - self._delta_pairs [(-3, -3), (-3, -2), (-3, -1), (-3, 0), (-3, 1), (-3, 2), (-3, 3), (-2, -3), (-2, -2), (-2, -1), (-2, 0), (-2, 1), (-2, 2), (-2, 3), (-1, -3), (-1, -2), (-1, -1), (-1, 0), (-1, 1), (-1, 2), (-1, 3), (0, -3), (0, -2), (0, -1), (0, 0), (0, 1), (0, 2), (0, 3), (1, -3), (1, -2), (1, -1), (1, 0), (1, 1), (1, 2), (1, 3), (2, -3), (2, -2), (2, -1), (2, 0), (2, 1), (2, 2), (2, 3), (3, -3), (3, -2), (3, -1), (3, 0), (3, 1), (3, 2), (3, 3)]
2025-11-23 17:27:25.634 | INFO     | env.satellite_mac_env:_decode_combo_component:220 - self._delta_pairs [(-3, -3), (-3, -2), (-3, -1), (-3, 0), (-3, 1), (-3, 2), (-3, 3), (-2, -3), (-2, -2), (-2, -1), (-2, 0), (-2, 1), (-2, 2), (-2, 3), (-1, -3), (-1, -2), (-1, -1), (-1, 0), (-1, 1), (-1, 2), (-1, 3), (0, -3), (0, -2), (0, -1), (0, 0), (0, 1), (0, 2), (0, 3), (1, -3), (1, -2), (1, -1), (1, 0), (1, 1), (1, 2), (1, 3), (2, -3), (2, -2), (2, -1), (2, 0), (2, 1), (2, 2), (2, 3), (3, -3), (3, -2), (3, -1), (3, 0), (3, 1), (3, 2), (3, 3)]
2025-11-23 17:27:25.635 | INFO     | env.satellite_mac_env:_decode_combo_component:220 - self._delta_pairs [(-3, -3), (-3, -2), (-3, -1), (-3, 0), (-3, 1), (-3, 2), (-3, 3), (-2, -3), (-2, -2), (-2, -1), (-2, 0), (-2, 1), (-2, 2), (-2, 3), (-1, -3), (-1, -2), (-1, -1), (-1, 0), (-1, 1), (-1, 2), (-1, 3), (0, -3), (0, -2), (0, -1), (0, 0), (0, 1), (0, 2), (0, 3), (1, -3), (1, -2), (1, -1), (1, 0), (1, 1), (1, 2), (1, 3), (2, -3), (2, -2), (2, -1), (2, 0), (2, 1), (2, 2), (2, 3), (3, -3), (3, -2), (3, -1), (3, 0), (3, 1), (3, 2), (3, 3)]
2025-11-23 17:27:25.636 | INFO     | env.satellite_mac_env:_decode_combo_component:220 - self._delta_pairs [(-3, -3), (-3, -2), (-3, -1), (-3, 0), (-3, 1), (-3, 2), (-3, 3), (-2, -3), (-2, -2), (-2, -1), (-2, 0), (-2, 1), (-2, 2), (-2, 3), (-1, -3), (-1, -2), (-1, -1), (-1, 0), (-1, 1), (-1, 2), (-1, 3), (0, -3), (0, -2), (0, -1), (0, 0), (0, 1), (0, 2), (0, 3), (1, -3), (1, -2), (1, -1), (1, 0), (1, 1), (1, 2), (1, 3), (2, -3), (2, -2), (2, -1), (2, 0), (2, 1), (2, 2), (2, 3), (3, -3), (3, -2), (3, -1), (3, 0), (3, 1), (3, 2), (3, 3)]
2025-11-23 17:27:25.640 | INFO     | env.satellite_mac_env:_decode_combo_component:220 - self._delta_pairs [(-3, -3), (-3, -2), (-3, -1), (-3, 0), (-3, 1), (-3, 2), (-3, 3), (-2, -3), (-2, -2), (-2, -1), (-2, 0), (-2, 1), (-2, 2), (-2, 3), (-1, -3), (-1, -2), (-1, -1), (-1, 0), (-1, 1), (-1, 2), (-1, 3), (0, -3), (0, -2), (0, -1), (0, 0), (0, 1), (0, 2), (0, 3), (1, -3), (1, -2), (1, -1), (1, 0), (1, 1), (1, 2), (1, 3), (2, -3), (2, -2), (2, -1), (2, 0), (2, 1), (2, 2), (2, 3), (3, -3), (3, -2), (3, -1), (3, 0), (3, 1), (3, 2), (3, 3)]
2025-11-23 17:27:25.642 | INFO     | env.satellite_mac_env:_decode_combo_component:220 - self._delta_pairs [(-3, -3), (-3, -2), (-3, -1), (-3, 0), (-3, 1), (-3, 2), (-3, 3), (-2, -3), (-2, -2), (-2, -1), (-2, 0), (-2, 1), (-2, 2), (-2, 3), (-1, -3), (-1, -2), (-1, -1), (-1, 0), (-1, 1), (-1, 2), (-1, 3), (0, -3), (0, -2), (0, -1), (0, 0), (0, 1), (0, 2), (0, 3), (1, -3), (1, -2), (1, -1), (1, 0), (1, 1), (1, 2), (1, 3), (2, -3), (2, -2), (2, -1), (2, 0), (2, 1), (2, 2), (2, 3), (3, -3), (3, -2), (3, -1), (3, 0), (3, 1), (3, 2), (3, 3)]
2025-11-23 17:27:25.643 | INFO     | env.satellite_mac_env:_decode_combo_component:220 - self._delta_pairs [(-3, -3), (-3, -2), (-3, -1), (-3, 0), (-3, 1), (-3, 2), (-3, 3), (-2, -3), (-2, -2), (-2, -1), (-2, 0), (-2, 1), (-2, 2), (-2, 3), (-1, -3), (-1, -2), (-1, -1), (-1, 0), (-1, 1), (-1, 2), (-1, 3), (0, -3), (0, -2), (0, -1), (0, 0), (0, 1), (0, 2), (0, 3), (1, -3), (1, -2), (1, -1), (1, 0), (1, 1), (1, 2), (1, 3), (2, -3), (2, -2), (2, -1), (2, 0), (2, 1), (2, 2), (2, 3), (3, -3), (3, -2), (3, -1), (3, 0), (3, 1), (3, 2), (3, 3)]
2025-11-23 17:27:25.644 | INFO     | env.satellite_mac_env:_decode_combo_component:220 - self._delta_pairs [(-3, -3), (-3, -2), (-3, -1), (-3, 0), (-3, 1), (-3, 2), (-3, 3), (-2, -3), (-2, -2), (-2, -1), (-2, 0), (-2, 1), (-2, 2), (-2, 3), (-1, -3), (-1, -2), (-1, -1), (-1, 0), (-1, 1), (-1, 2), (-1, 3), (0, -3), (0, -2), (0, -1), (0, 0), (0, 1), (0, 2), (0, 3), (1, -3), (1, -2), (1, -1), (1, 0), (1, 1), (1, 2), (1, 3), (2, -3), (2, -2), (2, -1), (2, 0), (2, 1), (2, 2), (2, 3), (3, -3), (3, -2), (3, -1), (3, 0), (3, 1), (3, 2), (3, 3)]
2025-11-23 17:27:25.647 | INFO     | env.satellite_mac_env:_decode_combo_component:220 - self._delta_pairs [(-3, -3), (-3, -2), (-3, -1), (-3, 0), (-3, 1), (-3, 2), (-3, 3), (-2, -3), (-2, -2), (-2, -1), (-2, 0), (-2, 1), (-2, 2), (-2, 3), (-1, -3), (-1, -2), (-1, -1), (-1, 0), (-1, 1), (-1, 2), (-1, 3), (0, -3), (0, -2), (0, -1), (0, 0), (0, 1), (0, 2), (0, 3), (1, -3), (1, -2), (1, -1), (1, 0), (1, 1), (1, 2), (1, 3), (2, -3), (2, -2), (2, -1), (2, 0), (2, 1), (2, 2), (2, 3), (3, -3), (3, -2), (3, -1), (3, 0), (3, 1), (3, 2), (3, 3)]
2025-11-23 17:27:25.648 | INFO     | env.satellite_mac_env:_decode_combo_component:220 - self._delta_pairs [(-3, -3), (-3, -2), (-3, -1), (-3, 0), (-3, 1), (-3, 2), (-3, 3), (-2, -3), (-2, -2), (-2, -1), (-2, 0), (-2, 1), (-2, 2), (-2, 3), (-1, -3), (-1, -2), (-1, -1), (-1, 0), (-1, 1), (-1, 2), (-1, 3), (0, -3), (0, -2), (0, -1), (0, 0), (0, 1), (0, 2), (0, 3), (1, -3), (1, -2), (1, -1), (1, 0), (1, 1), (1, 2), (1, 3), (2, -3), (2, -2), (2, -1), (2, 0), (2, 1), (2, 2), (2, 3), (3, -3), (3, -2), (3, -1), (3, 0), (3, 1), (3, 2), (3, 3)]
2025-11-23 17:27:25.649 | INFO     | env.satellite_mac_env:_decode_combo_component:220 - self._delta_pairs [(-3, -3), (-3, -2), (-3, -1), (-3, 0), (-3, 1), (-3, 2), (-3, 3), (-2, -3), (-2, -2), (-2, -1), (-2, 0), (-2, 1), (-2, 2), (-2, 3), (-1, -3), (-1, -2), (-1, -1), (-1, 0), (-1, 1), (-1, 2), (-1, 3), (0, -3), (0, -2), (0, -1), (0, 0), (0, 1), (0, 2), (0, 3), (1, -3), (1, -2), (1, -1), (1, 0), (1, 1), (1, 2), (1, 3), (2, -3), (2, -2), (2, -1), (2, 0), (2, 1), (2, 2), (2, 3), (3, -3), (3, -2), (3, -1), (3, 0), (3, 1), (3, 2), (3, 3)]
2025-11-23 17:27:25.650 | INFO     | env.satellite_mac_env:_decode_combo_component:220 - self._delta_pairs [(-3, -3), (-3, -2), (-3, -1), (-3, 0), (-3, 1), (-3, 2), (-3, 3), (-2, -3), (-2, -2), (-2, -1), (-2, 0), (-2, 1), (-2, 2), (-2, 3), (-1, -3), (-1, -2), (-1, -1), (-1, 0), (-1, 1), (-1, 2), (-1, 3), (0, -3), (0, -2), (0, -1), (0, 0), (0, 1), (0, 2), (0, 3), (1, -3), (1, -2), (1, -1), (1, 0), (1, 1), (1, 2), (1, 3), (2, -3), (2, -2), (2, -1), (2, 0), (2, 1), (2, 2), (2, 3), (3, -3), (3, -2), (3, -1), (3, 0), (3, 1), (3, 2), (3, 3)]
2025-11-23 17:27:25.655 | INFO     | env.satellite_mac_env:_decode_combo_component:220 - self._delta_pairs [(-3, -3), (-3, -2), (-3, -1), (-3, 0), (-3, 1), (-3, 2), (-3, 3), (-2, -3), (-2, -2), (-2, -1), (-2, 0), (-2, 1), (-2, 2), (-2, 3), (-1, -3), (-1, -2), (-1, -1), (-1, 0), (-1, 1), (-1, 2), (-1, 3), (0, -3), (0, -2), (0, -1), (0, 0), (0, 1), (0, 2), (0, 3), (1, -3), (1, -2), (1, -1), (1, 0), (1, 1), (1, 2), (1, 3), (2, -3), (2, -2), (2, -1), (2, 0), (2, 1), (2, 2), (2, 3), (3, -3), (3, -2), (3, -1), (3, 0), (3, 1), (3, 2), (3, 3)]
2025-11-23 17:27:25.657 | INFO     | env.satellite_mac_env:_decode_combo_component:220 - self._delta_pairs [(-3, -3), (-3, -2), (-3, -1), (-3, 0), (-3, 1), (-3, 2), (-3, 3), (-2, -3), (-2, -2), (-2, -1), (-2, 0), (-2, 1), (-2, 2), (-2, 3), (-1, -3), (-1, -2), (-1, -1), (-1, 0), (-1, 1), (-1, 2), (-1, 3), (0, -3), (0, -2), (0, -1), (0, 0), (0, 1), (0, 2), (0, 3), (1, -3), (1, -2), (1, -1), (1, 0), (1, 1), (1, 2), (1, 3), (2, -3), (2, -2), (2, -1), (2, 0), (2, 1), (2, 2), (2, 3), (3, -3), (3, -2), (3, -1), (3, 0), (3, 1), (3, 2), (3, 3)]
2025-11-23 17:27:25.658 | INFO     | env.satellite_mac_env:_decode_combo_component:220 - self._delta_pairs [(-3, -3), (-3, -2), (-3, -1), (-3, 0), (-3, 1), (-3, 2), (-3, 3), (-2, -3), (-2, -2), (-2, -1), (-2, 0), (-2, 1), (-2, 2), (-2, 3), (-1, -3), (-1, -2), (-1, -1), (-1, 0), (-1, 1), (-1, 2), (-1, 3), (0, -3), (0, -2), (0, -1), (0, 0), (0, 1), (0, 2), (0, 3), (1, -3), (1, -2), (1, -1), (1, 0), (1, 1), (1, 2), (1, 3), (2, -3), (2, -2), (2, -1), (2, 0), (2, 1), (2, 2), (2, 3), (3, -3), (3, -2), (3, -1), (3, 0), (3, 1), (3, 2), (3, 3)]
2025-11-23 17:27:25.660 | INFO     | env.satellite_mac_env:_decode_combo_component:220 - self._delta_pairs [(-3, -3), (-3, -2), (-3, -1), (-3, 0), (-3, 1), (-3, 2), (-3, 3), (-2, -3), (-2, -2), (-2, -1), (-2, 0), (-2, 1), (-2, 2), (-2, 3), (-1, -3), (-1, -2), (-1, -1), (-1, 0), (-1, 1), (-1, 2), (-1, 3), (0, -3), (0, -2), (0, -1), (0, 0), (0, 1), (0, 2), (0, 3), (1, -3), (1, -2), (1, -1), (1, 0), (1, 1), (1, 2), (1, 3), (2, -3), (2, -2), (2, -1), (2, 0), (2, 1), (2, 2), (2, 3), (3, -3), (3, -2), (3, -1), (3, 0), (3, 1), (3, 2), (3, 3)]
2025-11-23 17:27:25.663 | INFO     | env.satellite_mac_env:_decode_combo_component:220 - self._delta_pairs [(-3, -3), (-3, -2), (-3, -1), (-3, 0), (-3, 1), (-3, 2), (-3, 3), (-2, -3), (-2, -2), (-2, -1), (-2, 0), (-2, 1), (-2, 2), (-2, 3), (-1, -3), (-1, -2), (-1, -1), (-1, 0), (-1, 1), (-1, 2), (-1, 3), (0, -3), (0, -2), (0, -1), (0, 0), (0, 1), (0, 2), (0, 3), (1, -3), (1, -2), (1, -1), (1, 0), (1, 1), (1, 2), (1, 3), (2, -3), (2, -2), (2, -1), (2, 0), (2, 1), (2, 2), (2, 3), (3, -3), (3, -2), (3, -1), (3, 0), (3, 1), (3, 2), (3, 3)]
2025-11-23 17:27:25.664 | INFO     | env.satellite_mac_env:_decode_combo_component:220 - self._delta_pairs [(-3, -3), (-3, -2), (-3, -1), (-3, 0), (-3, 1), (-3, 2), (-3, 3), (-2, -3), (-2, -2), (-2, -1), (-2, 0), (-2, 1), (-2, 2), (-2, 3), (-1, -3), (-1, -2), (-1, -1), (-1, 0), (-1, 1), (-1, 2), (-1, 3), (0, -3), (0, -2), (0, -1), (0, 0), (0, 1), (0, 2), (0, 3), (1, -3), (1, -2), (1, -1), (1, 0), (1, 1), (1, 2), (1, 3), (2, -3), (2, -2), (2, -1), (2, 0), (2, 1), (2, 2), (2, 3), (3, -3), (3, -2), (3, -1), (3, 0), (3, 1), (3, 2), (3, 3)]
2025-11-23 17:27:25.666 | INFO     | env.satellite_mac_env:_decode_combo_component:220 - self._delta_pairs [(-3, -3), (-3, -2), (-3, -1), (-3, 0), (-3, 1), (-3, 2), (-3, 3), (-2, -3), (-2, -2), (-2, -1), (-2, 0), (-2, 1), (-2, 2), (-2, 3), (-1, -3), (-1, -2), (-1, -1), (-1, 0), (-1, 1), (-1, 2), (-1, 3), (0, -3), (0, -2), (0, -1), (0, 0), (0, 1), (0, 2), (0, 3), (1, -3), (1, -2), (1, -1), (1, 0), (1, 1), (1, 2), (1, 3), (2, -3), (2, -2), (2, -1), (2, 0), (2, 1), (2, 2), (2, 3), (3, -3), (3, -2), (3, -1), (3, 0), (3, 1), (3, 2), (3, 3)]
2025-11-23 17:27:25.667 | INFO     | env.satellite_mac_env:_decode_combo_component:220 - self._delta_pairs [(-3, -3), (-3, -2), (-3, -1), (-3, 0), (-3, 1), (-3, 2), (-3, 3), (-2, -3), (-2, -2), (-2, -1), (-2, 0), (-2, 1), (-2, 2), (-2, 3), (-1, -3), (-1, -2), (-1, -1), (-1, 0), (-1, 1), (-1, 2), (-1, 3), (0, -3), (0, -2), (0, -1), (0, 0), (0, 1), (0, 2), (0, 3), (1, -3), (1, -2), (1, -1), (1, 0), (1, 1), (1, 2), (1, 3), (2, -3), (2, -2), (2, -1), (2, 0), (2, 1), (2, 2), (2, 3), (3, -3), (3, -2), (3, -1), (3, 0), (3, 1), (3, 2), (3, 3)]
2025-11-23 17:27:25.671 | INFO     | env.satellite_mac_env:_decode_combo_component:220 - self._delta_pairs [(-3, -3), (-3, -2), (-3, -1), (-3, 0), (-3, 1), (-3, 2), (-3, 3), (-2, -3), (-2, -2), (-2, -1), (-2, 0), (-2, 1), (-2, 2), (-2, 3), (-1, -3), (-1, -2), (-1, -1), (-1, 0), (-1, 1), (-1, 2), (-1, 3), (0, -3), (0, -2), (0, -1), (0, 0), (0, 1), (0, 2), (0, 3), (1, -3), (1, -2), (1, -1), (1, 0), (1, 1), (1, 2), (1, 3), (2, -3), (2, -2), (2, -1), (2, 0), (2, 1), (2, 2), (2, 3), (3, -3), (3, -2), (3, -1), (3, 0), (3, 1), (3, 2), (3, 3)]
2025-11-23 17:27:25.673 | INFO     | env.satellite_mac_env:_decode_combo_component:220 - self._delta_pairs [(-3, -3), (-3, -2), (-3, -1), (-3, 0), (-3, 1), (-3, 2), (-3, 3), (-2, -3), (-2, -2), (-2, -1), (-2, 0), (-2, 1), (-2, 2), (-2, 3), (-1, -3), (-1, -2), (-1, -1), (-1, 0), (-1, 1), (-1, 2), (-1, 3), (0, -3), (0, -2), (0, -1), (0, 0), (0, 1), (0, 2), (0, 3), (1, -3), (1, -2), (1, -1), (1, 0), (1, 1), (1, 2), (1, 3), (2, -3), (2, -2), (2, -1), (2, 0), (2, 1), (2, 2), (2, 3), (3, -3), (3, -2), (3, -1), (3, 0), (3, 1), (3, 2), (3, 3)]
2025-11-23 17:27:25.674 | INFO     | env.satellite_mac_env:_decode_combo_component:220 - self._delta_pairs [(-3, -3), (-3, -2), (-3, -1), (-3, 0), (-3, 1), (-3, 2), (-3, 3), (-2, -3), (-2, -2), (-2, -1), (-2, 0), (-2, 1), (-2, 2), (-2, 3), (-1, -3), (-1, -2), (-1, -1), (-1, 0), (-1, 1), (-1, 2), (-1, 3), (0, -3), (0, -2), (0, -1), (0, 0), (0, 1), (0, 2), (0, 3), (1, -3), (1, -2), (1, -1), (1, 0), (1, 1), (1, 2), (1, 3), (2, -3), (2, -2), (2, -1), (2, 0), (2, 1), (2, 2), (2, 3), (3, -3), (3, -2), (3, -1), (3, 0), (3, 1), (3, 2), (3, 3)]
2025-11-23 17:27:25.675 | INFO     | env.satellite_mac_env:_decode_combo_component:220 - self._delta_pairs [(-3, -3), (-3, -2), (-3, -1), (-3, 0), (-3, 1), (-3, 2), (-3, 3), (-2, -3), (-2, -2), (-2, -1), (-2, 0), (-2, 1), (-2, 2), (-2, 3), (-1, -3), (-1, -2), (-1, -1), (-1, 0), (-1, 1), (-1, 2), (-1, 3), (0, -3), (0, -2), (0, -1), (0, 0), (0, 1), (0, 2), (0, 3), (1, -3), (1, -2), (1, -1), (1, 0), (1, 1), (1, 2), (1, 3), (2, -3), (2, -2), (2, -1), (2, 0), (2, 1), (2, 2), (2, 3), (3, -3), (3, -2), (3, -1), (3, 0), (3, 1), (3, 2), (3, 3)]
2025-11-23 17:27:25.679 | INFO     | env.satellite_mac_env:_decode_combo_component:220 - self._delta_pairs [(-3, -3), (-3, -2), (-3, -1), (-3, 0), (-3, 1), (-3, 2), (-3, 3), (-2, -3), (-2, -2), (-2, -1), (-2, 0), (-2, 1), (-2, 2), (-2, 3), (-1, -3), (-1, -2), (-1, -1), (-1, 0), (-1, 1), (-1, 2), (-1, 3), (0, -3), (0, -2), (0, -1), (0, 0), (0, 1), (0, 2), (0, 3), (1, -3), (1, -2), (1, -1), (1, 0), (1, 1), (1, 2), (1, 3), (2, -3), (2, -2), (2, -1), (2, 0), (2, 1), (2, 2), (2, 3), (3, -3), (3, -2), (3, -1), (3, 0), (3, 1), (3, 2), (3, 3)]
2025-11-23 17:27:25.680 | INFO     | env.satellite_mac_env:_decode_combo_component:220 - self._delta_pairs [(-3, -3), (-3, -2), (-3, -1), (-3, 0), (-3, 1), (-3, 2), (-3, 3), (-2, -3), (-2, -2), (-2, -1), (-2, 0), (-2, 1), (-2, 2), (-2, 3), (-1, -3), (-1, -2), (-1, -1), (-1, 0), (-1, 1), (-1, 2), (-1, 3), (0, -3), (0, -2), (0, -1), (0, 0), (0, 1), (0, 2), (0, 3), (1, -3), (1, -2), (1, -1), (1, 0), (1, 1), (1, 2), (1, 3), (2, -3), (2, -2), (2, -1), (2, 0), (2, 1), (2, 2), (2, 3), (3, -3), (3, -2), (3, -1), (3, 0), (3, 1), (3, 2), (3, 3)]
2025-11-23 17:27:25.681 | INFO     | env.satellite_mac_env:_decode_combo_component:220 - self._delta_pairs [(-3, -3), (-3, -2), (-3, -1), (-3, 0), (-3, 1), (-3, 2), (-3, 3), (-2, -3), (-2, -2), (-2, -1), (-2, 0), (-2, 1), (-2, 2), (-2, 3), (-1, -3), (-1, -2), (-1, -1), (-1, 0), (-1, 1), (-1, 2), (-1, 3), (0, -3), (0, -2), (0, -1), (0, 0), (0, 1), (0, 2), (0, 3), (1, -3), (1, -2), (1, -1), (1, 0), (1, 1), (1, 2), (1, 3), (2, -3), (2, -2), (2, -1), (2, 0), (2, 1), (2, 2), (2, 3), (3, -3), (3, -2), (3, -1), (3, 0), (3, 1), (3, 2), (3, 3)]
2025-11-23 17:27:25.683 | INFO     | env.satellite_mac_env:_decode_combo_component:220 - self._delta_pairs [(-3, -3), (-3, -2), (-3, -1), (-3, 0), (-3, 1), (-3, 2), (-3, 3), (-2, -3), (-2, -2), (-2, -1), (-2, 0), (-2, 1), (-2, 2), (-2, 3), (-1, -3), (-1, -2), (-1, -1), (-1, 0), (-1, 1), (-1, 2), (-1, 3), (0, -3), (0, -2), (0, -1), (0, 0), (0, 1), (0, 2), (0, 3), (1, -3), (1, -2), (1, -1), (1, 0), (1, 1), (1, 2), (1, 3), (2, -3), (2, -2), (2, -1), (2, 0), (2, 1), (2, 2), (2, 3), (3, -3), (3, -2), (3, -1), (3, 0), (3, 1), (3, 2), (3, 3)]
2025-11-23 17:27:25.686 | INFO     | env.satellite_mac_env:_decode_combo_component:220 - self._delta_pairs [(-3, -3), (-3, -2), (-3, -1), (-3, 0), (-3, 1), (-3, 2), (-3, 3), (-2, -3), (-2, -2), (-2, -1), (-2, 0), (-2, 1), (-2, 2), (-2, 3), (-1, -3), (-1, -2), (-1, -1), (-1, 0), (-1, 1), (-1, 2), (-1, 3), (0, -3), (0, -2), (0, -1), (0, 0), (0, 1), (0, 2), (0, 3), (1, -3), (1, -2), (1, -1), (1, 0), (1, 1), (1, 2), (1, 3), (2, -3), (2, -2), (2, -1), (2, 0), (2, 1), (2, 2), (2, 3), (3, -3), (3, -2), (3, -1), (3, 0), (3, 1), (3, 2), (3, 3)]
2025-11-23 17:27:25.689 | INFO     | env.satellite_mac_env:_decode_combo_component:220 - self._delta_pairs [(-3, -3), (-3, -2), (-3, -1), (-3, 0), (-3, 1), (-3, 2), (-3, 3), (-2, -3), (-2, -2), (-2, -1), (-2, 0), (-2, 1), (-2, 2), (-2, 3), (-1, -3), (-1, -2), (-1, -1), (-1, 0), (-1, 1), (-1, 2), (-1, 3), (0, -3), (0, -2), (0, -1), (0, 0), (0, 1), (0, 2), (0, 3), (1, -3), (1, -2), (1, -1), (1, 0), (1, 1), (1, 2), (1, 3), (2, -3), (2, -2), (2, -1), (2, 0), (2, 1), (2, 2), (2, 3), (3, -3), (3, -2), (3, -1), (3, 0), (3, 1), (3, 2), (3, 3)]
2025-11-23 17:27:25.690 | INFO     | env.satellite_mac_env:_decode_combo_component:220 - self._delta_pairs [(-3, -3), (-3, -2), (-3, -1), (-3, 0), (-3, 1), (-3, 2), (-3, 3), (-2, -3), (-2, -2), (-2, -1), (-2, 0), (-2, 1), (-2, 2), (-2, 3), (-1, -3), (-1, -2), (-1, -1), (-1, 0), (-1, 1), (-1, 2), (-1, 3), (0, -3), (0, -2), (0, -1), (0, 0), (0, 1), (0, 2), (0, 3), (1, -3), (1, -2), (1, -1), (1, 0), (1, 1), (1, 2), (1, 3), (2, -3), (2, -2), (2, -1), (2, 0), (2, 1), (2, 2), (2, 3), (3, -3), (3, -2), (3, -1), (3, 0), (3, 1), (3, 2), (3, 3)]
2025-11-23 17:27:25.692 | INFO     | env.satellite_mac_env:_decode_combo_component:220 - self._delta_pairs [(-3, -3), (-3, -2), (-3, -1), (-3, 0), (-3, 1), (-3, 2), (-3, 3), (-2, -3), (-2, -2), (-2, -1), (-2, 0), (-2, 1), (-2, 2), (-2, 3), (-1, -3), (-1, -2), (-1, -1), (-1, 0), (-1, 1), (-1, 2), (-1, 3), (0, -3), (0, -2), (0, -1), (0, 0), (0, 1), (0, 2), (0, 3), (1, -3), (1, -2), (1, -1), (1, 0), (1, 1), (1, 2), (1, 3), (2, -3), (2, -2), (2, -1), (2, 0), (2, 1), (2, 2), (2, 3), (3, -3), (3, -2), (3, -1), (3, 0), (3, 1), (3, 2), (3, 3)]
2025-11-23 17:27:25.695 | INFO     | env.satellite_mac_env:_decode_combo_component:220 - self._delta_pairs [(-3, -3), (-3, -2), (-3, -1), (-3, 0), (-3, 1), (-3, 2), (-3, 3), (-2, -3), (-2, -2), (-2, -1), (-2, 0), (-2, 1), (-2, 2), (-2, 3), (-1, -3), (-1, -2), (-1, -1), (-1, 0), (-1, 1), (-1, 2), (-1, 3), (0, -3), (0, -2), (0, -1), (0, 0), (0, 1), (0, 2), (0, 3), (1, -3), (1, -2), (1, -1), (1, 0), (1, 1), (1, 2), (1, 3), (2, -3), (2, -2), (2, -1), (2, 0), (2, 1), (2, 2), (2, 3), (3, -3), (3, -2), (3, -1), (3, 0), (3, 1), (3, 2), (3, 3)]
2025-11-23 17:27:25.696 | INFO     | env.satellite_mac_env:_decode_combo_component:220 - self._delta_pairs [(-3, -3), (-3, -2), (-3, -1), (-3, 0), (-3, 1), (-3, 2), (-3, 3), (-2, -3), (-2, -2), (-2, -1), (-2, 0), (-2, 1), (-2, 2), (-2, 3), (-1, -3), (-1, -2), (-1, -1), (-1, 0), (-1, 1), (-1, 2), (-1, 3), (0, -3), (0, -2), (0, -1), (0, 0), (0, 1), (0, 2), (0, 3), (1, -3), (1, -2), (1, -1), (1, 0), (1, 1), (1, 2), (1, 3), (2, -3), (2, -2), (2, -1), (2, 0), (2, 1), (2, 2), (2, 3), (3, -3), (3, -2), (3, -1), (3, 0), (3, 1), (3, 2), (3, 3)]
2025-11-23 17:27:25.697 | INFO     | env.satellite_mac_env:_decode_combo_component:220 - self._delta_pairs [(-3, -3), (-3, -2), (-3, -1), (-3, 0), (-3, 1), (-3, 2), (-3, 3), (-2, -3), (-2, -2), (-2, -1), (-2, 0), (-2, 1), (-2, 2), (-2, 3), (-1, -3), (-1, -2), (-1, -1), (-1, 0), (-1, 1), (-1, 2), (-1, 3), (0, -3), (0, -2), (0, -1), (0, 0), (0, 1), (0, 2), (0, 3), (1, -3), (1, -2), (1, -1), (1, 0), (1, 1), (1, 2), (1, 3), (2, -3), (2, -2), (2, -1), (2, 0), (2, 1), (2, 2), (2, 3), (3, -3), (3, -2), (3, -1), (3, 0), (3, 1), (3, 2), (3, 3)]
2025-11-23 17:27:25.699 | INFO     | env.satellite_mac_env:_decode_combo_component:220 - self._delta_pairs [(-3, -3), (-3, -2), (-3, -1), (-3, 0), (-3, 1), (-3, 2), (-3, 3), (-2, -3), (-2, -2), (-2, -1), (-2, 0), (-2, 1), (-2, 2), (-2, 3), (-1, -3), (-1, -2), (-1, -1), (-1, 0), (-1, 1), (-1, 2), (-1, 3), (0, -3), (0, -2), (0, -1), (0, 0), (0, 1), (0, 2), (0, 3), (1, -3), (1, -2), (1, -1), (1, 0), (1, 1), (1, 2), (1, 3), (2, -3), (2, -2), (2, -1), (2, 0), (2, 1), (2, 2), (2, 3), (3, -3), (3, -2), (3, -1), (3, 0), (3, 1), (3, 2), (3, 3)]
2025-11-23 17:27:25.702 | INFO     | env.satellite_mac_env:_decode_combo_component:220 - self._delta_pairs [(-3, -3), (-3, -2), (-3, -1), (-3, 0), (-3, 1), (-3, 2), (-3, 3), (-2, -3), (-2, -2), (-2, -1), (-2, 0), (-2, 1), (-2, 2), (-2, 3), (-1, -3), (-1, -2), (-1, -1), (-1, 0), (-1, 1), (-1, 2), (-1, 3), (0, -3), (0, -2), (0, -1), (0, 0), (0, 1), (0, 2), (0, 3), (1, -3), (1, -2), (1, -1), (1, 0), (1, 1), (1, 2), (1, 3), (2, -3), (2, -2), (2, -1), (2, 0), (2, 1), (2, 2), (2, 3), (3, -3), (3, -2), (3, -1), (3, 0), (3, 1), (3, 2), (3, 3)]
2025-11-23 17:27:25.704 | INFO     | env.satellite_mac_env:_decode_combo_component:220 - self._delta_pairs [(-3, -3), (-3, -2), (-3, -1), (-3, 0), (-3, 1), (-3, 2), (-3, 3), (-2, -3), (-2, -2), (-2, -1), (-2, 0), (-2, 1), (-2, 2), (-2, 3), (-1, -3), (-1, -2), (-1, -1), (-1, 0), (-1, 1), (-1, 2), (-1, 3), (0, -3), (0, -2), (0, -1), (0, 0), (0, 1), (0, 2), (0, 3), (1, -3), (1, -2), (1, -1), (1, 0), (1, 1), (1, 2), (1, 3), (2, -3), (2, -2), (2, -1), (2, 0), (2, 1), (2, 2), (2, 3), (3, -3), (3, -2), (3, -1), (3, 0), (3, 1), (3, 2), (3, 3)]
2025-11-23 17:27:25.706 | INFO     | env.satellite_mac_env:_decode_combo_component:220 - self._delta_pairs [(-3, -3), (-3, -2), (-3, -1), (-3, 0), (-3, 1), (-3, 2), (-3, 3), (-2, -3), (-2, -2), (-2, -1), (-2, 0), (-2, 1), (-2, 2), (-2, 3), (-1, -3), (-1, -2), (-1, -1), (-1, 0), (-1, 1), (-1, 2), (-1, 3), (0, -3), (0, -2), (0, -1), (0, 0), (0, 1), (0, 2), (0, 3), (1, -3), (1, -2), (1, -1), (1, 0), (1, 1), (1, 2), (1, 3), (2, -3), (2, -2), (2, -1), (2, 0), (2, 1), (2, 2), (2, 3), (3, -3), (3, -2), (3, -1), (3, 0), (3, 1), (3, 2), (3, 3)]
2025-11-23 17:27:25.707 | INFO     | env.satellite_mac_env:_decode_combo_component:220 - self._delta_pairs [(-3, -3), (-3, -2), (-3, -1), (-3, 0), (-3, 1), (-3, 2), (-3, 3), (-2, -3), (-2, -2), (-2, -1), (-2, 0), (-2, 1), (-2, 2), (-2, 3), (-1, -3), (-1, -2), (-1, -1), (-1, 0), (-1, 1), (-1, 2), (-1, 3), (0, -3), (0, -2), (0, -1), (0, 0), (0, 1), (0, 2), (0, 3), (1, -3), (1, -2), (1, -1), (1, 0), (1, 1), (1, 2), (1, 3), (2, -3), (2, -2), (2, -1), (2, 0), (2, 1), (2, 2), (2, 3), (3, -3), (3, -2), (3, -1), (3, 0), (3, 1), (3, 2), (3, 3)]
2025-11-23 17:27:25.710 | INFO     | env.satellite_mac_env:_decode_combo_component:220 - self._delta_pairs [(-3, -3), (-3, -2), (-3, -1), (-3, 0), (-3, 1), (-3, 2), (-3, 3), (-2, -3), (-2, -2), (-2, -1), (-2, 0), (-2, 1), (-2, 2), (-2, 3), (-1, -3), (-1, -2), (-1, -1), (-1, 0), (-1, 1), (-1, 2), (-1, 3), (0, -3), (0, -2), (0, -1), (0, 0), (0, 1), (0, 2), (0, 3), (1, -3), (1, -2), (1, -1), (1, 0), (1, 1), (1, 2), (1, 3), (2, -3), (2, -2), (2, -1), (2, 0), (2, 1), (2, 2), (2, 3), (3, -3), (3, -2), (3, -1), (3, 0), (3, 1), (3, 2), (3, 3)]
2025-11-23 17:27:25.711 | INFO     | env.satellite_mac_env:_decode_combo_component:220 - self._delta_pairs [(-3, -3), (-3, -2), (-3, -1), (-3, 0), (-3, 1), (-3, 2), (-3, 3), (-2, -3), (-2, -2), (-2, -1), (-2, 0), (-2, 1), (-2, 2), (-2, 3), (-1, -3), (-1, -2), (-1, -1), (-1, 0), (-1, 1), (-1, 2), (-1, 3), (0, -3), (0, -2), (0, -1), (0, 0), (0, 1), (0, 2), (0, 3), (1, -3), (1, -2), (1, -1), (1, 0), (1, 1), (1, 2), (1, 3), (2, -3), (2, -2), (2, -1), (2, 0), (2, 1), (2, 2), (2, 3), (3, -3), (3, -2), (3, -1), (3, 0), (3, 1), (3, 2), (3, 3)]
2025-11-23 17:27:25.713 | INFO     | env.satellite_mac_env:_decode_combo_component:220 - self._delta_pairs [(-3, -3), (-3, -2), (-3, -1), (-3, 0), (-3, 1), (-3, 2), (-3, 3), (-2, -3), (-2, -2), (-2, -1), (-2, 0), (-2, 1), (-2, 2), (-2, 3), (-1, -3), (-1, -2), (-1, -1), (-1, 0), (-1, 1), (-1, 2), (-1, 3), (0, -3), (0, -2), (0, -1), (0, 0), (0, 1), (0, 2), (0, 3), (1, -3), (1, -2), (1, -1), (1, 0), (1, 1), (1, 2), (1, 3), (2, -3), (2, -2), (2, -1), (2, 0), (2, 1), (2, 2), (2, 3), (3, -3), (3, -2), (3, -1), (3, 0), (3, 1), (3, 2), (3, 3)]
2025-11-23 17:27:25.714 | INFO     | env.satellite_mac_env:_decode_combo_component:220 - self._delta_pairs [(-3, -3), (-3, -2), (-3, -1), (-3, 0), (-3, 1), (-3, 2), (-3, 3), (-2, -3), (-2, -2), (-2, -1), (-2, 0), (-2, 1), (-2, 2), (-2, 3), (-1, -3), (-1, -2), (-1, -1), (-1, 0), (-1, 1), (-1, 2), (-1, 3), (0, -3), (0, -2), (0, -1), (0, 0), (0, 1), (0, 2), (0, 3), (1, -3), (1, -2), (1, -1), (1, 0), (1, 1), (1, 2), (1, 3), (2, -3), (2, -2), (2, -1), (2, 0), (2, 1), (2, 2), (2, 3), (3, -3), (3, -2), (3, -1), (3, 0), (3, 1), (3, 2), (3, 3)]
2025-11-23 17:27:25.717 | INFO     | env.satellite_mac_env:_decode_combo_component:220 - self._delta_pairs [(-3, -3), (-3, -2), (-3, -1), (-3, 0), (-3, 1), (-3, 2), (-3, 3), (-2, -3), (-2, -2), (-2, -1), (-2, 0), (-2, 1), (-2, 2), (-2, 3), (-1, -3), (-1, -2), (-1, -1), (-1, 0), (-1, 1), (-1, 2), (-1, 3), (0, -3), (0, -2), (0, -1), (0, 0), (0, 1), (0, 2), (0, 3), (1, -3), (1, -2), (1, -1), (1, 0), (1, 1), (1, 2), (1, 3), (2, -3), (2, -2), (2, -1), (2, 0), (2, 1), (2, 2), (2, 3), (3, -3), (3, -2), (3, -1), (3, 0), (3, 1), (3, 2), (3, 3)]
2025-11-23 17:27:25.718 | INFO     | env.satellite_mac_env:_decode_combo_component:220 - self._delta_pairs [(-3, -3), (-3, -2), (-3, -1), (-3, 0), (-3, 1), (-3, 2), (-3, 3), (-2, -3), (-2, -2), (-2, -1), (-2, 0), (-2, 1), (-2, 2), (-2, 3), (-1, -3), (-1, -2), (-1, -1), (-1, 0), (-1, 1), (-1, 2), (-1, 3), (0, -3), (0, -2), (0, -1), (0, 0), (0, 1), (0, 2), (0, 3), (1, -3), (1, -2), (1, -1), (1, 0), (1, 1), (1, 2), (1, 3), (2, -3), (2, -2), (2, -1), (2, 0), (2, 1), (2, 2), (2, 3), (3, -3), (3, -2), (3, -1), (3, 0), (3, 1), (3, 2), (3, 3)]
2025-11-23 17:27:25.720 | INFO     | env.satellite_mac_env:_decode_combo_component:220 - self._delta_pairs [(-3, -3), (-3, -2), (-3, -1), (-3, 0), (-3, 1), (-3, 2), (-3, 3), (-2, -3), (-2, -2), (-2, -1), (-2, 0), (-2, 1), (-2, 2), (-2, 3), (-1, -3), (-1, -2), (-1, -1), (-1, 0), (-1, 1), (-1, 2), (-1, 3), (0, -3), (0, -2), (0, -1), (0, 0), (0, 1), (0, 2), (0, 3), (1, -3), (1, -2), (1, -1), (1, 0), (1, 1), (1, 2), (1, 3), (2, -3), (2, -2), (2, -1), (2, 0), (2, 1), (2, 2), (2, 3), (3, -3), (3, -2), (3, -1), (3, 0), (3, 1), (3, 2), (3, 3)]
2025-11-23 17:27:25.722 | INFO     | env.satellite_mac_env:_decode_combo_component:220 - self._delta_pairs [(-3, -3), (-3, -2), (-3, -1), (-3, 0), (-3, 1), (-3, 2), (-3, 3), (-2, -3), (-2, -2), (-2, -1), (-2, 0), (-2, 1), (-2, 2), (-2, 3), (-1, -3), (-1, -2), (-1, -1), (-1, 0), (-1, 1), (-1, 2), (-1, 3), (0, -3), (0, -2), (0, -1), (0, 0), (0, 1), (0, 2), (0, 3), (1, -3), (1, -2), (1, -1), (1, 0), (1, 1), (1, 2), (1, 3), (2, -3), (2, -2), (2, -1), (2, 0), (2, 1), (2, 2), (2, 3), (3, -3), (3, -2), (3, -1), (3, 0), (3, 1), (3, 2), (3, 3)]
2025-11-23 17:27:25.725 | INFO     | env.satellite_mac_env:_decode_combo_component:220 - self._delta_pairs [(-3, -3), (-3, -2), (-3, -1), (-3, 0), (-3, 1), (-3, 2), (-3, 3), (-2, -3), (-2, -2), (-2, -1), (-2, 0), (-2, 1), (-2, 2), (-2, 3), (-1, -3), (-1, -2), (-1, -1), (-1, 0), (-1, 1), (-1, 2), (-1, 3), (0, -3), (0, -2), (0, -1), (0, 0), (0, 1), (0, 2), (0, 3), (1, -3), (1, -2), (1, -1), (1, 0), (1, 1), (1, 2), (1, 3), (2, -3), (2, -2), (2, -1), (2, 0), (2, 1), (2, 2), (2, 3), (3, -3), (3, -2), (3, -1), (3, 0), (3, 1), (3, 2), (3, 3)]
2025-11-23 17:27:25.727 | INFO     | env.satellite_mac_env:_decode_combo_component:220 - self._delta_pairs [(-3, -3), (-3, -2), (-3, -1), (-3, 0), (-3, 1), (-3, 2), (-3, 3), (-2, -3), (-2, -2), (-2, -1), (-2, 0), (-2, 1), (-2, 2), (-2, 3), (-1, -3), (-1, -2), (-1, -1), (-1, 0), (-1, 1), (-1, 2), (-1, 3), (0, -3), (0, -2), (0, -1), (0, 0), (0, 1), (0, 2), (0, 3), (1, -3), (1, -2), (1, -1), (1, 0), (1, 1), (1, 2), (1, 3), (2, -3), (2, -2), (2, -1), (2, 0), (2, 1), (2, 2), (2, 3), (3, -3), (3, -2), (3, -1), (3, 0), (3, 1), (3, 2), (3, 3)]
2025-11-23 17:27:25.728 | INFO     | env.satellite_mac_env:_decode_combo_component:220 - self._delta_pairs [(-3, -3), (-3, -2), (-3, -1), (-3, 0), (-3, 1), (-3, 2), (-3, 3), (-2, -3), (-2, -2), (-2, -1), (-2, 0), (-2, 1), (-2, 2), (-2, 3), (-1, -3), (-1, -2), (-1, -1), (-1, 0), (-1, 1), (-1, 2), (-1, 3), (0, -3), (0, -2), (0, -1), (0, 0), (0, 1), (0, 2), (0, 3), (1, -3), (1, -2), (1, -1), (1, 0), (1, 1), (1, 2), (1, 3), (2, -3), (2, -2), (2, -1), (2, 0), (2, 1), (2, 2), (2, 3), (3, -3), (3, -2), (3, -1), (3, 0), (3, 1), (3, 2), (3, 3)]
2025-11-23 17:27:25.729 | INFO     | env.satellite_mac_env:_decode_combo_component:220 - self._delta_pairs [(-3, -3), (-3, -2), (-3, -1), (-3, 0), (-3, 1), (-3, 2), (-3, 3), (-2, -3), (-2, -2), (-2, -1), (-2, 0), (-2, 1), (-2, 2), (-2, 3), (-1, -3), (-1, -2), (-1, -1), (-1, 0), (-1, 1), (-1, 2), (-1, 3), (0, -3), (0, -2), (0, -1), (0, 0), (0, 1), (0, 2), (0, 3), (1, -3), (1, -2), (1, -1), (1, 0), (1, 1), (1, 2), (1, 3), (2, -3), (2, -2), (2, -1), (2, 0), (2, 1), (2, 2), (2, 3), (3, -3), (3, -2), (3, -1), (3, 0), (3, 1), (3, 2), (3, 3)]
2025-11-23 17:27:25.732 | INFO     | env.satellite_mac_env:_decode_combo_component:220 - self._delta_pairs [(-3, -3), (-3, -2), (-3, -1), (-3, 0), (-3, 1), (-3, 2), (-3, 3), (-2, -3), (-2, -2), (-2, -1), (-2, 0), (-2, 1), (-2, 2), (-2, 3), (-1, -3), (-1, -2), (-1, -1), (-1, 0), (-1, 1), (-1, 2), (-1, 3), (0, -3), (0, -2), (0, -1), (0, 0), (0, 1), (0, 2), (0, 3), (1, -3), (1, -2), (1, -1), (1, 0), (1, 1), (1, 2), (1, 3), (2, -3), (2, -2), (2, -1), (2, 0), (2, 1), (2, 2), (2, 3), (3, -3), (3, -2), (3, -1), (3, 0), (3, 1), (3, 2), (3, 3)]
2025-11-23 17:27:25.734 | INFO     | env.satellite_mac_env:_decode_combo_component:220 - self._delta_pairs [(-3, -3), (-3, -2), (-3, -1), (-3, 0), (-3, 1), (-3, 2), (-3, 3), (-2, -3), (-2, -2), (-2, -1), (-2, 0), (-2, 1), (-2, 2), (-2, 3), (-1, -3), (-1, -2), (-1, -1), (-1, 0), (-1, 1), (-1, 2), (-1, 3), (0, -3), (0, -2), (0, -1), (0, 0), (0, 1), (0, 2), (0, 3), (1, -3), (1, -2), (1, -1), (1, 0), (1, 1), (1, 2), (1, 3), (2, -3), (2, -2), (2, -1), (2, 0), (2, 1), (2, 2), (2, 3), (3, -3), (3, -2), (3, -1), (3, 0), (3, 1), (3, 2), (3, 3)]
2025-11-23 17:27:25.735 | INFO     | env.satellite_mac_env:_decode_combo_component:220 - self._delta_pairs [(-3, -3), (-3, -2), (-3, -1), (-3, 0), (-3, 1), (-3, 2), (-3, 3), (-2, -3), (-2, -2), (-2, -1), (-2, 0), (-2, 1), (-2, 2), (-2, 3), (-1, -3), (-1, -2), (-1, -1), (-1, 0), (-1, 1), (-1, 2), (-1, 3), (0, -3), (0, -2), (0, -1), (0, 0), (0, 1), (0, 2), (0, 3), (1, -3), (1, -2), (1, -1), (1, 0), (1, 1), (1, 2), (1, 3), (2, -3), (2, -2), (2, -1), (2, 0), (2, 1), (2, 2), (2, 3), (3, -3), (3, -2), (3, -1), (3, 0), (3, 1), (3, 2), (3, 3)]
2025-11-23 17:27:25.736 | INFO     | env.satellite_mac_env:_decode_combo_component:220 - self._delta_pairs [(-3, -3), (-3, -2), (-3, -1), (-3, 0), (-3, 1), (-3, 2), (-3, 3), (-2, -3), (-2, -2), (-2, -1), (-2, 0), (-2, 1), (-2, 2), (-2, 3), (-1, -3), (-1, -2), (-1, -1), (-1, 0), (-1, 1), (-1, 2), (-1, 3), (0, -3), (0, -2), (0, -1), (0, 0), (0, 1), (0, 2), (0, 3), (1, -3), (1, -2), (1, -1), (1, 0), (1, 1), (1, 2), (1, 3), (2, -3), (2, -2), (2, -1), (2, 0), (2, 1), (2, 2), (2, 3), (3, -3), (3, -2), (3, -1), (3, 0), (3, 1), (3, 2), (3, 3)]
2025-11-23 17:27:25.740 | INFO     | env.satellite_mac_env:_decode_combo_component:220 - self._delta_pairs [(-3, -3), (-3, -2), (-3, -1), (-3, 0), (-3, 1), (-3, 2), (-3, 3), (-2, -3), (-2, -2), (-2, -1), (-2, 0), (-2, 1), (-2, 2), (-2, 3), (-1, -3), (-1, -2), (-1, -1), (-1, 0), (-1, 1), (-1, 2), (-1, 3), (0, -3), (0, -2), (0, -1), (0, 0), (0, 1), (0, 2), (0, 3), (1, -3), (1, -2), (1, -1), (1, 0), (1, 1), (1, 2), (1, 3), (2, -3), (2, -2), (2, -1), (2, 0), (2, 1), (2, 2), (2, 3), (3, -3), (3, -2), (3, -1), (3, 0), (3, 1), (3, 2), (3, 3)]
2025-11-23 17:27:25.742 | INFO     | env.satellite_mac_env:_decode_combo_component:220 - self._delta_pairs [(-3, -3), (-3, -2), (-3, -1), (-3, 0), (-3, 1), (-3, 2), (-3, 3), (-2, -3), (-2, -2), (-2, -1), (-2, 0), (-2, 1), (-2, 2), (-2, 3), (-1, -3), (-1, -2), (-1, -1), (-1, 0), (-1, 1), (-1, 2), (-1, 3), (0, -3), (0, -2), (0, -1), (0, 0), (0, 1), (0, 2), (0, 3), (1, -3), (1, -2), (1, -1), (1, 0), (1, 1), (1, 2), (1, 3), (2, -3), (2, -2), (2, -1), (2, 0), (2, 1), (2, 2), (2, 3), (3, -3), (3, -2), (3, -1), (3, 0), (3, 1), (3, 2), (3, 3)]
2025-11-23 17:27:25.743 | INFO     | env.satellite_mac_env:_decode_combo_component:220 - self._delta_pairs [(-3, -3), (-3, -2), (-3, -1), (-3, 0), (-3, 1), (-3, 2), (-3, 3), (-2, -3), (-2, -2), (-2, -1), (-2, 0), (-2, 1), (-2, 2), (-2, 3), (-1, -3), (-1, -2), (-1, -1), (-1, 0), (-1, 1), (-1, 2), (-1, 3), (0, -3), (0, -2), (0, -1), (0, 0), (0, 1), (0, 2), (0, 3), (1, -3), (1, -2), (1, -1), (1, 0), (1, 1), (1, 2), (1, 3), (2, -3), (2, -2), (2, -1), (2, 0), (2, 1), (2, 2), (2, 3), (3, -3), (3, -2), (3, -1), (3, 0), (3, 1), (3, 2), (3, 3)]
2025-11-23 17:27:25.744 | INFO     | env.satellite_mac_env:_decode_combo_component:220 - self._delta_pairs [(-3, -3), (-3, -2), (-3, -1), (-3, 0), (-3, 1), (-3, 2), (-3, 3), (-2, -3), (-2, -2), (-2, -1), (-2, 0), (-2, 1), (-2, 2), (-2, 3), (-1, -3), (-1, -2), (-1, -1), (-1, 0), (-1, 1), (-1, 2), (-1, 3), (0, -3), (0, -2), (0, -1), (0, 0), (0, 1), (0, 2), (0, 3), (1, -3), (1, -2), (1, -1), (1, 0), (1, 1), (1, 2), (1, 3), (2, -3), (2, -2), (2, -1), (2, 0), (2, 1), (2, 2), (2, 3), (3, -3), (3, -2), (3, -1), (3, 0), (3, 1), (3, 2), (3, 3)]
2025-11-23 17:27:25.747 | INFO     | env.satellite_mac_env:_decode_combo_component:220 - self._delta_pairs [(-3, -3), (-3, -2), (-3, -1), (-3, 0), (-3, 1), (-3, 2), (-3, 3), (-2, -3), (-2, -2), (-2, -1), (-2, 0), (-2, 1), (-2, 2), (-2, 3), (-1, -3), (-1, -2), (-1, -1), (-1, 0), (-1, 1), (-1, 2), (-1, 3), (0, -3), (0, -2), (0, -1), (0, 0), (0, 1), (0, 2), (0, 3), (1, -3), (1, -2), (1, -1), (1, 0), (1, 1), (1, 2), (1, 3), (2, -3), (2, -2), (2, -1), (2, 0), (2, 1), (2, 2), (2, 3), (3, -3), (3, -2), (3, -1), (3, 0), (3, 1), (3, 2), (3, 3)]
2025-11-23 17:27:25.748 | INFO     | env.satellite_mac_env:_decode_combo_component:220 - self._delta_pairs [(-3, -3), (-3, -2), (-3, -1), (-3, 0), (-3, 1), (-3, 2), (-3, 3), (-2, -3), (-2, -2), (-2, -1), (-2, 0), (-2, 1), (-2, 2), (-2, 3), (-1, -3), (-1, -2), (-1, -1), (-1, 0), (-1, 1), (-1, 2), (-1, 3), (0, -3), (0, -2), (0, -1), (0, 0), (0, 1), (0, 2), (0, 3), (1, -3), (1, -2), (1, -1), (1, 0), (1, 1), (1, 2), (1, 3), (2, -3), (2, -2), (2, -1), (2, 0), (2, 1), (2, 2), (2, 3), (3, -3), (3, -2), (3, -1), (3, 0), (3, 1), (3, 2), (3, 3)]
2025-11-23 17:27:25.750 | INFO     | env.satellite_mac_env:_decode_combo_component:220 - self._delta_pairs [(-3, -3), (-3, -2), (-3, -1), (-3, 0), (-3, 1), (-3, 2), (-3, 3), (-2, -3), (-2, -2), (-2, -1), (-2, 0), (-2, 1), (-2, 2), (-2, 3), (-1, -3), (-1, -2), (-1, -1), (-1, 0), (-1, 1), (-1, 2), (-1, 3), (0, -3), (0, -2), (0, -1), (0, 0), (0, 1), (0, 2), (0, 3), (1, -3), (1, -2), (1, -1), (1, 0), (1, 1), (1, 2), (1, 3), (2, -3), (2, -2), (2, -1), (2, 0), (2, 1), (2, 2), (2, 3), (3, -3), (3, -2), (3, -1), (3, 0), (3, 1), (3, 2), (3, 3)]
2025-11-23 17:27:25.751 | INFO     | env.satellite_mac_env:_decode_combo_component:220 - self._delta_pairs [(-3, -3), (-3, -2), (-3, -1), (-3, 0), (-3, 1), (-3, 2), (-3, 3), (-2, -3), (-2, -2), (-2, -1), (-2, 0), (-2, 1), (-2, 2), (-2, 3), (-1, -3), (-1, -2), (-1, -1), (-1, 0), (-1, 1), (-1, 2), (-1, 3), (0, -3), (0, -2), (0, -1), (0, 0), (0, 1), (0, 2), (0, 3), (1, -3), (1, -2), (1, -1), (1, 0), (1, 1), (1, 2), (1, 3), (2, -3), (2, -2), (2, -1), (2, 0), (2, 1), (2, 2), (2, 3), (3, -3), (3, -2), (3, -1), (3, 0), (3, 1), (3, 2), (3, 3)]
2025-11-23 17:27:25.755 | INFO     | env.satellite_mac_env:_decode_combo_component:220 - self._delta_pairs [(-3, -3), (-3, -2), (-3, -1), (-3, 0), (-3, 1), (-3, 2), (-3, 3), (-2, -3), (-2, -2), (-2, -1), (-2, 0), (-2, 1), (-2, 2), (-2, 3), (-1, -3), (-1, -2), (-1, -1), (-1, 0), (-1, 1), (-1, 2), (-1, 3), (0, -3), (0, -2), (0, -1), (0, 0), (0, 1), (0, 2), (0, 3), (1, -3), (1, -2), (1, -1), (1, 0), (1, 1), (1, 2), (1, 3), (2, -3), (2, -2), (2, -1), (2, 0), (2, 1), (2, 2), (2, 3), (3, -3), (3, -2), (3, -1), (3, 0), (3, 1), (3, 2), (3, 3)]
2025-11-23 17:27:25.757 | INFO     | env.satellite_mac_env:_decode_combo_component:220 - self._delta_pairs [(-3, -3), (-3, -2), (-3, -1), (-3, 0), (-3, 1), (-3, 2), (-3, 3), (-2, -3), (-2, -2), (-2, -1), (-2, 0), (-2, 1), (-2, 2), (-2, 3), (-1, -3), (-1, -2), (-1, -1), (-1, 0), (-1, 1), (-1, 2), (-1, 3), (0, -3), (0, -2), (0, -1), (0, 0), (0, 1), (0, 2), (0, 3), (1, -3), (1, -2), (1, -1), (1, 0), (1, 1), (1, 2), (1, 3), (2, -3), (2, -2), (2, -1), (2, 0), (2, 1), (2, 2), (2, 3), (3, -3), (3, -2), (3, -1), (3, 0), (3, 1), (3, 2), (3, 3)]
2025-11-23 17:27:25.758 | INFO     | env.satellite_mac_env:_decode_combo_component:220 - self._delta_pairs [(-3, -3), (-3, -2), (-3, -1), (-3, 0), (-3, 1), (-3, 2), (-3, 3), (-2, -3), (-2, -2), (-2, -1), (-2, 0), (-2, 1), (-2, 2), (-2, 3), (-1, -3), (-1, -2), (-1, -1), (-1, 0), (-1, 1), (-1, 2), (-1, 3), (0, -3), (0, -2), (0, -1), (0, 0), (0, 1), (0, 2), (0, 3), (1, -3), (1, -2), (1, -1), (1, 0), (1, 1), (1, 2), (1, 3), (2, -3), (2, -2), (2, -1), (2, 0), (2, 1), (2, 2), (2, 3), (3, -3), (3, -2), (3, -1), (3, 0), (3, 1), (3, 2), (3, 3)]
2025-11-23 17:27:25.759 | INFO     | env.satellite_mac_env:_decode_combo_component:220 - self._delta_pairs [(-3, -3), (-3, -2), (-3, -1), (-3, 0), (-3, 1), (-3, 2), (-3, 3), (-2, -3), (-2, -2), (-2, -1), (-2, 0), (-2, 1), (-2, 2), (-2, 3), (-1, -3), (-1, -2), (-1, -1), (-1, 0), (-1, 1), (-1, 2), (-1, 3), (0, -3), (0, -2), (0, -1), (0, 0), (0, 1), (0, 2), (0, 3), (1, -3), (1, -2), (1, -1), (1, 0), (1, 1), (1, 2), (1, 3), (2, -3), (2, -2), (2, -1), (2, 0), (2, 1), (2, 2), (2, 3), (3, -3), (3, -2), (3, -1), (3, 0), (3, 1), (3, 2), (3, 3)]
2025-11-23 17:27:25.763 | INFO     | env.satellite_mac_env:_decode_combo_component:220 - self._delta_pairs [(-3, -3), (-3, -2), (-3, -1), (-3, 0), (-3, 1), (-3, 2), (-3, 3), (-2, -3), (-2, -2), (-2, -1), (-2, 0), (-2, 1), (-2, 2), (-2, 3), (-1, -3), (-1, -2), (-1, -1), (-1, 0), (-1, 1), (-1, 2), (-1, 3), (0, -3), (0, -2), (0, -1), (0, 0), (0, 1), (0, 2), (0, 3), (1, -3), (1, -2), (1, -1), (1, 0), (1, 1), (1, 2), (1, 3), (2, -3), (2, -2), (2, -1), (2, 0), (2, 1), (2, 2), (2, 3), (3, -3), (3, -2), (3, -1), (3, 0), (3, 1), (3, 2), (3, 3)]
2025-11-23 17:27:25.765 | INFO     | env.satellite_mac_env:_decode_combo_component:220 - self._delta_pairs [(-3, -3), (-3, -2), (-3, -1), (-3, 0), (-3, 1), (-3, 2), (-3, 3), (-2, -3), (-2, -2), (-2, -1), (-2, 0), (-2, 1), (-2, 2), (-2, 3), (-1, -3), (-1, -2), (-1, -1), (-1, 0), (-1, 1), (-1, 2), (-1, 3), (0, -3), (0, -2), (0, -1), (0, 0), (0, 1), (0, 2), (0, 3), (1, -3), (1, -2), (1, -1), (1, 0), (1, 1), (1, 2), (1, 3), (2, -3), (2, -2), (2, -1), (2, 0), (2, 1), (2, 2), (2, 3), (3, -3), (3, -2), (3, -1), (3, 0), (3, 1), (3, 2), (3, 3)]
2025-11-23 17:27:25.766 | INFO     | env.satellite_mac_env:_decode_combo_component:220 - self._delta_pairs [(-3, -3), (-3, -2), (-3, -1), (-3, 0), (-3, 1), (-3, 2), (-3, 3), (-2, -3), (-2, -2), (-2, -1), (-2, 0), (-2, 1), (-2, 2), (-2, 3), (-1, -3), (-1, -2), (-1, -1), (-1, 0), (-1, 1), (-1, 2), (-1, 3), (0, -3), (0, -2), (0, -1), (0, 0), (0, 1), (0, 2), (0, 3), (1, -3), (1, -2), (1, -1), (1, 0), (1, 1), (1, 2), (1, 3), (2, -3), (2, -2), (2, -1), (2, 0), (2, 1), (2, 2), (2, 3), (3, -3), (3, -2), (3, -1), (3, 0), (3, 1), (3, 2), (3, 3)]
2025-11-23 17:27:25.767 | INFO     | env.satellite_mac_env:_decode_combo_component:220 - self._delta_pairs [(-3, -3), (-3, -2), (-3, -1), (-3, 0), (-3, 1), (-3, 2), (-3, 3), (-2, -3), (-2, -2), (-2, -1), (-2, 0), (-2, 1), (-2, 2), (-2, 3), (-1, -3), (-1, -2), (-1, -1), (-1, 0), (-1, 1), (-1, 2), (-1, 3), (0, -3), (0, -2), (0, -1), (0, 0), (0, 1), (0, 2), (0, 3), (1, -3), (1, -2), (1, -1), (1, 0), (1, 1), (1, 2), (1, 3), (2, -3), (2, -2), (2, -1), (2, 0), (2, 1), (2, 2), (2, 3), (3, -3), (3, -2), (3, -1), (3, 0), (3, 1), (3, 2), (3, 3)]
2025-11-23 17:27:25.771 | INFO     | env.satellite_mac_env:_decode_combo_component:220 - self._delta_pairs [(-3, -3), (-3, -2), (-3, -1), (-3, 0), (-3, 1), (-3, 2), (-3, 3), (-2, -3), (-2, -2), (-2, -1), (-2, 0), (-2, 1), (-2, 2), (-2, 3), (-1, -3), (-1, -2), (-1, -1), (-1, 0), (-1, 1), (-1, 2), (-1, 3), (0, -3), (0, -2), (0, -1), (0, 0), (0, 1), (0, 2), (0, 3), (1, -3), (1, -2), (1, -1), (1, 0), (1, 1), (1, 2), (1, 3), (2, -3), (2, -2), (2, -1), (2, 0), (2, 1), (2, 2), (2, 3), (3, -3), (3, -2), (3, -1), (3, 0), (3, 1), (3, 2), (3, 3)]
2025-11-23 17:27:25.773 | INFO     | env.satellite_mac_env:_decode_combo_component:220 - self._delta_pairs [(-3, -3), (-3, -2), (-3, -1), (-3, 0), (-3, 1), (-3, 2), (-3, 3), (-2, -3), (-2, -2), (-2, -1), (-2, 0), (-2, 1), (-2, 2), (-2, 3), (-1, -3), (-1, -2), (-1, -1), (-1, 0), (-1, 1), (-1, 2), (-1, 3), (0, -3), (0, -2), (0, -1), (0, 0), (0, 1), (0, 2), (0, 3), (1, -3), (1, -2), (1, -1), (1, 0), (1, 1), (1, 2), (1, 3), (2, -3), (2, -2), (2, -1), (2, 0), (2, 1), (2, 2), (2, 3), (3, -3), (3, -2), (3, -1), (3, 0), (3, 1), (3, 2), (3, 3)]
2025-11-23 17:27:25.774 | INFO     | env.satellite_mac_env:_decode_combo_component:220 - self._delta_pairs [(-3, -3), (-3, -2), (-3, -1), (-3, 0), (-3, 1), (-3, 2), (-3, 3), (-2, -3), (-2, -2), (-2, -1), (-2, 0), (-2, 1), (-2, 2), (-2, 3), (-1, -3), (-1, -2), (-1, -1), (-1, 0), (-1, 1), (-1, 2), (-1, 3), (0, -3), (0, -2), (0, -1), (0, 0), (0, 1), (0, 2), (0, 3), (1, -3), (1, -2), (1, -1), (1, 0), (1, 1), (1, 2), (1, 3), (2, -3), (2, -2), (2, -1), (2, 0), (2, 1), (2, 2), (2, 3), (3, -3), (3, -2), (3, -1), (3, 0), (3, 1), (3, 2), (3, 3)]
2025-11-23 17:27:25.775 | INFO     | env.satellite_mac_env:_decode_combo_component:220 - self._delta_pairs [(-3, -3), (-3, -2), (-3, -1), (-3, 0), (-3, 1), (-3, 2), (-3, 3), (-2, -3), (-2, -2), (-2, -1), (-2, 0), (-2, 1), (-2, 2), (-2, 3), (-1, -3), (-1, -2), (-1, -1), (-1, 0), (-1, 1), (-1, 2), (-1, 3), (0, -3), (0, -2), (0, -1), (0, 0), (0, 1), (0, 2), (0, 3), (1, -3), (1, -2), (1, -1), (1, 0), (1, 1), (1, 2), (1, 3), (2, -3), (2, -2), (2, -1), (2, 0), (2, 1), (2, 2), (2, 3), (3, -3), (3, -2), (3, -1), (3, 0), (3, 1), (3, 2), (3, 3)]
2025-11-23 17:27:25.778 | INFO     | env.satellite_mac_env:_decode_combo_component:220 - self._delta_pairs [(-3, -3), (-3, -2), (-3, -1), (-3, 0), (-3, 1), (-3, 2), (-3, 3), (-2, -3), (-2, -2), (-2, -1), (-2, 0), (-2, 1), (-2, 2), (-2, 3), (-1, -3), (-1, -2), (-1, -1), (-1, 0), (-1, 1), (-1, 2), (-1, 3), (0, -3), (0, -2), (0, -1), (0, 0), (0, 1), (0, 2), (0, 3), (1, -3), (1, -2), (1, -1), (1, 0), (1, 1), (1, 2), (1, 3), (2, -3), (2, -2), (2, -1), (2, 0), (2, 1), (2, 2), (2, 3), (3, -3), (3, -2), (3, -1), (3, 0), (3, 1), (3, 2), (3, 3)]
2025-11-23 17:27:25.780 | INFO     | env.satellite_mac_env:_decode_combo_component:220 - self._delta_pairs [(-3, -3), (-3, -2), (-3, -1), (-3, 0), (-3, 1), (-3, 2), (-3, 3), (-2, -3), (-2, -2), (-2, -1), (-2, 0), (-2, 1), (-2, 2), (-2, 3), (-1, -3), (-1, -2), (-1, -1), (-1, 0), (-1, 1), (-1, 2), (-1, 3), (0, -3), (0, -2), (0, -1), (0, 0), (0, 1), (0, 2), (0, 3), (1, -3), (1, -2), (1, -1), (1, 0), (1, 1), (1, 2), (1, 3), (2, -3), (2, -2), (2, -1), (2, 0), (2, 1), (2, 2), (2, 3), (3, -3), (3, -2), (3, -1), (3, 0), (3, 1), (3, 2), (3, 3)]
2025-11-23 17:27:25.781 | INFO     | env.satellite_mac_env:_decode_combo_component:220 - self._delta_pairs [(-3, -3), (-3, -2), (-3, -1), (-3, 0), (-3, 1), (-3, 2), (-3, 3), (-2, -3), (-2, -2), (-2, -1), (-2, 0), (-2, 1), (-2, 2), (-2, 3), (-1, -3), (-1, -2), (-1, -1), (-1, 0), (-1, 1), (-1, 2), (-1, 3), (0, -3), (0, -2), (0, -1), (0, 0), (0, 1), (0, 2), (0, 3), (1, -3), (1, -2), (1, -1), (1, 0), (1, 1), (1, 2), (1, 3), (2, -3), (2, -2), (2, -1), (2, 0), (2, 1), (2, 2), (2, 3), (3, -3), (3, -2), (3, -1), (3, 0), (3, 1), (3, 2), (3, 3)]
2025-11-23 17:27:25.782 | INFO     | env.satellite_mac_env:_decode_combo_component:220 - self._delta_pairs [(-3, -3), (-3, -2), (-3, -1), (-3, 0), (-3, 1), (-3, 2), (-3, 3), (-2, -3), (-2, -2), (-2, -1), (-2, 0), (-2, 1), (-2, 2), (-2, 3), (-1, -3), (-1, -2), (-1, -1), (-1, 0), (-1, 1), (-1, 2), (-1, 3), (0, -3), (0, -2), (0, -1), (0, 0), (0, 1), (0, 2), (0, 3), (1, -3), (1, -2), (1, -1), (1, 0), (1, 1), (1, 2), (1, 3), (2, -3), (2, -2), (2, -1), (2, 0), (2, 1), (2, 2), (2, 3), (3, -3), (3, -2), (3, -1), (3, 0), (3, 1), (3, 2), (3, 3)]
2025-11-23 17:27:25.785 | INFO     | env.satellite_mac_env:_decode_combo_component:220 - self._delta_pairs [(-3, -3), (-3, -2), (-3, -1), (-3, 0), (-3, 1), (-3, 2), (-3, 3), (-2, -3), (-2, -2), (-2, -1), (-2, 0), (-2, 1), (-2, 2), (-2, 3), (-1, -3), (-1, -2), (-1, -1), (-1, 0), (-1, 1), (-1, 2), (-1, 3), (0, -3), (0, -2), (0, -1), (0, 0), (0, 1), (0, 2), (0, 3), (1, -3), (1, -2), (1, -1), (1, 0), (1, 1), (1, 2), (1, 3), (2, -3), (2, -2), (2, -1), (2, 0), (2, 1), (2, 2), (2, 3), (3, -3), (3, -2), (3, -1), (3, 0), (3, 1), (3, 2), (3, 3)]
2025-11-23 17:27:25.788 | INFO     | env.satellite_mac_env:_decode_combo_component:220 - self._delta_pairs [(-3, -3), (-3, -2), (-3, -1), (-3, 0), (-3, 1), (-3, 2), (-3, 3), (-2, -3), (-2, -2), (-2, -1), (-2, 0), (-2, 1), (-2, 2), (-2, 3), (-1, -3), (-1, -2), (-1, -1), (-1, 0), (-1, 1), (-1, 2), (-1, 3), (0, -3), (0, -2), (0, -1), (0, 0), (0, 1), (0, 2), (0, 3), (1, -3), (1, -2), (1, -1), (1, 0), (1, 1), (1, 2), (1, 3), (2, -3), (2, -2), (2, -1), (2, 0), (2, 1), (2, 2), (2, 3), (3, -3), (3, -2), (3, -1), (3, 0), (3, 1), (3, 2), (3, 3)]
2025-11-23 17:27:25.790 | INFO     | env.satellite_mac_env:_decode_combo_component:220 - self._delta_pairs [(-3, -3), (-3, -2), (-3, -1), (-3, 0), (-3, 1), (-3, 2), (-3, 3), (-2, -3), (-2, -2), (-2, -1), (-2, 0), (-2, 1), (-2, 2), (-2, 3), (-1, -3), (-1, -2), (-1, -1), (-1, 0), (-1, 1), (-1, 2), (-1, 3), (0, -3), (0, -2), (0, -1), (0, 0), (0, 1), (0, 2), (0, 3), (1, -3), (1, -2), (1, -1), (1, 0), (1, 1), (1, 2), (1, 3), (2, -3), (2, -2), (2, -1), (2, 0), (2, 1), (2, 2), (2, 3), (3, -3), (3, -2), (3, -1), (3, 0), (3, 1), (3, 2), (3, 3)]
2025-11-23 17:27:25.791 | INFO     | env.satellite_mac_env:_decode_combo_component:220 - self._delta_pairs [(-3, -3), (-3, -2), (-3, -1), (-3, 0), (-3, 1), (-3, 2), (-3, 3), (-2, -3), (-2, -2), (-2, -1), (-2, 0), (-2, 1), (-2, 2), (-2, 3), (-1, -3), (-1, -2), (-1, -1), (-1, 0), (-1, 1), (-1, 2), (-1, 3), (0, -3), (0, -2), (0, -1), (0, 0), (0, 1), (0, 2), (0, 3), (1, -3), (1, -2), (1, -1), (1, 0), (1, 1), (1, 2), (1, 3), (2, -3), (2, -2), (2, -1), (2, 0), (2, 1), (2, 2), (2, 3), (3, -3), (3, -2), (3, -1), (3, 0), (3, 1), (3, 2), (3, 3)]
2025-11-23 17:27:25.794 | INFO     | env.satellite_mac_env:_decode_combo_component:220 - self._delta_pairs [(-3, -3), (-3, -2), (-3, -1), (-3, 0), (-3, 1), (-3, 2), (-3, 3), (-2, -3), (-2, -2), (-2, -1), (-2, 0), (-2, 1), (-2, 2), (-2, 3), (-1, -3), (-1, -2), (-1, -1), (-1, 0), (-1, 1), (-1, 2), (-1, 3), (0, -3), (0, -2), (0, -1), (0, 0), (0, 1), (0, 2), (0, 3), (1, -3), (1, -2), (1, -1), (1, 0), (1, 1), (1, 2), (1, 3), (2, -3), (2, -2), (2, -1), (2, 0), (2, 1), (2, 2), (2, 3), (3, -3), (3, -2), (3, -1), (3, 0), (3, 1), (3, 2), (3, 3)]
2025-11-23 17:27:25.796 | INFO     | env.satellite_mac_env:_decode_combo_component:220 - self._delta_pairs [(-3, -3), (-3, -2), (-3, -1), (-3, 0), (-3, 1), (-3, 2), (-3, 3), (-2, -3), (-2, -2), (-2, -1), (-2, 0), (-2, 1), (-2, 2), (-2, 3), (-1, -3), (-1, -2), (-1, -1), (-1, 0), (-1, 1), (-1, 2), (-1, 3), (0, -3), (0, -2), (0, -1), (0, 0), (0, 1), (0, 2), (0, 3), (1, -3), (1, -2), (1, -1), (1, 0), (1, 1), (1, 2), (1, 3), (2, -3), (2, -2), (2, -1), (2, 0), (2, 1), (2, 2), (2, 3), (3, -3), (3, -2), (3, -1), (3, 0), (3, 1), (3, 2), (3, 3)]
2025-11-23 17:27:25.797 | INFO     | env.satellite_mac_env:_decode_combo_component:220 - self._delta_pairs [(-3, -3), (-3, -2), (-3, -1), (-3, 0), (-3, 1), (-3, 2), (-3, 3), (-2, -3), (-2, -2), (-2, -1), (-2, 0), (-2, 1), (-2, 2), (-2, 3), (-1, -3), (-1, -2), (-1, -1), (-1, 0), (-1, 1), (-1, 2), (-1, 3), (0, -3), (0, -2), (0, -1), (0, 0), (0, 1), (0, 2), (0, 3), (1, -3), (1, -2), (1, -1), (1, 0), (1, 1), (1, 2), (1, 3), (2, -3), (2, -2), (2, -1), (2, 0), (2, 1), (2, 2), (2, 3), (3, -3), (3, -2), (3, -1), (3, 0), (3, 1), (3, 2), (3, 3)]
2025-11-23 17:27:25.798 | INFO     | env.satellite_mac_env:_decode_combo_component:220 - self._delta_pairs [(-3, -3), (-3, -2), (-3, -1), (-3, 0), (-3, 1), (-3, 2), (-3, 3), (-2, -3), (-2, -2), (-2, -1), (-2, 0), (-2, 1), (-2, 2), (-2, 3), (-1, -3), (-1, -2), (-1, -1), (-1, 0), (-1, 1), (-1, 2), (-1, 3), (0, -3), (0, -2), (0, -1), (0, 0), (0, 1), (0, 2), (0, 3), (1, -3), (1, -2), (1, -1), (1, 0), (1, 1), (1, 2), (1, 3), (2, -3), (2, -2), (2, -1), (2, 0), (2, 1), (2, 2), (2, 3), (3, -3), (3, -2), (3, -1), (3, 0), (3, 1), (3, 2), (3, 3)]
2025-11-23 17:27:25.801 | INFO     | env.satellite_mac_env:_decode_combo_component:220 - self._delta_pairs [(-3, -3), (-3, -2), (-3, -1), (-3, 0), (-3, 1), (-3, 2), (-3, 3), (-2, -3), (-2, -2), (-2, -1), (-2, 0), (-2, 1), (-2, 2), (-2, 3), (-1, -3), (-1, -2), (-1, -1), (-1, 0), (-1, 1), (-1, 2), (-1, 3), (0, -3), (0, -2), (0, -1), (0, 0), (0, 1), (0, 2), (0, 3), (1, -3), (1, -2), (1, -1), (1, 0), (1, 1), (1, 2), (1, 3), (2, -3), (2, -2), (2, -1), (2, 0), (2, 1), (2, 2), (2, 3), (3, -3), (3, -2), (3, -1), (3, 0), (3, 1), (3, 2), (3, 3)]
2025-11-23 17:27:25.803 | INFO     | env.satellite_mac_env:_decode_combo_component:220 - self._delta_pairs [(-3, -3), (-3, -2), (-3, -1), (-3, 0), (-3, 1), (-3, 2), (-3, 3), (-2, -3), (-2, -2), (-2, -1), (-2, 0), (-2, 1), (-2, 2), (-2, 3), (-1, -3), (-1, -2), (-1, -1), (-1, 0), (-1, 1), (-1, 2), (-1, 3), (0, -3), (0, -2), (0, -1), (0, 0), (0, 1), (0, 2), (0, 3), (1, -3), (1, -2), (1, -1), (1, 0), (1, 1), (1, 2), (1, 3), (2, -3), (2, -2), (2, -1), (2, 0), (2, 1), (2, 2), (2, 3), (3, -3), (3, -2), (3, -1), (3, 0), (3, 1), (3, 2), (3, 3)]
2025-11-23 17:27:25.805 | INFO     | env.satellite_mac_env:_decode_combo_component:220 - self._delta_pairs [(-3, -3), (-3, -2), (-3, -1), (-3, 0), (-3, 1), (-3, 2), (-3, 3), (-2, -3), (-2, -2), (-2, -1), (-2, 0), (-2, 1), (-2, 2), (-2, 3), (-1, -3), (-1, -2), (-1, -1), (-1, 0), (-1, 1), (-1, 2), (-1, 3), (0, -3), (0, -2), (0, -1), (0, 0), (0, 1), (0, 2), (0, 3), (1, -3), (1, -2), (1, -1), (1, 0), (1, 1), (1, 2), (1, 3), (2, -3), (2, -2), (2, -1), (2, 0), (2, 1), (2, 2), (2, 3), (3, -3), (3, -2), (3, -1), (3, 0), (3, 1), (3, 2), (3, 3)]
2025-11-23 17:27:25.806 | INFO     | env.satellite_mac_env:_decode_combo_component:220 - self._delta_pairs [(-3, -3), (-3, -2), (-3, -1), (-3, 0), (-3, 1), (-3, 2), (-3, 3), (-2, -3), (-2, -2), (-2, -1), (-2, 0), (-2, 1), (-2, 2), (-2, 3), (-1, -3), (-1, -2), (-1, -1), (-1, 0), (-1, 1), (-1, 2), (-1, 3), (0, -3), (0, -2), (0, -1), (0, 0), (0, 1), (0, 2), (0, 3), (1, -3), (1, -2), (1, -1), (1, 0), (1, 1), (1, 2), (1, 3), (2, -3), (2, -2), (2, -1), (2, 0), (2, 1), (2, 2), (2, 3), (3, -3), (3, -2), (3, -1), (3, 0), (3, 1), (3, 2), (3, 3)]
2025-11-23 17:27:25.810 | INFO     | env.satellite_mac_env:_decode_combo_component:220 - self._delta_pairs [(-3, -3), (-3, -2), (-3, -1), (-3, 0), (-3, 1), (-3, 2), (-3, 3), (-2, -3), (-2, -2), (-2, -1), (-2, 0), (-2, 1), (-2, 2), (-2, 3), (-1, -3), (-1, -2), (-1, -1), (-1, 0), (-1, 1), (-1, 2), (-1, 3), (0, -3), (0, -2), (0, -1), (0, 0), (0, 1), (0, 2), (0, 3), (1, -3), (1, -2), (1, -1), (1, 0), (1, 1), (1, 2), (1, 3), (2, -3), (2, -2), (2, -1), (2, 0), (2, 1), (2, 2), (2, 3), (3, -3), (3, -2), (3, -1), (3, 0), (3, 1), (3, 2), (3, 3)]
2025-11-23 17:27:25.811 | INFO     | env.satellite_mac_env:_decode_combo_component:220 - self._delta_pairs [(-3, -3), (-3, -2), (-3, -1), (-3, 0), (-3, 1), (-3, 2), (-3, 3), (-2, -3), (-2, -2), (-2, -1), (-2, 0), (-2, 1), (-2, 2), (-2, 3), (-1, -3), (-1, -2), (-1, -1), (-1, 0), (-1, 1), (-1, 2), (-1, 3), (0, -3), (0, -2), (0, -1), (0, 0), (0, 1), (0, 2), (0, 3), (1, -3), (1, -2), (1, -1), (1, 0), (1, 1), (1, 2), (1, 3), (2, -3), (2, -2), (2, -1), (2, 0), (2, 1), (2, 2), (2, 3), (3, -3), (3, -2), (3, -1), (3, 0), (3, 1), (3, 2), (3, 3)]
2025-11-23 17:27:25.813 | INFO     | env.satellite_mac_env:_decode_combo_component:220 - self._delta_pairs [(-3, -3), (-3, -2), (-3, -1), (-3, 0), (-3, 1), (-3, 2), (-3, 3), (-2, -3), (-2, -2), (-2, -1), (-2, 0), (-2, 1), (-2, 2), (-2, 3), (-1, -3), (-1, -2), (-1, -1), (-1, 0), (-1, 1), (-1, 2), (-1, 3), (0, -3), (0, -2), (0, -1), (0, 0), (0, 1), (0, 2), (0, 3), (1, -3), (1, -2), (1, -1), (1, 0), (1, 1), (1, 2), (1, 3), (2, -3), (2, -2), (2, -1), (2, 0), (2, 1), (2, 2), (2, 3), (3, -3), (3, -2), (3, -1), (3, 0), (3, 1), (3, 2), (3, 3)]
2025-11-23 17:27:25.814 | INFO     | env.satellite_mac_env:_decode_combo_component:220 - self._delta_pairs [(-3, -3), (-3, -2), (-3, -1), (-3, 0), (-3, 1), (-3, 2), (-3, 3), (-2, -3), (-2, -2), (-2, -1), (-2, 0), (-2, 1), (-2, 2), (-2, 3), (-1, -3), (-1, -2), (-1, -1), (-1, 0), (-1, 1), (-1, 2), (-1, 3), (0, -3), (0, -2), (0, -1), (0, 0), (0, 1), (0, 2), (0, 3), (1, -3), (1, -2), (1, -1), (1, 0), (1, 1), (1, 2), (1, 3), (2, -3), (2, -2), (2, -1), (2, 0), (2, 1), (2, 2), (2, 3), (3, -3), (3, -2), (3, -1), (3, 0), (3, 1), (3, 2), (3, 3)]
2025-11-23 17:27:25.817 | INFO     | env.satellite_mac_env:_decode_combo_component:220 - self._delta_pairs [(-3, -3), (-3, -2), (-3, -1), (-3, 0), (-3, 1), (-3, 2), (-3, 3), (-2, -3), (-2, -2), (-2, -1), (-2, 0), (-2, 1), (-2, 2), (-2, 3), (-1, -3), (-1, -2), (-1, -1), (-1, 0), (-1, 1), (-1, 2), (-1, 3), (0, -3), (0, -2), (0, -1), (0, 0), (0, 1), (0, 2), (0, 3), (1, -3), (1, -2), (1, -1), (1, 0), (1, 1), (1, 2), (1, 3), (2, -3), (2, -2), (2, -1), (2, 0), (2, 1), (2, 2), (2, 3), (3, -3), (3, -2), (3, -1), (3, 0), (3, 1), (3, 2), (3, 3)]
2025-11-23 17:27:25.818 | INFO     | env.satellite_mac_env:_decode_combo_component:220 - self._delta_pairs [(-3, -3), (-3, -2), (-3, -1), (-3, 0), (-3, 1), (-3, 2), (-3, 3), (-2, -3), (-2, -2), (-2, -1), (-2, 0), (-2, 1), (-2, 2), (-2, 3), (-1, -3), (-1, -2), (-1, -1), (-1, 0), (-1, 1), (-1, 2), (-1, 3), (0, -3), (0, -2), (0, -1), (0, 0), (0, 1), (0, 2), (0, 3), (1, -3), (1, -2), (1, -1), (1, 0), (1, 1), (1, 2), (1, 3), (2, -3), (2, -2), (2, -1), (2, 0), (2, 1), (2, 2), (2, 3), (3, -3), (3, -2), (3, -1), (3, 0), (3, 1), (3, 2), (3, 3)]
2025-11-23 17:27:25.820 | INFO     | env.satellite_mac_env:_decode_combo_component:220 - self._delta_pairs [(-3, -3), (-3, -2), (-3, -1), (-3, 0), (-3, 1), (-3, 2), (-3, 3), (-2, -3), (-2, -2), (-2, -1), (-2, 0), (-2, 1), (-2, 2), (-2, 3), (-1, -3), (-1, -2), (-1, -1), (-1, 0), (-1, 1), (-1, 2), (-1, 3), (0, -3), (0, -2), (0, -1), (0, 0), (0, 1), (0, 2), (0, 3), (1, -3), (1, -2), (1, -1), (1, 0), (1, 1), (1, 2), (1, 3), (2, -3), (2, -2), (2, -1), (2, 0), (2, 1), (2, 2), (2, 3), (3, -3), (3, -2), (3, -1), (3, 0), (3, 1), (3, 2), (3, 3)]
2025-11-23 17:27:25.821 | INFO     | env.satellite_mac_env:_decode_combo_component:220 - self._delta_pairs [(-3, -3), (-3, -2), (-3, -1), (-3, 0), (-3, 1), (-3, 2), (-3, 3), (-2, -3), (-2, -2), (-2, -1), (-2, 0), (-2, 1), (-2, 2), (-2, 3), (-1, -3), (-1, -2), (-1, -1), (-1, 0), (-1, 1), (-1, 2), (-1, 3), (0, -3), (0, -2), (0, -1), (0, 0), (0, 1), (0, 2), (0, 3), (1, -3), (1, -2), (1, -1), (1, 0), (1, 1), (1, 2), (1, 3), (2, -3), (2, -2), (2, -1), (2, 0), (2, 1), (2, 2), (2, 3), (3, -3), (3, -2), (3, -1), (3, 0), (3, 1), (3, 2), (3, 3)]
2025-11-23 17:27:25.825 | INFO     | env.satellite_mac_env:_decode_combo_component:220 - self._delta_pairs [(-3, -3), (-3, -2), (-3, -1), (-3, 0), (-3, 1), (-3, 2), (-3, 3), (-2, -3), (-2, -2), (-2, -1), (-2, 0), (-2, 1), (-2, 2), (-2, 3), (-1, -3), (-1, -2), (-1, -1), (-1, 0), (-1, 1), (-1, 2), (-1, 3), (0, -3), (0, -2), (0, -1), (0, 0), (0, 1), (0, 2), (0, 3), (1, -3), (1, -2), (1, -1), (1, 0), (1, 1), (1, 2), (1, 3), (2, -3), (2, -2), (2, -1), (2, 0), (2, 1), (2, 2), (2, 3), (3, -3), (3, -2), (3, -1), (3, 0), (3, 1), (3, 2), (3, 3)]
2025-11-23 17:27:25.826 | INFO     | env.satellite_mac_env:_decode_combo_component:220 - self._delta_pairs [(-3, -3), (-3, -2), (-3, -1), (-3, 0), (-3, 1), (-3, 2), (-3, 3), (-2, -3), (-2, -2), (-2, -1), (-2, 0), (-2, 1), (-2, 2), (-2, 3), (-1, -3), (-1, -2), (-1, -1), (-1, 0), (-1, 1), (-1, 2), (-1, 3), (0, -3), (0, -2), (0, -1), (0, 0), (0, 1), (0, 2), (0, 3), (1, -3), (1, -2), (1, -1), (1, 0), (1, 1), (1, 2), (1, 3), (2, -3), (2, -2), (2, -1), (2, 0), (2, 1), (2, 2), (2, 3), (3, -3), (3, -2), (3, -1), (3, 0), (3, 1), (3, 2), (3, 3)]
2025-11-23 17:27:25.828 | INFO     | env.satellite_mac_env:_decode_combo_component:220 - self._delta_pairs [(-3, -3), (-3, -2), (-3, -1), (-3, 0), (-3, 1), (-3, 2), (-3, 3), (-2, -3), (-2, -2), (-2, -1), (-2, 0), (-2, 1), (-2, 2), (-2, 3), (-1, -3), (-1, -2), (-1, -1), (-1, 0), (-1, 1), (-1, 2), (-1, 3), (0, -3), (0, -2), (0, -1), (0, 0), (0, 1), (0, 2), (0, 3), (1, -3), (1, -2), (1, -1), (1, 0), (1, 1), (1, 2), (1, 3), (2, -3), (2, -2), (2, -1), (2, 0), (2, 1), (2, 2), (2, 3), (3, -3), (3, -2), (3, -1), (3, 0), (3, 1), (3, 2), (3, 3)]
2025-11-23 17:27:25.829 | INFO     | env.satellite_mac_env:_decode_combo_component:220 - self._delta_pairs [(-3, -3), (-3, -2), (-3, -1), (-3, 0), (-3, 1), (-3, 2), (-3, 3), (-2, -3), (-2, -2), (-2, -1), (-2, 0), (-2, 1), (-2, 2), (-2, 3), (-1, -3), (-1, -2), (-1, -1), (-1, 0), (-1, 1), (-1, 2), (-1, 3), (0, -3), (0, -2), (0, -1), (0, 0), (0, 1), (0, 2), (0, 3), (1, -3), (1, -2), (1, -1), (1, 0), (1, 1), (1, 2), (1, 3), (2, -3), (2, -2), (2, -1), (2, 0), (2, 1), (2, 2), (2, 3), (3, -3), (3, -2), (3, -1), (3, 0), (3, 1), (3, 2), (3, 3)]
2025-11-23 17:27:25.832 | INFO     | env.satellite_mac_env:_decode_combo_component:220 - self._delta_pairs [(-3, -3), (-3, -2), (-3, -1), (-3, 0), (-3, 1), (-3, 2), (-3, 3), (-2, -3), (-2, -2), (-2, -1), (-2, 0), (-2, 1), (-2, 2), (-2, 3), (-1, -3), (-1, -2), (-1, -1), (-1, 0), (-1, 1), (-1, 2), (-1, 3), (0, -3), (0, -2), (0, -1), (0, 0), (0, 1), (0, 2), (0, 3), (1, -3), (1, -2), (1, -1), (1, 0), (1, 1), (1, 2), (1, 3), (2, -3), (2, -2), (2, -1), (2, 0), (2, 1), (2, 2), (2, 3), (3, -3), (3, -2), (3, -1), (3, 0), (3, 1), (3, 2), (3, 3)]
2025-11-23 17:27:25.833 | INFO     | env.satellite_mac_env:_decode_combo_component:220 - self._delta_pairs [(-3, -3), (-3, -2), (-3, -1), (-3, 0), (-3, 1), (-3, 2), (-3, 3), (-2, -3), (-2, -2), (-2, -1), (-2, 0), (-2, 1), (-2, 2), (-2, 3), (-1, -3), (-1, -2), (-1, -1), (-1, 0), (-1, 1), (-1, 2), (-1, 3), (0, -3), (0, -2), (0, -1), (0, 0), (0, 1), (0, 2), (0, 3), (1, -3), (1, -2), (1, -1), (1, 0), (1, 1), (1, 2), (1, 3), (2, -3), (2, -2), (2, -1), (2, 0), (2, 1), (2, 2), (2, 3), (3, -3), (3, -2), (3, -1), (3, 0), (3, 1), (3, 2), (3, 3)]
2025-11-23 17:27:25.835 | INFO     | env.satellite_mac_env:_decode_combo_component:220 - self._delta_pairs [(-3, -3), (-3, -2), (-3, -1), (-3, 0), (-3, 1), (-3, 2), (-3, 3), (-2, -3), (-2, -2), (-2, -1), (-2, 0), (-2, 1), (-2, 2), (-2, 3), (-1, -3), (-1, -2), (-1, -1), (-1, 0), (-1, 1), (-1, 2), (-1, 3), (0, -3), (0, -2), (0, -1), (0, 0), (0, 1), (0, 2), (0, 3), (1, -3), (1, -2), (1, -1), (1, 0), (1, 1), (1, 2), (1, 3), (2, -3), (2, -2), (2, -1), (2, 0), (2, 1), (2, 2), (2, 3), (3, -3), (3, -2), (3, -1), (3, 0), (3, 1), (3, 2), (3, 3)]
2025-11-23 17:27:25.836 | INFO     | env.satellite_mac_env:_decode_combo_component:220 - self._delta_pairs [(-3, -3), (-3, -2), (-3, -1), (-3, 0), (-3, 1), (-3, 2), (-3, 3), (-2, -3), (-2, -2), (-2, -1), (-2, 0), (-2, 1), (-2, 2), (-2, 3), (-1, -3), (-1, -2), (-1, -1), (-1, 0), (-1, 1), (-1, 2), (-1, 3), (0, -3), (0, -2), (0, -1), (0, 0), (0, 1), (0, 2), (0, 3), (1, -3), (1, -2), (1, -1), (1, 0), (1, 1), (1, 2), (1, 3), (2, -3), (2, -2), (2, -1), (2, 0), (2, 1), (2, 2), (2, 3), (3, -3), (3, -2), (3, -1), (3, 0), (3, 1), (3, 2), (3, 3)]
2025-11-23 17:27:25.840 | INFO     | env.satellite_mac_env:_decode_combo_component:220 - self._delta_pairs [(-3, -3), (-3, -2), (-3, -1), (-3, 0), (-3, 1), (-3, 2), (-3, 3), (-2, -3), (-2, -2), (-2, -1), (-2, 0), (-2, 1), (-2, 2), (-2, 3), (-1, -3), (-1, -2), (-1, -1), (-1, 0), (-1, 1), (-1, 2), (-1, 3), (0, -3), (0, -2), (0, -1), (0, 0), (0, 1), (0, 2), (0, 3), (1, -3), (1, -2), (1, -1), (1, 0), (1, 1), (1, 2), (1, 3), (2, -3), (2, -2), (2, -1), (2, 0), (2, 1), (2, 2), (2, 3), (3, -3), (3, -2), (3, -1), (3, 0), (3, 1), (3, 2), (3, 3)]
2025-11-23 17:27:25.842 | INFO     | env.satellite_mac_env:_decode_combo_component:220 - self._delta_pairs [(-3, -3), (-3, -2), (-3, -1), (-3, 0), (-3, 1), (-3, 2), (-3, 3), (-2, -3), (-2, -2), (-2, -1), (-2, 0), (-2, 1), (-2, 2), (-2, 3), (-1, -3), (-1, -2), (-1, -1), (-1, 0), (-1, 1), (-1, 2), (-1, 3), (0, -3), (0, -2), (0, -1), (0, 0), (0, 1), (0, 2), (0, 3), (1, -3), (1, -2), (1, -1), (1, 0), (1, 1), (1, 2), (1, 3), (2, -3), (2, -2), (2, -1), (2, 0), (2, 1), (2, 2), (2, 3), (3, -3), (3, -2), (3, -1), (3, 0), (3, 1), (3, 2), (3, 3)]
2025-11-23 17:27:25.843 | INFO     | env.satellite_mac_env:_decode_combo_component:220 - self._delta_pairs [(-3, -3), (-3, -2), (-3, -1), (-3, 0), (-3, 1), (-3, 2), (-3, 3), (-2, -3), (-2, -2), (-2, -1), (-2, 0), (-2, 1), (-2, 2), (-2, 3), (-1, -3), (-1, -2), (-1, -1), (-1, 0), (-1, 1), (-1, 2), (-1, 3), (0, -3), (0, -2), (0, -1), (0, 0), (0, 1), (0, 2), (0, 3), (1, -3), (1, -2), (1, -1), (1, 0), (1, 1), (1, 2), (1, 3), (2, -3), (2, -2), (2, -1), (2, 0), (2, 1), (2, 2), (2, 3), (3, -3), (3, -2), (3, -1), (3, 0), (3, 1), (3, 2), (3, 3)]
2025-11-23 17:27:25.844 | INFO     | env.satellite_mac_env:_decode_combo_component:220 - self._delta_pairs [(-3, -3), (-3, -2), (-3, -1), (-3, 0), (-3, 1), (-3, 2), (-3, 3), (-2, -3), (-2, -2), (-2, -1), (-2, 0), (-2, 1), (-2, 2), (-2, 3), (-1, -3), (-1, -2), (-1, -1), (-1, 0), (-1, 1), (-1, 2), (-1, 3), (0, -3), (0, -2), (0, -1), (0, 0), (0, 1), (0, 2), (0, 3), (1, -3), (1, -2), (1, -1), (1, 0), (1, 1), (1, 2), (1, 3), (2, -3), (2, -2), (2, -1), (2, 0), (2, 1), (2, 2), (2, 3), (3, -3), (3, -2), (3, -1), (3, 0), (3, 1), (3, 2), (3, 3)]
2025-11-23 17:27:25.847 | INFO     | env.satellite_mac_env:_decode_combo_component:220 - self._delta_pairs [(-3, -3), (-3, -2), (-3, -1), (-3, 0), (-3, 1), (-3, 2), (-3, 3), (-2, -3), (-2, -2), (-2, -1), (-2, 0), (-2, 1), (-2, 2), (-2, 3), (-1, -3), (-1, -2), (-1, -1), (-1, 0), (-1, 1), (-1, 2), (-1, 3), (0, -3), (0, -2), (0, -1), (0, 0), (0, 1), (0, 2), (0, 3), (1, -3), (1, -2), (1, -1), (1, 0), (1, 1), (1, 2), (1, 3), (2, -3), (2, -2), (2, -1), (2, 0), (2, 1), (2, 2), (2, 3), (3, -3), (3, -2), (3, -1), (3, 0), (3, 1), (3, 2), (3, 3)]
2025-11-23 17:27:25.848 | INFO     | env.satellite_mac_env:_decode_combo_component:220 - self._delta_pairs [(-3, -3), (-3, -2), (-3, -1), (-3, 0), (-3, 1), (-3, 2), (-3, 3), (-2, -3), (-2, -2), (-2, -1), (-2, 0), (-2, 1), (-2, 2), (-2, 3), (-1, -3), (-1, -2), (-1, -1), (-1, 0), (-1, 1), (-1, 2), (-1, 3), (0, -3), (0, -2), (0, -1), (0, 0), (0, 1), (0, 2), (0, 3), (1, -3), (1, -2), (1, -1), (1, 0), (1, 1), (1, 2), (1, 3), (2, -3), (2, -2), (2, -1), (2, 0), (2, 1), (2, 2), (2, 3), (3, -3), (3, -2), (3, -1), (3, 0), (3, 1), (3, 2), (3, 3)]
2025-11-23 17:27:25.850 | INFO     | env.satellite_mac_env:_decode_combo_component:220 - self._delta_pairs [(-3, -3), (-3, -2), (-3, -1), (-3, 0), (-3, 1), (-3, 2), (-3, 3), (-2, -3), (-2, -2), (-2, -1), (-2, 0), (-2, 1), (-2, 2), (-2, 3), (-1, -3), (-1, -2), (-1, -1), (-1, 0), (-1, 1), (-1, 2), (-1, 3), (0, -3), (0, -2), (0, -1), (0, 0), (0, 1), (0, 2), (0, 3), (1, -3), (1, -2), (1, -1), (1, 0), (1, 1), (1, 2), (1, 3), (2, -3), (2, -2), (2, -1), (2, 0), (2, 1), (2, 2), (2, 3), (3, -3), (3, -2), (3, -1), (3, 0), (3, 1), (3, 2), (3, 3)]
2025-11-23 17:27:25.851 | INFO     | env.satellite_mac_env:_decode_combo_component:220 - self._delta_pairs [(-3, -3), (-3, -2), (-3, -1), (-3, 0), (-3, 1), (-3, 2), (-3, 3), (-2, -3), (-2, -2), (-2, -1), (-2, 0), (-2, 1), (-2, 2), (-2, 3), (-1, -3), (-1, -2), (-1, -1), (-1, 0), (-1, 1), (-1, 2), (-1, 3), (0, -3), (0, -2), (0, -1), (0, 0), (0, 1), (0, 2), (0, 3), (1, -3), (1, -2), (1, -1), (1, 0), (1, 1), (1, 2), (1, 3), (2, -3), (2, -2), (2, -1), (2, 0), (2, 1), (2, 2), (2, 3), (3, -3), (3, -2), (3, -1), (3, 0), (3, 1), (3, 2), (3, 3)]
2025-11-23 17:27:25.855 | INFO     | env.satellite_mac_env:_decode_combo_component:220 - self._delta_pairs [(-3, -3), (-3, -2), (-3, -1), (-3, 0), (-3, 1), (-3, 2), (-3, 3), (-2, -3), (-2, -2), (-2, -1), (-2, 0), (-2, 1), (-2, 2), (-2, 3), (-1, -3), (-1, -2), (-1, -1), (-1, 0), (-1, 1), (-1, 2), (-1, 3), (0, -3), (0, -2), (0, -1), (0, 0), (0, 1), (0, 2), (0, 3), (1, -3), (1, -2), (1, -1), (1, 0), (1, 1), (1, 2), (1, 3), (2, -3), (2, -2), (2, -1), (2, 0), (2, 1), (2, 2), (2, 3), (3, -3), (3, -2), (3, -1), (3, 0), (3, 1), (3, 2), (3, 3)]
2025-11-23 17:27:25.857 | INFO     | env.satellite_mac_env:_decode_combo_component:220 - self._delta_pairs [(-3, -3), (-3, -2), (-3, -1), (-3, 0), (-3, 1), (-3, 2), (-3, 3), (-2, -3), (-2, -2), (-2, -1), (-2, 0), (-2, 1), (-2, 2), (-2, 3), (-1, -3), (-1, -2), (-1, -1), (-1, 0), (-1, 1), (-1, 2), (-1, 3), (0, -3), (0, -2), (0, -1), (0, 0), (0, 1), (0, 2), (0, 3), (1, -3), (1, -2), (1, -1), (1, 0), (1, 1), (1, 2), (1, 3), (2, -3), (2, -2), (2, -1), (2, 0), (2, 1), (2, 2), (2, 3), (3, -3), (3, -2), (3, -1), (3, 0), (3, 1), (3, 2), (3, 3)]
2025-11-23 17:27:25.858 | INFO     | env.satellite_mac_env:_decode_combo_component:220 - self._delta_pairs [(-3, -3), (-3, -2), (-3, -1), (-3, 0), (-3, 1), (-3, 2), (-3, 3), (-2, -3), (-2, -2), (-2, -1), (-2, 0), (-2, 1), (-2, 2), (-2, 3), (-1, -3), (-1, -2), (-1, -1), (-1, 0), (-1, 1), (-1, 2), (-1, 3), (0, -3), (0, -2), (0, -1), (0, 0), (0, 1), (0, 2), (0, 3), (1, -3), (1, -2), (1, -1), (1, 0), (1, 1), (1, 2), (1, 3), (2, -3), (2, -2), (2, -1), (2, 0), (2, 1), (2, 2), (2, 3), (3, -3), (3, -2), (3, -1), (3, 0), (3, 1), (3, 2), (3, 3)]
2025-11-23 17:27:25.860 | INFO     | env.satellite_mac_env:_decode_combo_component:220 - self._delta_pairs [(-3, -3), (-3, -2), (-3, -1), (-3, 0), (-3, 1), (-3, 2), (-3, 3), (-2, -3), (-2, -2), (-2, -1), (-2, 0), (-2, 1), (-2, 2), (-2, 3), (-1, -3), (-1, -2), (-1, -1), (-1, 0), (-1, 1), (-1, 2), (-1, 3), (0, -3), (0, -2), (0, -1), (0, 0), (0, 1), (0, 2), (0, 3), (1, -3), (1, -2), (1, -1), (1, 0), (1, 1), (1, 2), (1, 3), (2, -3), (2, -2), (2, -1), (2, 0), (2, 1), (2, 2), (2, 3), (3, -3), (3, -2), (3, -1), (3, 0), (3, 1), (3, 2), (3, 3)]
2025-11-23 17:27:25.863 | INFO     | env.satellite_mac_env:_decode_combo_component:220 - self._delta_pairs [(-3, -3), (-3, -2), (-3, -1), (-3, 0), (-3, 1), (-3, 2), (-3, 3), (-2, -3), (-2, -2), (-2, -1), (-2, 0), (-2, 1), (-2, 2), (-2, 3), (-1, -3), (-1, -2), (-1, -1), (-1, 0), (-1, 1), (-1, 2), (-1, 3), (0, -3), (0, -2), (0, -1), (0, 0), (0, 1), (0, 2), (0, 3), (1, -3), (1, -2), (1, -1), (1, 0), (1, 1), (1, 2), (1, 3), (2, -3), (2, -2), (2, -1), (2, 0), (2, 1), (2, 2), (2, 3), (3, -3), (3, -2), (3, -1), (3, 0), (3, 1), (3, 2), (3, 3)]
2025-11-23 17:27:25.864 | INFO     | env.satellite_mac_env:_decode_combo_component:220 - self._delta_pairs [(-3, -3), (-3, -2), (-3, -1), (-3, 0), (-3, 1), (-3, 2), (-3, 3), (-2, -3), (-2, -2), (-2, -1), (-2, 0), (-2, 1), (-2, 2), (-2, 3), (-1, -3), (-1, -2), (-1, -1), (-1, 0), (-1, 1), (-1, 2), (-1, 3), (0, -3), (0, -2), (0, -1), (0, 0), (0, 1), (0, 2), (0, 3), (1, -3), (1, -2), (1, -1), (1, 0), (1, 1), (1, 2), (1, 3), (2, -3), (2, -2), (2, -1), (2, 0), (2, 1), (2, 2), (2, 3), (3, -3), (3, -2), (3, -1), (3, 0), (3, 1), (3, 2), (3, 3)]
2025-11-23 17:27:25.865 | INFO     | env.satellite_mac_env:_decode_combo_component:220 - self._delta_pairs [(-3, -3), (-3, -2), (-3, -1), (-3, 0), (-3, 1), (-3, 2), (-3, 3), (-2, -3), (-2, -2), (-2, -1), (-2, 0), (-2, 1), (-2, 2), (-2, 3), (-1, -3), (-1, -2), (-1, -1), (-1, 0), (-1, 1), (-1, 2), (-1, 3), (0, -3), (0, -2), (0, -1), (0, 0), (0, 1), (0, 2), (0, 3), (1, -3), (1, -2), (1, -1), (1, 0), (1, 1), (1, 2), (1, 3), (2, -3), (2, -2), (2, -1), (2, 0), (2, 1), (2, 2), (2, 3), (3, -3), (3, -2), (3, -1), (3, 0), (3, 1), (3, 2), (3, 3)]
2025-11-23 17:27:25.866 | INFO     | env.satellite_mac_env:_decode_combo_component:220 - self._delta_pairs [(-3, -3), (-3, -2), (-3, -1), (-3, 0), (-3, 1), (-3, 2), (-3, 3), (-2, -3), (-2, -2), (-2, -1), (-2, 0), (-2, 1), (-2, 2), (-2, 3), (-1, -3), (-1, -2), (-1, -1), (-1, 0), (-1, 1), (-1, 2), (-1, 3), (0, -3), (0, -2), (0, -1), (0, 0), (0, 1), (0, 2), (0, 3), (1, -3), (1, -2), (1, -1), (1, 0), (1, 1), (1, 2), (1, 3), (2, -3), (2, -2), (2, -1), (2, 0), (2, 1), (2, 2), (2, 3), (3, -3), (3, -2), (3, -1), (3, 0), (3, 1), (3, 2), (3, 3)]
2025-11-23 17:27:25.870 | INFO     | env.satellite_mac_env:_decode_combo_component:220 - self._delta_pairs [(-3, -3), (-3, -2), (-3, -1), (-3, 0), (-3, 1), (-3, 2), (-3, 3), (-2, -3), (-2, -2), (-2, -1), (-2, 0), (-2, 1), (-2, 2), (-2, 3), (-1, -3), (-1, -2), (-1, -1), (-1, 0), (-1, 1), (-1, 2), (-1, 3), (0, -3), (0, -2), (0, -1), (0, 0), (0, 1), (0, 2), (0, 3), (1, -3), (1, -2), (1, -1), (1, 0), (1, 1), (1, 2), (1, 3), (2, -3), (2, -2), (2, -1), (2, 0), (2, 1), (2, 2), (2, 3), (3, -3), (3, -2), (3, -1), (3, 0), (3, 1), (3, 2), (3, 3)]
2025-11-23 17:27:25.872 | INFO     | env.satellite_mac_env:_decode_combo_component:220 - self._delta_pairs [(-3, -3), (-3, -2), (-3, -1), (-3, 0), (-3, 1), (-3, 2), (-3, 3), (-2, -3), (-2, -2), (-2, -1), (-2, 0), (-2, 1), (-2, 2), (-2, 3), (-1, -3), (-1, -2), (-1, -1), (-1, 0), (-1, 1), (-1, 2), (-1, 3), (0, -3), (0, -2), (0, -1), (0, 0), (0, 1), (0, 2), (0, 3), (1, -3), (1, -2), (1, -1), (1, 0), (1, 1), (1, 2), (1, 3), (2, -3), (2, -2), (2, -1), (2, 0), (2, 1), (2, 2), (2, 3), (3, -3), (3, -2), (3, -1), (3, 0), (3, 1), (3, 2), (3, 3)]
2025-11-23 17:27:25.874 | INFO     | env.satellite_mac_env:_decode_combo_component:220 - self._delta_pairs [(-3, -3), (-3, -2), (-3, -1), (-3, 0), (-3, 1), (-3, 2), (-3, 3), (-2, -3), (-2, -2), (-2, -1), (-2, 0), (-2, 1), (-2, 2), (-2, 3), (-1, -3), (-1, -2), (-1, -1), (-1, 0), (-1, 1), (-1, 2), (-1, 3), (0, -3), (0, -2), (0, -1), (0, 0), (0, 1), (0, 2), (0, 3), (1, -3), (1, -2), (1, -1), (1, 0), (1, 1), (1, 2), (1, 3), (2, -3), (2, -2), (2, -1), (2, 0), (2, 1), (2, 2), (2, 3), (3, -3), (3, -2), (3, -1), (3, 0), (3, 1), (3, 2), (3, 3)]
2025-11-23 17:27:25.875 | INFO     | env.satellite_mac_env:_decode_combo_component:220 - self._delta_pairs [(-3, -3), (-3, -2), (-3, -1), (-3, 0), (-3, 1), (-3, 2), (-3, 3), (-2, -3), (-2, -2), (-2, -1), (-2, 0), (-2, 1), (-2, 2), (-2, 3), (-1, -3), (-1, -2), (-1, -1), (-1, 0), (-1, 1), (-1, 2), (-1, 3), (0, -3), (0, -2), (0, -1), (0, 0), (0, 1), (0, 2), (0, 3), (1, -3), (1, -2), (1, -1), (1, 0), (1, 1), (1, 2), (1, 3), (2, -3), (2, -2), (2, -1), (2, 0), (2, 1), (2, 2), (2, 3), (3, -3), (3, -2), (3, -1), (3, 0), (3, 1), (3, 2), (3, 3)]
2025-11-23 17:27:25.878 | INFO     | env.satellite_mac_env:_decode_combo_component:220 - self._delta_pairs [(-3, -3), (-3, -2), (-3, -1), (-3, 0), (-3, 1), (-3, 2), (-3, 3), (-2, -3), (-2, -2), (-2, -1), (-2, 0), (-2, 1), (-2, 2), (-2, 3), (-1, -3), (-1, -2), (-1, -1), (-1, 0), (-1, 1), (-1, 2), (-1, 3), (0, -3), (0, -2), (0, -1), (0, 0), (0, 1), (0, 2), (0, 3), (1, -3), (1, -2), (1, -1), (1, 0), (1, 1), (1, 2), (1, 3), (2, -3), (2, -2), (2, -1), (2, 0), (2, 1), (2, 2), (2, 3), (3, -3), (3, -2), (3, -1), (3, 0), (3, 1), (3, 2), (3, 3)]
2025-11-23 17:27:25.879 | INFO     | env.satellite_mac_env:_decode_combo_component:220 - self._delta_pairs [(-3, -3), (-3, -2), (-3, -1), (-3, 0), (-3, 1), (-3, 2), (-3, 3), (-2, -3), (-2, -2), (-2, -1), (-2, 0), (-2, 1), (-2, 2), (-2, 3), (-1, -3), (-1, -2), (-1, -1), (-1, 0), (-1, 1), (-1, 2), (-1, 3), (0, -3), (0, -2), (0, -1), (0, 0), (0, 1), (0, 2), (0, 3), (1, -3), (1, -2), (1, -1), (1, 0), (1, 1), (1, 2), (1, 3), (2, -3), (2, -2), (2, -1), (2, 0), (2, 1), (2, 2), (2, 3), (3, -3), (3, -2), (3, -1), (3, 0), (3, 1), (3, 2), (3, 3)]
2025-11-23 17:27:25.881 | INFO     | env.satellite_mac_env:_decode_combo_component:220 - self._delta_pairs [(-3, -3), (-3, -2), (-3, -1), (-3, 0), (-3, 1), (-3, 2), (-3, 3), (-2, -3), (-2, -2), (-2, -1), (-2, 0), (-2, 1), (-2, 2), (-2, 3), (-1, -3), (-1, -2), (-1, -1), (-1, 0), (-1, 1), (-1, 2), (-1, 3), (0, -3), (0, -2), (0, -1), (0, 0), (0, 1), (0, 2), (0, 3), (1, -3), (1, -2), (1, -1), (1, 0), (1, 1), (1, 2), (1, 3), (2, -3), (2, -2), (2, -1), (2, 0), (2, 1), (2, 2), (2, 3), (3, -3), (3, -2), (3, -1), (3, 0), (3, 1), (3, 2), (3, 3)]
2025-11-23 17:27:25.882 | INFO     | env.satellite_mac_env:_decode_combo_component:220 - self._delta_pairs [(-3, -3), (-3, -2), (-3, -1), (-3, 0), (-3, 1), (-3, 2), (-3, 3), (-2, -3), (-2, -2), (-2, -1), (-2, 0), (-2, 1), (-2, 2), (-2, 3), (-1, -3), (-1, -2), (-1, -1), (-1, 0), (-1, 1), (-1, 2), (-1, 3), (0, -3), (0, -2), (0, -1), (0, 0), (0, 1), (0, 2), (0, 3), (1, -3), (1, -2), (1, -1), (1, 0), (1, 1), (1, 2), (1, 3), (2, -3), (2, -2), (2, -1), (2, 0), (2, 1), (2, 2), (2, 3), (3, -3), (3, -2), (3, -1), (3, 0), (3, 1), (3, 2), (3, 3)]
2025-11-23 17:27:25.885 | INFO     | env.satellite_mac_env:_decode_combo_component:220 - self._delta_pairs [(-3, -3), (-3, -2), (-3, -1), (-3, 0), (-3, 1), (-3, 2), (-3, 3), (-2, -3), (-2, -2), (-2, -1), (-2, 0), (-2, 1), (-2, 2), (-2, 3), (-1, -3), (-1, -2), (-1, -1), (-1, 0), (-1, 1), (-1, 2), (-1, 3), (0, -3), (0, -2), (0, -1), (0, 0), (0, 1), (0, 2), (0, 3), (1, -3), (1, -2), (1, -1), (1, 0), (1, 1), (1, 2), (1, 3), (2, -3), (2, -2), (2, -1), (2, 0), (2, 1), (2, 2), (2, 3), (3, -3), (3, -2), (3, -1), (3, 0), (3, 1), (3, 2), (3, 3)]
2025-11-23 17:27:25.887 | INFO     | env.satellite_mac_env:_decode_combo_component:220 - self._delta_pairs [(-3, -3), (-3, -2), (-3, -1), (-3, 0), (-3, 1), (-3, 2), (-3, 3), (-2, -3), (-2, -2), (-2, -1), (-2, 0), (-2, 1), (-2, 2), (-2, 3), (-1, -3), (-1, -2), (-1, -1), (-1, 0), (-1, 1), (-1, 2), (-1, 3), (0, -3), (0, -2), (0, -1), (0, 0), (0, 1), (0, 2), (0, 3), (1, -3), (1, -2), (1, -1), (1, 0), (1, 1), (1, 2), (1, 3), (2, -3), (2, -2), (2, -1), (2, 0), (2, 1), (2, 2), (2, 3), (3, -3), (3, -2), (3, -1), (3, 0), (3, 1), (3, 2), (3, 3)]
2025-11-23 17:27:25.889 | INFO     | env.satellite_mac_env:_decode_combo_component:220 - self._delta_pairs [(-3, -3), (-3, -2), (-3, -1), (-3, 0), (-3, 1), (-3, 2), (-3, 3), (-2, -3), (-2, -2), (-2, -1), (-2, 0), (-2, 1), (-2, 2), (-2, 3), (-1, -3), (-1, -2), (-1, -1), (-1, 0), (-1, 1), (-1, 2), (-1, 3), (0, -3), (0, -2), (0, -1), (0, 0), (0, 1), (0, 2), (0, 3), (1, -3), (1, -2), (1, -1), (1, 0), (1, 1), (1, 2), (1, 3), (2, -3), (2, -2), (2, -1), (2, 0), (2, 1), (2, 2), (2, 3), (3, -3), (3, -2), (3, -1), (3, 0), (3, 1), (3, 2), (3, 3)]
2025-11-23 17:27:25.890 | INFO     | env.satellite_mac_env:_decode_combo_component:220 - self._delta_pairs [(-3, -3), (-3, -2), (-3, -1), (-3, 0), (-3, 1), (-3, 2), (-3, 3), (-2, -3), (-2, -2), (-2, -1), (-2, 0), (-2, 1), (-2, 2), (-2, 3), (-1, -3), (-1, -2), (-1, -1), (-1, 0), (-1, 1), (-1, 2), (-1, 3), (0, -3), (0, -2), (0, -1), (0, 0), (0, 1), (0, 2), (0, 3), (1, -3), (1, -2), (1, -1), (1, 0), (1, 1), (1, 2), (1, 3), (2, -3), (2, -2), (2, -1), (2, 0), (2, 1), (2, 2), (2, 3), (3, -3), (3, -2), (3, -1), (3, 0), (3, 1), (3, 2), (3, 3)]
2025-11-23 17:27:25.894 | INFO     | env.satellite_mac_env:_decode_combo_component:220 - self._delta_pairs [(-3, -3), (-3, -2), (-3, -1), (-3, 0), (-3, 1), (-3, 2), (-3, 3), (-2, -3), (-2, -2), (-2, -1), (-2, 0), (-2, 1), (-2, 2), (-2, 3), (-1, -3), (-1, -2), (-1, -1), (-1, 0), (-1, 1), (-1, 2), (-1, 3), (0, -3), (0, -2), (0, -1), (0, 0), (0, 1), (0, 2), (0, 3), (1, -3), (1, -2), (1, -1), (1, 0), (1, 1), (1, 2), (1, 3), (2, -3), (2, -2), (2, -1), (2, 0), (2, 1), (2, 2), (2, 3), (3, -3), (3, -2), (3, -1), (3, 0), (3, 1), (3, 2), (3, 3)]
2025-11-23 17:27:25.895 | INFO     | env.satellite_mac_env:_decode_combo_component:220 - self._delta_pairs [(-3, -3), (-3, -2), (-3, -1), (-3, 0), (-3, 1), (-3, 2), (-3, 3), (-2, -3), (-2, -2), (-2, -1), (-2, 0), (-2, 1), (-2, 2), (-2, 3), (-1, -3), (-1, -2), (-1, -1), (-1, 0), (-1, 1), (-1, 2), (-1, 3), (0, -3), (0, -2), (0, -1), (0, 0), (0, 1), (0, 2), (0, 3), (1, -3), (1, -2), (1, -1), (1, 0), (1, 1), (1, 2), (1, 3), (2, -3), (2, -2), (2, -1), (2, 0), (2, 1), (2, 2), (2, 3), (3, -3), (3, -2), (3, -1), (3, 0), (3, 1), (3, 2), (3, 3)]
2025-11-23 17:27:25.896 | INFO     | env.satellite_mac_env:_decode_combo_component:220 - self._delta_pairs [(-3, -3), (-3, -2), (-3, -1), (-3, 0), (-3, 1), (-3, 2), (-3, 3), (-2, -3), (-2, -2), (-2, -1), (-2, 0), (-2, 1), (-2, 2), (-2, 3), (-1, -3), (-1, -2), (-1, -1), (-1, 0), (-1, 1), (-1, 2), (-1, 3), (0, -3), (0, -2), (0, -1), (0, 0), (0, 1), (0, 2), (0, 3), (1, -3), (1, -2), (1, -1), (1, 0), (1, 1), (1, 2), (1, 3), (2, -3), (2, -2), (2, -1), (2, 0), (2, 1), (2, 2), (2, 3), (3, -3), (3, -2), (3, -1), (3, 0), (3, 1), (3, 2), (3, 3)]
2025-11-23 17:27:25.897 | INFO     | env.satellite_mac_env:_decode_combo_component:220 - self._delta_pairs [(-3, -3), (-3, -2), (-3, -1), (-3, 0), (-3, 1), (-3, 2), (-3, 3), (-2, -3), (-2, -2), (-2, -1), (-2, 0), (-2, 1), (-2, 2), (-2, 3), (-1, -3), (-1, -2), (-1, -1), (-1, 0), (-1, 1), (-1, 2), (-1, 3), (0, -3), (0, -2), (0, -1), (0, 0), (0, 1), (0, 2), (0, 3), (1, -3), (1, -2), (1, -1), (1, 0), (1, 1), (1, 2), (1, 3), (2, -3), (2, -2), (2, -1), (2, 0), (2, 1), (2, 2), (2, 3), (3, -3), (3, -2), (3, -1), (3, 0), (3, 1), (3, 2), (3, 3)]
2025-11-23 17:27:25.900 | INFO     | env.satellite_mac_env:_decode_combo_component:220 - self._delta_pairs [(-3, -3), (-3, -2), (-3, -1), (-3, 0), (-3, 1), (-3, 2), (-3, 3), (-2, -3), (-2, -2), (-2, -1), (-2, 0), (-2, 1), (-2, 2), (-2, 3), (-1, -3), (-1, -2), (-1, -1), (-1, 0), (-1, 1), (-1, 2), (-1, 3), (0, -3), (0, -2), (0, -1), (0, 0), (0, 1), (0, 2), (0, 3), (1, -3), (1, -2), (1, -1), (1, 0), (1, 1), (1, 2), (1, 3), (2, -3), (2, -2), (2, -1), (2, 0), (2, 1), (2, 2), (2, 3), (3, -3), (3, -2), (3, -1), (3, 0), (3, 1), (3, 2), (3, 3)]
2025-11-23 17:27:25.902 | INFO     | env.satellite_mac_env:_decode_combo_component:220 - self._delta_pairs [(-3, -3), (-3, -2), (-3, -1), (-3, 0), (-3, 1), (-3, 2), (-3, 3), (-2, -3), (-2, -2), (-2, -1), (-2, 0), (-2, 1), (-2, 2), (-2, 3), (-1, -3), (-1, -2), (-1, -1), (-1, 0), (-1, 1), (-1, 2), (-1, 3), (0, -3), (0, -2), (0, -1), (0, 0), (0, 1), (0, 2), (0, 3), (1, -3), (1, -2), (1, -1), (1, 0), (1, 1), (1, 2), (1, 3), (2, -3), (2, -2), (2, -1), (2, 0), (2, 1), (2, 2), (2, 3), (3, -3), (3, -2), (3, -1), (3, 0), (3, 1), (3, 2), (3, 3)]
2025-11-23 17:27:25.904 | INFO     | env.satellite_mac_env:_decode_combo_component:220 - self._delta_pairs [(-3, -3), (-3, -2), (-3, -1), (-3, 0), (-3, 1), (-3, 2), (-3, 3), (-2, -3), (-2, -2), (-2, -1), (-2, 0), (-2, 1), (-2, 2), (-2, 3), (-1, -3), (-1, -2), (-1, -1), (-1, 0), (-1, 1), (-1, 2), (-1, 3), (0, -3), (0, -2), (0, -1), (0, 0), (0, 1), (0, 2), (0, 3), (1, -3), (1, -2), (1, -1), (1, 0), (1, 1), (1, 2), (1, 3), (2, -3), (2, -2), (2, -1), (2, 0), (2, 1), (2, 2), (2, 3), (3, -3), (3, -2), (3, -1), (3, 0), (3, 1), (3, 2), (3, 3)]
2025-11-23 17:27:25.905 | INFO     | env.satellite_mac_env:_decode_combo_component:220 - self._delta_pairs [(-3, -3), (-3, -2), (-3, -1), (-3, 0), (-3, 1), (-3, 2), (-3, 3), (-2, -3), (-2, -2), (-2, -1), (-2, 0), (-2, 1), (-2, 2), (-2, 3), (-1, -3), (-1, -2), (-1, -1), (-1, 0), (-1, 1), (-1, 2), (-1, 3), (0, -3), (0, -2), (0, -1), (0, 0), (0, 1), (0, 2), (0, 3), (1, -3), (1, -2), (1, -1), (1, 0), (1, 1), (1, 2), (1, 3), (2, -3), (2, -2), (2, -1), (2, 0), (2, 1), (2, 2), (2, 3), (3, -3), (3, -2), (3, -1), (3, 0), (3, 1), (3, 2), (3, 3)]
2025-11-23 17:27:25.909 | INFO     | env.satellite_mac_env:_decode_combo_component:220 - self._delta_pairs [(-3, -3), (-3, -2), (-3, -1), (-3, 0), (-3, 1), (-3, 2), (-3, 3), (-2, -3), (-2, -2), (-2, -1), (-2, 0), (-2, 1), (-2, 2), (-2, 3), (-1, -3), (-1, -2), (-1, -1), (-1, 0), (-1, 1), (-1, 2), (-1, 3), (0, -3), (0, -2), (0, -1), (0, 0), (0, 1), (0, 2), (0, 3), (1, -3), (1, -2), (1, -1), (1, 0), (1, 1), (1, 2), (1, 3), (2, -3), (2, -2), (2, -1), (2, 0), (2, 1), (2, 2), (2, 3), (3, -3), (3, -2), (3, -1), (3, 0), (3, 1), (3, 2), (3, 3)]
2025-11-23 17:27:25.910 | INFO     | env.satellite_mac_env:_decode_combo_component:220 - self._delta_pairs [(-3, -3), (-3, -2), (-3, -1), (-3, 0), (-3, 1), (-3, 2), (-3, 3), (-2, -3), (-2, -2), (-2, -1), (-2, 0), (-2, 1), (-2, 2), (-2, 3), (-1, -3), (-1, -2), (-1, -1), (-1, 0), (-1, 1), (-1, 2), (-1, 3), (0, -3), (0, -2), (0, -1), (0, 0), (0, 1), (0, 2), (0, 3), (1, -3), (1, -2), (1, -1), (1, 0), (1, 1), (1, 2), (1, 3), (2, -3), (2, -2), (2, -1), (2, 0), (2, 1), (2, 2), (2, 3), (3, -3), (3, -2), (3, -1), (3, 0), (3, 1), (3, 2), (3, 3)]
2025-11-23 17:27:25.911 | INFO     | env.satellite_mac_env:_decode_combo_component:220 - self._delta_pairs [(-3, -3), (-3, -2), (-3, -1), (-3, 0), (-3, 1), (-3, 2), (-3, 3), (-2, -3), (-2, -2), (-2, -1), (-2, 0), (-2, 1), (-2, 2), (-2, 3), (-1, -3), (-1, -2), (-1, -1), (-1, 0), (-1, 1), (-1, 2), (-1, 3), (0, -3), (0, -2), (0, -1), (0, 0), (0, 1), (0, 2), (0, 3), (1, -3), (1, -2), (1, -1), (1, 0), (1, 1), (1, 2), (1, 3), (2, -3), (2, -2), (2, -1), (2, 0), (2, 1), (2, 2), (2, 3), (3, -3), (3, -2), (3, -1), (3, 0), (3, 1), (3, 2), (3, 3)]
2025-11-23 17:27:25.913 | INFO     | env.satellite_mac_env:_decode_combo_component:220 - self._delta_pairs [(-3, -3), (-3, -2), (-3, -1), (-3, 0), (-3, 1), (-3, 2), (-3, 3), (-2, -3), (-2, -2), (-2, -1), (-2, 0), (-2, 1), (-2, 2), (-2, 3), (-1, -3), (-1, -2), (-1, -1), (-1, 0), (-1, 1), (-1, 2), (-1, 3), (0, -3), (0, -2), (0, -1), (0, 0), (0, 1), (0, 2), (0, 3), (1, -3), (1, -2), (1, -1), (1, 0), (1, 1), (1, 2), (1, 3), (2, -3), (2, -2), (2, -1), (2, 0), (2, 1), (2, 2), (2, 3), (3, -3), (3, -2), (3, -1), (3, 0), (3, 1), (3, 2), (3, 3)]
2025-11-23 17:27:25.915 | INFO     | env.satellite_mac_env:_decode_combo_component:220 - self._delta_pairs [(-3, -3), (-3, -2), (-3, -1), (-3, 0), (-3, 1), (-3, 2), (-3, 3), (-2, -3), (-2, -2), (-2, -1), (-2, 0), (-2, 1), (-2, 2), (-2, 3), (-1, -3), (-1, -2), (-1, -1), (-1, 0), (-1, 1), (-1, 2), (-1, 3), (0, -3), (0, -2), (0, -1), (0, 0), (0, 1), (0, 2), (0, 3), (1, -3), (1, -2), (1, -1), (1, 0), (1, 1), (1, 2), (1, 3), (2, -3), (2, -2), (2, -1), (2, 0), (2, 1), (2, 2), (2, 3), (3, -3), (3, -2), (3, -1), (3, 0), (3, 1), (3, 2), (3, 3)]
2025-11-23 17:27:25.917 | INFO     | env.satellite_mac_env:_decode_combo_component:220 - self._delta_pairs [(-3, -3), (-3, -2), (-3, -1), (-3, 0), (-3, 1), (-3, 2), (-3, 3), (-2, -3), (-2, -2), (-2, -1), (-2, 0), (-2, 1), (-2, 2), (-2, 3), (-1, -3), (-1, -2), (-1, -1), (-1, 0), (-1, 1), (-1, 2), (-1, 3), (0, -3), (0, -2), (0, -1), (0, 0), (0, 1), (0, 2), (0, 3), (1, -3), (1, -2), (1, -1), (1, 0), (1, 1), (1, 2), (1, 3), (2, -3), (2, -2), (2, -1), (2, 0), (2, 1), (2, 2), (2, 3), (3, -3), (3, -2), (3, -1), (3, 0), (3, 1), (3, 2), (3, 3)]
2025-11-23 17:27:25.918 | INFO     | env.satellite_mac_env:_decode_combo_component:220 - self._delta_pairs [(-3, -3), (-3, -2), (-3, -1), (-3, 0), (-3, 1), (-3, 2), (-3, 3), (-2, -3), (-2, -2), (-2, -1), (-2, 0), (-2, 1), (-2, 2), (-2, 3), (-1, -3), (-1, -2), (-1, -1), (-1, 0), (-1, 1), (-1, 2), (-1, 3), (0, -3), (0, -2), (0, -1), (0, 0), (0, 1), (0, 2), (0, 3), (1, -3), (1, -2), (1, -1), (1, 0), (1, 1), (1, 2), (1, 3), (2, -3), (2, -2), (2, -1), (2, 0), (2, 1), (2, 2), (2, 3), (3, -3), (3, -2), (3, -1), (3, 0), (3, 1), (3, 2), (3, 3)]
2025-11-23 17:27:25.920 | INFO     | env.satellite_mac_env:_decode_combo_component:220 - self._delta_pairs [(-3, -3), (-3, -2), (-3, -1), (-3, 0), (-3, 1), (-3, 2), (-3, 3), (-2, -3), (-2, -2), (-2, -1), (-2, 0), (-2, 1), (-2, 2), (-2, 3), (-1, -3), (-1, -2), (-1, -1), (-1, 0), (-1, 1), (-1, 2), (-1, 3), (0, -3), (0, -2), (0, -1), (0, 0), (0, 1), (0, 2), (0, 3), (1, -3), (1, -2), (1, -1), (1, 0), (1, 1), (1, 2), (1, 3), (2, -3), (2, -2), (2, -1), (2, 0), (2, 1), (2, 2), (2, 3), (3, -3), (3, -2), (3, -1), (3, 0), (3, 1), (3, 2), (3, 3)]
2025-11-23 17:27:25.924 | INFO     | env.satellite_mac_env:_decode_combo_component:220 - self._delta_pairs [(-3, -3), (-3, -2), (-3, -1), (-3, 0), (-3, 1), (-3, 2), (-3, 3), (-2, -3), (-2, -2), (-2, -1), (-2, 0), (-2, 1), (-2, 2), (-2, 3), (-1, -3), (-1, -2), (-1, -1), (-1, 0), (-1, 1), (-1, 2), (-1, 3), (0, -3), (0, -2), (0, -1), (0, 0), (0, 1), (0, 2), (0, 3), (1, -3), (1, -2), (1, -1), (1, 0), (1, 1), (1, 2), (1, 3), (2, -3), (2, -2), (2, -1), (2, 0), (2, 1), (2, 2), (2, 3), (3, -3), (3, -2), (3, -1), (3, 0), (3, 1), (3, 2), (3, 3)]
2025-11-23 17:27:25.925 | INFO     | env.satellite_mac_env:_decode_combo_component:220 - self._delta_pairs [(-3, -3), (-3, -2), (-3, -1), (-3, 0), (-3, 1), (-3, 2), (-3, 3), (-2, -3), (-2, -2), (-2, -1), (-2, 0), (-2, 1), (-2, 2), (-2, 3), (-1, -3), (-1, -2), (-1, -1), (-1, 0), (-1, 1), (-1, 2), (-1, 3), (0, -3), (0, -2), (0, -1), (0, 0), (0, 1), (0, 2), (0, 3), (1, -3), (1, -2), (1, -1), (1, 0), (1, 1), (1, 2), (1, 3), (2, -3), (2, -2), (2, -1), (2, 0), (2, 1), (2, 2), (2, 3), (3, -3), (3, -2), (3, -1), (3, 0), (3, 1), (3, 2), (3, 3)]
2025-11-23 17:27:25.926 | INFO     | env.satellite_mac_env:_decode_combo_component:220 - self._delta_pairs [(-3, -3), (-3, -2), (-3, -1), (-3, 0), (-3, 1), (-3, 2), (-3, 3), (-2, -3), (-2, -2), (-2, -1), (-2, 0), (-2, 1), (-2, 2), (-2, 3), (-1, -3), (-1, -2), (-1, -1), (-1, 0), (-1, 1), (-1, 2), (-1, 3), (0, -3), (0, -2), (0, -1), (0, 0), (0, 1), (0, 2), (0, 3), (1, -3), (1, -2), (1, -1), (1, 0), (1, 1), (1, 2), (1, 3), (2, -3), (2, -2), (2, -1), (2, 0), (2, 1), (2, 2), (2, 3), (3, -3), (3, -2), (3, -1), (3, 0), (3, 1), (3, 2), (3, 3)]
2025-11-23 17:27:25.928 | INFO     | env.satellite_mac_env:_decode_combo_component:220 - self._delta_pairs [(-3, -3), (-3, -2), (-3, -1), (-3, 0), (-3, 1), (-3, 2), (-3, 3), (-2, -3), (-2, -2), (-2, -1), (-2, 0), (-2, 1), (-2, 2), (-2, 3), (-1, -3), (-1, -2), (-1, -1), (-1, 0), (-1, 1), (-1, 2), (-1, 3), (0, -3), (0, -2), (0, -1), (0, 0), (0, 1), (0, 2), (0, 3), (1, -3), (1, -2), (1, -1), (1, 0), (1, 1), (1, 2), (1, 3), (2, -3), (2, -2), (2, -1), (2, 0), (2, 1), (2, 2), (2, 3), (3, -3), (3, -2), (3, -1), (3, 0), (3, 1), (3, 2), (3, 3)]
2025-11-23 17:27:25.931 | INFO     | env.satellite_mac_env:_decode_combo_component:220 - self._delta_pairs [(-3, -3), (-3, -2), (-3, -1), (-3, 0), (-3, 1), (-3, 2), (-3, 3), (-2, -3), (-2, -2), (-2, -1), (-2, 0), (-2, 1), (-2, 2), (-2, 3), (-1, -3), (-1, -2), (-1, -1), (-1, 0), (-1, 1), (-1, 2), (-1, 3), (0, -3), (0, -2), (0, -1), (0, 0), (0, 1), (0, 2), (0, 3), (1, -3), (1, -2), (1, -1), (1, 0), (1, 1), (1, 2), (1, 3), (2, -3), (2, -2), (2, -1), (2, 0), (2, 1), (2, 2), (2, 3), (3, -3), (3, -2), (3, -1), (3, 0), (3, 1), (3, 2), (3, 3)]
2025-11-23 17:27:25.932 | INFO     | env.satellite_mac_env:_decode_combo_component:220 - self._delta_pairs [(-3, -3), (-3, -2), (-3, -1), (-3, 0), (-3, 1), (-3, 2), (-3, 3), (-2, -3), (-2, -2), (-2, -1), (-2, 0), (-2, 1), (-2, 2), (-2, 3), (-1, -3), (-1, -2), (-1, -1), (-1, 0), (-1, 1), (-1, 2), (-1, 3), (0, -3), (0, -2), (0, -1), (0, 0), (0, 1), (0, 2), (0, 3), (1, -3), (1, -2), (1, -1), (1, 0), (1, 1), (1, 2), (1, 3), (2, -3), (2, -2), (2, -1), (2, 0), (2, 1), (2, 2), (2, 3), (3, -3), (3, -2), (3, -1), (3, 0), (3, 1), (3, 2), (3, 3)]
2025-11-23 17:27:25.933 | INFO     | env.satellite_mac_env:_decode_combo_component:220 - self._delta_pairs [(-3, -3), (-3, -2), (-3, -1), (-3, 0), (-3, 1), (-3, 2), (-3, 3), (-2, -3), (-2, -2), (-2, -1), (-2, 0), (-2, 1), (-2, 2), (-2, 3), (-1, -3), (-1, -2), (-1, -1), (-1, 0), (-1, 1), (-1, 2), (-1, 3), (0, -3), (0, -2), (0, -1), (0, 0), (0, 1), (0, 2), (0, 3), (1, -3), (1, -2), (1, -1), (1, 0), (1, 1), (1, 2), (1, 3), (2, -3), (2, -2), (2, -1), (2, 0), (2, 1), (2, 2), (2, 3), (3, -3), (3, -2), (3, -1), (3, 0), (3, 1), (3, 2), (3, 3)]
2025-11-23 17:27:25.934 | INFO     | env.satellite_mac_env:_decode_combo_component:220 - self._delta_pairs [(-3, -3), (-3, -2), (-3, -1), (-3, 0), (-3, 1), (-3, 2), (-3, 3), (-2, -3), (-2, -2), (-2, -1), (-2, 0), (-2, 1), (-2, 2), (-2, 3), (-1, -3), (-1, -2), (-1, -1), (-1, 0), (-1, 1), (-1, 2), (-1, 3), (0, -3), (0, -2), (0, -1), (0, 0), (0, 1), (0, 2), (0, 3), (1, -3), (1, -2), (1, -1), (1, 0), (1, 1), (1, 2), (1, 3), (2, -3), (2, -2), (2, -1), (2, 0), (2, 1), (2, 2), (2, 3), (3, -3), (3, -2), (3, -1), (3, 0), (3, 1), (3, 2), (3, 3)]
2025-11-23 17:27:25.938 | INFO     | env.satellite_mac_env:_decode_combo_component:220 - self._delta_pairs [(-3, -3), (-3, -2), (-3, -1), (-3, 0), (-3, 1), (-3, 2), (-3, 3), (-2, -3), (-2, -2), (-2, -1), (-2, 0), (-2, 1), (-2, 2), (-2, 3), (-1, -3), (-1, -2), (-1, -1), (-1, 0), (-1, 1), (-1, 2), (-1, 3), (0, -3), (0, -2), (0, -1), (0, 0), (0, 1), (0, 2), (0, 3), (1, -3), (1, -2), (1, -1), (1, 0), (1, 1), (1, 2), (1, 3), (2, -3), (2, -2), (2, -1), (2, 0), (2, 1), (2, 2), (2, 3), (3, -3), (3, -2), (3, -1), (3, 0), (3, 1), (3, 2), (3, 3)]
2025-11-23 17:27:25.940 | INFO     | env.satellite_mac_env:_decode_combo_component:220 - self._delta_pairs [(-3, -3), (-3, -2), (-3, -1), (-3, 0), (-3, 1), (-3, 2), (-3, 3), (-2, -3), (-2, -2), (-2, -1), (-2, 0), (-2, 1), (-2, 2), (-2, 3), (-1, -3), (-1, -2), (-1, -1), (-1, 0), (-1, 1), (-1, 2), (-1, 3), (0, -3), (0, -2), (0, -1), (0, 0), (0, 1), (0, 2), (0, 3), (1, -3), (1, -2), (1, -1), (1, 0), (1, 1), (1, 2), (1, 3), (2, -3), (2, -2), (2, -1), (2, 0), (2, 1), (2, 2), (2, 3), (3, -3), (3, -2), (3, -1), (3, 0), (3, 1), (3, 2), (3, 3)]
2025-11-23 17:27:25.941 | INFO     | env.satellite_mac_env:_decode_combo_component:220 - self._delta_pairs [(-3, -3), (-3, -2), (-3, -1), (-3, 0), (-3, 1), (-3, 2), (-3, 3), (-2, -3), (-2, -2), (-2, -1), (-2, 0), (-2, 1), (-2, 2), (-2, 3), (-1, -3), (-1, -2), (-1, -1), (-1, 0), (-1, 1), (-1, 2), (-1, 3), (0, -3), (0, -2), (0, -1), (0, 0), (0, 1), (0, 2), (0, 3), (1, -3), (1, -2), (1, -1), (1, 0), (1, 1), (1, 2), (1, 3), (2, -3), (2, -2), (2, -1), (2, 0), (2, 1), (2, 2), (2, 3), (3, -3), (3, -2), (3, -1), (3, 0), (3, 1), (3, 2), (3, 3)]
2025-11-23 17:27:25.942 | INFO     | env.satellite_mac_env:_decode_combo_component:220 - self._delta_pairs [(-3, -3), (-3, -2), (-3, -1), (-3, 0), (-3, 1), (-3, 2), (-3, 3), (-2, -3), (-2, -2), (-2, -1), (-2, 0), (-2, 1), (-2, 2), (-2, 3), (-1, -3), (-1, -2), (-1, -1), (-1, 0), (-1, 1), (-1, 2), (-1, 3), (0, -3), (0, -2), (0, -1), (0, 0), (0, 1), (0, 2), (0, 3), (1, -3), (1, -2), (1, -1), (1, 0), (1, 1), (1, 2), (1, 3), (2, -3), (2, -2), (2, -1), (2, 0), (2, 1), (2, 2), (2, 3), (3, -3), (3, -2), (3, -1), (3, 0), (3, 1), (3, 2), (3, 3)]
2025-11-23 17:27:25.945 | INFO     | env.satellite_mac_env:_decode_combo_component:220 - self._delta_pairs [(-3, -3), (-3, -2), (-3, -1), (-3, 0), (-3, 1), (-3, 2), (-3, 3), (-2, -3), (-2, -2), (-2, -1), (-2, 0), (-2, 1), (-2, 2), (-2, 3), (-1, -3), (-1, -2), (-1, -1), (-1, 0), (-1, 1), (-1, 2), (-1, 3), (0, -3), (0, -2), (0, -1), (0, 0), (0, 1), (0, 2), (0, 3), (1, -3), (1, -2), (1, -1), (1, 0), (1, 1), (1, 2), (1, 3), (2, -3), (2, -2), (2, -1), (2, 0), (2, 1), (2, 2), (2, 3), (3, -3), (3, -2), (3, -1), (3, 0), (3, 1), (3, 2), (3, 3)]
2025-11-23 17:27:25.947 | INFO     | env.satellite_mac_env:_decode_combo_component:220 - self._delta_pairs [(-3, -3), (-3, -2), (-3, -1), (-3, 0), (-3, 1), (-3, 2), (-3, 3), (-2, -3), (-2, -2), (-2, -1), (-2, 0), (-2, 1), (-2, 2), (-2, 3), (-1, -3), (-1, -2), (-1, -1), (-1, 0), (-1, 1), (-1, 2), (-1, 3), (0, -3), (0, -2), (0, -1), (0, 0), (0, 1), (0, 2), (0, 3), (1, -3), (1, -2), (1, -1), (1, 0), (1, 1), (1, 2), (1, 3), (2, -3), (2, -2), (2, -1), (2, 0), (2, 1), (2, 2), (2, 3), (3, -3), (3, -2), (3, -1), (3, 0), (3, 1), (3, 2), (3, 3)]
2025-11-23 17:27:25.948 | INFO     | env.satellite_mac_env:_decode_combo_component:220 - self._delta_pairs [(-3, -3), (-3, -2), (-3, -1), (-3, 0), (-3, 1), (-3, 2), (-3, 3), (-2, -3), (-2, -2), (-2, -1), (-2, 0), (-2, 1), (-2, 2), (-2, 3), (-1, -3), (-1, -2), (-1, -1), (-1, 0), (-1, 1), (-1, 2), (-1, 3), (0, -3), (0, -2), (0, -1), (0, 0), (0, 1), (0, 2), (0, 3), (1, -3), (1, -2), (1, -1), (1, 0), (1, 1), (1, 2), (1, 3), (2, -3), (2, -2), (2, -1), (2, 0), (2, 1), (2, 2), (2, 3), (3, -3), (3, -2), (3, -1), (3, 0), (3, 1), (3, 2), (3, 3)]
2025-11-23 17:27:25.949 | INFO     | env.satellite_mac_env:_decode_combo_component:220 - self._delta_pairs [(-3, -3), (-3, -2), (-3, -1), (-3, 0), (-3, 1), (-3, 2), (-3, 3), (-2, -3), (-2, -2), (-2, -1), (-2, 0), (-2, 1), (-2, 2), (-2, 3), (-1, -3), (-1, -2), (-1, -1), (-1, 0), (-1, 1), (-1, 2), (-1, 3), (0, -3), (0, -2), (0, -1), (0, 0), (0, 1), (0, 2), (0, 3), (1, -3), (1, -2), (1, -1), (1, 0), (1, 1), (1, 2), (1, 3), (2, -3), (2, -2), (2, -1), (2, 0), (2, 1), (2, 2), (2, 3), (3, -3), (3, -2), (3, -1), (3, 0), (3, 1), (3, 2), (3, 3)]
2025-11-23 17:27:25.952 | INFO     | env.satellite_mac_env:_decode_combo_component:220 - self._delta_pairs [(-3, -3), (-3, -2), (-3, -1), (-3, 0), (-3, 1), (-3, 2), (-3, 3), (-2, -3), (-2, -2), (-2, -1), (-2, 0), (-2, 1), (-2, 2), (-2, 3), (-1, -3), (-1, -2), (-1, -1), (-1, 0), (-1, 1), (-1, 2), (-1, 3), (0, -3), (0, -2), (0, -1), (0, 0), (0, 1), (0, 2), (0, 3), (1, -3), (1, -2), (1, -1), (1, 0), (1, 1), (1, 2), (1, 3), (2, -3), (2, -2), (2, -1), (2, 0), (2, 1), (2, 2), (2, 3), (3, -3), (3, -2), (3, -1), (3, 0), (3, 1), (3, 2), (3, 3)]
2025-11-23 17:27:25.954 | INFO     | env.satellite_mac_env:_decode_combo_component:220 - self._delta_pairs [(-3, -3), (-3, -2), (-3, -1), (-3, 0), (-3, 1), (-3, 2), (-3, 3), (-2, -3), (-2, -2), (-2, -1), (-2, 0), (-2, 1), (-2, 2), (-2, 3), (-1, -3), (-1, -2), (-1, -1), (-1, 0), (-1, 1), (-1, 2), (-1, 3), (0, -3), (0, -2), (0, -1), (0, 0), (0, 1), (0, 2), (0, 3), (1, -3), (1, -2), (1, -1), (1, 0), (1, 1), (1, 2), (1, 3), (2, -3), (2, -2), (2, -1), (2, 0), (2, 1), (2, 2), (2, 3), (3, -3), (3, -2), (3, -1), (3, 0), (3, 1), (3, 2), (3, 3)]
2025-11-23 17:27:25.955 | INFO     | env.satellite_mac_env:_decode_combo_component:220 - self._delta_pairs [(-3, -3), (-3, -2), (-3, -1), (-3, 0), (-3, 1), (-3, 2), (-3, 3), (-2, -3), (-2, -2), (-2, -1), (-2, 0), (-2, 1), (-2, 2), (-2, 3), (-1, -3), (-1, -2), (-1, -1), (-1, 0), (-1, 1), (-1, 2), (-1, 3), (0, -3), (0, -2), (0, -1), (0, 0), (0, 1), (0, 2), (0, 3), (1, -3), (1, -2), (1, -1), (1, 0), (1, 1), (1, 2), (1, 3), (2, -3), (2, -2), (2, -1), (2, 0), (2, 1), (2, 2), (2, 3), (3, -3), (3, -2), (3, -1), (3, 0), (3, 1), (3, 2), (3, 3)]
2025-11-23 17:27:25.956 | INFO     | env.satellite_mac_env:_decode_combo_component:220 - self._delta_pairs [(-3, -3), (-3, -2), (-3, -1), (-3, 0), (-3, 1), (-3, 2), (-3, 3), (-2, -3), (-2, -2), (-2, -1), (-2, 0), (-2, 1), (-2, 2), (-2, 3), (-1, -3), (-1, -2), (-1, -1), (-1, 0), (-1, 1), (-1, 2), (-1, 3), (0, -3), (0, -2), (0, -1), (0, 0), (0, 1), (0, 2), (0, 3), (1, -3), (1, -2), (1, -1), (1, 0), (1, 1), (1, 2), (1, 3), (2, -3), (2, -2), (2, -1), (2, 0), (2, 1), (2, 2), (2, 3), (3, -3), (3, -2), (3, -1), (3, 0), (3, 1), (3, 2), (3, 3)]
2025-11-23 17:27:25.960 | INFO     | env.satellite_mac_env:_decode_combo_component:220 - self._delta_pairs [(-3, -3), (-3, -2), (-3, -1), (-3, 0), (-3, 1), (-3, 2), (-3, 3), (-2, -3), (-2, -2), (-2, -1), (-2, 0), (-2, 1), (-2, 2), (-2, 3), (-1, -3), (-1, -2), (-1, -1), (-1, 0), (-1, 1), (-1, 2), (-1, 3), (0, -3), (0, -2), (0, -1), (0, 0), (0, 1), (0, 2), (0, 3), (1, -3), (1, -2), (1, -1), (1, 0), (1, 1), (1, 2), (1, 3), (2, -3), (2, -2), (2, -1), (2, 0), (2, 1), (2, 2), (2, 3), (3, -3), (3, -2), (3, -1), (3, 0), (3, 1), (3, 2), (3, 3)]
2025-11-23 17:27:25.961 | INFO     | env.satellite_mac_env:_decode_combo_component:220 - self._delta_pairs [(-3, -3), (-3, -2), (-3, -1), (-3, 0), (-3, 1), (-3, 2), (-3, 3), (-2, -3), (-2, -2), (-2, -1), (-2, 0), (-2, 1), (-2, 2), (-2, 3), (-1, -3), (-1, -2), (-1, -1), (-1, 0), (-1, 1), (-1, 2), (-1, 3), (0, -3), (0, -2), (0, -1), (0, 0), (0, 1), (0, 2), (0, 3), (1, -3), (1, -2), (1, -1), (1, 0), (1, 1), (1, 2), (1, 3), (2, -3), (2, -2), (2, -1), (2, 0), (2, 1), (2, 2), (2, 3), (3, -3), (3, -2), (3, -1), (3, 0), (3, 1), (3, 2), (3, 3)]
2025-11-23 17:27:25.962 | INFO     | env.satellite_mac_env:_decode_combo_component:220 - self._delta_pairs [(-3, -3), (-3, -2), (-3, -1), (-3, 0), (-3, 1), (-3, 2), (-3, 3), (-2, -3), (-2, -2), (-2, -1), (-2, 0), (-2, 1), (-2, 2), (-2, 3), (-1, -3), (-1, -2), (-1, -1), (-1, 0), (-1, 1), (-1, 2), (-1, 3), (0, -3), (0, -2), (0, -1), (0, 0), (0, 1), (0, 2), (0, 3), (1, -3), (1, -2), (1, -1), (1, 0), (1, 1), (1, 2), (1, 3), (2, -3), (2, -2), (2, -1), (2, 0), (2, 1), (2, 2), (2, 3), (3, -3), (3, -2), (3, -1), (3, 0), (3, 1), (3, 2), (3, 3)]
2025-11-23 17:27:25.963 | INFO     | env.satellite_mac_env:_decode_combo_component:220 - self._delta_pairs [(-3, -3), (-3, -2), (-3, -1), (-3, 0), (-3, 1), (-3, 2), (-3, 3), (-2, -3), (-2, -2), (-2, -1), (-2, 0), (-2, 1), (-2, 2), (-2, 3), (-1, -3), (-1, -2), (-1, -1), (-1, 0), (-1, 1), (-1, 2), (-1, 3), (0, -3), (0, -2), (0, -1), (0, 0), (0, 1), (0, 2), (0, 3), (1, -3), (1, -2), (1, -1), (1, 0), (1, 1), (1, 2), (1, 3), (2, -3), (2, -2), (2, -1), (2, 0), (2, 1), (2, 2), (2, 3), (3, -3), (3, -2), (3, -1), (3, 0), (3, 1), (3, 2), (3, 3)]
2025-11-23 17:27:25.966 | INFO     | env.satellite_mac_env:_decode_combo_component:220 - self._delta_pairs [(-3, -3), (-3, -2), (-3, -1), (-3, 0), (-3, 1), (-3, 2), (-3, 3), (-2, -3), (-2, -2), (-2, -1), (-2, 0), (-2, 1), (-2, 2), (-2, 3), (-1, -3), (-1, -2), (-1, -1), (-1, 0), (-1, 1), (-1, 2), (-1, 3), (0, -3), (0, -2), (0, -1), (0, 0), (0, 1), (0, 2), (0, 3), (1, -3), (1, -2), (1, -1), (1, 0), (1, 1), (1, 2), (1, 3), (2, -3), (2, -2), (2, -1), (2, 0), (2, 1), (2, 2), (2, 3), (3, -3), (3, -2), (3, -1), (3, 0), (3, 1), (3, 2), (3, 3)]
2025-11-23 17:27:25.968 | INFO     | env.satellite_mac_env:_decode_combo_component:220 - self._delta_pairs [(-3, -3), (-3, -2), (-3, -1), (-3, 0), (-3, 1), (-3, 2), (-3, 3), (-2, -3), (-2, -2), (-2, -1), (-2, 0), (-2, 1), (-2, 2), (-2, 3), (-1, -3), (-1, -2), (-1, -1), (-1, 0), (-1, 1), (-1, 2), (-1, 3), (0, -3), (0, -2), (0, -1), (0, 0), (0, 1), (0, 2), (0, 3), (1, -3), (1, -2), (1, -1), (1, 0), (1, 1), (1, 2), (1, 3), (2, -3), (2, -2), (2, -1), (2, 0), (2, 1), (2, 2), (2, 3), (3, -3), (3, -2), (3, -1), (3, 0), (3, 1), (3, 2), (3, 3)]
2025-11-23 17:27:25.969 | INFO     | env.satellite_mac_env:_decode_combo_component:220 - self._delta_pairs [(-3, -3), (-3, -2), (-3, -1), (-3, 0), (-3, 1), (-3, 2), (-3, 3), (-2, -3), (-2, -2), (-2, -1), (-2, 0), (-2, 1), (-2, 2), (-2, 3), (-1, -3), (-1, -2), (-1, -1), (-1, 0), (-1, 1), (-1, 2), (-1, 3), (0, -3), (0, -2), (0, -1), (0, 0), (0, 1), (0, 2), (0, 3), (1, -3), (1, -2), (1, -1), (1, 0), (1, 1), (1, 2), (1, 3), (2, -3), (2, -2), (2, -1), (2, 0), (2, 1), (2, 2), (2, 3), (3, -3), (3, -2), (3, -1), (3, 0), (3, 1), (3, 2), (3, 3)]
2025-11-23 17:27:25.971 | INFO     | env.satellite_mac_env:_decode_combo_component:220 - self._delta_pairs [(-3, -3), (-3, -2), (-3, -1), (-3, 0), (-3, 1), (-3, 2), (-3, 3), (-2, -3), (-2, -2), (-2, -1), (-2, 0), (-2, 1), (-2, 2), (-2, 3), (-1, -3), (-1, -2), (-1, -1), (-1, 0), (-1, 1), (-1, 2), (-1, 3), (0, -3), (0, -2), (0, -1), (0, 0), (0, 1), (0, 2), (0, 3), (1, -3), (1, -2), (1, -1), (1, 0), (1, 1), (1, 2), (1, 3), (2, -3), (2, -2), (2, -1), (2, 0), (2, 1), (2, 2), (2, 3), (3, -3), (3, -2), (3, -1), (3, 0), (3, 1), (3, 2), (3, 3)]
2025-11-23 17:27:25.975 | INFO     | env.satellite_mac_env:_decode_combo_component:220 - self._delta_pairs [(-3, -3), (-3, -2), (-3, -1), (-3, 0), (-3, 1), (-3, 2), (-3, 3), (-2, -3), (-2, -2), (-2, -1), (-2, 0), (-2, 1), (-2, 2), (-2, 3), (-1, -3), (-1, -2), (-1, -1), (-1, 0), (-1, 1), (-1, 2), (-1, 3), (0, -3), (0, -2), (0, -1), (0, 0), (0, 1), (0, 2), (0, 3), (1, -3), (1, -2), (1, -1), (1, 0), (1, 1), (1, 2), (1, 3), (2, -3), (2, -2), (2, -1), (2, 0), (2, 1), (2, 2), (2, 3), (3, -3), (3, -2), (3, -1), (3, 0), (3, 1), (3, 2), (3, 3)]
2025-11-23 17:27:25.977 | INFO     | env.satellite_mac_env:_decode_combo_component:220 - self._delta_pairs [(-3, -3), (-3, -2), (-3, -1), (-3, 0), (-3, 1), (-3, 2), (-3, 3), (-2, -3), (-2, -2), (-2, -1), (-2, 0), (-2, 1), (-2, 2), (-2, 3), (-1, -3), (-1, -2), (-1, -1), (-1, 0), (-1, 1), (-1, 2), (-1, 3), (0, -3), (0, -2), (0, -1), (0, 0), (0, 1), (0, 2), (0, 3), (1, -3), (1, -2), (1, -1), (1, 0), (1, 1), (1, 2), (1, 3), (2, -3), (2, -2), (2, -1), (2, 0), (2, 1), (2, 2), (2, 3), (3, -3), (3, -2), (3, -1), (3, 0), (3, 1), (3, 2), (3, 3)]
2025-11-23 17:27:25.978 | INFO     | env.satellite_mac_env:_decode_combo_component:220 - self._delta_pairs [(-3, -3), (-3, -2), (-3, -1), (-3, 0), (-3, 1), (-3, 2), (-3, 3), (-2, -3), (-2, -2), (-2, -1), (-2, 0), (-2, 1), (-2, 2), (-2, 3), (-1, -3), (-1, -2), (-1, -1), (-1, 0), (-1, 1), (-1, 2), (-1, 3), (0, -3), (0, -2), (0, -1), (0, 0), (0, 1), (0, 2), (0, 3), (1, -3), (1, -2), (1, -1), (1, 0), (1, 1), (1, 2), (1, 3), (2, -3), (2, -2), (2, -1), (2, 0), (2, 1), (2, 2), (2, 3), (3, -3), (3, -2), (3, -1), (3, 0), (3, 1), (3, 2), (3, 3)]
2025-11-23 17:27:25.979 | INFO     | env.satellite_mac_env:_decode_combo_component:220 - self._delta_pairs [(-3, -3), (-3, -2), (-3, -1), (-3, 0), (-3, 1), (-3, 2), (-3, 3), (-2, -3), (-2, -2), (-2, -1), (-2, 0), (-2, 1), (-2, 2), (-2, 3), (-1, -3), (-1, -2), (-1, -1), (-1, 0), (-1, 1), (-1, 2), (-1, 3), (0, -3), (0, -2), (0, -1), (0, 0), (0, 1), (0, 2), (0, 3), (1, -3), (1, -2), (1, -1), (1, 0), (1, 1), (1, 2), (1, 3), (2, -3), (2, -2), (2, -1), (2, 0), (2, 1), (2, 2), (2, 3), (3, -3), (3, -2), (3, -1), (3, 0), (3, 1), (3, 2), (3, 3)]
2025-11-23 17:27:25.982 | INFO     | env.satellite_mac_env:_decode_combo_component:220 - self._delta_pairs [(-3, -3), (-3, -2), (-3, -1), (-3, 0), (-3, 1), (-3, 2), (-3, 3), (-2, -3), (-2, -2), (-2, -1), (-2, 0), (-2, 1), (-2, 2), (-2, 3), (-1, -3), (-1, -2), (-1, -1), (-1, 0), (-1, 1), (-1, 2), (-1, 3), (0, -3), (0, -2), (0, -1), (0, 0), (0, 1), (0, 2), (0, 3), (1, -3), (1, -2), (1, -1), (1, 0), (1, 1), (1, 2), (1, 3), (2, -3), (2, -2), (2, -1), (2, 0), (2, 1), (2, 2), (2, 3), (3, -3), (3, -2), (3, -1), (3, 0), (3, 1), (3, 2), (3, 3)]
2025-11-23 17:27:25.983 | INFO     | env.satellite_mac_env:_decode_combo_component:220 - self._delta_pairs [(-3, -3), (-3, -2), (-3, -1), (-3, 0), (-3, 1), (-3, 2), (-3, 3), (-2, -3), (-2, -2), (-2, -1), (-2, 0), (-2, 1), (-2, 2), (-2, 3), (-1, -3), (-1, -2), (-1, -1), (-1, 0), (-1, 1), (-1, 2), (-1, 3), (0, -3), (0, -2), (0, -1), (0, 0), (0, 1), (0, 2), (0, 3), (1, -3), (1, -2), (1, -1), (1, 0), (1, 1), (1, 2), (1, 3), (2, -3), (2, -2), (2, -1), (2, 0), (2, 1), (2, 2), (2, 3), (3, -3), (3, -2), (3, -1), (3, 0), (3, 1), (3, 2), (3, 3)]
2025-11-23 17:27:25.984 | INFO     | env.satellite_mac_env:_decode_combo_component:220 - self._delta_pairs [(-3, -3), (-3, -2), (-3, -1), (-3, 0), (-3, 1), (-3, 2), (-3, 3), (-2, -3), (-2, -2), (-2, -1), (-2, 0), (-2, 1), (-2, 2), (-2, 3), (-1, -3), (-1, -2), (-1, -1), (-1, 0), (-1, 1), (-1, 2), (-1, 3), (0, -3), (0, -2), (0, -1), (0, 0), (0, 1), (0, 2), (0, 3), (1, -3), (1, -2), (1, -1), (1, 0), (1, 1), (1, 2), (1, 3), (2, -3), (2, -2), (2, -1), (2, 0), (2, 1), (2, 2), (2, 3), (3, -3), (3, -2), (3, -1), (3, 0), (3, 1), (3, 2), (3, 3)]
2025-11-23 17:27:25.986 | INFO     | env.satellite_mac_env:_decode_combo_component:220 - self._delta_pairs [(-3, -3), (-3, -2), (-3, -1), (-3, 0), (-3, 1), (-3, 2), (-3, 3), (-2, -3), (-2, -2), (-2, -1), (-2, 0), (-2, 1), (-2, 2), (-2, 3), (-1, -3), (-1, -2), (-1, -1), (-1, 0), (-1, 1), (-1, 2), (-1, 3), (0, -3), (0, -2), (0, -1), (0, 0), (0, 1), (0, 2), (0, 3), (1, -3), (1, -2), (1, -1), (1, 0), (1, 1), (1, 2), (1, 3), (2, -3), (2, -2), (2, -1), (2, 0), (2, 1), (2, 2), (2, 3), (3, -3), (3, -2), (3, -1), (3, 0), (3, 1), (3, 2), (3, 3)]
2025-11-23 17:27:25.989 | INFO     | env.satellite_mac_env:_decode_combo_component:220 - self._delta_pairs [(-3, -3), (-3, -2), (-3, -1), (-3, 0), (-3, 1), (-3, 2), (-3, 3), (-2, -3), (-2, -2), (-2, -1), (-2, 0), (-2, 1), (-2, 2), (-2, 3), (-1, -3), (-1, -2), (-1, -1), (-1, 0), (-1, 1), (-1, 2), (-1, 3), (0, -3), (0, -2), (0, -1), (0, 0), (0, 1), (0, 2), (0, 3), (1, -3), (1, -2), (1, -1), (1, 0), (1, 1), (1, 2), (1, 3), (2, -3), (2, -2), (2, -1), (2, 0), (2, 1), (2, 2), (2, 3), (3, -3), (3, -2), (3, -1), (3, 0), (3, 1), (3, 2), (3, 3)]
2025-11-23 17:27:25.991 | INFO     | env.satellite_mac_env:_decode_combo_component:220 - self._delta_pairs [(-3, -3), (-3, -2), (-3, -1), (-3, 0), (-3, 1), (-3, 2), (-3, 3), (-2, -3), (-2, -2), (-2, -1), (-2, 0), (-2, 1), (-2, 2), (-2, 3), (-1, -3), (-1, -2), (-1, -1), (-1, 0), (-1, 1), (-1, 2), (-1, 3), (0, -3), (0, -2), (0, -1), (0, 0), (0, 1), (0, 2), (0, 3), (1, -3), (1, -2), (1, -1), (1, 0), (1, 1), (1, 2), (1, 3), (2, -3), (2, -2), (2, -1), (2, 0), (2, 1), (2, 2), (2, 3), (3, -3), (3, -2), (3, -1), (3, 0), (3, 1), (3, 2), (3, 3)]
2025-11-23 17:27:25.992 | INFO     | env.satellite_mac_env:_decode_combo_component:220 - self._delta_pairs [(-3, -3), (-3, -2), (-3, -1), (-3, 0), (-3, 1), (-3, 2), (-3, 3), (-2, -3), (-2, -2), (-2, -1), (-2, 0), (-2, 1), (-2, 2), (-2, 3), (-1, -3), (-1, -2), (-1, -1), (-1, 0), (-1, 1), (-1, 2), (-1, 3), (0, -3), (0, -2), (0, -1), (0, 0), (0, 1), (0, 2), (0, 3), (1, -3), (1, -2), (1, -1), (1, 0), (1, 1), (1, 2), (1, 3), (2, -3), (2, -2), (2, -1), (2, 0), (2, 1), (2, 2), (2, 3), (3, -3), (3, -2), (3, -1), (3, 0), (3, 1), (3, 2), (3, 3)]
2025-11-23 17:27:25.994 | INFO     | env.satellite_mac_env:_decode_combo_component:220 - self._delta_pairs [(-3, -3), (-3, -2), (-3, -1), (-3, 0), (-3, 1), (-3, 2), (-3, 3), (-2, -3), (-2, -2), (-2, -1), (-2, 0), (-2, 1), (-2, 2), (-2, 3), (-1, -3), (-1, -2), (-1, -1), (-1, 0), (-1, 1), (-1, 2), (-1, 3), (0, -3), (0, -2), (0, -1), (0, 0), (0, 1), (0, 2), (0, 3), (1, -3), (1, -2), (1, -1), (1, 0), (1, 1), (1, 2), (1, 3), (2, -3), (2, -2), (2, -1), (2, 0), (2, 1), (2, 2), (2, 3), (3, -3), (3, -2), (3, -1), (3, 0), (3, 1), (3, 2), (3, 3)]
2025-11-23 17:27:25.997 | INFO     | env.satellite_mac_env:_decode_combo_component:220 - self._delta_pairs [(-3, -3), (-3, -2), (-3, -1), (-3, 0), (-3, 1), (-3, 2), (-3, 3), (-2, -3), (-2, -2), (-2, -1), (-2, 0), (-2, 1), (-2, 2), (-2, 3), (-1, -3), (-1, -2), (-1, -1), (-1, 0), (-1, 1), (-1, 2), (-1, 3), (0, -3), (0, -2), (0, -1), (0, 0), (0, 1), (0, 2), (0, 3), (1, -3), (1, -2), (1, -1), (1, 0), (1, 1), (1, 2), (1, 3), (2, -3), (2, -2), (2, -1), (2, 0), (2, 1), (2, 2), (2, 3), (3, -3), (3, -2), (3, -1), (3, 0), (3, 1), (3, 2), (3, 3)]
2025-11-23 17:27:25.998 | INFO     | env.satellite_mac_env:_decode_combo_component:220 - self._delta_pairs [(-3, -3), (-3, -2), (-3, -1), (-3, 0), (-3, 1), (-3, 2), (-3, 3), (-2, -3), (-2, -2), (-2, -1), (-2, 0), (-2, 1), (-2, 2), (-2, 3), (-1, -3), (-1, -2), (-1, -1), (-1, 0), (-1, 1), (-1, 2), (-1, 3), (0, -3), (0, -2), (0, -1), (0, 0), (0, 1), (0, 2), (0, 3), (1, -3), (1, -2), (1, -1), (1, 0), (1, 1), (1, 2), (1, 3), (2, -3), (2, -2), (2, -1), (2, 0), (2, 1), (2, 2), (2, 3), (3, -3), (3, -2), (3, -1), (3, 0), (3, 1), (3, 2), (3, 3)]
2025-11-23 17:27:25.999 | INFO     | env.satellite_mac_env:_decode_combo_component:220 - self._delta_pairs [(-3, -3), (-3, -2), (-3, -1), (-3, 0), (-3, 1), (-3, 2), (-3, 3), (-2, -3), (-2, -2), (-2, -1), (-2, 0), (-2, 1), (-2, 2), (-2, 3), (-1, -3), (-1, -2), (-1, -1), (-1, 0), (-1, 1), (-1, 2), (-1, 3), (0, -3), (0, -2), (0, -1), (0, 0), (0, 1), (0, 2), (0, 3), (1, -3), (1, -2), (1, -1), (1, 0), (1, 1), (1, 2), (1, 3), (2, -3), (2, -2), (2, -1), (2, 0), (2, 1), (2, 2), (2, 3), (3, -3), (3, -2), (3, -1), (3, 0), (3, 1), (3, 2), (3, 3)]
2025-11-23 17:27:26.000 | INFO     | env.satellite_mac_env:_decode_combo_component:220 - self._delta_pairs [(-3, -3), (-3, -2), (-3, -1), (-3, 0), (-3, 1), (-3, 2), (-3, 3), (-2, -3), (-2, -2), (-2, -1), (-2, 0), (-2, 1), (-2, 2), (-2, 3), (-1, -3), (-1, -2), (-1, -1), (-1, 0), (-1, 1), (-1, 2), (-1, 3), (0, -3), (0, -2), (0, -1), (0, 0), (0, 1), (0, 2), (0, 3), (1, -3), (1, -2), (1, -1), (1, 0), (1, 1), (1, 2), (1, 3), (2, -3), (2, -2), (2, -1), (2, 0), (2, 1), (2, 2), (2, 3), (3, -3), (3, -2), (3, -1), (3, 0), (3, 1), (3, 2), (3, 3)]
2025-11-23 17:27:26.004 | INFO     | env.satellite_mac_env:_decode_combo_component:220 - self._delta_pairs [(-3, -3), (-3, -2), (-3, -1), (-3, 0), (-3, 1), (-3, 2), (-3, 3), (-2, -3), (-2, -2), (-2, -1), (-2, 0), (-2, 1), (-2, 2), (-2, 3), (-1, -3), (-1, -2), (-1, -1), (-1, 0), (-1, 1), (-1, 2), (-1, 3), (0, -3), (0, -2), (0, -1), (0, 0), (0, 1), (0, 2), (0, 3), (1, -3), (1, -2), (1, -1), (1, 0), (1, 1), (1, 2), (1, 3), (2, -3), (2, -2), (2, -1), (2, 0), (2, 1), (2, 2), (2, 3), (3, -3), (3, -2), (3, -1), (3, 0), (3, 1), (3, 2), (3, 3)]
2025-11-23 17:27:26.006 | INFO     | env.satellite_mac_env:_decode_combo_component:220 - self._delta_pairs [(-3, -3), (-3, -2), (-3, -1), (-3, 0), (-3, 1), (-3, 2), (-3, 3), (-2, -3), (-2, -2), (-2, -1), (-2, 0), (-2, 1), (-2, 2), (-2, 3), (-1, -3), (-1, -2), (-1, -1), (-1, 0), (-1, 1), (-1, 2), (-1, 3), (0, -3), (0, -2), (0, -1), (0, 0), (0, 1), (0, 2), (0, 3), (1, -3), (1, -2), (1, -1), (1, 0), (1, 1), (1, 2), (1, 3), (2, -3), (2, -2), (2, -1), (2, 0), (2, 1), (2, 2), (2, 3), (3, -3), (3, -2), (3, -1), (3, 0), (3, 1), (3, 2), (3, 3)]
2025-11-23 17:27:26.007 | INFO     | env.satellite_mac_env:_decode_combo_component:220 - self._delta_pairs [(-3, -3), (-3, -2), (-3, -1), (-3, 0), (-3, 1), (-3, 2), (-3, 3), (-2, -3), (-2, -2), (-2, -1), (-2, 0), (-2, 1), (-2, 2), (-2, 3), (-1, -3), (-1, -2), (-1, -1), (-1, 0), (-1, 1), (-1, 2), (-1, 3), (0, -3), (0, -2), (0, -1), (0, 0), (0, 1), (0, 2), (0, 3), (1, -3), (1, -2), (1, -1), (1, 0), (1, 1), (1, 2), (1, 3), (2, -3), (2, -2), (2, -1), (2, 0), (2, 1), (2, 2), (2, 3), (3, -3), (3, -2), (3, -1), (3, 0), (3, 1), (3, 2), (3, 3)]
2025-11-23 17:27:26.008 | INFO     | env.satellite_mac_env:_decode_combo_component:220 - self._delta_pairs [(-3, -3), (-3, -2), (-3, -1), (-3, 0), (-3, 1), (-3, 2), (-3, 3), (-2, -3), (-2, -2), (-2, -1), (-2, 0), (-2, 1), (-2, 2), (-2, 3), (-1, -3), (-1, -2), (-1, -1), (-1, 0), (-1, 1), (-1, 2), (-1, 3), (0, -3), (0, -2), (0, -1), (0, 0), (0, 1), (0, 2), (0, 3), (1, -3), (1, -2), (1, -1), (1, 0), (1, 1), (1, 2), (1, 3), (2, -3), (2, -2), (2, -1), (2, 0), (2, 1), (2, 2), (2, 3), (3, -3), (3, -2), (3, -1), (3, 0), (3, 1), (3, 2), (3, 3)]
2025-11-23 17:27:26.011 | INFO     | env.satellite_mac_env:_decode_combo_component:220 - self._delta_pairs [(-3, -3), (-3, -2), (-3, -1), (-3, 0), (-3, 1), (-3, 2), (-3, 3), (-2, -3), (-2, -2), (-2, -1), (-2, 0), (-2, 1), (-2, 2), (-2, 3), (-1, -3), (-1, -2), (-1, -1), (-1, 0), (-1, 1), (-1, 2), (-1, 3), (0, -3), (0, -2), (0, -1), (0, 0), (0, 1), (0, 2), (0, 3), (1, -3), (1, -2), (1, -1), (1, 0), (1, 1), (1, 2), (1, 3), (2, -3), (2, -2), (2, -1), (2, 0), (2, 1), (2, 2), (2, 3), (3, -3), (3, -2), (3, -1), (3, 0), (3, 1), (3, 2), (3, 3)]
2025-11-23 17:27:26.013 | INFO     | env.satellite_mac_env:_decode_combo_component:220 - self._delta_pairs [(-3, -3), (-3, -2), (-3, -1), (-3, 0), (-3, 1), (-3, 2), (-3, 3), (-2, -3), (-2, -2), (-2, -1), (-2, 0), (-2, 1), (-2, 2), (-2, 3), (-1, -3), (-1, -2), (-1, -1), (-1, 0), (-1, 1), (-1, 2), (-1, 3), (0, -3), (0, -2), (0, -1), (0, 0), (0, 1), (0, 2), (0, 3), (1, -3), (1, -2), (1, -1), (1, 0), (1, 1), (1, 2), (1, 3), (2, -3), (2, -2), (2, -1), (2, 0), (2, 1), (2, 2), (2, 3), (3, -3), (3, -2), (3, -1), (3, 0), (3, 1), (3, 2), (3, 3)]
2025-11-23 17:27:26.014 | INFO     | env.satellite_mac_env:_decode_combo_component:220 - self._delta_pairs [(-3, -3), (-3, -2), (-3, -1), (-3, 0), (-3, 1), (-3, 2), (-3, 3), (-2, -3), (-2, -2), (-2, -1), (-2, 0), (-2, 1), (-2, 2), (-2, 3), (-1, -3), (-1, -2), (-1, -1), (-1, 0), (-1, 1), (-1, 2), (-1, 3), (0, -3), (0, -2), (0, -1), (0, 0), (0, 1), (0, 2), (0, 3), (1, -3), (1, -2), (1, -1), (1, 0), (1, 1), (1, 2), (1, 3), (2, -3), (2, -2), (2, -1), (2, 0), (2, 1), (2, 2), (2, 3), (3, -3), (3, -2), (3, -1), (3, 0), (3, 1), (3, 2), (3, 3)]
2025-11-23 17:27:26.015 | INFO     | env.satellite_mac_env:_decode_combo_component:220 - self._delta_pairs [(-3, -3), (-3, -2), (-3, -1), (-3, 0), (-3, 1), (-3, 2), (-3, 3), (-2, -3), (-2, -2), (-2, -1), (-2, 0), (-2, 1), (-2, 2), (-2, 3), (-1, -3), (-1, -2), (-1, -1), (-1, 0), (-1, 1), (-1, 2), (-1, 3), (0, -3), (0, -2), (0, -1), (0, 0), (0, 1), (0, 2), (0, 3), (1, -3), (1, -2), (1, -1), (1, 0), (1, 1), (1, 2), (1, 3), (2, -3), (2, -2), (2, -1), (2, 0), (2, 1), (2, 2), (2, 3), (3, -3), (3, -2), (3, -1), (3, 0), (3, 1), (3, 2), (3, 3)]
2025-11-23 17:27:26.018 | INFO     | env.satellite_mac_env:_decode_combo_component:220 - self._delta_pairs [(-3, -3), (-3, -2), (-3, -1), (-3, 0), (-3, 1), (-3, 2), (-3, 3), (-2, -3), (-2, -2), (-2, -1), (-2, 0), (-2, 1), (-2, 2), (-2, 3), (-1, -3), (-1, -2), (-1, -1), (-1, 0), (-1, 1), (-1, 2), (-1, 3), (0, -3), (0, -2), (0, -1), (0, 0), (0, 1), (0, 2), (0, 3), (1, -3), (1, -2), (1, -1), (1, 0), (1, 1), (1, 2), (1, 3), (2, -3), (2, -2), (2, -1), (2, 0), (2, 1), (2, 2), (2, 3), (3, -3), (3, -2), (3, -1), (3, 0), (3, 1), (3, 2), (3, 3)]
2025-11-23 17:27:26.020 | INFO     | env.satellite_mac_env:_decode_combo_component:220 - self._delta_pairs [(-3, -3), (-3, -2), (-3, -1), (-3, 0), (-3, 1), (-3, 2), (-3, 3), (-2, -3), (-2, -2), (-2, -1), (-2, 0), (-2, 1), (-2, 2), (-2, 3), (-1, -3), (-1, -2), (-1, -1), (-1, 0), (-1, 1), (-1, 2), (-1, 3), (0, -3), (0, -2), (0, -1), (0, 0), (0, 1), (0, 2), (0, 3), (1, -3), (1, -2), (1, -1), (1, 0), (1, 1), (1, 2), (1, 3), (2, -3), (2, -2), (2, -1), (2, 0), (2, 1), (2, 2), (2, 3), (3, -3), (3, -2), (3, -1), (3, 0), (3, 1), (3, 2), (3, 3)]
2025-11-23 17:27:26.022 | INFO     | env.satellite_mac_env:_decode_combo_component:220 - self._delta_pairs [(-3, -3), (-3, -2), (-3, -1), (-3, 0), (-3, 1), (-3, 2), (-3, 3), (-2, -3), (-2, -2), (-2, -1), (-2, 0), (-2, 1), (-2, 2), (-2, 3), (-1, -3), (-1, -2), (-1, -1), (-1, 0), (-1, 1), (-1, 2), (-1, 3), (0, -3), (0, -2), (0, -1), (0, 0), (0, 1), (0, 2), (0, 3), (1, -3), (1, -2), (1, -1), (1, 0), (1, 1), (1, 2), (1, 3), (2, -3), (2, -2), (2, -1), (2, 0), (2, 1), (2, 2), (2, 3), (3, -3), (3, -2), (3, -1), (3, 0), (3, 1), (3, 2), (3, 3)]
2025-11-23 17:27:26.023 | INFO     | env.satellite_mac_env:_decode_combo_component:220 - self._delta_pairs [(-3, -3), (-3, -2), (-3, -1), (-3, 0), (-3, 1), (-3, 2), (-3, 3), (-2, -3), (-2, -2), (-2, -1), (-2, 0), (-2, 1), (-2, 2), (-2, 3), (-1, -3), (-1, -2), (-1, -1), (-1, 0), (-1, 1), (-1, 2), (-1, 3), (0, -3), (0, -2), (0, -1), (0, 0), (0, 1), (0, 2), (0, 3), (1, -3), (1, -2), (1, -1), (1, 0), (1, 1), (1, 2), (1, 3), (2, -3), (2, -2), (2, -1), (2, 0), (2, 1), (2, 2), (2, 3), (3, -3), (3, -2), (3, -1), (3, 0), (3, 1), (3, 2), (3, 3)]
2025-11-23 17:27:26.026 | INFO     | env.satellite_mac_env:_decode_combo_component:220 - self._delta_pairs [(-3, -3), (-3, -2), (-3, -1), (-3, 0), (-3, 1), (-3, 2), (-3, 3), (-2, -3), (-2, -2), (-2, -1), (-2, 0), (-2, 1), (-2, 2), (-2, 3), (-1, -3), (-1, -2), (-1, -1), (-1, 0), (-1, 1), (-1, 2), (-1, 3), (0, -3), (0, -2), (0, -1), (0, 0), (0, 1), (0, 2), (0, 3), (1, -3), (1, -2), (1, -1), (1, 0), (1, 1), (1, 2), (1, 3), (2, -3), (2, -2), (2, -1), (2, 0), (2, 1), (2, 2), (2, 3), (3, -3), (3, -2), (3, -1), (3, 0), (3, 1), (3, 2), (3, 3)]
2025-11-23 17:27:26.028 | INFO     | env.satellite_mac_env:_decode_combo_component:220 - self._delta_pairs [(-3, -3), (-3, -2), (-3, -1), (-3, 0), (-3, 1), (-3, 2), (-3, 3), (-2, -3), (-2, -2), (-2, -1), (-2, 0), (-2, 1), (-2, 2), (-2, 3), (-1, -3), (-1, -2), (-1, -1), (-1, 0), (-1, 1), (-1, 2), (-1, 3), (0, -3), (0, -2), (0, -1), (0, 0), (0, 1), (0, 2), (0, 3), (1, -3), (1, -2), (1, -1), (1, 0), (1, 1), (1, 2), (1, 3), (2, -3), (2, -2), (2, -1), (2, 0), (2, 1), (2, 2), (2, 3), (3, -3), (3, -2), (3, -1), (3, 0), (3, 1), (3, 2), (3, 3)]
2025-11-23 17:27:26.029 | INFO     | env.satellite_mac_env:_decode_combo_component:220 - self._delta_pairs [(-3, -3), (-3, -2), (-3, -1), (-3, 0), (-3, 1), (-3, 2), (-3, 3), (-2, -3), (-2, -2), (-2, -1), (-2, 0), (-2, 1), (-2, 2), (-2, 3), (-1, -3), (-1, -2), (-1, -1), (-1, 0), (-1, 1), (-1, 2), (-1, 3), (0, -3), (0, -2), (0, -1), (0, 0), (0, 1), (0, 2), (0, 3), (1, -3), (1, -2), (1, -1), (1, 0), (1, 1), (1, 2), (1, 3), (2, -3), (2, -2), (2, -1), (2, 0), (2, 1), (2, 2), (2, 3), (3, -3), (3, -2), (3, -1), (3, 0), (3, 1), (3, 2), (3, 3)]
2025-11-23 17:27:26.030 | INFO     | env.satellite_mac_env:_decode_combo_component:220 - self._delta_pairs [(-3, -3), (-3, -2), (-3, -1), (-3, 0), (-3, 1), (-3, 2), (-3, 3), (-2, -3), (-2, -2), (-2, -1), (-2, 0), (-2, 1), (-2, 2), (-2, 3), (-1, -3), (-1, -2), (-1, -1), (-1, 0), (-1, 1), (-1, 2), (-1, 3), (0, -3), (0, -2), (0, -1), (0, 0), (0, 1), (0, 2), (0, 3), (1, -3), (1, -2), (1, -1), (1, 0), (1, 1), (1, 2), (1, 3), (2, -3), (2, -2), (2, -1), (2, 0), (2, 1), (2, 2), (2, 3), (3, -3), (3, -2), (3, -1), (3, 0), (3, 1), (3, 2), (3, 3)]
2025-11-23 17:27:26.033 | INFO     | env.satellite_mac_env:_decode_combo_component:220 - self._delta_pairs [(-3, -3), (-3, -2), (-3, -1), (-3, 0), (-3, 1), (-3, 2), (-3, 3), (-2, -3), (-2, -2), (-2, -1), (-2, 0), (-2, 1), (-2, 2), (-2, 3), (-1, -3), (-1, -2), (-1, -1), (-1, 0), (-1, 1), (-1, 2), (-1, 3), (0, -3), (0, -2), (0, -1), (0, 0), (0, 1), (0, 2), (0, 3), (1, -3), (1, -2), (1, -1), (1, 0), (1, 1), (1, 2), (1, 3), (2, -3), (2, -2), (2, -1), (2, 0), (2, 1), (2, 2), (2, 3), (3, -3), (3, -2), (3, -1), (3, 0), (3, 1), (3, 2), (3, 3)]
2025-11-23 17:27:26.034 | INFO     | env.satellite_mac_env:_decode_combo_component:220 - self._delta_pairs [(-3, -3), (-3, -2), (-3, -1), (-3, 0), (-3, 1), (-3, 2), (-3, 3), (-2, -3), (-2, -2), (-2, -1), (-2, 0), (-2, 1), (-2, 2), (-2, 3), (-1, -3), (-1, -2), (-1, -1), (-1, 0), (-1, 1), (-1, 2), (-1, 3), (0, -3), (0, -2), (0, -1), (0, 0), (0, 1), (0, 2), (0, 3), (1, -3), (1, -2), (1, -1), (1, 0), (1, 1), (1, 2), (1, 3), (2, -3), (2, -2), (2, -1), (2, 0), (2, 1), (2, 2), (2, 3), (3, -3), (3, -2), (3, -1), (3, 0), (3, 1), (3, 2), (3, 3)]
2025-11-23 17:27:26.035 | INFO     | env.satellite_mac_env:_decode_combo_component:220 - self._delta_pairs [(-3, -3), (-3, -2), (-3, -1), (-3, 0), (-3, 1), (-3, 2), (-3, 3), (-2, -3), (-2, -2), (-2, -1), (-2, 0), (-2, 1), (-2, 2), (-2, 3), (-1, -3), (-1, -2), (-1, -1), (-1, 0), (-1, 1), (-1, 2), (-1, 3), (0, -3), (0, -2), (0, -1), (0, 0), (0, 1), (0, 2), (0, 3), (1, -3), (1, -2), (1, -1), (1, 0), (1, 1), (1, 2), (1, 3), (2, -3), (2, -2), (2, -1), (2, 0), (2, 1), (2, 2), (2, 3), (3, -3), (3, -2), (3, -1), (3, 0), (3, 1), (3, 2), (3, 3)]
2025-11-23 17:27:26.037 | INFO     | env.satellite_mac_env:_decode_combo_component:220 - self._delta_pairs [(-3, -3), (-3, -2), (-3, -1), (-3, 0), (-3, 1), (-3, 2), (-3, 3), (-2, -3), (-2, -2), (-2, -1), (-2, 0), (-2, 1), (-2, 2), (-2, 3), (-1, -3), (-1, -2), (-1, -1), (-1, 0), (-1, 1), (-1, 2), (-1, 3), (0, -3), (0, -2), (0, -1), (0, 0), (0, 1), (0, 2), (0, 3), (1, -3), (1, -2), (1, -1), (1, 0), (1, 1), (1, 2), (1, 3), (2, -3), (2, -2), (2, -1), (2, 0), (2, 1), (2, 2), (2, 3), (3, -3), (3, -2), (3, -1), (3, 0), (3, 1), (3, 2), (3, 3)]
2025-11-23 17:27:26.040 | INFO     | env.satellite_mac_env:_decode_combo_component:220 - self._delta_pairs [(-3, -3), (-3, -2), (-3, -1), (-3, 0), (-3, 1), (-3, 2), (-3, 3), (-2, -3), (-2, -2), (-2, -1), (-2, 0), (-2, 1), (-2, 2), (-2, 3), (-1, -3), (-1, -2), (-1, -1), (-1, 0), (-1, 1), (-1, 2), (-1, 3), (0, -3), (0, -2), (0, -1), (0, 0), (0, 1), (0, 2), (0, 3), (1, -3), (1, -2), (1, -1), (1, 0), (1, 1), (1, 2), (1, 3), (2, -3), (2, -2), (2, -1), (2, 0), (2, 1), (2, 2), (2, 3), (3, -3), (3, -2), (3, -1), (3, 0), (3, 1), (3, 2), (3, 3)]
2025-11-23 17:27:26.042 | INFO     | env.satellite_mac_env:_decode_combo_component:220 - self._delta_pairs [(-3, -3), (-3, -2), (-3, -1), (-3, 0), (-3, 1), (-3, 2), (-3, 3), (-2, -3), (-2, -2), (-2, -1), (-2, 0), (-2, 1), (-2, 2), (-2, 3), (-1, -3), (-1, -2), (-1, -1), (-1, 0), (-1, 1), (-1, 2), (-1, 3), (0, -3), (0, -2), (0, -1), (0, 0), (0, 1), (0, 2), (0, 3), (1, -3), (1, -2), (1, -1), (1, 0), (1, 1), (1, 2), (1, 3), (2, -3), (2, -2), (2, -1), (2, 0), (2, 1), (2, 2), (2, 3), (3, -3), (3, -2), (3, -1), (3, 0), (3, 1), (3, 2), (3, 3)]
2025-11-23 17:27:26.043 | INFO     | env.satellite_mac_env:_decode_combo_component:220 - self._delta_pairs [(-3, -3), (-3, -2), (-3, -1), (-3, 0), (-3, 1), (-3, 2), (-3, 3), (-2, -3), (-2, -2), (-2, -1), (-2, 0), (-2, 1), (-2, 2), (-2, 3), (-1, -3), (-1, -2), (-1, -1), (-1, 0), (-1, 1), (-1, 2), (-1, 3), (0, -3), (0, -2), (0, -1), (0, 0), (0, 1), (0, 2), (0, 3), (1, -3), (1, -2), (1, -1), (1, 0), (1, 1), (1, 2), (1, 3), (2, -3), (2, -2), (2, -1), (2, 0), (2, 1), (2, 2), (2, 3), (3, -3), (3, -2), (3, -1), (3, 0), (3, 1), (3, 2), (3, 3)]
2025-11-23 17:27:26.044 | INFO     | env.satellite_mac_env:_decode_combo_component:220 - self._delta_pairs [(-3, -3), (-3, -2), (-3, -1), (-3, 0), (-3, 1), (-3, 2), (-3, 3), (-2, -3), (-2, -2), (-2, -1), (-2, 0), (-2, 1), (-2, 2), (-2, 3), (-1, -3), (-1, -2), (-1, -1), (-1, 0), (-1, 1), (-1, 2), (-1, 3), (0, -3), (0, -2), (0, -1), (0, 0), (0, 1), (0, 2), (0, 3), (1, -3), (1, -2), (1, -1), (1, 0), (1, 1), (1, 2), (1, 3), (2, -3), (2, -2), (2, -1), (2, 0), (2, 1), (2, 2), (2, 3), (3, -3), (3, -2), (3, -1), (3, 0), (3, 1), (3, 2), (3, 3)]
2025-11-23 17:28:51.386 | INFO     | __main__:main:177 - Using serial env backend with 4 replicas
2025-11-23 20:00:36.913 | INFO     | __main__:main:177 - Using serial env backend with 4 replicas
2025-11-23 20:00:36.974 | INFO     | __main__:main:181 - Starting H-PPO training
2025-11-23 20:26:01.761 | INFO     | __main__:main:177 - Using serial env backend with 4 replicas
2025-11-23 20:26:01.814 | INFO     | __main__:main:181 - Starting H-PPO training
2025-11-23 20:33:45.351 | INFO     | __main__:main:177 - Using serial env backend with 4 replicas
2025-11-23 20:33:45.553 | INFO     | __main__:main:181 - Starting H-PPO training
2025-11-23 20:34:08.165 | INFO     | __main__:main:177 - Using serial env backend with 4 replicas
2025-11-23 20:34:08.291 | INFO     | __main__:main:181 - Starting H-PPO training
2025-11-23 20:38:06.440 | INFO     | __main__:main:177 - Using serial env backend with 4 replicas
2025-11-23 20:38:06.497 | INFO     | __main__:main:181 - Starting H-PPO training
2025-11-23 20:38:07.485 | INFO     | __main__:_log_metrics:146 - iter=0000 reward=0.3587 ESS=0.9197 acb_mean=nan clip_fraction=0.2109 entropy=3.5924 explained_variance=0.6461 kl_approx=0.0798 loss_critic=0.8615 loss_entropy=-0.0359 loss_objective=-0.0649 p_cbra=nan p_cfra=nan p_pbra=nan r_cbra=nan r_pbra=nan
2025-11-23 20:38:08.777 | INFO     | __main__:_log_metrics:146 - iter=0001 reward=0.0132 ESS=0.8811 acb_mean=nan clip_fraction=0.2344 entropy=3.1173 explained_variance=-1047.1260 kl_approx=0.0701 loss_critic=0.1290 loss_entropy=-0.0312 loss_objective=0.0576 p_cbra=nan p_cfra=nan p_pbra=nan r_cbra=nan r_pbra=nan
2025-11-23 20:38:10.035 | INFO     | __main__:_log_metrics:146 - iter=0002 reward=0.0003 ESS=0.8646 acb_mean=nan clip_fraction=0.4453 entropy=2.4603 explained_variance=-6118.9878 kl_approx=0.1878 loss_critic=0.0017 loss_entropy=-0.0246 loss_objective=0.0143 p_cbra=nan p_cfra=nan p_pbra=nan r_cbra=nan r_pbra=nan
2025-11-23 20:38:11.268 | INFO     | __main__:_log_metrics:146 - iter=0003 reward=0.0001 ESS=0.9575 acb_mean=nan clip_fraction=0.2031 entropy=2.1479 explained_variance=-8004.2939 kl_approx=0.0425 loss_critic=0.0014 loss_entropy=-0.0215 loss_objective=-0.0313 p_cbra=nan p_cfra=nan p_pbra=nan r_cbra=nan r_pbra=nan
2025-11-23 20:38:11.269 | INFO     | __main__:main:185 - Final PPO metrics: loss_objective=-0.0313, clip_fraction=0.2031, kl_approx=0.0425, entropy=2.1479, loss_entropy=-0.0215, loss_critic=0.0014, explained_variance=-8004.2939, ESS=0.9575, acb_mean=nan, r_cbra=nan, r_pbra=nan, p_cbra=nan, p_pbra=nan, p_cfra=nan
2025-11-23 20:38:11.290 | INFO     | __main__:main:203 - Saved actor checkpoint to logs\checkpoints\hppo_actor.pt
2025-11-23 20:38:11.291 | INFO     | __main__:main:204 - Saved critic checkpoint to logs\checkpoints\hppo_critic.pt
