2025-11-06 17:39:05.868 | INFO     | __main__:<module>:22 - Logger initialized (level=%s, file=%s)
2025-11-06 17:39:05.869 | INFO     | __main__:<module>:74 - Config ready | seed=%d frames_per_batch=%d horizon=%d
2025-11-06 17:39:05.892 | INFO     | __main__:<module>:13 - TorchRL env constructed (observation=%s)
2025-11-06 17:39:05.918 | INFO     | __main__:<module>:10 - Starting notebook PPO run
2025-11-06 17:39:09.918 | INFO     | __main__:_log_metrics:8 - iter=0000 reward=-217.7891 ESS=0.1216 clip_fraction=0.9453 entropy=0.1596 explained_variance=0.3810 kl_approx=2.5288 loss_critic=1074.0421 loss_entropy=-0.0016 loss_objective=0.1051
2025-11-06 17:39:13.889 | INFO     | __main__:_log_metrics:8 - iter=0001 reward=-235.2426 ESS=0.9779 clip_fraction=0.0625 entropy=0.1047 explained_variance=0.9434 kl_approx=0.0269 loss_critic=2487.9539 loss_entropy=-0.0010 loss_objective=0.0096
2025-11-06 17:39:25.418 | INFO     | __main__:_log_metrics:8 - iter=0002 reward=-255.1968 ESS=0.7493 clip_fraction=0.2578 entropy=0.9821 explained_variance=0.9573 kl_approx=inf loss_critic=870.5132 loss_entropy=-0.0098 loss_objective=0.3203
2025-11-06 17:39:36.540 | INFO     | __main__:_log_metrics:8 - iter=0003 reward=-237.6060 ESS=0.9980 clip_fraction=0.0039 entropy=0.0508 explained_variance=0.9432 kl_approx=-0.0029 loss_critic=1315.1637 loss_entropy=-0.0005 loss_objective=-0.0021
2025-11-07 09:49:35.180 | INFO     | __main__:_load_yaml_config:7 - Loaded configuration from %s
2025-11-07 09:49:35.185 | INFO     | __main__:<module>:22 - Logger initialized (level=%s, file=%s)
2025-11-07 09:49:35.185 | INFO     | __main__:<module>:74 - Config ready | seed=%d frames_per_batch=%d horizon=%d
2025-11-07 09:49:35.208 | INFO     | __main__:<module>:13 - TorchRL env constructed (observation=%s)
2025-11-07 09:49:35.220 | INFO     | __main__:<module>:10 - Starting notebook PPO run
2025-11-07 09:49:38.906 | INFO     | __main__:_log_metrics:8 - iter=0000 reward=-217.7891 ESS=0.1216 clip_fraction=0.9453 entropy=0.1596 explained_variance=0.3810 kl_approx=2.5288 loss_critic=1074.0421 loss_entropy=-0.0016 loss_objective=0.1051
2025-11-07 09:49:42.723 | INFO     | __main__:_log_metrics:8 - iter=0001 reward=-235.2426 ESS=0.9779 clip_fraction=0.0625 entropy=0.1047 explained_variance=0.9434 kl_approx=0.0269 loss_critic=2487.9539 loss_entropy=-0.0010 loss_objective=0.0096
2025-11-07 09:49:46.326 | INFO     | __main__:_log_metrics:8 - iter=0002 reward=-255.1968 ESS=0.7493 clip_fraction=0.2578 entropy=0.9821 explained_variance=0.9573 kl_approx=inf loss_critic=870.5132 loss_entropy=-0.0098 loss_objective=0.3203
2025-11-07 09:49:50.084 | INFO     | __main__:_log_metrics:8 - iter=0003 reward=-237.6060 ESS=0.9980 clip_fraction=0.0039 entropy=0.0508 explained_variance=0.9432 kl_approx=-0.0029 loss_critic=1315.1637 loss_entropy=-0.0005 loss_objective=-0.0021
2025-11-07 09:49:53.681 | INFO     | __main__:_log_metrics:8 - iter=0004 reward=-251.8730 ESS=0.9987 clip_fraction=0.0078 entropy=0.0323 explained_variance=0.9720 kl_approx=0.0017 loss_critic=1824.1152 loss_entropy=-0.0003 loss_objective=0.0024
2025-11-07 09:49:57.516 | INFO     | __main__:_log_metrics:8 - iter=0005 reward=-247.8520 ESS=0.4967 clip_fraction=0.5117 entropy=1.9919 explained_variance=0.9427 kl_approx=inf loss_critic=874.1042 loss_entropy=-0.0199 loss_objective=0.3660
2025-11-07 09:50:01.332 | INFO     | __main__:_log_metrics:8 - iter=0006 reward=-263.6107 ESS=0.9984 clip_fraction=0.0156 entropy=0.0479 explained_variance=0.9592 kl_approx=0.0014 loss_critic=1945.6284 loss_entropy=-0.0005 loss_objective=-0.0006
2025-11-07 09:50:05.152 | INFO     | __main__:_log_metrics:8 - iter=0007 reward=-275.4586 ESS=0.9954 clip_fraction=0.0117 entropy=0.0630 explained_variance=0.9514 kl_approx=-0.0051 loss_critic=3095.0764 loss_entropy=-0.0006 loss_objective=-0.0028
2025-11-07 09:50:08.761 | INFO     | __main__:_log_metrics:8 - iter=0008 reward=-210.4935 ESS=0.9994 clip_fraction=0.0039 entropy=0.0628 explained_variance=0.9873 kl_approx=-0.0005 loss_critic=3222.8364 loss_entropy=-0.0006 loss_objective=0.0000
2025-11-07 09:50:12.495 | INFO     | __main__:_log_metrics:8 - iter=0009 reward=-217.1227 ESS=0.7500 clip_fraction=0.2500 entropy=0.9540 explained_variance=0.9847 kl_approx=inf loss_critic=1835.2142 loss_entropy=-0.0095 loss_objective=0.2644
2025-11-07 09:50:16.070 | INFO     | __main__:_log_metrics:8 - iter=0010 reward=-208.5257 ESS=0.9996 clip_fraction=0.0039 entropy=0.1547 explained_variance=0.9802 kl_approx=0.0022 loss_critic=1595.4688 loss_entropy=-0.0015 loss_objective=-0.0026
2025-11-07 09:50:19.699 | INFO     | __main__:_log_metrics:8 - iter=0011 reward=-269.8698 ESS=0.9981 clip_fraction=0.0234 entropy=0.1108 explained_variance=0.9460 kl_approx=-0.0062 loss_critic=7063.8325 loss_entropy=-0.0011 loss_objective=-0.0029
2025-11-07 09:50:23.376 | INFO     | __main__:_log_metrics:8 - iter=0012 reward=-185.0547 ESS=0.9997 clip_fraction=0.0039 entropy=0.0840 explained_variance=0.9897 kl_approx=0.0010 loss_critic=3302.4839 loss_entropy=-0.0008 loss_objective=-0.0005
2025-11-07 09:50:26.954 | INFO     | __main__:_log_metrics:8 - iter=0013 reward=-165.9727 ESS=0.9371 clip_fraction=0.0898 entropy=0.3222 explained_variance=0.9823 kl_approx=-0.0180 loss_critic=1972.6257 loss_entropy=-0.0032 loss_objective=-0.0015
2025-11-07 09:50:30.629 | INFO     | __main__:_log_metrics:8 - iter=0014 reward=-217.9053 ESS=0.9959 clip_fraction=0.0156 entropy=0.1486 explained_variance=0.9845 kl_approx=-0.0090 loss_critic=3162.3750 loss_entropy=-0.0015 loss_objective=-0.0070
2025-11-07 09:50:34.450 | INFO     | __main__:_log_metrics:8 - iter=0015 reward=-206.9868 ESS=0.9749 clip_fraction=0.1484 entropy=1.8655 explained_variance=0.6746 kl_approx=-0.0249 loss_critic=1012.0502 loss_entropy=-0.0187 loss_objective=-0.0228
2025-11-07 09:50:40.368 | INFO     | __main__:_log_metrics:8 - iter=0016 reward=-217.1448 ESS=0.9485 clip_fraction=0.0898 entropy=-0.1226 explained_variance=0.9805 kl_approx=0.0285 loss_critic=2212.9519 loss_entropy=0.0012 loss_objective=0.0011
2025-11-07 09:50:45.713 | INFO     | __main__:_log_metrics:8 - iter=0017 reward=-211.2349 ESS=0.8537 clip_fraction=0.3672 entropy=2.1438 explained_variance=-3.5832 kl_approx=0.0162 loss_critic=472.7130 loss_entropy=-0.0214 loss_objective=-0.0378
2025-11-07 09:50:49.486 | INFO     | __main__:_log_metrics:8 - iter=0018 reward=-185.1958 ESS=0.9941 clip_fraction=0.0352 entropy=0.1086 explained_variance=0.9643 kl_approx=0.0008 loss_critic=3162.2236 loss_entropy=-0.0011 loss_objective=0.0025
2025-11-07 09:50:53.179 | INFO     | __main__:_log_metrics:8 - iter=0019 reward=-190.0087 ESS=0.7302 clip_fraction=0.1055 entropy=0.0705 explained_variance=0.9782 kl_approx=0.8365 loss_critic=4453.6978 loss_entropy=-0.0007 loss_objective=0.0021
2025-11-07 10:12:52.824 | INFO     | __main__:_load_yaml_config:6 - Loaded configuration from %s
2025-11-07 10:12:52.830 | INFO     | __main__:<module>:18 - Logger initialized (level=%s, file=%s)
2025-11-07 10:12:52.831 | INFO     | __main__:<module>:74 - Config ready | seed=%d frames_per_batch=%d horizon=%d num_envs=%d backend=%s parallel=%s
2025-11-07 10:13:17.617 | INFO     | __main__:_load_yaml_config:6 - Loaded configuration from %s
2025-11-07 10:13:17.624 | INFO     | __main__:<module>:18 - Logger initialized (level=%s, file=%s)
2025-11-07 10:13:17.625 | INFO     | __main__:<module>:72 - Config ready | seed=42 frames_per_batch=1600 horizon=256 num_envs=4 backend=serial parallel=False
2025-11-07 10:13:29.991 | INFO     | __main__:_load_yaml_config:6 - Loaded configuration from %s
2025-11-07 10:13:29.996 | INFO     | __main__:<module>:18 - Logger initialized (level=%s, file=%s)
2025-11-07 10:13:29.997 | INFO     | __main__:<module>:72 - Config ready | seed=42 frames_per_batch=1600 horizon=256 num_envs=4 backend=serial parallel=False
2025-11-07 10:13:55.001 | INFO     | __main__:_load_yaml_config:6 - Loaded configuration from conf\default.yaml
2025-11-07 10:13:55.006 | INFO     | __main__:<module>:18 - Logger initialized (level=INFO, file=logs/train.log)
2025-11-07 10:13:55.007 | INFO     | __main__:<module>:72 - Config ready | seed=42 frames_per_batch=1600 horizon=256 num_envs=4 backend=serial parallel=False
2025-11-07 10:14:29.777 | INFO     | __main__:_load_yaml_config:6 - Loaded configuration from conf\default.yaml
2025-11-07 10:14:29.782 | INFO     | __main__:<module>:18 - Logger initialized (level=INFO, file=logs/train.log)
2025-11-07 10:14:29.783 | INFO     | __main__:<module>:72 - Config ready | seed=42 frames_per_batch=1600 horizon=256 num_envs=4 backend=parallel parallel=False
2025-11-07 10:14:44.243 | INFO     | __main__:_load_yaml_config:6 - Loaded configuration from conf\default.yaml
2025-11-07 10:14:44.249 | INFO     | __main__:<module>:18 - Logger initialized (level=INFO, file=logs/train.log)
2025-11-07 10:14:44.250 | INFO     | __main__:<module>:72 - Config ready | seed=42 frames_per_batch=1600 horizon=256 num_envs=4 backend=parallel parallel=True
2025-11-07 10:16:18.793 | INFO     | __main__:<module>:21 - TorchRL env constructed (observation=%s, num_envs=%d, backend=%s, parallel=%s)
2025-11-07 10:16:46.841 | INFO     | __main__:<module>:10 - Starting notebook PPO run
2025-11-07 10:16:48.405 | INFO     | __main__:_log_metrics:8 - iter=0000 reward=-147.0503 ESS=0.1890 clip_fraction=0.9297 entropy=0.0211 explained_variance=0.3069 kl_approx=3.9851 loss_critic=982.5826 loss_entropy=-0.0002 loss_objective=0.1469
2025-11-07 10:16:49.992 | INFO     | __main__:_log_metrics:8 - iter=0001 reward=-152.8171 ESS=0.1202 clip_fraction=0.8984 entropy=3.4865 explained_variance=0.8690 kl_approx=inf loss_critic=9.0430 loss_entropy=-0.0349 loss_objective=0.2661
2025-11-07 10:18:19.907 | INFO     | __main__:_load_yaml_config:6 - Loaded configuration from conf\default.yaml
2025-11-07 10:18:19.912 | INFO     | __main__:<module>:18 - Logger initialized (level=INFO, file=logs/train.log)
2025-11-07 10:18:19.913 | INFO     | __main__:<module>:72 - Config ready | seed=42 frames_per_batch=1600 horizon=256 num_envs=4 backend=parallel parallel=True
2025-11-07 10:18:22.264 | INFO     | __main__:<module>:21 - TorchRL env constructed (observation=%s, num_envs=%d, backend=%s, parallel=%s)
2025-11-07 10:18:22.273 | INFO     | __main__:<module>:10 - Starting notebook PPO run
2025-11-07 10:18:23.783 | INFO     | __main__:_log_metrics:8 - iter=0000 reward=-147.0503 ESS=0.1890 clip_fraction=0.9297 entropy=0.0211 explained_variance=0.3069 kl_approx=3.9851 loss_critic=982.5826 loss_entropy=-0.0002 loss_objective=0.1469
2025-11-07 10:18:25.465 | INFO     | __main__:_log_metrics:8 - iter=0001 reward=-152.8171 ESS=0.1202 clip_fraction=0.8984 entropy=3.4865 explained_variance=0.8690 kl_approx=inf loss_critic=9.0430 loss_entropy=-0.0349 loss_objective=0.2661
2025-11-07 10:20:06.309 | INFO     | __main__:<module>:18 - Logger initialized (level=INFO, file=logs/train.log)
2025-11-07 10:20:06.310 | INFO     | __main__:<module>:72 - Config ready | seed=42 frames_per_batch=1600 horizon=256 num_envs=4 backend=parallel parallel=True
2025-11-07 10:20:08.588 | INFO     | __main__:<module>:21 - TorchRL env constructed (observation=%s, num_envs=%d, backend=%s, parallel=%s)
2025-11-07 10:20:08.597 | INFO     | __main__:<module>:10 - Starting notebook PPO run
2025-11-07 10:20:10.412 | INFO     | __main__:_log_metrics:8 - iter=0000 reward=-147.0503 ESS=0.0428 clip_fraction=0.9844 entropy=1.0878 explained_variance=0.4774 kl_approx=inf loss_critic=752.9158 loss_entropy=-0.0109 loss_objective=0.2931
2025-11-07 10:20:12.440 | INFO     | __main__:_log_metrics:8 - iter=0001 reward=-42.7923 ESS=0.5526 clip_fraction=0.5156 entropy=2.4073 explained_variance=0.9668 kl_approx=inf loss_critic=175.9523 loss_entropy=-0.0241 loss_objective=0.1098
2025-11-07 10:20:14.119 | INFO     | __main__:_log_metrics:8 - iter=0002 reward=7.0483 ESS=0.6914 clip_fraction=0.4375 entropy=1.8919 explained_variance=0.2987 kl_approx=inf loss_critic=82.0351 loss_entropy=-0.0189 loss_objective=-0.0623
2025-11-07 10:20:16.194 | INFO     | __main__:_log_metrics:8 - iter=0003 reward=-1.0223 ESS=0.4461 clip_fraction=0.7188 entropy=2.5037 explained_variance=0.8997 kl_approx=inf loss_critic=54.4423 loss_entropy=-0.0250 loss_objective=-0.0125
2025-11-07 10:20:17.922 | INFO     | __main__:_log_metrics:8 - iter=0004 reward=-11.4028 ESS=0.5724 clip_fraction=0.4531 entropy=1.2432 explained_variance=0.9603 kl_approx=inf loss_critic=170.4767 loss_entropy=-0.0124 loss_objective=0.0019
2025-11-07 10:20:19.926 | INFO     | __main__:_log_metrics:8 - iter=0005 reward=-5.6471 ESS=0.4910 clip_fraction=0.6250 entropy=1.8117 explained_variance=0.9541 kl_approx=inf loss_critic=89.3212 loss_entropy=-0.0181 loss_objective=0.0726
2025-11-07 10:20:21.743 | INFO     | __main__:_log_metrics:8 - iter=0006 reward=2.3805 ESS=0.7890 clip_fraction=0.3750 entropy=1.5799 explained_variance=0.7056 kl_approx=inf loss_critic=102.6328 loss_entropy=-0.0158 loss_objective=-0.0383
2025-11-07 10:20:23.735 | INFO     | __main__:_log_metrics:8 - iter=0007 reward=0.9662 ESS=0.5112 clip_fraction=0.5625 entropy=2.3570 explained_variance=0.8843 kl_approx=inf loss_critic=58.2471 loss_entropy=-0.0236 loss_objective=-0.0285
2025-11-07 10:20:25.886 | INFO     | __main__:_log_metrics:8 - iter=0008 reward=4.3109 ESS=0.5393 clip_fraction=0.5781 entropy=2.3552 explained_variance=0.8978 kl_approx=inf loss_critic=38.8831 loss_entropy=-0.0236 loss_objective=-0.0401
2025-11-07 10:20:27.638 | INFO     | __main__:_log_metrics:8 - iter=0009 reward=0.0565 ESS=0.7284 clip_fraction=0.3281 entropy=1.9547 explained_variance=0.9442 kl_approx=inf loss_critic=60.0809 loss_entropy=-0.0195 loss_objective=-0.0177
2025-11-07 10:20:29.668 | INFO     | __main__:_log_metrics:8 - iter=0010 reward=2.2978 ESS=0.4617 clip_fraction=0.5938 entropy=2.5742 explained_variance=0.9780 kl_approx=inf loss_critic=30.0095 loss_entropy=-0.0257 loss_objective=-0.0384
2025-11-07 10:20:31.377 | INFO     | __main__:_log_metrics:8 - iter=0011 reward=7.3525 ESS=0.9279 clip_fraction=0.2500 entropy=1.3475 explained_variance=0.2801 kl_approx=inf loss_critic=76.8996 loss_entropy=-0.0135 loss_objective=-0.0282
2025-11-07 10:20:33.396 | INFO     | __main__:_log_metrics:8 - iter=0012 reward=3.4917 ESS=0.4654 clip_fraction=0.6250 entropy=2.8384 explained_variance=0.9465 kl_approx=inf loss_critic=31.9698 loss_entropy=-0.0284 loss_objective=-0.0471
2025-11-07 10:20:35.155 | INFO     | __main__:_log_metrics:8 - iter=0013 reward=7.0926 ESS=0.5523 clip_fraction=0.4375 entropy=2.0230 explained_variance=0.7877 kl_approx=inf loss_critic=56.7523 loss_entropy=-0.0202 loss_objective=0.0357
2025-11-07 10:20:37.177 | INFO     | __main__:_log_metrics:8 - iter=0014 reward=3.5180 ESS=0.4295 clip_fraction=0.7344 entropy=2.6603 explained_variance=0.9230 kl_approx=inf loss_critic=41.7940 loss_entropy=-0.0266 loss_objective=-0.0024
2025-11-07 10:20:38.980 | INFO     | __main__:_log_metrics:8 - iter=0015 reward=5.2858 ESS=0.7980 clip_fraction=0.4219 entropy=2.0575 explained_variance=0.9382 kl_approx=inf loss_critic=51.5096 loss_entropy=-0.0206 loss_objective=-0.0469
2025-11-07 10:20:40.761 | INFO     | __main__:_log_metrics:8 - iter=0016 reward=6.0498 ESS=0.6438 clip_fraction=0.5938 entropy=2.5554 explained_variance=0.9418 kl_approx=inf loss_critic=48.7079 loss_entropy=-0.0256 loss_objective=0.0716
2025-11-07 10:20:42.920 | INFO     | __main__:_log_metrics:8 - iter=0017 reward=3.5318 ESS=0.4703 clip_fraction=0.6719 entropy=2.6897 explained_variance=0.9633 kl_approx=inf loss_critic=30.5390 loss_entropy=-0.0269 loss_objective=-0.0270
2025-11-07 10:20:44.860 | INFO     | __main__:_log_metrics:8 - iter=0018 reward=7.0388 ESS=0.8638 clip_fraction=0.3125 entropy=1.6677 explained_variance=0.8904 kl_approx=inf loss_critic=53.3514 loss_entropy=-0.0167 loss_objective=-0.0200
2025-11-07 10:20:47.699 | INFO     | __main__:_log_metrics:8 - iter=0019 reward=3.6088 ESS=0.5103 clip_fraction=0.5781 entropy=2.7572 explained_variance=0.9815 kl_approx=inf loss_critic=29.5254 loss_entropy=-0.0276 loss_objective=-0.0165
2025-11-07 10:22:18.068 | INFO     | __main__:<module>:10 - Starting notebook PPO run
2025-11-07 10:22:20.029 | INFO     | __main__:_log_metrics:8 - iter=0000 reward=4.3052 ESS=0.7159 clip_fraction=0.4375 entropy=1.9485 explained_variance=0.9628 kl_approx=inf loss_critic=41.8943 loss_entropy=-0.0195 loss_objective=-0.0032
2025-11-07 10:22:22.220 | INFO     | __main__:_log_metrics:8 - iter=0001 reward=4.1824 ESS=0.4154 clip_fraction=0.7188 entropy=2.8964 explained_variance=0.9781 kl_approx=inf loss_critic=27.2066 loss_entropy=-0.0290 loss_objective=0.0521
2025-11-07 10:22:24.090 | INFO     | __main__:_log_metrics:8 - iter=0002 reward=8.0799 ESS=0.8421 clip_fraction=0.2500 entropy=2.3439 explained_variance=0.9377 kl_approx=inf loss_critic=46.1630 loss_entropy=-0.0234 loss_objective=-0.0573
2025-11-07 10:22:26.149 | INFO     | __main__:_log_metrics:8 - iter=0003 reward=4.1724 ESS=0.4119 clip_fraction=0.6094 entropy=2.6407 explained_variance=0.9822 kl_approx=inf loss_critic=25.0036 loss_entropy=-0.0264 loss_objective=0.0253
2025-11-07 10:22:27.938 | INFO     | __main__:_log_metrics:8 - iter=0004 reward=6.7077 ESS=0.9433 clip_fraction=0.2344 entropy=1.8470 explained_variance=0.8217 kl_approx=inf loss_critic=41.9575 loss_entropy=-0.0185 loss_objective=-0.0024
2025-11-07 10:22:30.133 | INFO     | __main__:_log_metrics:8 - iter=0005 reward=4.3980 ESS=0.5657 clip_fraction=0.5156 entropy=2.5359 explained_variance=0.9797 kl_approx=inf loss_critic=31.9109 loss_entropy=-0.0254 loss_objective=-0.0379
2025-11-07 10:22:31.989 | INFO     | __main__:_log_metrics:8 - iter=0006 reward=6.1363 ESS=0.6878 clip_fraction=0.4688 entropy=2.1355 explained_variance=0.9541 kl_approx=inf loss_critic=45.2849 loss_entropy=-0.0214 loss_objective=0.0229
2025-11-07 10:22:34.177 | INFO     | __main__:_log_metrics:8 - iter=0007 reward=3.8886 ESS=0.5547 clip_fraction=0.5469 entropy=2.5134 explained_variance=0.9799 kl_approx=inf loss_critic=29.5579 loss_entropy=-0.0251 loss_objective=-0.0113
2025-11-07 10:22:36.325 | INFO     | __main__:_log_metrics:8 - iter=0008 reward=4.4640 ESS=0.5058 clip_fraction=0.6875 entropy=2.7399 explained_variance=0.9731 kl_approx=inf loss_critic=35.8189 loss_entropy=-0.0274 loss_objective=-0.0234
2025-11-07 10:22:38.228 | INFO     | __main__:_log_metrics:8 - iter=0009 reward=6.9657 ESS=0.7912 clip_fraction=0.3281 entropy=1.7894 explained_variance=0.9166 kl_approx=inf loss_critic=48.3536 loss_entropy=-0.0179 loss_objective=0.0000
2025-11-07 10:22:40.323 | INFO     | __main__:_log_metrics:8 - iter=0010 reward=3.7792 ESS=0.4456 clip_fraction=0.7188 entropy=2.7799 explained_variance=0.9821 kl_approx=inf loss_critic=28.6272 loss_entropy=-0.0278 loss_objective=0.0153
2025-11-07 10:22:42.184 | INFO     | __main__:_log_metrics:8 - iter=0011 reward=7.6607 ESS=0.9559 clip_fraction=0.2188 entropy=1.8601 explained_variance=0.7468 kl_approx=inf loss_critic=43.9199 loss_entropy=-0.0186 loss_objective=-0.0162
2025-11-07 10:22:44.367 | INFO     | __main__:_log_metrics:8 - iter=0012 reward=3.9378 ESS=0.5461 clip_fraction=0.5781 entropy=2.6022 explained_variance=0.9847 kl_approx=inf loss_critic=31.0474 loss_entropy=-0.0260 loss_objective=-0.0110
2025-11-07 10:22:46.193 | INFO     | __main__:_log_metrics:8 - iter=0013 reward=7.1270 ESS=0.8677 clip_fraction=0.2969 entropy=2.1089 explained_variance=0.9637 kl_approx=inf loss_critic=37.8117 loss_entropy=-0.0211 loss_objective=0.0090
2025-11-07 10:22:48.344 | INFO     | __main__:_log_metrics:8 - iter=0014 reward=4.1602 ESS=0.4631 clip_fraction=0.5625 entropy=2.8624 explained_variance=0.9845 kl_approx=inf loss_critic=24.2917 loss_entropy=-0.0286 loss_objective=0.0172
2025-11-07 10:22:50.343 | INFO     | __main__:_log_metrics:8 - iter=0015 reward=6.4059 ESS=0.8196 clip_fraction=0.3438 entropy=2.0885 explained_variance=0.9490 kl_approx=inf loss_critic=40.2126 loss_entropy=-0.0209 loss_objective=-0.0166
2025-11-07 10:22:52.183 | INFO     | __main__:_log_metrics:8 - iter=0016 reward=6.7665 ESS=0.8055 clip_fraction=0.3438 entropy=1.8774 explained_variance=0.9393 kl_approx=inf loss_critic=51.8544 loss_entropy=-0.0188 loss_objective=-0.0010
2025-11-07 10:22:54.345 | INFO     | __main__:_log_metrics:8 - iter=0017 reward=3.7180 ESS=0.5040 clip_fraction=0.5938 entropy=2.7495 explained_variance=0.9814 kl_approx=inf loss_critic=31.4726 loss_entropy=-0.0275 loss_objective=0.0639
2025-11-07 10:22:56.110 | INFO     | __main__:_log_metrics:8 - iter=0018 reward=7.9797 ESS=0.7847 clip_fraction=0.2656 entropy=1.8750 explained_variance=0.8971 kl_approx=inf loss_critic=42.3309 loss_entropy=-0.0188 loss_objective=-0.0212
2025-11-07 10:22:58.803 | INFO     | __main__:_log_metrics:8 - iter=0019 reward=4.1133 ESS=0.5200 clip_fraction=0.6250 entropy=2.5580 explained_variance=0.9922 kl_approx=inf loss_critic=21.7284 loss_entropy=-0.0256 loss_objective=-0.0064
2025-11-07 10:24:36.395 | INFO     | __main__:_load_yaml_config:16 - Loaded configuration from conf\default.yaml
2025-11-07 10:24:36.400 | INFO     | __main__:<module>:52 - Logger initialized (level=INFO, file=logs/train.log)
2025-11-07 10:24:36.401 | INFO     | __main__:<module>:214 - Config ready | seed=42 frames_per_batch=1600 horizon=256 num_envs=4 backend=parallel parallel=True
2025-11-07 10:24:56.756 | INFO     | __main__:_load_yaml_config:16 - Loaded configuration from conf\default.yaml
2025-11-07 10:24:56.760 | INFO     | __main__:<module>:52 - Logger initialized (level=INFO, file=logs/train.log)
2025-11-07 10:24:56.761 | INFO     | __main__:<module>:241 - Config ready | seed=42 frames_per_batch=1024 horizon=256 num_envs=4 backend=parallel parallel=True
2025-11-07 10:25:03.132 | INFO     | __main__:<module>:21 - TorchRL env constructed (observation=%s, num_envs=%d, backend=%s, parallel=%s)
2025-11-07 10:25:07.891 | INFO     | __main__:<module>:10 - Starting notebook PPO run
2025-11-07 10:25:09.135 | INFO     | __main__:_log_metrics:8 - iter=0000 reward=-231.6949 ESS=0.1411 clip_fraction=0.9375 entropy=0.1170 explained_variance=0.6559 kl_approx=3.3619 loss_critic=734.6615 loss_entropy=-0.0012 loss_objective=0.1027
2025-11-07 10:25:10.271 | INFO     | __main__:_log_metrics:8 - iter=0001 reward=-290.5075 ESS=0.7016 clip_fraction=0.0703 entropy=0.1116 explained_variance=0.8960 kl_approx=-0.0414 loss_critic=1295.3191 loss_entropy=-0.0011 loss_objective=-0.0257
2025-11-07 10:25:11.574 | INFO     | __main__:_log_metrics:8 - iter=0002 reward=-274.8445 ESS=0.8645 clip_fraction=0.0234 entropy=0.0482 explained_variance=0.9454 kl_approx=-0.0181 loss_critic=1553.7366 loss_entropy=-0.0005 loss_objective=-0.0086
2025-11-07 10:25:12.827 | INFO     | __main__:_log_metrics:8 - iter=0003 reward=-234.4022 ESS=0.9664 clip_fraction=0.0781 entropy=0.2137 explained_variance=0.9248 kl_approx=-0.0346 loss_critic=1962.9829 loss_entropy=-0.0021 loss_objective=-0.0258
2025-11-07 10:25:14.125 | INFO     | __main__:_log_metrics:8 - iter=0004 reward=-315.8282 ESS=0.9782 clip_fraction=0.0312 entropy=0.0191 explained_variance=0.9619 kl_approx=-0.0173 loss_critic=2119.6768 loss_entropy=-0.0002 loss_objective=-0.0133
2025-11-07 10:25:15.549 | INFO     | __main__:_log_metrics:8 - iter=0005 reward=-271.4967 ESS=0.9928 clip_fraction=0.0156 entropy=0.1301 explained_variance=0.9648 kl_approx=-0.0050 loss_critic=1837.3866 loss_entropy=-0.0013 loss_objective=-0.0004
2025-11-07 10:25:17.602 | INFO     | __main__:_log_metrics:8 - iter=0006 reward=-295.9498 ESS=0.9944 clip_fraction=0.0312 entropy=0.0164 explained_variance=0.9763 kl_approx=0.0021 loss_critic=2033.2384 loss_entropy=-0.0002 loss_objective=0.0012
2025-11-07 10:25:19.643 | INFO     | __main__:_log_metrics:8 - iter=0007 reward=-294.2453 ESS=0.9412 clip_fraction=0.0547 entropy=-0.0043 explained_variance=0.9670 kl_approx=0.1091 loss_critic=2195.7783 loss_entropy=0.0000 loss_objective=0.0160
2025-11-07 10:25:21.800 | INFO     | __main__:_log_metrics:8 - iter=0008 reward=-273.4213 ESS=0.9990 clip_fraction=0.0078 entropy=-0.0409 explained_variance=0.9709 kl_approx=0.0005 loss_critic=2302.0488 loss_entropy=0.0004 loss_objective=-0.0033
2025-11-07 10:25:23.730 | INFO     | __main__:_log_metrics:8 - iter=0009 reward=-240.2325 ESS=0.9956 clip_fraction=0.0234 entropy=-0.0108 explained_variance=0.9760 kl_approx=0.0017 loss_critic=2349.8940 loss_entropy=0.0001 loss_objective=0.0012
2025-11-07 10:25:25.557 | INFO     | __main__:_log_metrics:8 - iter=0010 reward=-245.2894 ESS=0.9974 clip_fraction=0.0156 entropy=0.0573 explained_variance=0.9824 kl_approx=0.0075 loss_critic=2317.1875 loss_entropy=-0.0006 loss_objective=-0.0090
2025-11-07 10:25:27.389 | INFO     | __main__:_log_metrics:8 - iter=0011 reward=-269.4032 ESS=0.9972 clip_fraction=0.0078 entropy=-0.0143 explained_variance=0.9835 kl_approx=-0.0033 loss_critic=2356.2290 loss_entropy=0.0001 loss_objective=-0.0020
2025-11-07 10:25:29.286 | INFO     | __main__:_log_metrics:8 - iter=0012 reward=-288.1106 ESS=0.9974 clip_fraction=0.0234 entropy=-0.0178 explained_variance=0.9774 kl_approx=-0.0023 loss_critic=2821.3262 loss_entropy=0.0002 loss_objective=-0.0080
2025-11-07 10:25:31.022 | INFO     | __main__:_log_metrics:8 - iter=0013 reward=-244.5860 ESS=0.9956 clip_fraction=0.0391 entropy=0.0330 explained_variance=0.9698 kl_approx=0.0085 loss_critic=2691.0579 loss_entropy=-0.0003 loss_objective=-0.0057
2025-11-07 10:25:32.443 | INFO     | __main__:_log_metrics:8 - iter=0014 reward=-314.6897 ESS=0.9908 clip_fraction=0.0234 entropy=0.0393 explained_variance=0.9791 kl_approx=-0.0102 loss_critic=3160.6853 loss_entropy=-0.0004 loss_objective=0.0018
2025-11-07 10:25:33.797 | INFO     | __main__:_log_metrics:8 - iter=0015 reward=-273.9645 ESS=0.9995 clip_fraction=0.0000 entropy=0.0273 explained_variance=0.9801 kl_approx=0.0012 loss_critic=3100.5598 loss_entropy=-0.0003 loss_objective=-0.0022
2025-11-07 10:25:35.180 | INFO     | __main__:_log_metrics:8 - iter=0016 reward=-284.5863 ESS=0.9963 clip_fraction=0.0312 entropy=-0.0363 explained_variance=0.9764 kl_approx=-0.0034 loss_critic=3505.4211 loss_entropy=0.0004 loss_objective=-0.0068
2025-11-07 10:25:36.591 | INFO     | __main__:_log_metrics:8 - iter=0017 reward=-259.1332 ESS=0.9854 clip_fraction=0.0312 entropy=-0.0068 explained_variance=0.9796 kl_approx=-0.0039 loss_critic=2918.0100 loss_entropy=0.0001 loss_objective=-0.0086
2025-11-07 10:25:37.926 | INFO     | __main__:_log_metrics:8 - iter=0018 reward=-279.0800 ESS=0.9232 clip_fraction=0.0625 entropy=0.0703 explained_variance=0.9828 kl_approx=-0.0001 loss_critic=2904.2886 loss_entropy=-0.0007 loss_objective=-0.0237
2025-11-07 10:25:39.268 | INFO     | __main__:_log_metrics:8 - iter=0019 reward=-281.2288 ESS=0.9841 clip_fraction=0.0547 entropy=-0.0016 explained_variance=0.9731 kl_approx=0.0221 loss_critic=3863.1416 loss_entropy=0.0000 loss_objective=-0.0025
2025-11-07 10:25:40.637 | INFO     | __main__:_log_metrics:8 - iter=0020 reward=-298.6698 ESS=0.9800 clip_fraction=0.0469 entropy=0.0143 explained_variance=0.9808 kl_approx=0.0199 loss_critic=3891.0879 loss_entropy=-0.0001 loss_objective=0.0027
2025-11-07 10:25:42.038 | INFO     | __main__:_log_metrics:8 - iter=0021 reward=-261.5721 ESS=0.9394 clip_fraction=0.0312 entropy=-0.0262 explained_variance=0.9800 kl_approx=0.0042 loss_critic=3533.1646 loss_entropy=0.0003 loss_objective=0.0008
2025-11-07 10:25:43.468 | INFO     | __main__:_log_metrics:8 - iter=0022 reward=-250.5641 ESS=0.9991 clip_fraction=0.0078 entropy=-0.0015 explained_variance=0.9807 kl_approx=-0.0009 loss_critic=3172.9341 loss_entropy=0.0000 loss_objective=-0.0027
2025-11-07 10:25:44.854 | INFO     | __main__:_log_metrics:8 - iter=0023 reward=-239.9872 ESS=0.9995 clip_fraction=0.0000 entropy=0.0398 explained_variance=0.9570 kl_approx=0.0033 loss_critic=4659.3101 loss_entropy=-0.0004 loss_objective=-0.0009
2025-11-07 10:25:46.224 | INFO     | __main__:_log_metrics:8 - iter=0024 reward=-276.4051 ESS=0.9760 clip_fraction=0.0234 entropy=-0.0368 explained_variance=0.9766 kl_approx=-0.0164 loss_critic=3659.9775 loss_entropy=0.0004 loss_objective=-0.0027
2025-11-07 10:25:47.572 | INFO     | __main__:_log_metrics:8 - iter=0025 reward=-277.8261 ESS=0.9805 clip_fraction=0.0391 entropy=-0.1055 explained_variance=0.9703 kl_approx=0.0064 loss_critic=4338.2466 loss_entropy=0.0011 loss_objective=0.0009
2025-11-07 10:25:48.993 | INFO     | __main__:_log_metrics:8 - iter=0026 reward=-278.8411 ESS=0.9871 clip_fraction=0.0391 entropy=0.0407 explained_variance=0.9733 kl_approx=0.0455 loss_critic=4029.6926 loss_entropy=-0.0004 loss_objective=-0.0031
2025-11-07 10:25:50.288 | INFO     | __main__:_log_metrics:8 - iter=0027 reward=-307.7677 ESS=0.9898 clip_fraction=0.0234 entropy=-0.0617 explained_variance=0.9759 kl_approx=0.0309 loss_critic=4491.5010 loss_entropy=0.0006 loss_objective=-0.0051
2025-11-07 10:25:51.528 | INFO     | __main__:_log_metrics:8 - iter=0028 reward=-304.9509 ESS=0.9900 clip_fraction=0.0312 entropy=0.0283 explained_variance=0.9821 kl_approx=0.0279 loss_critic=3723.3599 loss_entropy=-0.0003 loss_objective=-0.0081
2025-11-07 10:25:52.701 | INFO     | __main__:_log_metrics:8 - iter=0029 reward=-323.1181 ESS=0.9839 clip_fraction=0.0781 entropy=0.1091 explained_variance=0.9855 kl_approx=0.0474 loss_critic=3584.8340 loss_entropy=-0.0011 loss_objective=-0.0192
2025-11-07 10:25:54.002 | INFO     | __main__:_log_metrics:8 - iter=0030 reward=-238.1875 ESS=0.8814 clip_fraction=0.0547 entropy=-0.0353 explained_variance=0.9757 kl_approx=0.0105 loss_critic=3422.1589 loss_entropy=0.0004 loss_objective=0.0056
2025-11-07 10:25:55.171 | INFO     | __main__:_log_metrics:8 - iter=0031 reward=-256.8171 ESS=0.9875 clip_fraction=0.0391 entropy=0.0313 explained_variance=0.9761 kl_approx=-0.0024 loss_critic=3359.3831 loss_entropy=-0.0003 loss_objective=-0.0116
2025-11-07 10:25:56.353 | INFO     | __main__:_log_metrics:8 - iter=0032 reward=-276.3163 ESS=0.9730 clip_fraction=0.0234 entropy=0.0316 explained_variance=0.9839 kl_approx=-0.0093 loss_critic=3535.9331 loss_entropy=-0.0003 loss_objective=-0.0061
2025-11-07 10:25:57.605 | INFO     | __main__:_log_metrics:8 - iter=0033 reward=-340.6523 ESS=0.9837 clip_fraction=0.0234 entropy=0.0784 explained_variance=0.9839 kl_approx=0.2816 loss_critic=4115.4741 loss_entropy=-0.0008 loss_objective=-0.0007
2025-11-07 10:25:58.861 | INFO     | __main__:_log_metrics:8 - iter=0034 reward=-283.8824 ESS=0.8862 clip_fraction=0.1250 entropy=-0.2276 explained_variance=0.9678 kl_approx=17.3584 loss_critic=4120.9502 loss_entropy=0.0023 loss_objective=0.1350
2025-11-07 10:26:00.139 | INFO     | __main__:_log_metrics:8 - iter=0035 reward=-220.3851 ESS=0.9946 clip_fraction=0.0156 entropy=-0.0197 explained_variance=0.9611 kl_approx=-0.0050 loss_critic=3868.1499 loss_entropy=0.0002 loss_objective=-0.0046
2025-11-07 10:26:01.435 | INFO     | __main__:_log_metrics:8 - iter=0036 reward=-266.1011 ESS=0.9911 clip_fraction=0.0156 entropy=-0.0099 explained_variance=0.9793 kl_approx=-0.0015 loss_critic=3821.4934 loss_entropy=0.0001 loss_objective=-0.0095
2025-11-07 10:26:02.708 | INFO     | __main__:_log_metrics:8 - iter=0037 reward=-253.9721 ESS=0.9993 clip_fraction=0.0078 entropy=0.0398 explained_variance=0.9824 kl_approx=0.0036 loss_critic=3399.9844 loss_entropy=-0.0004 loss_objective=-0.0022
2025-11-07 10:26:03.897 | INFO     | __main__:_log_metrics:8 - iter=0038 reward=-275.8918 ESS=0.9962 clip_fraction=0.0391 entropy=0.0731 explained_variance=0.9740 kl_approx=0.0048 loss_critic=4156.1572 loss_entropy=-0.0007 loss_objective=-0.0108
2025-11-07 10:26:05.883 | INFO     | __main__:_log_metrics:8 - iter=0039 reward=-268.4172 ESS=0.9936 clip_fraction=0.0312 entropy=-0.0063 explained_variance=0.9831 kl_approx=0.0156 loss_critic=3318.0667 loss_entropy=0.0001 loss_objective=0.0000
2025-11-07 10:31:47.749 | INFO     | __main__:_load_yaml_config:6 - Loaded configuration from conf\default.yaml
2025-11-07 10:31:47.755 | INFO     | __main__:<module>:18 - Logger initialized (level=INFO, file=logs/train.log)
2025-11-07 10:31:47.756 | INFO     | __main__:<module>:72 - Config ready | seed=42 frames_per_batch=1600 horizon=256 num_envs=4 backend=parallel parallel=True
2025-11-07 10:31:50.273 | INFO     | __main__:<module>:21 - TorchRL env constructed (observation=%s, num_envs=%d, backend=%s, parallel=%s)
2025-11-07 10:31:50.283 | INFO     | __main__:<module>:10 - Starting notebook PPO run
2025-11-07 10:31:52.022 | INFO     | __main__:_log_metrics:8 - iter=0000 reward=-147.0503 ESS=0.0427 clip_fraction=0.9844 entropy=1.0879 explained_variance=0.4775 kl_approx=inf loss_critic=752.9126 loss_entropy=-0.0109 loss_objective=0.2931
2025-11-07 10:31:53.827 | INFO     | __main__:_log_metrics:8 - iter=0001 reward=-42.7476 ESS=0.5498 clip_fraction=0.5469 entropy=2.4069 explained_variance=0.9664 kl_approx=inf loss_critic=184.5658 loss_entropy=-0.0241 loss_objective=0.1063
2025-11-07 10:31:55.378 | INFO     | __main__:_log_metrics:8 - iter=0002 reward=-2.5848 ESS=0.5950 clip_fraction=0.4219 entropy=1.0320 explained_variance=0.9436 kl_approx=inf loss_critic=98.1989 loss_entropy=-0.0103 loss_objective=-0.0211
2025-11-07 10:31:57.208 | INFO     | __main__:_log_metrics:8 - iter=0003 reward=1.8866 ESS=0.4923 clip_fraction=0.6719 entropy=2.1421 explained_variance=0.9808 kl_approx=inf loss_critic=55.9513 loss_entropy=-0.0214 loss_objective=0.0096
2025-11-07 10:31:58.746 | INFO     | __main__:_log_metrics:8 - iter=0004 reward=6.5297 ESS=0.7574 clip_fraction=0.4688 entropy=1.7574 explained_variance=0.5273 kl_approx=inf loss_critic=85.3518 loss_entropy=-0.0176 loss_objective=-0.0418
2025-11-07 10:32:00.562 | INFO     | __main__:_log_metrics:8 - iter=0005 reward=3.6054 ESS=0.4370 clip_fraction=0.6719 entropy=2.7601 explained_variance=0.5102 kl_approx=inf loss_critic=62.1185 loss_entropy=-0.0276 loss_objective=-0.0468
2025-11-07 10:32:02.131 | INFO     | __main__:_log_metrics:8 - iter=0006 reward=6.2215 ESS=0.6807 clip_fraction=0.5156 entropy=1.9554 explained_variance=0.7642 kl_approx=inf loss_critic=51.4117 loss_entropy=-0.0196 loss_objective=0.0035
2025-11-07 10:32:03.907 | INFO     | __main__:_log_metrics:8 - iter=0007 reward=3.5936 ESS=0.5479 clip_fraction=0.5781 entropy=2.3032 explained_variance=0.8864 kl_approx=inf loss_critic=39.1919 loss_entropy=-0.0230 loss_objective=-0.0041
2025-11-07 10:32:05.760 | INFO     | __main__:_log_metrics:8 - iter=0008 reward=3.6002 ESS=0.4619 clip_fraction=0.6562 entropy=2.4856 explained_variance=0.8819 kl_approx=inf loss_critic=36.5786 loss_entropy=-0.0249 loss_objective=-0.0105
2025-11-07 10:32:07.376 | INFO     | __main__:_log_metrics:8 - iter=0009 reward=7.1713 ESS=0.7627 clip_fraction=0.3594 entropy=1.9051 explained_variance=0.8801 kl_approx=inf loss_critic=46.1262 loss_entropy=-0.0191 loss_objective=-0.0362
2025-11-07 10:32:09.286 | INFO     | __main__:_log_metrics:8 - iter=0010 reward=3.3795 ESS=0.4945 clip_fraction=0.6406 entropy=2.7027 explained_variance=0.9612 kl_approx=inf loss_critic=30.4330 loss_entropy=-0.0270 loss_objective=-0.0227
2025-11-07 10:32:10.878 | INFO     | __main__:_log_metrics:8 - iter=0011 reward=7.1706 ESS=0.9204 clip_fraction=0.3750 entropy=1.5655 explained_variance=0.6806 kl_approx=inf loss_critic=49.9022 loss_entropy=-0.0157 loss_objective=-0.0354
2025-11-07 10:32:24.076 | INFO     | __main__:_load_yaml_config:16 - Loaded configuration from conf\default.yaml
2025-11-07 10:32:24.083 | INFO     | __main__:<module>:52 - Logger initialized (level=INFO, file=logs/train.log)
2025-11-07 10:32:24.084 | INFO     | __main__:<module>:214 - Config ready | seed=42 frames_per_batch=1600 horizon=256 num_envs=4 backend=parallel parallel=True
2025-11-07 10:32:26.601 | INFO     | __main__:<module>:21 - TorchRL env constructed (observation=%s, num_envs=%d, backend=%s, parallel=%s)
2025-11-07 10:32:26.609 | INFO     | __main__:<module>:10 - Starting notebook PPO run
2025-11-07 10:32:29.649 | INFO     | __main__:_log_metrics:8 - iter=0000 reward=-147.0503 ESS=0.0303 clip_fraction=1.0000 entropy=1.0057 explained_variance=0.5678 kl_approx=inf loss_critic=685.4536 loss_entropy=-0.0101 loss_objective=0.3306
2025-11-07 10:32:32.385 | INFO     | __main__:_log_metrics:8 - iter=0001 reward=-41.9865 ESS=0.5304 clip_fraction=0.5781 entropy=2.3116 explained_variance=0.9758 kl_approx=inf loss_critic=246.2352 loss_entropy=-0.0231 loss_objective=0.1879
2025-11-07 10:32:34.549 | INFO     | __main__:_log_metrics:8 - iter=0002 reward=4.1559 ESS=0.7959 clip_fraction=0.4688 entropy=1.8663 explained_variance=0.5264 kl_approx=inf loss_critic=79.9858 loss_entropy=-0.0187 loss_objective=-0.0251
2025-11-07 10:32:37.478 | INFO     | __main__:_log_metrics:8 - iter=0003 reward=3.4624 ESS=0.5542 clip_fraction=0.6094 entropy=2.7137 explained_variance=0.8112 kl_approx=inf loss_critic=39.0230 loss_entropy=-0.0271 loss_objective=-0.0956
2025-11-07 10:32:39.652 | INFO     | __main__:_log_metrics:8 - iter=0004 reward=6.1098 ESS=0.8953 clip_fraction=0.3438 entropy=1.5332 explained_variance=0.6686 kl_approx=inf loss_critic=71.9481 loss_entropy=-0.0153 loss_objective=-0.0085
2025-11-07 10:32:42.461 | INFO     | __main__:_log_metrics:8 - iter=0005 reward=2.9393 ESS=0.4332 clip_fraction=0.6875 entropy=2.7257 explained_variance=0.8473 kl_approx=inf loss_critic=37.6269 loss_entropy=-0.0273 loss_objective=-0.0182
2025-11-07 10:32:44.736 | INFO     | __main__:_log_metrics:8 - iter=0006 reward=6.1127 ESS=0.7665 clip_fraction=0.3906 entropy=1.9240 explained_variance=0.7763 kl_approx=inf loss_critic=59.6100 loss_entropy=-0.0192 loss_objective=-0.0427
2025-11-07 10:32:47.689 | INFO     | __main__:_log_metrics:8 - iter=0007 reward=2.3091 ESS=0.3577 clip_fraction=0.7812 entropy=2.3793 explained_variance=0.9146 kl_approx=inf loss_critic=30.1537 loss_entropy=-0.0238 loss_objective=-0.0317
2025-11-07 10:32:50.625 | INFO     | __main__:_log_metrics:8 - iter=0008 reward=3.5986 ESS=0.4902 clip_fraction=0.6094 entropy=2.6519 explained_variance=0.9384 kl_approx=inf loss_critic=28.0159 loss_entropy=-0.0265 loss_objective=-0.0741
2025-11-07 10:32:53.184 | INFO     | __main__:_log_metrics:8 - iter=0009 reward=6.0942 ESS=0.6820 clip_fraction=0.5000 entropy=1.8791 explained_variance=0.9552 kl_approx=inf loss_critic=34.4614 loss_entropy=-0.0188 loss_objective=-0.0722
2025-11-07 10:32:55.999 | INFO     | __main__:_log_metrics:8 - iter=0010 reward=4.3518 ESS=0.4891 clip_fraction=0.5781 entropy=2.4986 explained_variance=0.9450 kl_approx=inf loss_critic=38.4623 loss_entropy=-0.0250 loss_objective=-0.0847
2025-11-07 10:32:58.227 | INFO     | __main__:_log_metrics:8 - iter=0011 reward=4.8624 ESS=0.9132 clip_fraction=0.2344 entropy=1.3820 explained_variance=0.9183 kl_approx=inf loss_critic=53.8601 loss_entropy=-0.0138 loss_objective=-0.0330
2025-11-07 10:33:01.190 | INFO     | __main__:_log_metrics:8 - iter=0012 reward=4.2896 ESS=0.5800 clip_fraction=0.5938 entropy=2.3494 explained_variance=0.9753 kl_approx=inf loss_critic=26.2020 loss_entropy=-0.0235 loss_objective=-0.0938
2025-11-07 10:33:03.922 | INFO     | __main__:_log_metrics:8 - iter=0013 reward=5.5504 ESS=0.8059 clip_fraction=0.4219 entropy=1.6093 explained_variance=0.8052 kl_approx=inf loss_critic=67.5997 loss_entropy=-0.0161 loss_objective=-0.0141
2025-11-07 10:33:07.079 | INFO     | __main__:_log_metrics:8 - iter=0014 reward=2.7377 ESS=0.5699 clip_fraction=0.6250 entropy=2.1798 explained_variance=0.9148 kl_approx=inf loss_critic=42.3276 loss_entropy=-0.0218 loss_objective=-0.0198
2025-11-07 10:33:09.779 | INFO     | __main__:_log_metrics:8 - iter=0015 reward=5.9236 ESS=0.3646 clip_fraction=0.4062 entropy=1.4615 explained_variance=0.9255 kl_approx=inf loss_critic=52.8607 loss_entropy=-0.0146 loss_objective=-0.0651
2025-11-07 10:33:12.090 | INFO     | __main__:_log_metrics:8 - iter=0016 reward=4.6860 ESS=0.7156 clip_fraction=0.4844 entropy=1.8419 explained_variance=0.9591 kl_approx=inf loss_critic=41.8736 loss_entropy=-0.0184 loss_objective=0.0027
2025-11-07 10:33:15.073 | INFO     | __main__:_log_metrics:8 - iter=0017 reward=2.3990 ESS=0.5398 clip_fraction=0.5781 entropy=2.3345 explained_variance=0.8982 kl_approx=inf loss_critic=46.5390 loss_entropy=-0.0233 loss_objective=0.0731
2025-11-07 10:33:17.467 | INFO     | __main__:_log_metrics:8 - iter=0018 reward=2.8463 ESS=0.8227 clip_fraction=0.4531 entropy=1.0016 explained_variance=0.6800 kl_approx=inf loss_critic=72.0630 loss_entropy=-0.0100 loss_objective=0.0174
2025-11-07 10:33:20.403 | INFO     | __main__:_log_metrics:8 - iter=0019 reward=3.4577 ESS=0.4738 clip_fraction=0.6094 entropy=2.6235 explained_variance=0.9771 kl_approx=inf loss_critic=26.9804 loss_entropy=-0.0262 loss_objective=-0.0184
2025-11-07 10:33:22.787 | INFO     | __main__:_log_metrics:8 - iter=0020 reward=7.3286 ESS=0.9319 clip_fraction=0.2500 entropy=1.4661 explained_variance=0.7997 kl_approx=inf loss_critic=44.8344 loss_entropy=-0.0147 loss_objective=-0.0503
2025-11-07 10:33:25.836 | INFO     | __main__:_log_metrics:8 - iter=0021 reward=4.2209 ESS=0.5589 clip_fraction=0.5000 entropy=2.3183 explained_variance=0.9722 kl_approx=inf loss_critic=29.9583 loss_entropy=-0.0232 loss_objective=-0.0583
2025-11-07 10:33:28.263 | INFO     | __main__:_log_metrics:8 - iter=0022 reward=6.7733 ESS=0.5710 clip_fraction=0.3594 entropy=1.7664 explained_variance=0.9549 kl_approx=inf loss_critic=44.8715 loss_entropy=-0.0177 loss_objective=-0.0460
2025-11-07 10:33:31.295 | INFO     | __main__:_log_metrics:8 - iter=0023 reward=3.3254 ESS=0.4674 clip_fraction=0.6719 entropy=2.4303 explained_variance=0.9819 kl_approx=inf loss_critic=22.7059 loss_entropy=-0.0243 loss_objective=-0.0112
2025-11-07 10:33:34.288 | INFO     | __main__:_log_metrics:8 - iter=0024 reward=3.6951 ESS=0.4208 clip_fraction=0.7656 entropy=2.7389 explained_variance=0.9822 kl_approx=inf loss_critic=24.6087 loss_entropy=-0.0274 loss_objective=-0.0035
2025-11-07 10:33:36.609 | INFO     | __main__:_log_metrics:8 - iter=0025 reward=6.1243 ESS=0.8131 clip_fraction=0.3906 entropy=1.3539 explained_variance=0.9613 kl_approx=inf loss_critic=34.4051 loss_entropy=-0.0135 loss_objective=-0.0507
2025-11-07 10:33:39.419 | INFO     | __main__:_log_metrics:8 - iter=0026 reward=4.2281 ESS=0.5422 clip_fraction=0.6250 entropy=2.4471 explained_variance=0.9910 kl_approx=inf loss_critic=24.3469 loss_entropy=-0.0245 loss_objective=-0.0653
2025-11-07 10:33:41.525 | INFO     | __main__:_log_metrics:8 - iter=0027 reward=8.1183 ESS=0.9260 clip_fraction=0.3750 entropy=1.5432 explained_variance=0.8451 kl_approx=inf loss_critic=45.3221 loss_entropy=-0.0154 loss_objective=-0.0639
2025-11-07 10:33:44.309 | INFO     | __main__:_log_metrics:8 - iter=0028 reward=3.7872 ESS=0.4619 clip_fraction=0.6719 entropy=2.6028 explained_variance=0.9895 kl_approx=inf loss_critic=18.7307 loss_entropy=-0.0260 loss_objective=0.0726
2025-11-07 10:33:46.417 | INFO     | __main__:_log_metrics:8 - iter=0029 reward=6.8712 ESS=0.8474 clip_fraction=0.3750 entropy=1.5345 explained_variance=0.9303 kl_approx=inf loss_critic=40.2429 loss_entropy=-0.0153 loss_objective=-0.0360
2025-11-07 10:33:49.323 | INFO     | __main__:_log_metrics:8 - iter=0030 reward=3.9391 ESS=0.4265 clip_fraction=0.7188 entropy=2.5410 explained_variance=0.9747 kl_approx=inf loss_critic=31.9532 loss_entropy=-0.0254 loss_objective=-0.0172
2025-11-07 10:33:51.812 | INFO     | __main__:_log_metrics:8 - iter=0031 reward=6.9175 ESS=0.7459 clip_fraction=0.4375 entropy=1.8253 explained_variance=0.9717 kl_approx=inf loss_critic=34.1488 loss_entropy=-0.0183 loss_objective=-0.0746
2025-11-07 10:33:54.468 | INFO     | __main__:_log_metrics:8 - iter=0032 reward=5.5036 ESS=0.6850 clip_fraction=0.4062 entropy=1.9633 explained_variance=0.9808 kl_approx=inf loss_critic=33.6836 loss_entropy=-0.0196 loss_objective=-0.0101
2025-11-07 10:33:58.509 | INFO     | __main__:_log_metrics:8 - iter=0033 reward=4.3884 ESS=0.4674 clip_fraction=0.6094 entropy=2.1902 explained_variance=0.9875 kl_approx=inf loss_critic=28.6005 loss_entropy=-0.0219 loss_objective=-0.0530
2025-11-07 10:34:02.361 | INFO     | __main__:_log_metrics:8 - iter=0034 reward=6.5607 ESS=0.3754 clip_fraction=0.8438 entropy=1.5654 explained_variance=0.9675 kl_approx=inf loss_critic=35.4382 loss_entropy=-0.0157 loss_objective=0.0230
2025-11-07 10:34:05.977 | INFO     | __main__:_log_metrics:8 - iter=0035 reward=3.5708 ESS=0.3738 clip_fraction=0.7656 entropy=2.4692 explained_variance=0.9950 kl_approx=inf loss_critic=14.9467 loss_entropy=-0.0247 loss_objective=0.0636
2025-11-07 10:34:08.623 | INFO     | __main__:_log_metrics:8 - iter=0036 reward=7.0033 ESS=0.7366 clip_fraction=0.3594 entropy=1.0462 explained_variance=0.9116 kl_approx=inf loss_critic=49.4174 loss_entropy=-0.0105 loss_objective=-0.0051
2025-11-07 10:34:11.825 | INFO     | __main__:_log_metrics:8 - iter=0037 reward=1.5177 ESS=0.3567 clip_fraction=0.7188 entropy=2.2924 explained_variance=0.9799 kl_approx=inf loss_critic=26.0473 loss_entropy=-0.0229 loss_objective=0.1331
2025-11-07 10:34:14.230 | INFO     | __main__:_log_metrics:8 - iter=0038 reward=6.2064 ESS=0.8343 clip_fraction=0.3594 entropy=1.5897 explained_variance=0.9643 kl_approx=inf loss_critic=32.4524 loss_entropy=-0.0159 loss_objective=0.0126
2025-11-07 10:34:18.036 | INFO     | __main__:_log_metrics:8 - iter=0039 reward=2.0094 ESS=0.5038 clip_fraction=0.6406 entropy=2.1549 explained_variance=0.8952 kl_approx=inf loss_critic=43.5741 loss_entropy=-0.0215 loss_objective=0.0600
2025-11-07 10:39:11.013 | INFO     | __main__:<module>:18 - Logger initialized (level=INFO, file=logs/train.log)
2025-11-07 10:39:11.014 | INFO     | __main__:<module>:72 - Config ready | seed=42 frames_per_batch=1600 horizon=256 num_envs=4 backend=parallel parallel=True
2025-11-07 10:39:13.371 | INFO     | __main__:<module>:21 - TorchRL env constructed (observation=torch.Size([4, 73]),  num_envs=4, backend=parallel, parallel=True)
2025-11-07 10:39:13.381 | INFO     | __main__:<module>:10 - Starting notebook PPO run
2025-11-07 10:39:15.785 | INFO     | __main__:_log_metrics:8 - iter=0000 reward=-147.0503 ESS=0.0156 clip_fraction=1.0000 entropy=1.0127 explained_variance=0.5743 kl_approx=inf loss_critic=690.7986 loss_entropy=-0.0101 loss_objective=0.3256
2025-11-07 10:39:18.462 | INFO     | __main__:_log_metrics:8 - iter=0001 reward=-41.3688 ESS=0.5718 clip_fraction=0.6406 entropy=2.3775 explained_variance=0.9909 kl_approx=inf loss_critic=101.6426 loss_entropy=-0.0238 loss_objective=0.0919
2025-11-07 10:39:20.638 | INFO     | __main__:_log_metrics:8 - iter=0002 reward=7.3987 ESS=0.8892 clip_fraction=0.3125 entropy=2.2363 explained_variance=0.1246 kl_approx=inf loss_critic=51.7010 loss_entropy=-0.0224 loss_objective=-0.0376
2025-11-07 10:39:23.389 | INFO     | __main__:_log_metrics:8 - iter=0003 reward=4.5472 ESS=0.4118 clip_fraction=0.7031 entropy=2.8898 explained_variance=0.8276 kl_approx=inf loss_critic=33.1011 loss_entropy=-0.0289 loss_objective=-0.0816
2025-11-07 10:39:27.182 | INFO     | __main__:_log_metrics:8 - iter=0004 reward=8.3010 ESS=0.8834 clip_fraction=0.4844 entropy=2.1946 explained_variance=0.5226 kl_approx=inf loss_critic=41.4199 loss_entropy=-0.0219 loss_objective=-0.0522
2025-11-07 10:39:36.388 | INFO     | __main__:_log_metrics:8 - iter=0005 reward=2.9598 ESS=0.4564 clip_fraction=0.6875 entropy=3.0374 explained_variance=0.8450 kl_approx=inf loss_critic=29.6928 loss_entropy=-0.0304 loss_objective=-0.0658
2025-11-07 10:39:43.020 | INFO     | __main__:_log_metrics:8 - iter=0006 reward=7.2160 ESS=0.7593 clip_fraction=0.4531 entropy=2.5518 explained_variance=0.8180 kl_approx=inf loss_critic=57.6312 loss_entropy=-0.0255 loss_objective=-0.0904
2025-11-07 10:39:51.438 | INFO     | __main__:_log_metrics:8 - iter=0007 reward=4.2411 ESS=0.4368 clip_fraction=0.6875 entropy=3.0006 explained_variance=0.9865 kl_approx=inf loss_critic=18.1403 loss_entropy=-0.0300 loss_objective=-0.0730
2025-11-07 10:39:59.462 | INFO     | __main__:_log_metrics:8 - iter=0008 reward=4.2465 ESS=0.4998 clip_fraction=0.6562 entropy=2.5603 explained_variance=0.9556 kl_approx=inf loss_critic=37.0984 loss_entropy=-0.0256 loss_objective=-0.0482
2025-11-07 10:40:06.165 | INFO     | __main__:_log_metrics:8 - iter=0009 reward=6.3521 ESS=0.7518 clip_fraction=0.4375 entropy=2.0349 explained_variance=0.9252 kl_approx=inf loss_critic=46.1712 loss_entropy=-0.0203 loss_objective=-0.0257
2025-11-07 10:40:15.183 | INFO     | __main__:_log_metrics:8 - iter=0010 reward=4.0093 ESS=0.5486 clip_fraction=0.5625 entropy=2.8334 explained_variance=0.9415 kl_approx=inf loss_critic=35.4522 loss_entropy=-0.0283 loss_objective=-0.0587
2025-11-07 10:40:21.934 | INFO     | __main__:_log_metrics:8 - iter=0011 reward=7.9452 ESS=0.9117 clip_fraction=0.2969 entropy=2.0725 explained_variance=0.8703 kl_approx=inf loss_critic=51.1092 loss_entropy=-0.0207 loss_objective=-0.0628
2025-11-07 10:40:30.384 | INFO     | __main__:_log_metrics:8 - iter=0012 reward=4.8201 ESS=0.5342 clip_fraction=0.5781 entropy=2.8324 explained_variance=0.9743 kl_approx=inf loss_critic=29.8628 loss_entropy=-0.0283 loss_objective=-0.0672
2025-11-07 10:40:37.255 | INFO     | __main__:_log_metrics:8 - iter=0013 reward=7.2857 ESS=0.9546 clip_fraction=0.2344 entropy=1.9608 explained_variance=0.6048 kl_approx=inf loss_critic=52.7612 loss_entropy=-0.0196 loss_objective=-0.0483
2025-11-07 10:40:46.736 | INFO     | __main__:_log_metrics:8 - iter=0014 reward=4.5039 ESS=0.4724 clip_fraction=0.6719 entropy=2.5893 explained_variance=0.9871 kl_approx=inf loss_critic=21.4046 loss_entropy=-0.0259 loss_objective=-0.0335
2025-11-07 10:40:53.496 | INFO     | __main__:_log_metrics:8 - iter=0015 reward=6.1215 ESS=0.6831 clip_fraction=0.5938 entropy=2.2684 explained_variance=0.9741 kl_approx=inf loss_critic=34.1298 loss_entropy=-0.0227 loss_objective=-0.0860
2025-11-07 10:41:00.432 | INFO     | __main__:_log_metrics:8 - iter=0016 reward=6.3610 ESS=0.6996 clip_fraction=0.5156 entropy=2.1141 explained_variance=0.9614 kl_approx=inf loss_critic=42.4087 loss_entropy=-0.0211 loss_objective=-0.0662
2025-11-07 10:41:09.286 | INFO     | __main__:_log_metrics:8 - iter=0017 reward=4.1304 ESS=0.4738 clip_fraction=0.6562 entropy=2.6123 explained_variance=0.9851 kl_approx=inf loss_critic=28.5192 loss_entropy=-0.0261 loss_objective=-0.0627
2025-11-07 10:41:16.529 | INFO     | __main__:_log_metrics:8 - iter=0018 reward=7.5101 ESS=0.8848 clip_fraction=0.3594 entropy=1.5773 explained_variance=0.8899 kl_approx=inf loss_critic=50.7711 loss_entropy=-0.0158 loss_objective=-0.0275
2025-11-07 10:41:25.150 | INFO     | __main__:_log_metrics:8 - iter=0019 reward=4.2056 ESS=0.2835 clip_fraction=0.6719 entropy=2.7346 explained_variance=0.9940 kl_approx=inf loss_critic=18.4145 loss_entropy=-0.0273 loss_objective=0.0315
2025-11-07 10:41:31.932 | INFO     | __main__:_log_metrics:8 - iter=0020 reward=7.5035 ESS=0.8756 clip_fraction=0.3281 entropy=2.0033 explained_variance=0.8975 kl_approx=inf loss_critic=41.5811 loss_entropy=-0.0200 loss_objective=-0.0444
2025-11-07 10:41:40.967 | INFO     | __main__:_log_metrics:8 - iter=0021 reward=4.0778 ESS=0.4502 clip_fraction=0.6406 entropy=2.8715 explained_variance=0.9878 kl_approx=inf loss_critic=24.0358 loss_entropy=-0.0287 loss_objective=-0.0512
2025-11-07 10:41:47.879 | INFO     | __main__:_log_metrics:8 - iter=0022 reward=7.0351 ESS=0.6117 clip_fraction=0.5000 entropy=2.2397 explained_variance=0.9487 kl_approx=inf loss_critic=47.8870 loss_entropy=-0.0224 loss_objective=-0.0871
2025-11-07 10:41:56.301 | INFO     | __main__:_log_metrics:8 - iter=0023 reward=3.7495 ESS=0.4347 clip_fraction=0.7344 entropy=2.5843 explained_variance=0.9874 kl_approx=inf loss_critic=23.7778 loss_entropy=-0.0258 loss_objective=-0.0742
2025-11-07 10:42:04.641 | INFO     | __main__:_log_metrics:8 - iter=0024 reward=4.3682 ESS=0.4233 clip_fraction=0.7656 entropy=2.5176 explained_variance=0.9742 kl_approx=inf loss_critic=32.9757 loss_entropy=-0.0252 loss_objective=-0.0812
2025-11-07 10:42:11.651 | INFO     | __main__:_log_metrics:8 - iter=0025 reward=6.3176 ESS=0.7606 clip_fraction=0.4844 entropy=1.4481 explained_variance=0.9747 kl_approx=inf loss_critic=31.0134 loss_entropy=-0.0145 loss_objective=-0.0351
2025-11-07 10:42:20.187 | INFO     | __main__:_log_metrics:8 - iter=0026 reward=4.7813 ESS=0.3651 clip_fraction=0.7656 entropy=2.6657 explained_variance=0.9873 kl_approx=inf loss_critic=27.9228 loss_entropy=-0.0267 loss_objective=-0.0759
2025-11-07 10:42:26.885 | INFO     | __main__:_log_metrics:8 - iter=0027 reward=8.2280 ESS=0.8715 clip_fraction=0.4219 entropy=1.5537 explained_variance=0.8953 kl_approx=inf loss_critic=49.9588 loss_entropy=-0.0155 loss_objective=-0.0499
2025-11-07 10:42:35.655 | INFO     | __main__:_log_metrics:8 - iter=0028 reward=4.1201 ESS=0.4015 clip_fraction=0.7656 entropy=2.9942 explained_variance=0.9938 kl_approx=inf loss_critic=16.6013 loss_entropy=-0.0299 loss_objective=0.0054
2025-11-07 10:42:42.570 | INFO     | __main__:_log_metrics:8 - iter=0029 reward=7.0174 ESS=0.7329 clip_fraction=0.4062 entropy=2.5468 explained_variance=0.9881 kl_approx=inf loss_critic=24.1646 loss_entropy=-0.0255 loss_objective=-0.0164
2025-11-07 10:42:50.830 | INFO     | __main__:_log_metrics:8 - iter=0030 reward=2.7601 ESS=0.2636 clip_fraction=0.6875 entropy=2.1991 explained_variance=0.9754 kl_approx=inf loss_critic=33.4483 loss_entropy=-0.0220 loss_objective=0.1109
2025-11-07 10:42:57.787 | INFO     | __main__:_log_metrics:8 - iter=0031 reward=6.3211 ESS=0.6225 clip_fraction=0.6406 entropy=1.7971 explained_variance=0.9707 kl_approx=inf loss_critic=32.2531 loss_entropy=-0.0180 loss_objective=0.0215
2025-11-07 10:43:04.491 | INFO     | __main__:_log_metrics:8 - iter=0032 reward=6.6069 ESS=0.6387 clip_fraction=0.6094 entropy=2.1057 explained_variance=0.9895 kl_approx=inf loss_critic=24.8036 loss_entropy=-0.0211 loss_objective=-0.0299
2025-11-07 10:43:12.936 | INFO     | __main__:_log_metrics:8 - iter=0033 reward=3.9439 ESS=0.4399 clip_fraction=0.6719 entropy=2.7674 explained_variance=0.9729 kl_approx=inf loss_critic=26.5829 loss_entropy=-0.0277 loss_objective=-0.0089
2025-11-07 10:43:19.472 | INFO     | __main__:_log_metrics:8 - iter=0034 reward=7.0996 ESS=0.7464 clip_fraction=0.4688 entropy=1.8889 explained_variance=0.9450 kl_approx=inf loss_critic=36.0887 loss_entropy=-0.0189 loss_objective=-0.0627
2025-11-07 10:43:27.852 | INFO     | __main__:_log_metrics:8 - iter=0035 reward=4.3088 ESS=0.4400 clip_fraction=0.7344 entropy=2.8124 explained_variance=0.9815 kl_approx=inf loss_critic=26.4408 loss_entropy=-0.0281 loss_objective=-0.0719
2025-11-07 10:43:34.022 | INFO     | __main__:_log_metrics:8 - iter=0036 reward=8.0719 ESS=0.9143 clip_fraction=0.3281 entropy=1.6082 explained_variance=0.8967 kl_approx=inf loss_critic=36.2785 loss_entropy=-0.0161 loss_objective=-0.0608
2025-11-07 10:43:42.353 | INFO     | __main__:_log_metrics:8 - iter=0037 reward=4.2979 ESS=0.5310 clip_fraction=0.6250 entropy=2.5318 explained_variance=0.9902 kl_approx=inf loss_critic=26.0987 loss_entropy=-0.0253 loss_objective=-0.0021
2025-11-07 10:43:49.236 | INFO     | __main__:_log_metrics:8 - iter=0038 reward=7.3827 ESS=0.8088 clip_fraction=0.4844 entropy=2.2343 explained_variance=0.9702 kl_approx=inf loss_critic=36.2624 loss_entropy=-0.0223 loss_objective=-0.0928
2025-11-07 10:43:57.239 | INFO     | __main__:_log_metrics:8 - iter=0039 reward=4.4453 ESS=0.5871 clip_fraction=0.5625 entropy=2.4783 explained_variance=0.9915 kl_approx=inf loss_critic=21.7663 loss_entropy=-0.0248 loss_objective=-0.0734
2025-11-07 10:44:05.703 | INFO     | __main__:_log_metrics:8 - iter=0040 reward=4.4261 ESS=0.3773 clip_fraction=0.7344 entropy=2.7593 explained_variance=0.9851 kl_approx=inf loss_critic=22.5414 loss_entropy=-0.0276 loss_objective=-0.0093
2025-11-07 10:44:12.574 | INFO     | __main__:_log_metrics:8 - iter=0041 reward=6.1211 ESS=0.7240 clip_fraction=0.5469 entropy=1.9096 explained_variance=0.9045 kl_approx=inf loss_critic=49.8682 loss_entropy=-0.0191 loss_objective=-0.0051
2025-11-07 10:44:20.822 | INFO     | __main__:_log_metrics:8 - iter=0042 reward=4.2429 ESS=0.5045 clip_fraction=0.6094 entropy=2.6507 explained_variance=0.9808 kl_approx=inf loss_critic=35.2084 loss_entropy=-0.0265 loss_objective=0.0001
2025-11-07 10:44:27.649 | INFO     | __main__:_log_metrics:8 - iter=0043 reward=8.1491 ESS=0.8243 clip_fraction=0.4375 entropy=1.6976 explained_variance=0.9064 kl_approx=inf loss_critic=44.6723 loss_entropy=-0.0170 loss_objective=-0.0571
2025-11-07 10:44:35.828 | INFO     | __main__:_log_metrics:8 - iter=0044 reward=3.9279 ESS=0.4607 clip_fraction=0.6719 entropy=2.6427 explained_variance=0.9863 kl_approx=inf loss_critic=27.4644 loss_entropy=-0.0264 loss_objective=-0.0408
2025-11-07 10:44:42.420 | INFO     | __main__:_log_metrics:8 - iter=0045 reward=7.4984 ESS=0.7649 clip_fraction=0.4531 entropy=1.8731 explained_variance=0.9073 kl_approx=inf loss_critic=57.6382 loss_entropy=-0.0187 loss_objective=-0.0726
2025-11-07 10:44:50.714 | INFO     | __main__:_log_metrics:8 - iter=0046 reward=3.4279 ESS=0.3682 clip_fraction=0.6719 entropy=2.4550 explained_variance=0.9818 kl_approx=inf loss_critic=23.6816 loss_entropy=-0.0245 loss_objective=0.0521
2025-11-07 10:44:57.651 | INFO     | __main__:_log_metrics:8 - iter=0047 reward=5.7195 ESS=0.7574 clip_fraction=0.5000 entropy=2.0579 explained_variance=0.9690 kl_approx=inf loss_critic=33.0393 loss_entropy=-0.0206 loss_objective=0.0082
2025-11-07 10:45:04.299 | INFO     | __main__:_log_metrics:8 - iter=0048 reward=5.9734 ESS=0.7268 clip_fraction=0.5000 entropy=1.9884 explained_variance=0.9794 kl_approx=inf loss_critic=31.9347 loss_entropy=-0.0199 loss_objective=-0.0505
2025-11-07 10:45:12.887 | INFO     | __main__:_log_metrics:8 - iter=0049 reward=2.6529 ESS=0.5815 clip_fraction=0.5312 entropy=1.5454 explained_variance=0.9827 kl_approx=inf loss_critic=37.7437 loss_entropy=-0.0155 loss_objective=0.0482
2025-11-07 10:45:19.347 | INFO     | __main__:_log_metrics:8 - iter=0050 reward=7.2960 ESS=0.6975 clip_fraction=0.4219 entropy=1.5264 explained_variance=0.9693 kl_approx=inf loss_critic=37.3351 loss_entropy=-0.0153 loss_objective=-0.0454
2025-11-07 10:45:27.506 | INFO     | __main__:_log_metrics:8 - iter=0051 reward=4.5458 ESS=0.4689 clip_fraction=0.6875 entropy=2.7063 explained_variance=0.9887 kl_approx=inf loss_critic=24.0002 loss_entropy=-0.0271 loss_objective=-0.0852
2025-11-07 10:45:34.020 | INFO     | __main__:_log_metrics:8 - iter=0052 reward=7.2219 ESS=0.9130 clip_fraction=0.4062 entropy=1.8158 explained_variance=0.9081 kl_approx=inf loss_critic=36.8855 loss_entropy=-0.0182 loss_objective=-0.0662
2025-11-07 10:45:42.352 | INFO     | __main__:_log_metrics:8 - iter=0053 reward=4.3130 ESS=0.4112 clip_fraction=0.7188 entropy=2.5516 explained_variance=0.9952 kl_approx=inf loss_critic=16.2090 loss_entropy=-0.0255 loss_objective=-0.0614
2025-11-07 10:45:49.018 | INFO     | __main__:_log_metrics:8 - iter=0054 reward=6.6549 ESS=0.8114 clip_fraction=0.4375 entropy=2.1501 explained_variance=0.9859 kl_approx=inf loss_critic=23.2957 loss_entropy=-0.0215 loss_objective=-0.0540
2025-11-07 10:45:57.517 | INFO     | __main__:_log_metrics:8 - iter=0055 reward=3.4228 ESS=0.4586 clip_fraction=0.7031 entropy=2.4538 explained_variance=0.9927 kl_approx=inf loss_critic=17.6377 loss_entropy=-0.0245 loss_objective=0.1485
2025-11-07 10:46:05.641 | INFO     | __main__:_log_metrics:8 - iter=0056 reward=4.1286 ESS=0.4925 clip_fraction=0.7188 entropy=2.5569 explained_variance=0.9832 kl_approx=inf loss_critic=26.6014 loss_entropy=-0.0256 loss_objective=-0.0610
2025-11-07 10:46:12.339 | INFO     | __main__:_log_metrics:8 - iter=0057 reward=7.0327 ESS=0.8195 clip_fraction=0.4375 entropy=1.6412 explained_variance=0.9615 kl_approx=inf loss_critic=34.5551 loss_entropy=-0.0164 loss_objective=-0.0640
2025-11-07 10:46:20.747 | INFO     | __main__:_log_metrics:8 - iter=0058 reward=4.0188 ESS=0.4209 clip_fraction=0.7812 entropy=2.4913 explained_variance=0.9897 kl_approx=inf loss_critic=26.6253 loss_entropy=-0.0249 loss_objective=0.1113
2025-11-07 10:46:26.864 | INFO     | __main__:_log_metrics:8 - iter=0059 reward=7.8997 ESS=0.8810 clip_fraction=0.3594 entropy=1.7415 explained_variance=0.9306 kl_approx=inf loss_critic=43.9273 loss_entropy=-0.0174 loss_objective=-0.0431
2025-11-07 10:46:35.038 | INFO     | __main__:_log_metrics:8 - iter=0060 reward=4.1181 ESS=0.4697 clip_fraction=0.6250 entropy=2.6571 explained_variance=0.9892 kl_approx=inf loss_critic=24.5917 loss_entropy=-0.0266 loss_objective=-0.0071
2025-11-07 10:46:41.620 | INFO     | __main__:_log_metrics:8 - iter=0061 reward=7.3303 ESS=0.8624 clip_fraction=0.2969 entropy=1.5598 explained_variance=0.9250 kl_approx=inf loss_critic=52.3477 loss_entropy=-0.0156 loss_objective=-0.0507
2025-11-07 10:46:49.839 | INFO     | __main__:_log_metrics:8 - iter=0062 reward=4.7544 ESS=0.4490 clip_fraction=0.6875 entropy=2.4979 explained_variance=0.9932 kl_approx=inf loss_critic=18.0743 loss_entropy=-0.0250 loss_objective=-0.0717
2025-11-07 10:46:56.543 | INFO     | __main__:_log_metrics:8 - iter=0063 reward=5.3166 ESS=0.7373 clip_fraction=0.4062 entropy=1.6318 explained_variance=0.9438 kl_approx=inf loss_critic=47.2516 loss_entropy=-0.0163 loss_objective=0.0626
2025-11-07 10:47:03.485 | INFO     | __main__:_log_metrics:8 - iter=0064 reward=6.7006 ESS=0.7131 clip_fraction=0.4219 entropy=1.8817 explained_variance=0.9878 kl_approx=inf loss_critic=23.7955 loss_entropy=-0.0188 loss_objective=-0.0121
2025-11-07 10:47:11.892 | INFO     | __main__:_log_metrics:8 - iter=0065 reward=4.2831 ESS=0.3977 clip_fraction=0.7344 entropy=2.4272 explained_variance=0.9919 kl_approx=inf loss_critic=20.6600 loss_entropy=-0.0243 loss_objective=-0.0329
2025-11-07 10:47:18.519 | INFO     | __main__:_log_metrics:8 - iter=0066 reward=7.3356 ESS=0.8291 clip_fraction=0.3281 entropy=1.6319 explained_variance=0.9708 kl_approx=inf loss_critic=34.2045 loss_entropy=-0.0163 loss_objective=-0.0642
2025-11-07 10:47:26.953 | INFO     | __main__:_log_metrics:8 - iter=0067 reward=3.8533 ESS=0.5995 clip_fraction=0.5000 entropy=2.2135 explained_variance=0.9691 kl_approx=inf loss_critic=39.1984 loss_entropy=-0.0221 loss_objective=0.0368
2025-11-07 10:47:33.437 | INFO     | __main__:_log_metrics:8 - iter=0068 reward=8.2618 ESS=0.8943 clip_fraction=0.3125 entropy=1.4320 explained_variance=0.9169 kl_approx=inf loss_critic=34.4354 loss_entropy=-0.0143 loss_objective=-0.0392
2025-11-07 10:47:41.855 | INFO     | __main__:_log_metrics:8 - iter=0069 reward=3.0157 ESS=0.5044 clip_fraction=0.6094 entropy=2.4945 explained_variance=0.9800 kl_approx=inf loss_critic=29.9444 loss_entropy=-0.0249 loss_objective=-0.0431
2025-11-07 10:47:48.726 | INFO     | __main__:_log_metrics:8 - iter=0070 reward=5.3618 ESS=0.7569 clip_fraction=0.3906 entropy=1.4398 explained_variance=0.9759 kl_approx=inf loss_critic=34.9856 loss_entropy=-0.0144 loss_objective=-0.0480
2025-11-07 10:47:57.007 | INFO     | __main__:_log_metrics:8 - iter=0071 reward=4.6737 ESS=0.4729 clip_fraction=0.6406 entropy=2.5539 explained_variance=0.9906 kl_approx=inf loss_critic=20.7267 loss_entropy=-0.0255 loss_objective=-0.0198
2025-11-07 10:48:05.285 | INFO     | __main__:_log_metrics:8 - iter=0072 reward=3.9977 ESS=0.3760 clip_fraction=0.6406 entropy=2.6827 explained_variance=0.9913 kl_approx=inf loss_critic=18.3008 loss_entropy=-0.0268 loss_objective=-0.0427
2025-11-07 10:48:11.751 | INFO     | __main__:_log_metrics:8 - iter=0073 reward=6.3179 ESS=0.8755 clip_fraction=0.3125 entropy=1.1644 explained_variance=0.9427 kl_approx=inf loss_critic=35.9773 loss_entropy=-0.0116 loss_objective=-0.0149
2025-11-07 10:48:20.047 | INFO     | __main__:_log_metrics:8 - iter=0074 reward=-0.0239 ESS=0.4257 clip_fraction=0.7656 entropy=2.3238 explained_variance=0.9794 kl_approx=inf loss_critic=26.6097 loss_entropy=-0.0232 loss_objective=0.0839
2025-11-07 10:48:26.342 | INFO     | __main__:_log_metrics:8 - iter=0075 reward=7.0440 ESS=0.9170 clip_fraction=0.2656 entropy=1.4870 explained_variance=0.9147 kl_approx=inf loss_critic=35.8455 loss_entropy=-0.0149 loss_objective=-0.0411
2025-11-07 10:48:34.838 | INFO     | __main__:_log_metrics:8 - iter=0076 reward=2.1132 ESS=0.5217 clip_fraction=0.6094 entropy=2.3902 explained_variance=0.9667 kl_approx=inf loss_critic=38.7800 loss_entropy=-0.0239 loss_objective=-0.0177
2025-11-07 10:48:41.423 | INFO     | __main__:_log_metrics:8 - iter=0077 reward=7.3150 ESS=0.8284 clip_fraction=0.4219 entropy=1.6450 explained_variance=0.9576 kl_approx=inf loss_critic=40.5652 loss_entropy=-0.0164 loss_objective=-0.0722
2025-11-07 10:48:50.016 | INFO     | __main__:_log_metrics:8 - iter=0078 reward=3.5555 ESS=0.4751 clip_fraction=0.5938 entropy=2.5430 explained_variance=0.9862 kl_approx=inf loss_critic=25.5412 loss_entropy=-0.0254 loss_objective=-0.0267
2025-11-07 10:48:56.960 | INFO     | __main__:_log_metrics:8 - iter=0079 reward=5.8314 ESS=0.7198 clip_fraction=0.4219 entropy=1.8368 explained_variance=0.9770 kl_approx=inf loss_critic=33.0187 loss_entropy=-0.0184 loss_objective=-0.0555
2025-11-07 10:49:03.892 | INFO     | __main__:_log_metrics:8 - iter=0080 reward=2.0063 ESS=0.8685 clip_fraction=0.2656 entropy=1.4596 explained_variance=0.9886 kl_approx=inf loss_critic=55.2932 loss_entropy=-0.0146 loss_objective=0.0005
2025-11-07 10:49:12.210 | INFO     | __main__:_log_metrics:8 - iter=0081 reward=3.3624 ESS=0.5513 clip_fraction=0.5781 entropy=1.9058 explained_variance=0.9906 kl_approx=inf loss_critic=21.7570 loss_entropy=-0.0191 loss_objective=-0.0328
2025-11-07 10:49:18.903 | INFO     | __main__:_log_metrics:8 - iter=0082 reward=7.2502 ESS=0.8708 clip_fraction=0.4062 entropy=1.7539 explained_variance=0.9339 kl_approx=inf loss_critic=33.7629 loss_entropy=-0.0175 loss_objective=-0.0584
2025-11-07 10:49:27.319 | INFO     | __main__:_log_metrics:8 - iter=0083 reward=4.2766 ESS=0.4721 clip_fraction=0.6875 entropy=2.5232 explained_variance=0.9878 kl_approx=inf loss_critic=23.2638 loss_entropy=-0.0252 loss_objective=-0.0799
2025-11-07 10:49:33.537 | INFO     | __main__:_log_metrics:8 - iter=0084 reward=8.3770 ESS=0.8986 clip_fraction=0.2812 entropy=1.3290 explained_variance=0.0120 kl_approx=-0.0530 loss_critic=39.8299 loss_entropy=-0.0133 loss_objective=-0.0603
2025-11-07 10:49:41.875 | INFO     | __main__:_log_metrics:8 - iter=0085 reward=4.1576 ESS=0.5504 clip_fraction=0.5938 entropy=2.3265 explained_variance=0.9882 kl_approx=inf loss_critic=27.5309 loss_entropy=-0.0233 loss_objective=-0.0531
2025-11-07 10:49:48.582 | INFO     | __main__:_log_metrics:8 - iter=0086 reward=7.6076 ESS=0.7879 clip_fraction=0.5312 entropy=1.9267 explained_variance=0.9596 kl_approx=inf loss_critic=41.4150 loss_entropy=-0.0193 loss_objective=-0.1037
2025-11-07 10:49:56.936 | INFO     | __main__:_log_metrics:8 - iter=0087 reward=4.2554 ESS=0.5152 clip_fraction=0.6094 entropy=2.4042 explained_variance=0.9848 kl_approx=inf loss_critic=31.0900 loss_entropy=-0.0240 loss_objective=-0.0435
2025-11-07 10:50:05.221 | INFO     | __main__:_log_metrics:8 - iter=0088 reward=3.9451 ESS=0.5531 clip_fraction=0.6094 entropy=2.3657 explained_variance=0.9687 kl_approx=inf loss_critic=44.1535 loss_entropy=-0.0237 loss_objective=-0.0724
2025-11-07 10:50:11.778 | INFO     | __main__:_log_metrics:8 - iter=0089 reward=6.7877 ESS=0.7598 clip_fraction=0.4688 entropy=1.8713 explained_variance=0.9737 kl_approx=inf loss_critic=34.7504 loss_entropy=-0.0187 loss_objective=-0.0489
2025-11-07 10:50:20.751 | INFO     | __main__:_log_metrics:8 - iter=0090 reward=4.3879 ESS=0.5152 clip_fraction=0.5625 entropy=2.4195 explained_variance=0.9888 kl_approx=inf loss_critic=24.1622 loss_entropy=-0.0242 loss_objective=-0.0339
2025-11-07 10:50:27.924 | INFO     | __main__:_log_metrics:8 - iter=0091 reward=7.8920 ESS=0.8728 clip_fraction=0.3750 entropy=1.3849 explained_variance=0.9205 kl_approx=inf loss_critic=43.2683 loss_entropy=-0.0138 loss_objective=-0.0714
2025-11-07 10:50:37.081 | INFO     | __main__:_log_metrics:8 - iter=0092 reward=4.0461 ESS=0.5556 clip_fraction=0.6250 entropy=2.8990 explained_variance=0.9764 kl_approx=inf loss_critic=30.0460 loss_entropy=-0.0290 loss_objective=0.1016
2025-11-07 10:50:44.368 | INFO     | __main__:_log_metrics:8 - iter=0093 reward=7.5930 ESS=0.8466 clip_fraction=0.3594 entropy=1.8080 explained_variance=0.9283 kl_approx=inf loss_critic=49.9502 loss_entropy=-0.0181 loss_objective=-0.0664
2025-11-07 10:50:53.917 | INFO     | __main__:_log_metrics:8 - iter=0094 reward=4.3067 ESS=0.4770 clip_fraction=0.6562 entropy=2.4790 explained_variance=0.9897 kl_approx=inf loss_critic=23.3744 loss_entropy=-0.0248 loss_objective=0.0035
2025-11-07 10:51:01.736 | INFO     | __main__:_log_metrics:8 - iter=0095 reward=6.3044 ESS=0.6775 clip_fraction=0.4375 entropy=1.7952 explained_variance=0.9879 kl_approx=inf loss_critic=28.8138 loss_entropy=-0.0180 loss_objective=0.0142
2025-11-07 10:51:09.678 | INFO     | __main__:_log_metrics:8 - iter=0096 reward=7.1870 ESS=0.6984 clip_fraction=0.5312 entropy=2.2723 explained_variance=0.9632 kl_approx=inf loss_critic=46.0019 loss_entropy=-0.0227 loss_objective=-0.0812
2025-11-07 10:51:18.136 | INFO     | __main__:_log_metrics:8 - iter=0097 reward=4.2025 ESS=0.5014 clip_fraction=0.5938 entropy=2.4573 explained_variance=0.9892 kl_approx=inf loss_critic=23.6560 loss_entropy=-0.0246 loss_objective=0.0286
2025-11-07 10:51:24.644 | INFO     | __main__:_log_metrics:8 - iter=0098 reward=7.6265 ESS=0.8132 clip_fraction=0.4531 entropy=1.8827 explained_variance=0.9574 kl_approx=inf loss_critic=46.3546 loss_entropy=-0.0188 loss_objective=-0.0681
2025-11-07 10:51:34.133 | INFO     | __main__:_log_metrics:8 - iter=0099 reward=3.4566 ESS=0.4636 clip_fraction=0.7031 entropy=2.4380 explained_variance=0.9828 kl_approx=inf loss_critic=26.3817 loss_entropy=-0.0244 loss_objective=-0.0004
2025-11-07 10:58:21.505 | INFO     | __main__:_load_yaml_config:6 - Loaded configuration from conf\default.yaml
2025-11-07 10:58:21.509 | INFO     | __main__:<module>:18 - Logger initialized (level=INFO, file=logs/train.log)
2025-11-07 10:58:21.510 | INFO     | __main__:<module>:21 - algo_section {'frames_per_batch': 1600, 'mini_batch_size': 64, 'max_epochs': 1000, 'clip_epsilon': 0.2, 'gamma': 0.99, 'gae_lambda': 0.95, 'actor_lr': 0.0003, 'critic_lr': 0.001, 'entropy_coeff': 0.01}
2025-11-07 10:58:21.511 | INFO     | __main__:<module>:73 - Config ready | seed=42 frames_per_batch=1600 horizon=256 num_envs=4 backend=parallel parallel=True
2025-11-07 11:00:42.654 | INFO     | __main__:_load_yaml_config:6 - Loaded configuration from conf\default.yaml
2025-11-07 11:00:42.659 | INFO     | __main__:<module>:18 - Logger initialized (level=INFO, file=logs/train.log)
2025-11-07 11:00:42.659 | INFO     | __main__:<module>:21 - algo_section {'frames_per_batch': 1600, 'mini_batch_size': 64, 'max_epochs': 1000, 'clip_epsilon': 0.2, 'gamma': 0.99, 'gae_lambda': 0.95, 'actor_lr': 0.0003, 'critic_lr': 0.001, 'entropy_coeff': 0.01}
2025-11-07 11:00:42.662 | INFO     | __main__:<module>:73 - Config ready | seed=42 frames_per_batch=2000 horizon=256 num_envs=4 backend=parallel parallel=True
2025-11-07 11:00:45.019 | INFO     | __main__:<module>:21 - TorchRL env constructed (observation=torch.Size([4, 73]),  num_envs=4, backend=parallel, parallel=True)
2025-11-07 11:00:45.026 | INFO     | __main__:<module>:10 - Starting notebook PPO run
2025-11-07 11:00:47.806 | INFO     | __main__:_log_metrics:8 - iter=0000 reward=-224.3342 ESS=0.0423 clip_fraction=0.8750 entropy=0.2051 explained_variance=0.6160 kl_approx=inf loss_critic=713.4892 loss_entropy=-0.0021 loss_objective=0.5658
2025-11-07 11:00:50.755 | INFO     | __main__:_log_metrics:8 - iter=0001 reward=-179.1204 ESS=0.6501 clip_fraction=0.3594 entropy=1.3568 explained_variance=0.9222 kl_approx=inf loss_critic=866.1346 loss_entropy=-0.0136 loss_objective=0.3408
2025-11-07 11:00:53.653 | INFO     | __main__:_log_metrics:8 - iter=0002 reward=-174.7554 ESS=0.5994 clip_fraction=0.3984 entropy=1.4851 explained_variance=0.9712 kl_approx=inf loss_critic=817.9911 loss_entropy=-0.0149 loss_objective=0.3283
2025-11-07 11:00:56.430 | INFO     | __main__:_log_metrics:8 - iter=0003 reward=-168.0524 ESS=0.6370 clip_fraction=0.3828 entropy=1.3327 explained_variance=0.9766 kl_approx=inf loss_critic=1100.4467 loss_entropy=-0.0133 loss_objective=0.3578
2025-11-07 11:00:59.285 | INFO     | __main__:_log_metrics:8 - iter=0004 reward=-169.8951 ESS=0.6102 clip_fraction=0.4062 entropy=1.4722 explained_variance=0.9769 kl_approx=inf loss_critic=1174.8730 loss_entropy=-0.0147 loss_objective=0.3517
2025-11-07 11:01:02.265 | INFO     | __main__:_log_metrics:8 - iter=0005 reward=-168.4115 ESS=0.5583 clip_fraction=0.4531 entropy=1.7411 explained_variance=0.9866 kl_approx=inf loss_critic=983.4352 loss_entropy=-0.0174 loss_objective=0.3856
2025-11-07 11:01:05.224 | INFO     | __main__:_log_metrics:8 - iter=0006 reward=-160.0383 ESS=0.0756 clip_fraction=0.9141 entropy=1.4348 explained_variance=0.9868 kl_approx=inf loss_critic=1078.0048 loss_entropy=-0.0143 loss_objective=0.2176
2025-11-07 11:01:08.171 | INFO     | __main__:_log_metrics:8 - iter=0007 reward=-56.9029 ESS=0.0078 clip_fraction=0.9922 entropy=-1.1061 explained_variance=0.9954 kl_approx=inf loss_critic=333.4787 loss_entropy=0.0111 loss_objective=0.2082
2025-11-07 11:01:11.092 | INFO     | __main__:_log_metrics:8 - iter=0008 reward=-130.8342 ESS=0.3771 clip_fraction=0.6484 entropy=-0.8088 explained_variance=0.9873 kl_approx=inf loss_critic=2318.0486 loss_entropy=0.0081 loss_objective=0.0631
2025-11-07 11:01:13.844 | INFO     | __main__:_log_metrics:8 - iter=0009 reward=-130.3109 ESS=0.4264 clip_fraction=0.6094 entropy=-1.2083 explained_variance=0.9872 kl_approx=inf loss_critic=3646.6201 loss_entropy=0.0121 loss_objective=0.1267
2025-11-07 11:01:16.616 | INFO     | __main__:_log_metrics:8 - iter=0010 reward=-128.0841 ESS=0.6711 clip_fraction=0.3438 entropy=-1.6476 explained_variance=0.9868 kl_approx=inf loss_critic=2960.7405 loss_entropy=0.0165 loss_objective=-0.0128
2025-11-07 11:01:19.494 | INFO     | __main__:_log_metrics:8 - iter=0011 reward=-143.3079 ESS=0.6717 clip_fraction=0.3203 entropy=-1.9888 explained_variance=0.9935 kl_approx=inf loss_critic=2480.7727 loss_entropy=0.0199 loss_objective=-0.0092
2025-11-07 11:01:22.558 | INFO     | __main__:_log_metrics:8 - iter=0012 reward=-141.3280 ESS=0.5991 clip_fraction=0.3828 entropy=-1.7320 explained_variance=0.9847 kl_approx=inf loss_critic=3272.8604 loss_entropy=0.0173 loss_objective=0.0403
2025-11-07 11:01:25.416 | INFO     | __main__:_log_metrics:8 - iter=0013 reward=-139.4402 ESS=0.6175 clip_fraction=0.4062 entropy=-1.4314 explained_variance=0.9930 kl_approx=inf loss_critic=1887.3049 loss_entropy=0.0143 loss_objective=-0.0047
2025-11-07 11:01:28.187 | INFO     | __main__:_log_metrics:8 - iter=0014 reward=-145.8750 ESS=0.5934 clip_fraction=0.4375 entropy=-1.2831 explained_variance=0.9891 kl_approx=inf loss_critic=2353.9409 loss_entropy=0.0128 loss_objective=0.0688
2025-11-07 11:01:30.921 | INFO     | __main__:_log_metrics:8 - iter=0015 reward=-140.1247 ESS=0.7088 clip_fraction=0.3125 entropy=-2.0755 explained_variance=0.9858 kl_approx=inf loss_critic=2911.4441 loss_entropy=0.0208 loss_objective=-0.0169
2025-11-07 11:01:33.759 | INFO     | __main__:_log_metrics:8 - iter=0016 reward=-139.5712 ESS=0.5887 clip_fraction=0.4141 entropy=-1.4533 explained_variance=0.9938 kl_approx=inf loss_critic=2060.7349 loss_entropy=0.0145 loss_objective=-0.0268
2025-11-07 11:01:36.461 | INFO     | __main__:_log_metrics:8 - iter=0017 reward=-148.2085 ESS=0.6386 clip_fraction=0.3672 entropy=-1.5726 explained_variance=0.9955 kl_approx=inf loss_critic=1719.4069 loss_entropy=0.0157 loss_objective=-0.0049
2025-11-07 11:01:39.196 | INFO     | __main__:_log_metrics:8 - iter=0018 reward=-135.5434 ESS=0.4362 clip_fraction=0.5703 entropy=-1.0903 explained_variance=0.9870 kl_approx=inf loss_critic=2152.7161 loss_entropy=0.0109 loss_objective=0.0014
2025-11-07 11:01:41.924 | INFO     | __main__:_log_metrics:8 - iter=0019 reward=-138.7655 ESS=0.6354 clip_fraction=0.3984 entropy=-1.7394 explained_variance=0.9871 kl_approx=inf loss_critic=3147.0918 loss_entropy=0.0174 loss_objective=0.0898
2025-11-07 11:01:44.611 | INFO     | __main__:_log_metrics:8 - iter=0020 reward=-150.1366 ESS=0.6090 clip_fraction=0.3906 entropy=-1.8187 explained_variance=0.9907 kl_approx=inf loss_critic=2333.3918 loss_entropy=0.0182 loss_objective=-0.0048
2025-11-07 11:01:46.939 | INFO     | __main__:_log_metrics:8 - iter=0021 reward=-222.1099 ESS=0.8118 clip_fraction=0.1875 entropy=-4.0267 explained_variance=0.9760 kl_approx=inf loss_critic=3508.2754 loss_entropy=0.0403 loss_objective=-0.0181
2025-11-07 11:01:49.635 | INFO     | __main__:_log_metrics:8 - iter=0022 reward=-169.4014 ESS=0.6393 clip_fraction=0.3750 entropy=-1.4564 explained_variance=0.9887 kl_approx=inf loss_critic=2113.8689 loss_entropy=0.0146 loss_objective=0.0483
2025-11-07 11:01:52.346 | INFO     | __main__:_log_metrics:8 - iter=0023 reward=-155.4813 ESS=0.6377 clip_fraction=0.3906 entropy=-1.2418 explained_variance=0.9906 kl_approx=inf loss_critic=1920.2715 loss_entropy=0.0124 loss_objective=0.0928
2025-11-07 11:01:55.125 | INFO     | __main__:_log_metrics:8 - iter=0024 reward=-163.5590 ESS=0.6762 clip_fraction=0.3594 entropy=-1.3773 explained_variance=0.9876 kl_approx=inf loss_critic=2656.4358 loss_entropy=0.0138 loss_objective=0.1317
2025-11-07 11:01:57.821 | INFO     | __main__:_log_metrics:8 - iter=0025 reward=-163.4606 ESS=0.6225 clip_fraction=0.3438 entropy=-1.5883 explained_variance=0.9878 kl_approx=inf loss_critic=2495.1226 loss_entropy=0.0159 loss_objective=0.1211
2025-11-07 11:02:00.536 | INFO     | __main__:_log_metrics:8 - iter=0026 reward=-167.9305 ESS=0.6924 clip_fraction=0.3125 entropy=-1.4548 explained_variance=0.9854 kl_approx=inf loss_critic=2792.4070 loss_entropy=0.0145 loss_objective=0.0632
2025-11-07 11:02:03.227 | INFO     | __main__:_log_metrics:8 - iter=0027 reward=-174.4004 ESS=0.7079 clip_fraction=0.3047 entropy=-1.9438 explained_variance=0.9902 kl_approx=inf loss_critic=2462.1731 loss_entropy=0.0194 loss_objective=0.0335
2025-11-07 11:02:05.921 | INFO     | __main__:_log_metrics:8 - iter=0028 reward=-149.1170 ESS=0.6598 clip_fraction=0.3516 entropy=-1.5250 explained_variance=0.9847 kl_approx=inf loss_critic=2585.3228 loss_entropy=0.0153 loss_objective=0.0531
2025-11-07 11:02:08.613 | INFO     | __main__:_log_metrics:8 - iter=0029 reward=-161.9272 ESS=0.6450 clip_fraction=0.3594 entropy=-1.5294 explained_variance=0.9812 kl_approx=inf loss_critic=2466.5315 loss_entropy=0.0153 loss_objective=-0.0135
2025-11-07 11:02:11.357 | INFO     | __main__:_log_metrics:8 - iter=0030 reward=-151.7061 ESS=0.2805 clip_fraction=0.6328 entropy=-1.6050 explained_variance=0.9908 kl_approx=inf loss_critic=2112.1582 loss_entropy=0.0161 loss_objective=0.0635
2025-11-07 11:02:14.037 | INFO     | __main__:_log_metrics:8 - iter=0031 reward=-160.3134 ESS=0.6397 clip_fraction=0.3594 entropy=-1.6119 explained_variance=0.9930 kl_approx=inf loss_critic=1901.0149 loss_entropy=0.0161 loss_objective=0.0204
2025-11-07 11:02:16.743 | INFO     | __main__:_log_metrics:8 - iter=0032 reward=-160.0282 ESS=0.6124 clip_fraction=0.3984 entropy=-1.3364 explained_variance=0.9927 kl_approx=inf loss_critic=1989.5759 loss_entropy=0.0134 loss_objective=-0.0369
2025-11-07 11:02:19.541 | INFO     | __main__:_log_metrics:8 - iter=0033 reward=-143.7713 ESS=0.5456 clip_fraction=0.4609 entropy=-1.1182 explained_variance=0.9907 kl_approx=inf loss_critic=1901.9478 loss_entropy=0.0112 loss_objective=0.1070
2025-11-07 11:02:22.240 | INFO     | __main__:_log_metrics:8 - iter=0034 reward=-134.3607 ESS=0.5766 clip_fraction=0.4375 entropy=-1.0144 explained_variance=0.9893 kl_approx=inf loss_critic=2033.3739 loss_entropy=0.0101 loss_objective=0.0436
2025-11-07 11:02:24.911 | INFO     | __main__:_log_metrics:8 - iter=0035 reward=-142.7623 ESS=0.6340 clip_fraction=0.3672 entropy=-1.4146 explained_variance=0.9916 kl_approx=inf loss_critic=2022.3903 loss_entropy=0.0141 loss_objective=0.0166
2025-11-07 11:02:27.643 | INFO     | __main__:_log_metrics:8 - iter=0036 reward=-135.3939 ESS=0.6042 clip_fraction=0.4062 entropy=-1.4675 explained_variance=0.9872 kl_approx=inf loss_critic=2407.5903 loss_entropy=0.0147 loss_objective=0.0013
2025-11-07 11:02:30.300 | INFO     | __main__:_log_metrics:8 - iter=0037 reward=-156.0939 ESS=0.3806 clip_fraction=0.4844 entropy=-1.0067 explained_variance=0.9878 kl_approx=inf loss_critic=1987.9547 loss_entropy=0.0101 loss_objective=0.0938
2025-11-07 11:02:33.021 | INFO     | __main__:_log_metrics:8 - iter=0038 reward=-172.8342 ESS=0.6706 clip_fraction=0.3594 entropy=-1.7680 explained_variance=0.9854 kl_approx=inf loss_critic=3223.6191 loss_entropy=0.0177 loss_objective=0.0712
2025-11-07 11:02:35.705 | INFO     | __main__:_log_metrics:8 - iter=0039 reward=-161.8088 ESS=0.1013 clip_fraction=0.4375 entropy=-0.7272 explained_variance=0.9933 kl_approx=inf loss_critic=1486.8257 loss_entropy=0.0073 loss_objective=0.0641
2025-11-07 11:02:38.383 | INFO     | __main__:_log_metrics:8 - iter=0040 reward=-164.0219 ESS=0.7084 clip_fraction=0.3047 entropy=-1.9645 explained_variance=0.9922 kl_approx=inf loss_critic=2167.1899 loss_entropy=0.0196 loss_objective=0.0078
2025-11-07 11:02:41.126 | INFO     | __main__:_log_metrics:8 - iter=0041 reward=-202.3766 ESS=0.6293 clip_fraction=0.3750 entropy=-1.4621 explained_variance=0.9918 kl_approx=inf loss_critic=2424.8428 loss_entropy=0.0146 loss_objective=0.0030
2025-11-07 11:02:43.456 | INFO     | __main__:_log_metrics:8 - iter=0042 reward=-234.0318 ESS=0.9763 clip_fraction=0.0312 entropy=-4.2653 explained_variance=0.9868 kl_approx=0.0270 loss_critic=2400.2258 loss_entropy=0.0427 loss_objective=-0.0237
2025-11-07 11:02:46.229 | INFO     | __main__:_log_metrics:8 - iter=0043 reward=-173.6764 ESS=0.5839 clip_fraction=0.3750 entropy=-1.4899 explained_variance=0.9934 kl_approx=inf loss_critic=1821.9224 loss_entropy=0.0149 loss_objective=0.0388
2025-11-07 11:02:48.933 | INFO     | __main__:_log_metrics:8 - iter=0044 reward=-130.1994 ESS=0.6156 clip_fraction=0.3906 entropy=-1.2790 explained_variance=0.9895 kl_approx=inf loss_critic=1800.9487 loss_entropy=0.0128 loss_objective=-0.0424
2025-11-07 11:02:51.587 | INFO     | __main__:_log_metrics:8 - iter=0045 reward=-160.2960 ESS=0.6768 clip_fraction=0.3359 entropy=-1.6087 explained_variance=0.9880 kl_approx=inf loss_critic=2293.3794 loss_entropy=0.0161 loss_objective=0.0405
2025-11-07 11:02:54.271 | INFO     | __main__:_log_metrics:8 - iter=0046 reward=-118.5725 ESS=0.6138 clip_fraction=0.3906 entropy=-0.9431 explained_variance=0.9940 kl_approx=inf loss_critic=1364.7842 loss_entropy=0.0094 loss_objective=-0.0541
2025-11-07 11:02:56.960 | INFO     | __main__:_log_metrics:8 - iter=0047 reward=-149.4489 ESS=0.6093 clip_fraction=0.3984 entropy=-1.0860 explained_variance=0.9956 kl_approx=inf loss_critic=1368.5096 loss_entropy=0.0109 loss_objective=-0.0088
2025-11-07 11:02:59.684 | INFO     | __main__:_log_metrics:8 - iter=0048 reward=-153.7938 ESS=0.6017 clip_fraction=0.3906 entropy=-1.5085 explained_variance=0.9928 kl_approx=inf loss_critic=1897.7627 loss_entropy=0.0151 loss_objective=-0.0131
2025-11-07 11:03:02.391 | INFO     | __main__:_log_metrics:8 - iter=0049 reward=-164.4697 ESS=0.6696 clip_fraction=0.3281 entropy=-1.3501 explained_variance=0.9924 kl_approx=inf loss_critic=1523.7327 loss_entropy=0.0135 loss_objective=0.0583
2025-11-07 11:03:05.102 | INFO     | __main__:_log_metrics:8 - iter=0050 reward=-138.3107 ESS=0.6358 clip_fraction=0.3672 entropy=-0.9907 explained_variance=0.9925 kl_approx=inf loss_critic=1523.9534 loss_entropy=0.0099 loss_objective=0.0713
2025-11-07 11:03:07.749 | INFO     | __main__:_log_metrics:8 - iter=0051 reward=-170.8842 ESS=0.6066 clip_fraction=0.4297 entropy=-1.3035 explained_variance=0.9941 kl_approx=inf loss_critic=2024.8408 loss_entropy=0.0130 loss_objective=0.0493
2025-11-07 11:03:10.473 | INFO     | __main__:_log_metrics:8 - iter=0052 reward=-145.9536 ESS=0.6235 clip_fraction=0.3984 entropy=-0.6369 explained_variance=0.9935 kl_approx=inf loss_critic=1598.4852 loss_entropy=0.0064 loss_objective=-0.0175
2025-11-07 11:03:13.288 | INFO     | __main__:_log_metrics:8 - iter=0053 reward=-135.0575 ESS=0.0452 clip_fraction=0.9609 entropy=1.0468 explained_variance=0.9940 kl_approx=inf loss_critic=1409.1305 loss_entropy=-0.0105 loss_objective=0.1985
2025-11-07 11:03:15.997 | INFO     | __main__:_log_metrics:8 - iter=0054 reward=-125.6966 ESS=0.6340 clip_fraction=0.3906 entropy=1.6217 explained_variance=0.9952 kl_approx=inf loss_critic=1834.8390 loss_entropy=-0.0162 loss_objective=0.0513
2025-11-07 11:03:18.743 | INFO     | __main__:_log_metrics:8 - iter=0055 reward=-179.6177 ESS=0.6492 clip_fraction=0.3750 entropy=1.2626 explained_variance=0.9959 kl_approx=inf loss_critic=1573.0724 loss_entropy=-0.0126 loss_objective=-0.0382
2025-11-07 11:03:21.511 | INFO     | __main__:_log_metrics:8 - iter=0056 reward=-104.5773 ESS=0.5849 clip_fraction=0.4375 entropy=1.8333 explained_variance=0.9965 kl_approx=inf loss_critic=1071.8953 loss_entropy=-0.0183 loss_objective=-0.0223
2025-11-07 11:03:24.241 | INFO     | __main__:_log_metrics:8 - iter=0057 reward=-139.6700 ESS=0.5935 clip_fraction=0.4297 entropy=1.4564 explained_variance=0.9934 kl_approx=inf loss_critic=1892.4436 loss_entropy=-0.0146 loss_objective=0.0176
2025-11-07 11:03:26.994 | INFO     | __main__:_log_metrics:8 - iter=0058 reward=-48.2584 ESS=0.6354 clip_fraction=0.3906 entropy=1.9023 explained_variance=0.9945 kl_approx=inf loss_critic=860.5100 loss_entropy=-0.0190 loss_objective=-0.1067
2025-11-07 11:03:29.708 | INFO     | __main__:_log_metrics:8 - iter=0059 reward=1.0629 ESS=0.6779 clip_fraction=0.3672 entropy=1.7260 explained_variance=0.9596 kl_approx=inf loss_critic=656.2068 loss_entropy=-0.0173 loss_objective=-0.1010
2025-11-07 11:03:32.443 | INFO     | __main__:_log_metrics:8 - iter=0060 reward=-13.9099 ESS=0.6271 clip_fraction=0.4297 entropy=1.8002 explained_variance=0.9954 kl_approx=inf loss_critic=386.3609 loss_entropy=-0.0180 loss_objective=-0.0680
2025-11-07 11:03:35.177 | INFO     | __main__:_log_metrics:8 - iter=0061 reward=5.1593 ESS=0.6149 clip_fraction=0.4297 entropy=1.9425 explained_variance=0.9574 kl_approx=inf loss_critic=241.8349 loss_entropy=-0.0194 loss_objective=-0.1355
2025-11-07 11:03:38.014 | INFO     | __main__:_log_metrics:8 - iter=0062 reward=5.3174 ESS=0.6499 clip_fraction=0.3906 entropy=1.6926 explained_variance=0.9252 kl_approx=inf loss_critic=222.7168 loss_entropy=-0.0169 loss_objective=-0.1413
2025-11-07 11:03:40.389 | INFO     | __main__:_log_metrics:8 - iter=0063 reward=8.0919 ESS=0.8986 clip_fraction=0.1328 entropy=1.0883 explained_variance=0.6735 kl_approx=inf loss_critic=219.4464 loss_entropy=-0.0109 loss_objective=-0.0530
2025-11-07 11:03:42.712 | INFO     | __main__:_log_metrics:8 - iter=0064 reward=7.5849 ESS=0.9389 clip_fraction=0.1250 entropy=1.1716 explained_variance=0.5143 kl_approx=inf loss_critic=152.6427 loss_entropy=-0.0117 loss_objective=-0.0384
2025-11-07 11:03:45.443 | INFO     | __main__:_log_metrics:8 - iter=0065 reward=4.5113 ESS=0.6809 clip_fraction=0.3984 entropy=1.5151 explained_variance=0.9288 kl_approx=inf loss_critic=105.9852 loss_entropy=-0.0152 loss_objective=-0.1186
2025-11-07 11:03:48.173 | INFO     | __main__:_log_metrics:8 - iter=0066 reward=5.0327 ESS=0.5958 clip_fraction=0.4375 entropy=1.8905 explained_variance=0.9079 kl_approx=inf loss_critic=78.7767 loss_entropy=-0.0189 loss_objective=-0.1369
2025-11-07 11:03:50.842 | INFO     | __main__:_log_metrics:8 - iter=0067 reward=5.1357 ESS=0.5873 clip_fraction=0.4062 entropy=1.8447 explained_variance=0.9451 kl_approx=inf loss_critic=49.7486 loss_entropy=-0.0184 loss_objective=-0.1611
2025-11-07 11:03:53.559 | INFO     | __main__:_log_metrics:8 - iter=0068 reward=5.6413 ESS=0.6128 clip_fraction=0.4141 entropy=1.6292 explained_variance=0.8035 kl_approx=inf loss_critic=62.9846 loss_entropy=-0.0163 loss_objective=-0.1521
2025-11-07 11:03:56.281 | INFO     | __main__:_log_metrics:8 - iter=0069 reward=5.5215 ESS=0.6708 clip_fraction=0.3828 entropy=1.4192 explained_variance=0.6831 kl_approx=inf loss_critic=49.8515 loss_entropy=-0.0142 loss_objective=-0.1509
2025-11-07 11:03:59.019 | INFO     | __main__:_log_metrics:8 - iter=0070 reward=5.5338 ESS=0.5816 clip_fraction=0.4688 entropy=1.7299 explained_variance=0.1837 kl_approx=inf loss_critic=46.3610 loss_entropy=-0.0173 loss_objective=-0.1638
2025-11-07 11:04:02.034 | INFO     | __main__:_log_metrics:8 - iter=0071 reward=5.2213 ESS=0.7353 clip_fraction=0.3203 entropy=1.2958 explained_variance=-1.3716 kl_approx=inf loss_critic=55.8833 loss_entropy=-0.0130 loss_objective=-0.1217
2025-11-07 11:04:05.313 | INFO     | __main__:_log_metrics:8 - iter=0072 reward=4.2854 ESS=0.4709 clip_fraction=0.4922 entropy=1.4855 explained_variance=0.1827 kl_approx=inf loss_critic=60.5407 loss_entropy=-0.0149 loss_objective=-0.1076
2025-11-07 11:04:09.008 | INFO     | __main__:_log_metrics:8 - iter=0073 reward=5.5605 ESS=0.6114 clip_fraction=0.4141 entropy=1.3334 explained_variance=0.3253 kl_approx=inf loss_critic=35.9044 loss_entropy=-0.0133 loss_objective=-0.1482
2025-11-07 11:04:12.146 | INFO     | __main__:_log_metrics:8 - iter=0074 reward=5.0018 ESS=0.5951 clip_fraction=0.4375 entropy=1.5123 explained_variance=0.6238 kl_approx=inf loss_critic=47.4719 loss_entropy=-0.0151 loss_objective=-0.1247
2025-11-07 11:04:15.038 | INFO     | __main__:_log_metrics:8 - iter=0075 reward=5.6628 ESS=0.6145 clip_fraction=0.4297 entropy=1.3942 explained_variance=0.7803 kl_approx=inf loss_critic=44.9803 loss_entropy=-0.0139 loss_objective=-0.0892
2025-11-07 11:04:17.761 | INFO     | __main__:_log_metrics:8 - iter=0076 reward=5.0502 ESS=0.5999 clip_fraction=0.4219 entropy=1.4848 explained_variance=0.7682 kl_approx=inf loss_critic=57.1153 loss_entropy=-0.0148 loss_objective=-0.1169
2025-11-07 11:04:20.613 | INFO     | __main__:_log_metrics:8 - iter=0077 reward=5.2902 ESS=0.6207 clip_fraction=0.4062 entropy=1.4020 explained_variance=0.8929 kl_approx=inf loss_critic=44.0226 loss_entropy=-0.0140 loss_objective=-0.0895
2025-11-07 11:04:23.297 | INFO     | __main__:_log_metrics:8 - iter=0078 reward=5.1165 ESS=0.6186 clip_fraction=0.4219 entropy=1.3686 explained_variance=0.9327 kl_approx=inf loss_critic=43.4025 loss_entropy=-0.0137 loss_objective=-0.0740
2025-11-07 11:04:26.172 | INFO     | __main__:_log_metrics:8 - iter=0079 reward=4.8885 ESS=0.5742 clip_fraction=0.4453 entropy=1.8660 explained_variance=0.9500 kl_approx=inf loss_critic=41.1933 loss_entropy=-0.0187 loss_objective=-0.0875
2025-11-07 11:04:29.140 | INFO     | __main__:_log_metrics:8 - iter=0080 reward=5.0136 ESS=0.5832 clip_fraction=0.5000 entropy=1.1571 explained_variance=0.9463 kl_approx=inf loss_critic=45.6886 loss_entropy=-0.0116 loss_objective=-0.0663
2025-11-07 11:04:32.013 | INFO     | __main__:_log_metrics:8 - iter=0081 reward=5.2370 ESS=0.6030 clip_fraction=0.3984 entropy=1.4242 explained_variance=0.9592 kl_approx=inf loss_critic=42.5180 loss_entropy=-0.0142 loss_objective=-0.1002
2025-11-07 11:04:34.774 | INFO     | __main__:_log_metrics:8 - iter=0082 reward=5.5192 ESS=0.6365 clip_fraction=0.4062 entropy=1.4485 explained_variance=0.9589 kl_approx=inf loss_critic=45.6306 loss_entropy=-0.0145 loss_objective=-0.0706
2025-11-07 11:04:37.494 | INFO     | __main__:_log_metrics:8 - iter=0083 reward=5.5003 ESS=0.6075 clip_fraction=0.4609 entropy=1.4138 explained_variance=0.9639 kl_approx=inf loss_critic=45.3392 loss_entropy=-0.0141 loss_objective=-0.0960
2025-11-07 11:04:40.177 | INFO     | __main__:_log_metrics:8 - iter=0084 reward=4.8861 ESS=0.6122 clip_fraction=0.4297 entropy=1.2646 explained_variance=0.9726 kl_approx=inf loss_critic=35.5565 loss_entropy=-0.0126 loss_objective=-0.0120
2025-11-07 11:04:42.458 | INFO     | __main__:_log_metrics:8 - iter=0085 reward=7.9159 ESS=0.9588 clip_fraction=0.0938 entropy=0.1555 explained_variance=-0.6296 kl_approx=0.0870 loss_critic=65.6870 loss_entropy=-0.0016 loss_objective=-0.0601
2025-11-07 11:04:45.121 | INFO     | __main__:_log_metrics:8 - iter=0086 reward=5.3126 ESS=0.6097 clip_fraction=0.4297 entropy=1.5308 explained_variance=0.9613 kl_approx=inf loss_critic=44.5995 loss_entropy=-0.0153 loss_objective=-0.0273
2025-11-07 11:04:47.751 | INFO     | __main__:_log_metrics:8 - iter=0087 reward=5.1348 ESS=0.6272 clip_fraction=0.3984 entropy=1.1826 explained_variance=0.9632 kl_approx=inf loss_critic=42.8300 loss_entropy=-0.0118 loss_objective=-0.0277
2025-11-07 11:04:50.486 | INFO     | __main__:_log_metrics:8 - iter=0088 reward=5.1544 ESS=0.6155 clip_fraction=0.4219 entropy=1.1865 explained_variance=0.9756 kl_approx=inf loss_critic=37.0848 loss_entropy=-0.0119 loss_objective=-0.0720
2025-11-07 11:04:53.147 | INFO     | __main__:_log_metrics:8 - iter=0089 reward=4.2079 ESS=0.5551 clip_fraction=0.4688 entropy=1.4465 explained_variance=0.9811 kl_approx=inf loss_critic=31.9422 loss_entropy=-0.0145 loss_objective=0.1117
2025-11-07 11:04:55.783 | INFO     | __main__:_log_metrics:8 - iter=0090 reward=5.1517 ESS=0.5181 clip_fraction=0.4297 entropy=1.2948 explained_variance=0.9702 kl_approx=inf loss_critic=40.4813 loss_entropy=-0.0129 loss_objective=-0.0498
2025-11-07 11:04:58.402 | INFO     | __main__:_log_metrics:8 - iter=0091 reward=5.3977 ESS=0.6349 clip_fraction=0.4375 entropy=1.1827 explained_variance=0.9735 kl_approx=inf loss_critic=37.9385 loss_entropy=-0.0118 loss_objective=-0.0893
2025-11-07 11:05:01.076 | INFO     | __main__:_log_metrics:8 - iter=0092 reward=-0.6066 ESS=0.6677 clip_fraction=0.3750 entropy=0.6795 explained_variance=0.9402 kl_approx=inf loss_critic=137.2030 loss_entropy=-0.0068 loss_objective=0.0548
2025-11-07 11:05:03.693 | INFO     | __main__:_log_metrics:8 - iter=0093 reward=4.8770 ESS=0.6338 clip_fraction=0.4141 entropy=1.1272 explained_variance=0.9745 kl_approx=inf loss_critic=36.0269 loss_entropy=-0.0113 loss_objective=-0.0402
2025-11-07 11:05:06.368 | INFO     | __main__:_log_metrics:8 - iter=0094 reward=4.9390 ESS=0.6049 clip_fraction=0.4688 entropy=1.3245 explained_variance=0.9781 kl_approx=inf loss_critic=31.3163 loss_entropy=-0.0132 loss_objective=-0.0765
2025-11-07 11:05:09.026 | INFO     | __main__:_log_metrics:8 - iter=0095 reward=4.9386 ESS=0.6059 clip_fraction=0.4688 entropy=1.1884 explained_variance=0.9828 kl_approx=inf loss_critic=25.3870 loss_entropy=-0.0119 loss_objective=-0.0438
2025-11-07 11:05:11.658 | INFO     | __main__:_log_metrics:8 - iter=0096 reward=5.3423 ESS=0.6532 clip_fraction=0.3906 entropy=1.2226 explained_variance=0.9713 kl_approx=inf loss_critic=33.8260 loss_entropy=-0.0122 loss_objective=-0.0496
2025-11-07 11:05:14.412 | INFO     | __main__:_log_metrics:8 - iter=0097 reward=5.3227 ESS=0.6593 clip_fraction=0.3672 entropy=1.1755 explained_variance=0.9779 kl_approx=inf loss_critic=36.4704 loss_entropy=-0.0118 loss_objective=-0.0424
2025-11-07 11:05:17.134 | INFO     | __main__:_log_metrics:8 - iter=0098 reward=5.5033 ESS=0.6548 clip_fraction=0.3516 entropy=1.1044 explained_variance=0.9771 kl_approx=inf loss_critic=38.1775 loss_entropy=-0.0110 loss_objective=-0.0607
2025-11-07 11:05:20.439 | INFO     | __main__:_log_metrics:8 - iter=0099 reward=4.9906 ESS=0.6548 clip_fraction=0.3750 entropy=0.9941 explained_variance=0.9810 kl_approx=inf loss_critic=31.3755 loss_entropy=-0.0099 loss_objective=-0.0290
2025-11-07 12:22:34.021 | INFO     | __main__:_load_yaml_config:6 - Loaded configuration from conf\default.yaml
2025-11-07 12:22:34.026 | INFO     | __main__:<module>:18 - Logger initialized (level=INFO, file=logs/train.log)
2025-11-07 12:22:34.027 | INFO     | __main__:<module>:21 - algo_section {'frames_per_batch': 1600, 'mini_batch_size': 64, 'max_epochs': 1000, 'clip_epsilon': 0.2, 'gamma': 0.99, 'gae_lambda': 0.95, 'actor_lr': 0.0003, 'critic_lr': 0.001, 'entropy_coeff': 0.01}
2025-11-07 12:22:34.027 | INFO     | __main__:<module>:73 - Config ready | seed=42 frames_per_batch=4096 horizon=256 num_envs=8 backend=parallel parallel=True
2025-11-07 12:22:36.976 | INFO     | __main__:<module>:21 - TorchRL env constructed (observation=torch.Size([8, 73]),  num_envs=8, backend=parallel, parallel=True)
2025-11-07 12:22:36.983 | INFO     | __main__:<module>:10 - Starting notebook PPO run
2025-11-07 12:22:40.170 | INFO     | __main__:_log_metrics:8 - iter=0000 reward=-253.6788 ESS=0.2488 clip_fraction=0.8359 entropy=0.0650 explained_variance=0.2570 kl_approx=2.9690 loss_critic=1100.6106 loss_entropy=-0.0032 loss_objective=0.0676
2025-11-07 12:22:43.998 | INFO     | __main__:_log_metrics:8 - iter=0001 reward=-247.8719 ESS=0.9894 clip_fraction=0.0234 entropy=0.1037 explained_variance=0.8930 kl_approx=-0.0122 loss_critic=967.8938 loss_entropy=-0.0052 loss_objective=-0.0168
2025-11-07 12:22:47.779 | INFO     | __main__:_log_metrics:8 - iter=0002 reward=-258.5692 ESS=0.9898 clip_fraction=0.0234 entropy=0.0018 explained_variance=0.9537 kl_approx=0.0041 loss_critic=1050.5157 loss_entropy=-0.0001 loss_objective=0.0036
2025-11-07 12:22:51.588 | INFO     | __main__:_log_metrics:8 - iter=0003 reward=-286.6955 ESS=0.9691 clip_fraction=0.0625 entropy=0.1395 explained_variance=0.9735 kl_approx=-0.0107 loss_critic=1266.6406 loss_entropy=-0.0070 loss_objective=-0.0228
2025-11-07 12:22:55.546 | INFO     | __main__:_log_metrics:8 - iter=0004 reward=-265.6286 ESS=0.9754 clip_fraction=0.0547 entropy=0.1038 explained_variance=0.9748 kl_approx=0.0164 loss_critic=1758.9790 loss_entropy=-0.0052 loss_objective=-0.0028
2025-11-07 12:22:59.551 | INFO     | __main__:_log_metrics:8 - iter=0005 reward=-299.5200 ESS=0.9600 clip_fraction=0.0234 entropy=-0.0091 explained_variance=0.9823 kl_approx=-0.0128 loss_critic=1755.6090 loss_entropy=0.0005 loss_objective=-0.0047
2025-11-07 12:23:03.623 | INFO     | __main__:_log_metrics:8 - iter=0006 reward=-256.8692 ESS=0.9009 clip_fraction=0.0391 entropy=0.0444 explained_variance=0.9722 kl_approx=0.0213 loss_critic=1955.1216 loss_entropy=-0.0022 loss_objective=0.0043
2025-11-07 12:23:07.689 | INFO     | __main__:_log_metrics:8 - iter=0007 reward=-274.8899 ESS=0.7437 clip_fraction=0.0469 entropy=-0.0107 explained_variance=0.9627 kl_approx=0.0340 loss_critic=2359.7668 loss_entropy=0.0005 loss_objective=0.0407
2025-11-07 12:23:11.772 | INFO     | __main__:_log_metrics:8 - iter=0008 reward=-257.2466 ESS=0.9481 clip_fraction=0.0859 entropy=-0.0511 explained_variance=0.9732 kl_approx=0.0172 loss_critic=2424.7930 loss_entropy=0.0026 loss_objective=-0.0023
2025-11-07 12:23:15.727 | INFO     | __main__:_log_metrics:8 - iter=0009 reward=-273.0129 ESS=0.9348 clip_fraction=0.0859 entropy=-0.0429 explained_variance=0.9750 kl_approx=0.0094 loss_critic=2636.4377 loss_entropy=0.0021 loss_objective=-0.0116
2025-11-07 12:23:19.574 | INFO     | __main__:_log_metrics:8 - iter=0010 reward=-287.4293 ESS=0.9924 clip_fraction=0.0156 entropy=0.0748 explained_variance=0.9232 kl_approx=-0.0053 loss_critic=3393.5989 loss_entropy=-0.0037 loss_objective=-0.0059
2025-11-07 12:23:23.236 | INFO     | __main__:_log_metrics:8 - iter=0011 reward=-298.3064 ESS=0.9993 clip_fraction=0.0000 entropy=0.0163 explained_variance=0.9787 kl_approx=-0.0019 loss_critic=2880.2598 loss_entropy=-0.0008 loss_objective=-0.0006
2025-11-07 12:23:27.187 | INFO     | __main__:_log_metrics:8 - iter=0012 reward=-261.6432 ESS=0.9898 clip_fraction=0.0234 entropy=-0.0095 explained_variance=0.9670 kl_approx=0.0065 loss_critic=2510.9092 loss_entropy=0.0005 loss_objective=-0.0044
2025-11-07 12:23:31.137 | INFO     | __main__:_log_metrics:8 - iter=0013 reward=-271.6257 ESS=0.9492 clip_fraction=0.0938 entropy=-0.0693 explained_variance=0.9802 kl_approx=0.0275 loss_critic=2620.4299 loss_entropy=0.0035 loss_objective=-0.0076
2025-11-07 12:23:34.887 | INFO     | __main__:_log_metrics:8 - iter=0014 reward=-264.0386 ESS=0.9984 clip_fraction=0.0078 entropy=-0.0301 explained_variance=0.9751 kl_approx=0.0001 loss_critic=3049.2617 loss_entropy=0.0015 loss_objective=-0.0045
2025-11-07 12:23:38.147 | INFO     | __main__:_log_metrics:8 - iter=0015 reward=-313.5952 ESS=0.9264 clip_fraction=0.0391 entropy=0.0317 explained_variance=0.9786 kl_approx=0.0139 loss_critic=3318.6331 loss_entropy=-0.0016 loss_objective=-0.0162
2025-11-07 12:23:41.309 | INFO     | __main__:_log_metrics:8 - iter=0016 reward=-255.0234 ESS=0.9821 clip_fraction=0.0234 entropy=-0.0737 explained_variance=0.9652 kl_approx=0.0421 loss_critic=3325.5659 loss_entropy=0.0037 loss_objective=0.0060
2025-11-07 12:23:44.529 | INFO     | __main__:_log_metrics:8 - iter=0017 reward=-265.4372 ESS=0.9920 clip_fraction=0.0078 entropy=0.0732 explained_variance=0.9793 kl_approx=0.0058 loss_critic=2872.0488 loss_entropy=-0.0037 loss_objective=-0.0040
2025-11-07 12:23:47.817 | INFO     | __main__:_log_metrics:8 - iter=0018 reward=-241.5759 ESS=0.9810 clip_fraction=0.0312 entropy=0.1074 explained_variance=0.9787 kl_approx=0.0152 loss_critic=2539.6267 loss_entropy=-0.0054 loss_objective=-0.0179
2025-11-07 12:23:51.018 | INFO     | __main__:_log_metrics:8 - iter=0019 reward=-271.2766 ESS=0.9769 clip_fraction=0.0312 entropy=0.0600 explained_variance=0.9817 kl_approx=-0.0047 loss_critic=2534.5659 loss_entropy=-0.0030 loss_objective=-0.0181
2025-11-07 12:23:54.231 | INFO     | __main__:_log_metrics:8 - iter=0020 reward=-217.5774 ESS=0.9438 clip_fraction=0.0625 entropy=0.0581 explained_variance=0.9827 kl_approx=0.0039 loss_critic=2383.3645 loss_entropy=-0.0029 loss_objective=-0.0232
2025-11-07 12:23:57.465 | INFO     | __main__:_log_metrics:8 - iter=0021 reward=-200.8318 ESS=0.9615 clip_fraction=0.0625 entropy=0.1402 explained_variance=0.9823 kl_approx=-0.0294 loss_critic=2668.2053 loss_entropy=-0.0070 loss_objective=-0.0221
2025-11-07 12:24:00.693 | INFO     | __main__:_log_metrics:8 - iter=0022 reward=-216.8062 ESS=0.9587 clip_fraction=0.0469 entropy=0.2131 explained_variance=0.9905 kl_approx=-0.0163 loss_critic=2040.4446 loss_entropy=-0.0107 loss_objective=-0.0103
2025-11-07 12:24:03.993 | INFO     | __main__:_log_metrics:8 - iter=0023 reward=-190.4716 ESS=0.1502 clip_fraction=0.8906 entropy=0.3315 explained_variance=0.9871 kl_approx=124.2622 loss_critic=2433.5933 loss_entropy=-0.0166 loss_objective=0.1455
2025-11-07 12:24:06.994 | INFO     | __main__:_log_metrics:8 - iter=0024 reward=-35.6668 ESS=0.1346 clip_fraction=0.4688 entropy=0.7123 explained_variance=0.9740 kl_approx=5.7387 loss_critic=1131.1367 loss_entropy=-0.0356 loss_objective=0.0650
2025-11-07 12:24:10.034 | INFO     | __main__:_log_metrics:8 - iter=0025 reward=2.7478 ESS=0.8893 clip_fraction=0.2812 entropy=1.3690 explained_variance=0.8371 kl_approx=0.1206 loss_critic=657.3022 loss_entropy=-0.0685 loss_objective=-0.0663
2025-11-07 12:24:12.965 | INFO     | __main__:_log_metrics:8 - iter=0026 reward=1.3100 ESS=0.6636 clip_fraction=0.4062 entropy=1.6958 explained_variance=0.8589 kl_approx=0.9703 loss_critic=442.8848 loss_entropy=-0.0848 loss_objective=-0.0071
2025-11-07 12:24:15.873 | INFO     | __main__:_log_metrics:8 - iter=0027 reward=5.8633 ESS=0.7147 clip_fraction=0.3516 entropy=2.0395 explained_variance=0.0734 kl_approx=0.1357 loss_critic=431.4388 loss_entropy=-0.1020 loss_objective=-0.0832
2025-11-07 12:24:18.784 | INFO     | __main__:_log_metrics:8 - iter=0028 reward=0.1290 ESS=0.4237 clip_fraction=0.2969 entropy=1.9733 explained_variance=0.9486 kl_approx=2.1733 loss_critic=244.8854 loss_entropy=-0.0987 loss_objective=-0.0980
2025-11-07 12:24:21.775 | INFO     | __main__:_log_metrics:8 - iter=0029 reward=-14.6704 ESS=0.7602 clip_fraction=0.3672 entropy=1.0015 explained_variance=0.9861 kl_approx=2.5054 loss_critic=294.5193 loss_entropy=-0.0501 loss_objective=-0.0662
2025-11-07 12:24:24.828 | INFO     | __main__:_log_metrics:8 - iter=0030 reward=6.4539 ESS=0.9294 clip_fraction=0.1484 entropy=2.2552 explained_variance=0.8056 kl_approx=0.0587 loss_critic=149.9686 loss_entropy=-0.1128 loss_objective=-0.0731
2025-11-07 12:24:27.782 | INFO     | __main__:_log_metrics:8 - iter=0031 reward=7.3596 ESS=0.9027 clip_fraction=0.2031 entropy=2.5217 explained_variance=0.4308 kl_approx=0.0222 loss_critic=109.6497 loss_entropy=-0.1261 loss_objective=-0.0554
2025-11-07 12:24:30.719 | INFO     | __main__:_log_metrics:8 - iter=0032 reward=6.3185 ESS=0.7218 clip_fraction=0.2109 entropy=1.9534 explained_variance=0.6169 kl_approx=0.0787 loss_critic=119.4846 loss_entropy=-0.0977 loss_objective=-0.0277
2025-11-07 12:24:33.652 | INFO     | __main__:_log_metrics:8 - iter=0033 reward=-1.1818 ESS=0.4467 clip_fraction=0.4141 entropy=1.9129 explained_variance=0.9591 kl_approx=1.1946 loss_critic=112.9519 loss_entropy=-0.0956 loss_objective=-0.0039
2025-11-07 12:24:36.596 | INFO     | __main__:_log_metrics:8 - iter=0034 reward=7.1898 ESS=0.9147 clip_fraction=0.1875 entropy=2.2068 explained_variance=0.5684 kl_approx=0.1161 loss_critic=88.6193 loss_entropy=-0.1103 loss_objective=-0.0594
2025-11-07 12:24:39.526 | INFO     | __main__:_log_metrics:8 - iter=0035 reward=6.5296 ESS=0.9277 clip_fraction=0.1328 entropy=2.6549 explained_variance=0.4175 kl_approx=0.0340 loss_critic=72.3633 loss_entropy=-0.1327 loss_objective=-0.0641
2025-11-07 12:24:42.468 | INFO     | __main__:_log_metrics:8 - iter=0036 reward=5.5191 ESS=0.9485 clip_fraction=0.1016 entropy=2.3250 explained_variance=0.9155 kl_approx=0.0854 loss_critic=75.3075 loss_entropy=-0.1162 loss_objective=-0.0344
2025-11-07 12:24:45.385 | INFO     | __main__:_log_metrics:8 - iter=0037 reward=5.5633 ESS=0.8774 clip_fraction=0.2578 entropy=2.4859 explained_variance=0.9017 kl_approx=0.2232 loss_critic=83.8258 loss_entropy=-0.1243 loss_objective=-0.0511
2025-11-07 12:24:48.395 | INFO     | __main__:_log_metrics:8 - iter=0038 reward=-33.9383 ESS=0.7202 clip_fraction=0.3984 entropy=1.4648 explained_variance=0.9525 kl_approx=46.0489 loss_critic=198.9113 loss_entropy=-0.0732 loss_objective=-0.1046
2025-11-07 12:24:51.382 | INFO     | __main__:_log_metrics:8 - iter=0039 reward=1.9768 ESS=0.4308 clip_fraction=0.4453 entropy=1.8803 explained_variance=0.8163 kl_approx=0.7517 loss_critic=114.2144 loss_entropy=-0.0940 loss_objective=0.0090
2025-11-07 12:24:54.328 | INFO     | __main__:_log_metrics:8 - iter=0040 reward=3.9695 ESS=0.8442 clip_fraction=0.3281 entropy=2.2885 explained_variance=0.9018 kl_approx=0.9826 loss_critic=87.6973 loss_entropy=-0.1144 loss_objective=-0.0855
2025-11-07 12:24:57.257 | INFO     | __main__:_log_metrics:8 - iter=0041 reward=5.3098 ESS=0.6766 clip_fraction=0.1719 entropy=2.5516 explained_variance=0.8718 kl_approx=0.0627 loss_critic=74.4499 loss_entropy=-0.1276 loss_objective=0.3864
2025-11-07 12:25:00.355 | INFO     | __main__:_log_metrics:8 - iter=0042 reward=5.7290 ESS=0.9199 clip_fraction=0.1484 entropy=2.4703 explained_variance=0.2942 kl_approx=0.0207 loss_critic=101.7530 loss_entropy=-0.1235 loss_objective=-0.0484
2025-11-07 12:25:03.344 | INFO     | __main__:_log_metrics:8 - iter=0043 reward=5.9163 ESS=0.8624 clip_fraction=0.2344 entropy=2.6629 explained_variance=0.6859 kl_approx=0.1181 loss_critic=92.8471 loss_entropy=-0.1331 loss_objective=-0.0774
2025-11-07 12:25:06.455 | INFO     | __main__:_log_metrics:8 - iter=0044 reward=5.9945 ESS=0.9475 clip_fraction=0.0938 entropy=2.8922 explained_variance=0.3977 kl_approx=0.0481 loss_critic=60.1087 loss_entropy=-0.1446 loss_objective=-0.0463
2025-11-07 12:25:10.080 | INFO     | __main__:_log_metrics:8 - iter=0045 reward=6.1246 ESS=0.8511 clip_fraction=0.2969 entropy=2.8360 explained_variance=0.3584 kl_approx=0.0891 loss_critic=69.4257 loss_entropy=-0.1418 loss_objective=-0.0941
2025-11-07 12:25:13.636 | INFO     | __main__:_log_metrics:8 - iter=0046 reward=3.1357 ESS=0.7343 clip_fraction=0.4141 entropy=2.4281 explained_variance=0.5982 kl_approx=1.3022 loss_critic=71.8469 loss_entropy=-0.1214 loss_objective=-0.0521
2025-11-07 12:25:17.158 | INFO     | __main__:_log_metrics:8 - iter=0047 reward=5.0752 ESS=0.9024 clip_fraction=0.2500 entropy=2.8489 explained_variance=0.4214 kl_approx=0.0182 loss_critic=73.9924 loss_entropy=-0.1424 loss_objective=-0.0609
2025-11-07 12:25:20.729 | INFO     | __main__:_log_metrics:8 - iter=0048 reward=4.9979 ESS=0.8961 clip_fraction=0.1797 entropy=2.7361 explained_variance=0.7798 kl_approx=0.0735 loss_critic=75.8853 loss_entropy=-0.1368 loss_objective=-0.0781
2025-11-07 12:25:24.188 | INFO     | __main__:_log_metrics:8 - iter=0049 reward=4.4028 ESS=0.9363 clip_fraction=0.1406 entropy=2.7614 explained_variance=0.4846 kl_approx=0.0659 loss_critic=69.7039 loss_entropy=-0.1381 loss_objective=-0.0720
2025-11-07 12:25:27.701 | INFO     | __main__:_log_metrics:8 - iter=0050 reward=2.3555 ESS=0.8478 clip_fraction=0.2344 entropy=2.7132 explained_variance=0.9738 kl_approx=0.1739 loss_critic=78.6449 loss_entropy=-0.1357 loss_objective=-0.0509
2025-11-07 12:25:31.259 | INFO     | __main__:_log_metrics:8 - iter=0051 reward=4.9413 ESS=0.8755 clip_fraction=0.1953 entropy=2.9136 explained_variance=0.7968 kl_approx=0.1906 loss_critic=66.1301 loss_entropy=-0.1457 loss_objective=-0.0763
2025-11-07 12:25:34.918 | INFO     | __main__:_log_metrics:8 - iter=0052 reward=-21.4053 ESS=0.7976 clip_fraction=0.2656 entropy=2.5726 explained_variance=0.9702 kl_approx=5.9187 loss_critic=211.4014 loss_entropy=-0.1286 loss_objective=-0.0859
2025-11-07 12:25:38.493 | INFO     | __main__:_log_metrics:8 - iter=0053 reward=5.0004 ESS=0.9248 clip_fraction=0.1875 entropy=2.8888 explained_variance=0.6670 kl_approx=0.0361 loss_critic=78.0159 loss_entropy=-0.1444 loss_objective=-0.0531
2025-11-07 12:25:42.257 | INFO     | __main__:_log_metrics:8 - iter=0054 reward=4.9992 ESS=0.9139 clip_fraction=0.2266 entropy=3.1225 explained_variance=0.4718 kl_approx=0.0533 loss_critic=82.6945 loss_entropy=-0.1561 loss_objective=-0.1066
2025-11-07 12:25:45.912 | INFO     | __main__:_log_metrics:8 - iter=0055 reward=5.2750 ESS=0.9248 clip_fraction=0.1641 entropy=2.9554 explained_variance=0.6495 kl_approx=0.0578 loss_critic=78.5167 loss_entropy=-0.1478 loss_objective=-0.0543
2025-11-07 12:25:49.459 | INFO     | __main__:_log_metrics:8 - iter=0056 reward=6.3102 ESS=0.9282 clip_fraction=0.1953 entropy=3.2897 explained_variance=0.3734 kl_approx=0.0790 loss_critic=64.7754 loss_entropy=-0.1645 loss_objective=-0.0876
2025-11-07 12:25:52.906 | INFO     | __main__:_log_metrics:8 - iter=0057 reward=5.2216 ESS=0.9217 clip_fraction=0.1562 entropy=3.1653 explained_variance=0.6404 kl_approx=0.0893 loss_critic=71.5241 loss_entropy=-0.1583 loss_objective=-0.0511
2025-11-07 12:25:56.333 | INFO     | __main__:_log_metrics:8 - iter=0058 reward=6.5374 ESS=0.9257 clip_fraction=0.1484 entropy=3.3848 explained_variance=0.2345 kl_approx=0.0515 loss_critic=75.2510 loss_entropy=-0.1692 loss_objective=-0.0722
2025-11-07 12:25:59.803 | INFO     | __main__:_log_metrics:8 - iter=0059 reward=3.4626 ESS=0.8926 clip_fraction=0.2266 entropy=3.0344 explained_variance=0.8482 kl_approx=0.0661 loss_critic=71.2597 loss_entropy=-0.1517 loss_objective=-0.0769
2025-11-07 12:26:03.528 | INFO     | __main__:_log_metrics:8 - iter=0060 reward=6.2889 ESS=0.9351 clip_fraction=0.2109 entropy=3.1667 explained_variance=0.3823 kl_approx=0.0199 loss_critic=74.2623 loss_entropy=-0.1583 loss_objective=-0.0698
2025-11-07 12:26:07.308 | INFO     | __main__:_log_metrics:8 - iter=0061 reward=6.1402 ESS=0.9243 clip_fraction=0.1797 entropy=3.2133 explained_variance=0.7191 kl_approx=0.0002 loss_critic=55.4502 loss_entropy=-0.1607 loss_objective=-0.0405
2025-11-07 12:26:20.436 | INFO     | __main__:_log_metrics:8 - iter=0062 reward=6.4847 ESS=0.9120 clip_fraction=0.1719 entropy=3.2844 explained_variance=0.5831 kl_approx=0.0652 loss_critic=54.5889 loss_entropy=-0.1642 loss_objective=-0.0520
2025-11-07 12:26:32.420 | INFO     | __main__:_log_metrics:8 - iter=0063 reward=6.1048 ESS=0.7804 clip_fraction=0.3047 entropy=3.3182 explained_variance=0.3233 kl_approx=0.3687 loss_critic=59.2141 loss_entropy=-0.1659 loss_objective=-0.0542
2025-11-07 12:26:44.174 | INFO     | __main__:_log_metrics:8 - iter=0064 reward=2.1923 ESS=0.8386 clip_fraction=0.3047 entropy=3.0594 explained_variance=0.8919 kl_approx=0.0543 loss_critic=73.5974 loss_entropy=-0.1530 loss_objective=-0.0643
2025-11-07 12:26:56.553 | INFO     | __main__:_log_metrics:8 - iter=0065 reward=0.6735 ESS=0.8132 clip_fraction=0.3281 entropy=2.9809 explained_variance=0.8429 kl_approx=0.2950 loss_critic=140.5852 loss_entropy=-0.1490 loss_objective=-0.0666
2025-11-07 12:27:11.543 | INFO     | __main__:_log_metrics:8 - iter=0066 reward=-9.0495 ESS=0.7146 clip_fraction=0.3516 entropy=2.9914 explained_variance=0.9626 kl_approx=2.1083 loss_critic=162.0759 loss_entropy=-0.1496 loss_objective=-0.0499
2025-11-07 12:27:24.105 | INFO     | __main__:_log_metrics:8 - iter=0067 reward=-14.7677 ESS=0.1537 clip_fraction=0.3047 entropy=2.9952 explained_variance=0.9798 kl_approx=1.5923 loss_critic=239.8858 loss_entropy=-0.1498 loss_objective=-0.1027
2025-11-07 12:27:36.138 | INFO     | __main__:_log_metrics:8 - iter=0068 reward=2.5494 ESS=0.9464 clip_fraction=0.1328 entropy=3.2679 explained_variance=0.9153 kl_approx=0.0332 loss_critic=77.8063 loss_entropy=-0.1634 loss_objective=0.0097
2025-11-07 12:27:48.221 | INFO     | __main__:_log_metrics:8 - iter=0069 reward=3.2779 ESS=0.9084 clip_fraction=0.2188 entropy=3.2502 explained_variance=0.8952 kl_approx=0.0464 loss_critic=73.6522 loss_entropy=-0.1625 loss_objective=-0.0392
2025-11-07 12:28:00.582 | INFO     | __main__:_log_metrics:8 - iter=0070 reward=2.9834 ESS=0.9050 clip_fraction=0.1719 entropy=3.3204 explained_variance=0.9455 kl_approx=0.1630 loss_critic=98.5520 loss_entropy=-0.1660 loss_objective=-0.0257
2025-11-07 12:28:12.409 | INFO     | __main__:_log_metrics:8 - iter=0071 reward=1.7274 ESS=0.8916 clip_fraction=0.2891 entropy=3.3464 explained_variance=0.6531 kl_approx=0.1193 loss_critic=143.6047 loss_entropy=-0.1673 loss_objective=-0.0479
2025-11-07 12:28:24.383 | INFO     | __main__:_log_metrics:8 - iter=0072 reward=0.8653 ESS=0.7635 clip_fraction=0.1719 entropy=3.4074 explained_variance=0.9501 kl_approx=0.0730 loss_critic=105.1993 loss_entropy=-0.1704 loss_objective=-0.0310
2025-11-07 12:28:36.004 | INFO     | __main__:_log_metrics:8 - iter=0073 reward=4.9199 ESS=0.9400 clip_fraction=0.1562 entropy=3.4904 explained_variance=0.4509 kl_approx=0.0460 loss_critic=92.6822 loss_entropy=-0.1745 loss_objective=-0.0480
2025-11-07 12:28:47.237 | INFO     | __main__:_log_metrics:8 - iter=0074 reward=4.7615 ESS=0.9260 clip_fraction=0.2109 entropy=3.4249 explained_variance=0.7889 kl_approx=0.0098 loss_critic=81.0875 loss_entropy=-0.1712 loss_objective=-0.0937
2025-11-07 12:28:58.275 | INFO     | __main__:_log_metrics:8 - iter=0075 reward=6.3877 ESS=0.9412 clip_fraction=0.1484 entropy=3.5020 explained_variance=0.4534 kl_approx=0.0590 loss_critic=88.2692 loss_entropy=-0.1751 loss_objective=-0.0604
2025-11-07 12:29:09.516 | INFO     | __main__:_log_metrics:8 - iter=0076 reward=2.9748 ESS=0.7801 clip_fraction=0.2734 entropy=3.2796 explained_variance=0.9464 kl_approx=0.1488 loss_critic=92.2740 loss_entropy=-0.1640 loss_objective=-0.0602
2025-11-07 12:29:20.360 | INFO     | __main__:_log_metrics:8 - iter=0077 reward=6.8871 ESS=0.8804 clip_fraction=0.1562 entropy=3.4638 explained_variance=0.8262 kl_approx=0.0356 loss_critic=53.2106 loss_entropy=-0.1732 loss_objective=-0.0665
2025-11-07 12:29:32.018 | INFO     | __main__:_log_metrics:8 - iter=0078 reward=4.0502 ESS=0.9344 clip_fraction=0.1016 entropy=3.4063 explained_variance=0.8578 kl_approx=0.1124 loss_critic=62.8538 loss_entropy=-0.1703 loss_objective=-0.0594
2025-11-07 12:29:44.041 | INFO     | __main__:_log_metrics:8 - iter=0079 reward=6.9615 ESS=0.9343 clip_fraction=0.1797 entropy=3.5254 explained_variance=0.3972 kl_approx=0.0070 loss_critic=54.4040 loss_entropy=-0.1763 loss_objective=-0.0542
2025-11-07 12:29:56.214 | INFO     | __main__:_log_metrics:8 - iter=0080 reward=6.3474 ESS=0.8868 clip_fraction=0.1719 entropy=3.3802 explained_variance=0.7006 kl_approx=0.0578 loss_critic=58.5583 loss_entropy=-0.1690 loss_objective=-0.0709
2025-11-07 12:30:08.895 | INFO     | __main__:_log_metrics:8 - iter=0081 reward=6.5107 ESS=0.9560 clip_fraction=0.0938 entropy=3.3808 explained_variance=0.6572 kl_approx=0.0410 loss_critic=64.9755 loss_entropy=-0.1690 loss_objective=-0.0798
2025-11-07 12:30:20.676 | INFO     | __main__:_log_metrics:8 - iter=0082 reward=7.3179 ESS=0.9285 clip_fraction=0.1719 entropy=3.4315 explained_variance=0.2965 kl_approx=0.0442 loss_critic=48.9709 loss_entropy=-0.1716 loss_objective=-0.0677
2025-11-07 12:30:31.871 | INFO     | __main__:_log_metrics:8 - iter=0083 reward=8.8455 ESS=0.9374 clip_fraction=0.1562 entropy=3.4005 explained_variance=0.1266 kl_approx=0.0084 loss_critic=50.0362 loss_entropy=-0.1700 loss_objective=-0.0582
2025-11-07 12:30:42.838 | INFO     | __main__:_log_metrics:8 - iter=0084 reward=5.5854 ESS=0.9036 clip_fraction=0.2188 entropy=3.4039 explained_variance=0.8854 kl_approx=0.2104 loss_critic=67.0094 loss_entropy=-0.1702 loss_objective=-0.0659
2025-11-07 12:30:54.611 | INFO     | __main__:_log_metrics:8 - iter=0085 reward=6.7975 ESS=0.9415 clip_fraction=0.1328 entropy=3.4500 explained_variance=0.3197 kl_approx=0.0242 loss_critic=55.4808 loss_entropy=-0.1725 loss_objective=-0.0822
2025-11-07 12:31:06.455 | INFO     | __main__:_log_metrics:8 - iter=0086 reward=6.4709 ESS=0.9014 clip_fraction=0.1953 entropy=3.3166 explained_variance=0.8123 kl_approx=0.0207 loss_critic=59.5169 loss_entropy=-0.1658 loss_objective=-0.0760
2025-11-07 12:31:17.705 | INFO     | __main__:_log_metrics:8 - iter=0087 reward=6.3633 ESS=0.9433 clip_fraction=0.1406 entropy=3.3340 explained_variance=0.7631 kl_approx=0.1021 loss_critic=48.2920 loss_entropy=-0.1667 loss_objective=-0.0616
2025-11-07 12:31:29.148 | INFO     | __main__:_log_metrics:8 - iter=0088 reward=6.1256 ESS=0.9142 clip_fraction=0.1797 entropy=3.4234 explained_variance=0.1039 kl_approx=-0.0196 loss_critic=52.8351 loss_entropy=-0.1712 loss_objective=-0.0646
2025-11-07 12:31:40.318 | INFO     | __main__:_log_metrics:8 - iter=0089 reward=4.6757 ESS=0.8803 clip_fraction=0.2422 entropy=3.3234 explained_variance=0.8602 kl_approx=0.1799 loss_critic=73.7779 loss_entropy=-0.1662 loss_objective=-0.0798
2025-11-07 12:31:52.078 | INFO     | __main__:_log_metrics:8 - iter=0090 reward=7.1969 ESS=0.9387 clip_fraction=0.1406 entropy=3.3763 explained_variance=0.5687 kl_approx=0.0849 loss_critic=48.4796 loss_entropy=-0.1688 loss_objective=-0.0750
2025-11-07 12:32:04.530 | INFO     | __main__:_log_metrics:8 - iter=0091 reward=-22.0780 ESS=0.7928 clip_fraction=0.2500 entropy=2.8813 explained_variance=0.9863 kl_approx=8.6528 loss_critic=205.3659 loss_entropy=-0.1441 loss_objective=-0.0984
2025-11-07 12:32:16.395 | INFO     | __main__:_log_metrics:8 - iter=0092 reward=-7.9397 ESS=0.8891 clip_fraction=0.1875 entropy=3.1891 explained_variance=0.9875 kl_approx=3.0628 loss_critic=123.8421 loss_entropy=-0.1595 loss_objective=-0.1061
2025-11-07 12:32:28.148 | INFO     | __main__:_log_metrics:8 - iter=0093 reward=-27.7947 ESS=0.7311 clip_fraction=0.3203 entropy=2.7246 explained_variance=0.9914 kl_approx=15.9889 loss_critic=257.4116 loss_entropy=-0.1362 loss_objective=-0.1464
2025-11-07 12:32:39.609 | INFO     | __main__:_log_metrics:8 - iter=0094 reward=5.7122 ESS=0.5711 clip_fraction=0.1797 entropy=3.2527 explained_variance=0.6588 kl_approx=0.0359 loss_critic=97.8235 loss_entropy=-0.1626 loss_objective=-0.0783
2025-11-07 12:32:51.738 | INFO     | __main__:_log_metrics:8 - iter=0095 reward=5.8432 ESS=0.9358 clip_fraction=0.1328 entropy=3.3574 explained_variance=0.8742 kl_approx=0.0676 loss_critic=61.8308 loss_entropy=-0.1679 loss_objective=-0.0814
2025-11-07 12:33:04.281 | INFO     | __main__:_log_metrics:8 - iter=0096 reward=4.1022 ESS=0.9100 clip_fraction=0.2188 entropy=3.2754 explained_variance=0.7658 kl_approx=0.1197 loss_critic=84.8683 loss_entropy=-0.1638 loss_objective=-0.0849
2025-11-07 12:33:16.798 | INFO     | __main__:_log_metrics:8 - iter=0097 reward=6.3861 ESS=0.9205 clip_fraction=0.1641 entropy=3.3620 explained_variance=0.6279 kl_approx=0.1110 loss_critic=70.7377 loss_entropy=-0.1681 loss_objective=-0.0282
2025-11-07 12:33:28.763 | INFO     | __main__:_log_metrics:8 - iter=0098 reward=3.0552 ESS=0.7992 clip_fraction=0.1875 entropy=3.2955 explained_variance=0.8374 kl_approx=0.0537 loss_critic=88.8629 loss_entropy=-0.1648 loss_objective=-0.0663
2025-11-07 12:33:46.861 | INFO     | __main__:_log_metrics:8 - iter=0099 reward=1.4494 ESS=0.6437 clip_fraction=0.2422 entropy=3.3379 explained_variance=0.9596 kl_approx=0.3282 loss_critic=85.7016 loss_entropy=-0.1669 loss_objective=-0.0743
2025-11-18 10:54:21.425 | INFO     | __main__:<module>:18 - Logger initialized (level=INFO, file=logs/train.log)
2025-11-18 10:54:21.425 | INFO     | __main__:<module>:21 - algo_section {'frames_per_batch': 1600, 'mini_batch_size': 64, 'max_epochs': 1000, 'clip_epsilon': 0.2, 'gamma': 0.99, 'gae_lambda': 0.95, 'actor_lr': 0.0003, 'critic_lr': 0.001, 'entropy_coeff': 0.01}
2025-11-18 10:54:21.426 | INFO     | __main__:<module>:70 - Config ready | seed=42 frames_per_batch=4096 horizon=256 num_envs=8 backend=parallel parallel=True
2025-11-18 10:54:32.092 | INFO     | __main__:<module>:21 - TorchRL env constructed (observation=torch.Size([8, 72]),  num_envs=8, backend=parallel, parallel=True)
2025-11-18 10:54:36.682 | INFO     | __main__:<module>:10 - Starting notebook PPO run
2025-11-18 10:54:40.188 | INFO     | __main__:_log_metrics:8 - iter=0000 reward=5.8913 ESS=0.8366 clip_fraction=0.3516 entropy=2.8065 explained_variance=0.5647 kl_approx=0.2264 loss_critic=33.7768 loss_entropy=-0.1403 loss_objective=-0.1151
2025-11-18 10:54:44.366 | INFO     | __main__:_log_metrics:8 - iter=0001 reward=7.1753 ESS=0.8994 clip_fraction=0.2031 entropy=2.6272 explained_variance=0.7490 kl_approx=0.0595 loss_critic=48.2422 loss_entropy=-0.1314 loss_objective=-0.0371
2025-11-18 10:54:48.442 | INFO     | __main__:_log_metrics:8 - iter=0002 reward=9.1354 ESS=0.8731 clip_fraction=0.3438 entropy=2.7343 explained_variance=0.3717 kl_approx=0.1218 loss_critic=60.2363 loss_entropy=-0.1367 loss_objective=-0.0699
2025-11-18 10:54:52.735 | INFO     | __main__:_log_metrics:8 - iter=0003 reward=9.2153 ESS=0.8696 clip_fraction=0.2422 entropy=2.7217 explained_variance=0.4070 kl_approx=0.0461 loss_critic=67.4317 loss_entropy=-0.1361 loss_objective=-0.0927
2025-11-18 10:54:56.911 | INFO     | __main__:_log_metrics:8 - iter=0004 reward=10.1833 ESS=0.9014 clip_fraction=0.2656 entropy=2.8810 explained_variance=0.2736 kl_approx=0.0895 loss_critic=68.7245 loss_entropy=-0.1441 loss_objective=-0.0632
2025-11-18 10:55:00.985 | INFO     | __main__:_log_metrics:8 - iter=0005 reward=11.3002 ESS=0.8797 clip_fraction=0.2734 entropy=2.7560 explained_variance=0.0412 kl_approx=0.0619 loss_critic=68.3230 loss_entropy=-0.1378 loss_objective=-0.0810
2025-11-18 10:55:05.096 | INFO     | __main__:_log_metrics:8 - iter=0006 reward=12.5286 ESS=0.8663 clip_fraction=0.2188 entropy=2.7951 explained_variance=0.0441 kl_approx=0.0463 loss_critic=71.6788 loss_entropy=-0.1398 loss_objective=-0.1091
2025-11-18 10:55:09.169 | INFO     | __main__:_log_metrics:8 - iter=0007 reward=11.4466 ESS=0.8868 clip_fraction=0.2109 entropy=3.1094 explained_variance=0.0241 kl_approx=0.0684 loss_critic=52.5112 loss_entropy=-0.1555 loss_objective=-0.0492
2025-11-18 10:55:13.207 | INFO     | __main__:_log_metrics:8 - iter=0008 reward=11.7599 ESS=0.9179 clip_fraction=0.2500 entropy=2.9706 explained_variance=0.1685 kl_approx=0.0641 loss_critic=57.0875 loss_entropy=-0.1485 loss_objective=-0.0591
2025-11-18 10:55:17.515 | INFO     | __main__:_log_metrics:8 - iter=0009 reward=11.5719 ESS=0.8848 clip_fraction=0.2812 entropy=2.9326 explained_variance=0.1071 kl_approx=0.1325 loss_critic=56.7236 loss_entropy=-0.1466 loss_objective=-0.0729
2025-11-18 10:55:20.853 | INFO     | __main__:_log_metrics:8 - iter=0010 reward=12.6835 ESS=0.8181 clip_fraction=0.2812 entropy=2.9606 explained_variance=0.3270 kl_approx=0.0424 loss_critic=54.6174 loss_entropy=-0.1480 loss_objective=-0.0838
2025-11-18 10:55:24.256 | INFO     | __main__:_log_metrics:8 - iter=0011 reward=12.9918 ESS=0.8755 clip_fraction=0.3203 entropy=2.9976 explained_variance=0.0141 kl_approx=0.1079 loss_critic=53.1784 loss_entropy=-0.1499 loss_objective=-0.1228
2025-11-18 10:55:27.718 | INFO     | __main__:_log_metrics:8 - iter=0012 reward=12.4987 ESS=0.9129 clip_fraction=0.1875 entropy=3.0721 explained_variance=0.2837 kl_approx=0.0727 loss_critic=47.8311 loss_entropy=-0.1536 loss_objective=-0.0409
2025-11-18 10:55:31.151 | INFO     | __main__:_log_metrics:8 - iter=0013 reward=12.6890 ESS=0.9079 clip_fraction=0.2188 entropy=3.1074 explained_variance=0.0658 kl_approx=0.0827 loss_critic=53.5342 loss_entropy=-0.1554 loss_objective=-0.0754
2025-11-18 10:55:35.352 | INFO     | __main__:_log_metrics:8 - iter=0014 reward=12.8788 ESS=0.8674 clip_fraction=0.2109 entropy=3.0874 explained_variance=0.4387 kl_approx=0.0885 loss_critic=51.7287 loss_entropy=-0.1544 loss_objective=-0.0561
2025-11-18 10:55:42.546 | INFO     | __main__:_log_metrics:8 - iter=0015 reward=13.1126 ESS=0.9116 clip_fraction=0.2734 entropy=3.0401 explained_variance=0.0848 kl_approx=0.0640 loss_critic=54.8885 loss_entropy=-0.1520 loss_objective=-0.1036
2025-11-18 10:55:46.246 | INFO     | __main__:_log_metrics:8 - iter=0016 reward=13.4782 ESS=0.9191 clip_fraction=0.2656 entropy=2.9603 explained_variance=0.1881 kl_approx=0.0659 loss_critic=51.8635 loss_entropy=-0.1480 loss_objective=-0.0756
2025-11-18 10:55:49.637 | INFO     | __main__:_log_metrics:8 - iter=0017 reward=12.5137 ESS=0.9006 clip_fraction=0.1875 entropy=3.1187 explained_variance=0.3753 kl_approx=0.0447 loss_critic=48.3050 loss_entropy=-0.1559 loss_objective=-0.0687
2025-11-18 10:55:53.092 | INFO     | __main__:_log_metrics:8 - iter=0018 reward=12.8974 ESS=0.8756 clip_fraction=0.1484 entropy=3.1947 explained_variance=0.2360 kl_approx=0.0211 loss_critic=48.1083 loss_entropy=-0.1597 loss_objective=-0.0753
2025-11-18 10:55:56.531 | INFO     | __main__:_log_metrics:8 - iter=0019 reward=12.7191 ESS=0.9133 clip_fraction=0.2031 entropy=3.1118 explained_variance=0.4217 kl_approx=0.0803 loss_critic=44.3053 loss_entropy=-0.1556 loss_objective=-0.0743
2025-11-18 10:55:59.992 | INFO     | __main__:_log_metrics:8 - iter=0020 reward=12.8524 ESS=0.8810 clip_fraction=0.2578 entropy=3.1270 explained_variance=0.0486 kl_approx=0.1293 loss_critic=56.6318 loss_entropy=-0.1564 loss_objective=-0.1297
2025-11-18 10:56:03.554 | INFO     | __main__:_log_metrics:8 - iter=0021 reward=12.7889 ESS=0.8807 clip_fraction=0.1797 entropy=3.1464 explained_variance=0.3623 kl_approx=0.0470 loss_critic=56.8932 loss_entropy=-0.1573 loss_objective=-0.0868
2025-11-18 10:56:07.014 | INFO     | __main__:_log_metrics:8 - iter=0022 reward=13.5611 ESS=0.9041 clip_fraction=0.2656 entropy=3.1870 explained_variance=0.2295 kl_approx=0.0626 loss_critic=53.2623 loss_entropy=-0.1593 loss_objective=-0.0485
2025-11-18 10:56:10.399 | INFO     | __main__:_log_metrics:8 - iter=0023 reward=13.4616 ESS=0.9122 clip_fraction=0.2266 entropy=3.1999 explained_variance=0.3021 kl_approx=0.0644 loss_critic=58.7516 loss_entropy=-0.1600 loss_objective=-0.1008
2025-11-18 10:56:13.828 | INFO     | __main__:_log_metrics:8 - iter=0024 reward=12.5579 ESS=0.8841 clip_fraction=0.2969 entropy=3.2136 explained_variance=0.2952 kl_approx=0.0781 loss_critic=74.2870 loss_entropy=-0.1607 loss_objective=-0.0822
2025-11-18 10:56:17.390 | INFO     | __main__:_log_metrics:8 - iter=0025 reward=13.4180 ESS=0.9104 clip_fraction=0.2188 entropy=3.2184 explained_variance=0.2311 kl_approx=0.0891 loss_critic=43.5023 loss_entropy=-0.1609 loss_objective=-0.0533
2025-11-18 10:56:21.006 | INFO     | __main__:_log_metrics:8 - iter=0026 reward=13.5369 ESS=0.9266 clip_fraction=0.2266 entropy=3.1483 explained_variance=0.3672 kl_approx=0.0279 loss_critic=48.6104 loss_entropy=-0.1574 loss_objective=-0.1115
2025-11-18 10:56:24.367 | INFO     | __main__:_log_metrics:8 - iter=0027 reward=13.9543 ESS=0.8851 clip_fraction=0.2812 entropy=3.3063 explained_variance=0.2202 kl_approx=0.0390 loss_critic=48.8590 loss_entropy=-0.1653 loss_objective=-0.0798
2025-11-18 10:56:27.719 | INFO     | __main__:_log_metrics:8 - iter=0028 reward=13.1350 ESS=0.8438 clip_fraction=0.2578 entropy=3.1489 explained_variance=-0.1909 kl_approx=0.1096 loss_critic=56.9899 loss_entropy=-0.1574 loss_objective=-0.0836
2025-11-18 10:56:31.011 | INFO     | __main__:_log_metrics:8 - iter=0029 reward=13.2915 ESS=0.8940 clip_fraction=0.2422 entropy=3.1867 explained_variance=0.4030 kl_approx=0.0459 loss_critic=61.7348 loss_entropy=-0.1593 loss_objective=-0.0991
2025-11-18 10:56:34.413 | INFO     | __main__:_log_metrics:8 - iter=0030 reward=13.4275 ESS=0.8799 clip_fraction=0.3047 entropy=3.1537 explained_variance=0.2702 kl_approx=0.1567 loss_critic=76.9238 loss_entropy=-0.1577 loss_objective=-0.0919
2025-11-18 10:56:37.791 | INFO     | __main__:_log_metrics:8 - iter=0031 reward=14.1854 ESS=0.9067 clip_fraction=0.1406 entropy=3.1624 explained_variance=0.0347 kl_approx=0.0355 loss_critic=49.1138 loss_entropy=-0.1581 loss_objective=-0.0718
2025-11-18 10:56:41.184 | INFO     | __main__:_log_metrics:8 - iter=0032 reward=13.7028 ESS=0.8827 clip_fraction=0.2500 entropy=3.1569 explained_variance=0.3459 kl_approx=0.0678 loss_critic=55.3091 loss_entropy=-0.1578 loss_objective=-0.1359
2025-11-18 10:56:44.622 | INFO     | __main__:_log_metrics:8 - iter=0033 reward=13.6506 ESS=0.9161 clip_fraction=0.1953 entropy=3.1270 explained_variance=0.4482 kl_approx=0.0606 loss_critic=41.0843 loss_entropy=-0.1563 loss_objective=-0.0987
2025-11-18 10:56:48.177 | INFO     | __main__:_log_metrics:8 - iter=0034 reward=14.0803 ESS=0.9100 clip_fraction=0.2031 entropy=3.1562 explained_variance=0.2104 kl_approx=0.0809 loss_critic=55.7939 loss_entropy=-0.1578 loss_objective=-0.0885
2025-11-18 10:56:51.506 | INFO     | __main__:_log_metrics:8 - iter=0035 reward=14.2016 ESS=0.9119 clip_fraction=0.2031 entropy=3.1592 explained_variance=0.0921 kl_approx=0.0740 loss_critic=56.8443 loss_entropy=-0.1580 loss_objective=-0.0948
2025-11-18 10:56:54.891 | INFO     | __main__:_log_metrics:8 - iter=0036 reward=14.0447 ESS=0.9280 clip_fraction=0.1953 entropy=3.2124 explained_variance=0.1446 kl_approx=0.0608 loss_critic=54.5709 loss_entropy=-0.1606 loss_objective=-0.0721
2025-11-18 10:56:58.261 | INFO     | __main__:_log_metrics:8 - iter=0037 reward=14.6015 ESS=0.9076 clip_fraction=0.2422 entropy=3.1588 explained_variance=0.0859 kl_approx=0.0708 loss_critic=51.4456 loss_entropy=-0.1579 loss_objective=-0.1150
2025-11-18 10:57:01.683 | INFO     | __main__:_log_metrics:8 - iter=0038 reward=13.9331 ESS=0.9412 clip_fraction=0.1094 entropy=3.1350 explained_variance=0.3178 kl_approx=0.0670 loss_critic=47.4259 loss_entropy=-0.1567 loss_objective=-0.0690
2025-11-18 10:57:05.148 | INFO     | __main__:_log_metrics:8 - iter=0039 reward=14.0201 ESS=0.9077 clip_fraction=0.2109 entropy=3.1014 explained_variance=0.2821 kl_approx=0.0777 loss_critic=60.1923 loss_entropy=-0.1551 loss_objective=-0.0879
2025-11-18 10:57:08.540 | INFO     | __main__:_log_metrics:8 - iter=0040 reward=14.1950 ESS=0.9185 clip_fraction=0.1797 entropy=3.1490 explained_variance=0.2568 kl_approx=0.0266 loss_critic=60.2705 loss_entropy=-0.1575 loss_objective=-0.1333
2025-11-18 10:57:11.943 | INFO     | __main__:_log_metrics:8 - iter=0041 reward=14.0403 ESS=0.9264 clip_fraction=0.1719 entropy=3.1286 explained_variance=0.3032 kl_approx=0.0593 loss_critic=46.3000 loss_entropy=-0.1564 loss_objective=-0.0964
2025-11-18 10:57:15.327 | INFO     | __main__:_log_metrics:8 - iter=0042 reward=14.0637 ESS=0.9144 clip_fraction=0.2031 entropy=3.1235 explained_variance=0.2135 kl_approx=0.0694 loss_critic=55.2408 loss_entropy=-0.1562 loss_objective=-0.1253
2025-11-18 10:57:18.685 | INFO     | __main__:_log_metrics:8 - iter=0043 reward=14.6499 ESS=0.9215 clip_fraction=0.2266 entropy=3.0723 explained_variance=-0.1648 kl_approx=0.0194 loss_critic=59.6809 loss_entropy=-0.1536 loss_objective=-0.1105
2025-11-18 10:57:22.254 | INFO     | __main__:_log_metrics:8 - iter=0044 reward=14.3516 ESS=0.8965 clip_fraction=0.2734 entropy=3.1944 explained_variance=0.1366 kl_approx=0.0813 loss_critic=49.7547 loss_entropy=-0.1597 loss_objective=-0.1119
2025-11-18 10:57:25.602 | INFO     | __main__:_log_metrics:8 - iter=0045 reward=13.8270 ESS=0.8939 clip_fraction=0.3125 entropy=3.0689 explained_variance=0.3857 kl_approx=0.1203 loss_critic=51.6507 loss_entropy=-0.1534 loss_objective=-0.1317
2025-11-18 10:57:28.992 | INFO     | __main__:_log_metrics:8 - iter=0046 reward=14.3568 ESS=0.8989 clip_fraction=0.1953 entropy=3.1324 explained_variance=0.1338 kl_approx=0.0517 loss_critic=56.2981 loss_entropy=-0.1566 loss_objective=-0.1217
2025-11-18 10:57:32.402 | INFO     | __main__:_log_metrics:8 - iter=0047 reward=14.9432 ESS=0.9263 clip_fraction=0.2188 entropy=3.1248 explained_variance=0.3350 kl_approx=0.0874 loss_critic=52.2752 loss_entropy=-0.1562 loss_objective=-0.1009
2025-11-18 10:57:35.776 | INFO     | __main__:_log_metrics:8 - iter=0048 reward=14.3580 ESS=0.9351 clip_fraction=0.1562 entropy=3.1887 explained_variance=0.2379 kl_approx=0.0444 loss_critic=45.9080 loss_entropy=-0.1594 loss_objective=-0.1075
2025-11-18 10:57:39.131 | INFO     | __main__:_log_metrics:8 - iter=0049 reward=14.5798 ESS=0.8722 clip_fraction=0.3047 entropy=3.1776 explained_variance=0.1000 kl_approx=0.1054 loss_critic=44.9975 loss_entropy=-0.1589 loss_objective=-0.1251
2025-11-18 10:57:42.498 | INFO     | __main__:_log_metrics:8 - iter=0050 reward=14.6122 ESS=0.8936 clip_fraction=0.1797 entropy=3.1468 explained_variance=0.3392 kl_approx=0.0494 loss_critic=46.8555 loss_entropy=-0.1573 loss_objective=-0.0887
2025-11-18 10:57:45.932 | INFO     | __main__:_log_metrics:8 - iter=0051 reward=14.3175 ESS=0.8276 clip_fraction=0.1797 entropy=3.1937 explained_variance=0.2639 kl_approx=0.0319 loss_critic=45.4751 loss_entropy=-0.1597 loss_objective=-0.1109
2025-11-18 10:57:49.309 | INFO     | __main__:_log_metrics:8 - iter=0052 reward=14.4704 ESS=0.9007 clip_fraction=0.2266 entropy=3.1789 explained_variance=0.0163 kl_approx=0.0492 loss_critic=58.8049 loss_entropy=-0.1589 loss_objective=-0.0892
2025-11-18 10:57:52.656 | INFO     | __main__:_log_metrics:8 - iter=0053 reward=14.2672 ESS=0.9016 clip_fraction=0.1641 entropy=3.1097 explained_variance=0.2056 kl_approx=0.0494 loss_critic=47.4964 loss_entropy=-0.1555 loss_objective=-0.1163
2025-11-18 10:57:56.125 | INFO     | __main__:_log_metrics:8 - iter=0054 reward=14.5514 ESS=0.8772 clip_fraction=0.2578 entropy=3.1273 explained_variance=0.3279 kl_approx=0.0246 loss_critic=40.6178 loss_entropy=-0.1564 loss_objective=-0.1090
2025-11-18 10:57:59.475 | INFO     | __main__:_log_metrics:8 - iter=0055 reward=14.3675 ESS=0.8531 clip_fraction=0.3047 entropy=3.1463 explained_variance=0.3611 kl_approx=-0.0080 loss_critic=43.3840 loss_entropy=-0.1573 loss_objective=-0.1361
2025-11-18 10:58:02.861 | INFO     | __main__:_log_metrics:8 - iter=0056 reward=14.5416 ESS=0.9259 clip_fraction=0.2031 entropy=3.1629 explained_variance=0.3716 kl_approx=0.0666 loss_critic=47.7328 loss_entropy=-0.1581 loss_objective=-0.1210
2025-11-18 10:58:06.220 | INFO     | __main__:_log_metrics:8 - iter=0057 reward=14.9015 ESS=0.9198 clip_fraction=0.2109 entropy=3.2320 explained_variance=0.2364 kl_approx=0.0249 loss_critic=47.9921 loss_entropy=-0.1616 loss_objective=-0.0951
2025-11-18 10:58:09.569 | INFO     | __main__:_log_metrics:8 - iter=0058 reward=14.1985 ESS=0.9044 clip_fraction=0.2578 entropy=3.2490 explained_variance=0.1757 kl_approx=0.0226 loss_critic=55.0106 loss_entropy=-0.1625 loss_objective=-0.0998
2025-11-18 10:58:12.933 | INFO     | __main__:_log_metrics:8 - iter=0059 reward=14.2189 ESS=0.9052 clip_fraction=0.3047 entropy=3.0835 explained_variance=0.2028 kl_approx=0.0773 loss_critic=53.9332 loss_entropy=-0.1542 loss_objective=-0.1552
2025-11-18 10:58:16.441 | INFO     | __main__:_log_metrics:8 - iter=0060 reward=14.5630 ESS=0.9238 clip_fraction=0.1719 entropy=3.2051 explained_variance=0.2517 kl_approx=0.0631 loss_critic=50.5866 loss_entropy=-0.1603 loss_objective=-0.1002
2025-11-18 10:58:20.080 | INFO     | __main__:_log_metrics:8 - iter=0061 reward=14.2308 ESS=0.8797 clip_fraction=0.3203 entropy=3.1856 explained_variance=0.3130 kl_approx=0.0138 loss_critic=46.0689 loss_entropy=-0.1593 loss_objective=-0.1343
2025-11-18 10:58:23.471 | INFO     | __main__:_log_metrics:8 - iter=0062 reward=14.1306 ESS=0.9210 clip_fraction=0.2031 entropy=3.1992 explained_variance=0.1781 kl_approx=0.0662 loss_critic=45.3202 loss_entropy=-0.1600 loss_objective=-0.0952
2025-11-18 10:58:26.895 | INFO     | __main__:_log_metrics:8 - iter=0063 reward=14.7524 ESS=0.8886 clip_fraction=0.2266 entropy=3.2110 explained_variance=0.2735 kl_approx=0.0767 loss_critic=49.5508 loss_entropy=-0.1605 loss_objective=-0.0835
2025-11-18 10:58:30.504 | INFO     | __main__:_log_metrics:8 - iter=0064 reward=14.4132 ESS=0.9065 clip_fraction=0.2422 entropy=3.1623 explained_variance=0.3810 kl_approx=0.0382 loss_critic=50.0876 loss_entropy=-0.1581 loss_objective=-0.1143
2025-11-18 10:58:33.842 | INFO     | __main__:_log_metrics:8 - iter=0065 reward=14.3554 ESS=0.8914 clip_fraction=0.2891 entropy=3.1815 explained_variance=0.0941 kl_approx=0.0306 loss_critic=57.9303 loss_entropy=-0.1591 loss_objective=-0.0857
2025-11-18 10:58:37.288 | INFO     | __main__:_log_metrics:8 - iter=0066 reward=14.6621 ESS=0.9165 clip_fraction=0.2500 entropy=3.1124 explained_variance=0.2688 kl_approx=0.0656 loss_critic=43.7910 loss_entropy=-0.1556 loss_objective=-0.1061
2025-11-18 10:58:40.741 | INFO     | __main__:_log_metrics:8 - iter=0067 reward=14.4119 ESS=0.9130 clip_fraction=0.2344 entropy=3.1699 explained_variance=0.3559 kl_approx=0.0594 loss_critic=46.6898 loss_entropy=-0.1585 loss_objective=-0.1298
2025-11-18 10:58:44.141 | INFO     | __main__:_log_metrics:8 - iter=0068 reward=14.3580 ESS=0.9005 clip_fraction=0.1875 entropy=3.2068 explained_variance=0.1091 kl_approx=0.0433 loss_critic=48.9419 loss_entropy=-0.1603 loss_objective=-0.1110
2025-11-18 10:58:47.580 | INFO     | __main__:_log_metrics:8 - iter=0069 reward=14.4146 ESS=0.8844 clip_fraction=0.3047 entropy=3.0760 explained_variance=0.1730 kl_approx=0.0582 loss_critic=49.8092 loss_entropy=-0.1538 loss_objective=-0.1321
2025-11-18 10:58:51.015 | INFO     | __main__:_log_metrics:8 - iter=0070 reward=14.5576 ESS=0.9219 clip_fraction=0.2109 entropy=3.1564 explained_variance=0.2603 kl_approx=0.0821 loss_critic=43.9712 loss_entropy=-0.1578 loss_objective=-0.1117
2025-11-18 10:58:54.341 | INFO     | __main__:_log_metrics:8 - iter=0071 reward=14.7975 ESS=0.8756 clip_fraction=0.2812 entropy=3.1351 explained_variance=0.2534 kl_approx=0.0736 loss_critic=47.8667 loss_entropy=-0.1568 loss_objective=-0.0994
2025-11-18 10:58:57.739 | INFO     | __main__:_log_metrics:8 - iter=0072 reward=14.0587 ESS=0.9320 clip_fraction=0.1719 entropy=3.2191 explained_variance=0.1661 kl_approx=0.0704 loss_critic=50.7473 loss_entropy=-0.1610 loss_objective=-0.0968
2025-11-18 10:59:01.094 | INFO     | __main__:_log_metrics:8 - iter=0073 reward=14.7038 ESS=0.9155 clip_fraction=0.2344 entropy=3.1829 explained_variance=0.2173 kl_approx=0.0986 loss_critic=43.1277 loss_entropy=-0.1591 loss_objective=-0.0919
2025-11-18 10:59:04.564 | INFO     | __main__:_log_metrics:8 - iter=0074 reward=14.5717 ESS=0.9136 clip_fraction=0.2578 entropy=3.0920 explained_variance=0.2623 kl_approx=0.0861 loss_critic=41.7149 loss_entropy=-0.1546 loss_objective=-0.1008
2025-11-18 10:59:07.938 | INFO     | __main__:_log_metrics:8 - iter=0075 reward=14.7810 ESS=0.9265 clip_fraction=0.1641 entropy=3.1454 explained_variance=0.0140 kl_approx=0.0399 loss_critic=52.3971 loss_entropy=-0.1573 loss_objective=-0.0889
2025-11-18 10:59:11.316 | INFO     | __main__:_log_metrics:8 - iter=0076 reward=14.6892 ESS=0.9245 clip_fraction=0.2109 entropy=3.1502 explained_variance=0.4065 kl_approx=-0.0039 loss_critic=48.5981 loss_entropy=-0.1575 loss_objective=-0.1015
2025-11-18 10:59:14.744 | INFO     | __main__:_log_metrics:8 - iter=0077 reward=14.6430 ESS=0.9284 clip_fraction=0.2031 entropy=3.1471 explained_variance=0.4181 kl_approx=0.0699 loss_critic=48.8466 loss_entropy=-0.1574 loss_objective=-0.0834
2025-11-18 10:59:18.244 | INFO     | __main__:_log_metrics:8 - iter=0078 reward=15.1691 ESS=0.8491 clip_fraction=0.3203 entropy=3.1165 explained_variance=0.2951 kl_approx=0.0947 loss_critic=52.0492 loss_entropy=-0.1558 loss_objective=-0.1193
2025-11-18 10:59:21.583 | INFO     | __main__:_log_metrics:8 - iter=0079 reward=15.1076 ESS=0.9104 clip_fraction=0.2812 entropy=3.0823 explained_variance=0.0594 kl_approx=0.0569 loss_critic=49.2462 loss_entropy=-0.1541 loss_objective=-0.1521
2025-11-18 10:59:24.979 | INFO     | __main__:_log_metrics:8 - iter=0080 reward=14.6113 ESS=0.9386 clip_fraction=0.1484 entropy=3.1337 explained_variance=0.2718 kl_approx=0.0185 loss_critic=45.6845 loss_entropy=-0.1567 loss_objective=-0.0758
2025-11-18 10:59:28.397 | INFO     | __main__:_log_metrics:8 - iter=0081 reward=14.8556 ESS=0.9200 clip_fraction=0.1641 entropy=3.1541 explained_variance=0.1540 kl_approx=0.0529 loss_critic=51.5081 loss_entropy=-0.1577 loss_objective=-0.1017
2025-11-18 10:59:31.809 | INFO     | __main__:_log_metrics:8 - iter=0082 reward=14.6202 ESS=0.9042 clip_fraction=0.2266 entropy=3.0731 explained_variance=0.2578 kl_approx=0.0764 loss_critic=44.0022 loss_entropy=-0.1537 loss_objective=-0.1283
2025-11-18 10:59:35.165 | INFO     | __main__:_log_metrics:8 - iter=0083 reward=14.4140 ESS=0.9160 clip_fraction=0.2422 entropy=3.0371 explained_variance=0.0963 kl_approx=0.0146 loss_critic=51.2669 loss_entropy=-0.1519 loss_objective=-0.1090
2025-11-18 10:59:38.685 | INFO     | __main__:_log_metrics:8 - iter=0084 reward=15.5148 ESS=0.8460 clip_fraction=0.2734 entropy=3.0322 explained_variance=0.4383 kl_approx=0.0827 loss_critic=44.6690 loss_entropy=-0.1516 loss_objective=-0.1174
2025-11-18 10:59:42.084 | INFO     | __main__:_log_metrics:8 - iter=0085 reward=15.3634 ESS=0.9055 clip_fraction=0.2812 entropy=2.9760 explained_variance=0.1826 kl_approx=0.0508 loss_critic=48.2917 loss_entropy=-0.1488 loss_objective=-0.1381
2025-11-18 10:59:45.491 | INFO     | __main__:_log_metrics:8 - iter=0086 reward=15.2022 ESS=0.9214 clip_fraction=0.2344 entropy=3.0787 explained_variance=0.1294 kl_approx=0.0655 loss_critic=48.6466 loss_entropy=-0.1539 loss_objective=-0.1136
2025-11-18 10:59:48.859 | INFO     | __main__:_log_metrics:8 - iter=0087 reward=14.7362 ESS=0.9240 clip_fraction=0.2188 entropy=3.0228 explained_variance=0.1694 kl_approx=0.0518 loss_critic=48.5464 loss_entropy=-0.1511 loss_objective=-0.1203
2025-11-18 10:59:52.276 | INFO     | __main__:_log_metrics:8 - iter=0088 reward=14.6109 ESS=0.9265 clip_fraction=0.1875 entropy=3.0127 explained_variance=0.2266 kl_approx=0.0620 loss_critic=42.4171 loss_entropy=-0.1506 loss_objective=-0.0668
2025-11-18 10:59:55.659 | INFO     | __main__:_log_metrics:8 - iter=0089 reward=14.9108 ESS=0.9046 clip_fraction=0.1875 entropy=3.0971 explained_variance=0.2122 kl_approx=0.0320 loss_critic=45.5884 loss_entropy=-0.1549 loss_objective=-0.0569
2025-11-18 10:59:59.057 | INFO     | __main__:_log_metrics:8 - iter=0090 reward=15.3267 ESS=0.9305 clip_fraction=0.1641 entropy=3.1062 explained_variance=0.1480 kl_approx=0.0564 loss_critic=49.4918 loss_entropy=-0.1553 loss_objective=-0.0915
2025-11-18 11:00:02.482 | INFO     | __main__:_log_metrics:8 - iter=0091 reward=14.8342 ESS=0.8420 clip_fraction=0.2969 entropy=3.0649 explained_variance=0.2451 kl_approx=0.0031 loss_critic=49.6074 loss_entropy=-0.1532 loss_objective=-0.1428
2025-11-18 11:00:05.892 | INFO     | __main__:_log_metrics:8 - iter=0092 reward=15.2790 ESS=0.8731 clip_fraction=0.2734 entropy=2.9235 explained_variance=0.4237 kl_approx=-0.0157 loss_critic=43.4394 loss_entropy=-0.1462 loss_objective=-0.0880
2025-11-18 11:00:09.350 | INFO     | __main__:_log_metrics:8 - iter=0093 reward=15.1935 ESS=0.9000 clip_fraction=0.2578 entropy=2.9909 explained_variance=0.3058 kl_approx=0.0312 loss_critic=55.5567 loss_entropy=-0.1495 loss_objective=-0.1445
2025-11-18 11:00:12.869 | INFO     | __main__:_log_metrics:8 - iter=0094 reward=15.0508 ESS=0.8993 clip_fraction=0.2656 entropy=3.0100 explained_variance=0.4244 kl_approx=0.0989 loss_critic=50.9072 loss_entropy=-0.1505 loss_objective=-0.1082
2025-11-18 11:00:16.252 | INFO     | __main__:_log_metrics:8 - iter=0095 reward=15.0116 ESS=0.9163 clip_fraction=0.2344 entropy=3.0282 explained_variance=0.2909 kl_approx=0.0275 loss_critic=45.2659 loss_entropy=-0.1514 loss_objective=-0.0970
2025-11-18 11:00:19.862 | INFO     | __main__:_log_metrics:8 - iter=0096 reward=15.5107 ESS=0.9203 clip_fraction=0.2031 entropy=3.1073 explained_variance=0.2883 kl_approx=0.0711 loss_critic=50.6957 loss_entropy=-0.1554 loss_objective=-0.0983
2025-11-18 11:00:23.283 | INFO     | __main__:_log_metrics:8 - iter=0097 reward=14.3927 ESS=0.8531 clip_fraction=0.2266 entropy=3.0712 explained_variance=0.2479 kl_approx=0.0486 loss_critic=47.6137 loss_entropy=-0.1536 loss_objective=-0.1532
2025-11-18 11:00:26.952 | INFO     | __main__:_log_metrics:8 - iter=0098 reward=15.2673 ESS=0.9031 clip_fraction=0.2500 entropy=3.1084 explained_variance=0.3318 kl_approx=0.0224 loss_critic=50.2277 loss_entropy=-0.1554 loss_objective=-0.0852
2025-11-18 11:00:32.371 | INFO     | __main__:_log_metrics:8 - iter=0099 reward=14.6807 ESS=0.9012 clip_fraction=0.2031 entropy=3.1296 explained_variance=0.2204 kl_approx=0.0401 loss_critic=55.6234 loss_entropy=-0.1565 loss_objective=-0.1075
2025-11-18 13:32:51.822 | INFO     | __main__:<module>:18 - Logger initialized (level=INFO, file=logs/train.log)
2025-11-18 13:32:51.822 | INFO     | __main__:<module>:21 - algo_section {'frames_per_batch': 1600, 'mini_batch_size': 64, 'max_epochs': 1000, 'clip_epsilon': 0.2, 'gamma': 0.99, 'gae_lambda': 0.95, 'actor_lr': 0.0003, 'critic_lr': 0.001, 'entropy_coeff': 0.01}
2025-11-18 13:32:51.823 | INFO     | __main__:<module>:70 - Config ready | seed=42 frames_per_batch=4096 horizon=256 num_envs=8 backend=parallel parallel=True
2025-11-18 13:32:54.594 | INFO     | __main__:<module>:21 - TorchRL env constructed (observation=torch.Size([8, 72]),  num_envs=8, backend=parallel, parallel=True)
2025-11-18 13:32:54.604 | INFO     | __main__:<module>:22 - Starting notebook PPO run
2025-11-18 13:32:58.826 | INFO     | __main__:_log_metrics:20 - iter=0000 reward=5.8913 ESS=0.8366 clip_fraction=0.3516 collision_rate=0.4461 collision_total_mean=7.9828 entropy=2.8065 explained_variance=0.5647 kl_approx=0.2264 loss_critic=33.7768 loss_entropy=-0.1403 loss_objective=-0.1151 success_rate=0.5539 success_total_mean=9.9117
2025-11-18 13:33:03.003 | INFO     | __main__:_log_metrics:20 - iter=0001 reward=7.1753 ESS=0.8994 clip_fraction=0.2031 collision_rate=0.4060 collision_total_mean=7.4676 entropy=2.6272 explained_variance=0.7490 kl_approx=0.0595 loss_critic=48.2422 loss_entropy=-0.1314 loss_objective=-0.0371 success_rate=0.5940 success_total_mean=10.9248
2025-11-18 13:33:06.681 | INFO     | __main__:_log_metrics:20 - iter=0002 reward=9.1354 ESS=0.8731 clip_fraction=0.3438 collision_rate=0.3537 collision_total_mean=6.8868 entropy=2.7343 explained_variance=0.3717 kl_approx=0.1218 loss_critic=60.2363 loss_entropy=-0.1367 loss_objective=-0.0699 success_rate=0.6463 success_total_mean=12.5816
2025-11-18 13:33:10.246 | INFO     | __main__:_log_metrics:20 - iter=0003 reward=9.2153 ESS=0.8696 clip_fraction=0.2422 collision_rate=0.3487 collision_total_mean=6.7449 entropy=2.7217 explained_variance=0.4070 kl_approx=0.0461 loss_critic=67.4317 loss_entropy=-0.1361 loss_objective=-0.0927 success_rate=0.6513 success_total_mean=12.5977
2025-11-18 13:33:13.779 | INFO     | __main__:_log_metrics:20 - iter=0004 reward=10.1833 ESS=0.9014 clip_fraction=0.2656 collision_rate=0.3188 collision_total_mean=6.2275 entropy=2.8810 explained_variance=0.2736 kl_approx=0.0895 loss_critic=68.7245 loss_entropy=-0.1441 loss_objective=-0.0632 success_rate=0.6812 success_total_mean=13.3045
2025-11-18 13:33:17.410 | INFO     | __main__:_log_metrics:20 - iter=0005 reward=11.3002 ESS=0.8797 clip_fraction=0.2734 collision_rate=0.3120 collision_total_mean=6.6315 entropy=2.7560 explained_variance=0.0412 kl_approx=0.0619 loss_critic=68.3230 loss_entropy=-0.1378 loss_objective=-0.0810 success_rate=0.6880 success_total_mean=14.6236
2025-11-18 13:33:20.958 | INFO     | __main__:_log_metrics:20 - iter=0006 reward=12.5286 ESS=0.8663 clip_fraction=0.2188 collision_rate=0.2668 collision_total_mean=5.5761 entropy=2.7951 explained_variance=0.0441 kl_approx=0.0463 loss_critic=71.6788 loss_entropy=-0.1398 loss_objective=-0.1091 success_rate=0.7332 success_total_mean=15.3227
2025-11-18 13:33:30.067 | INFO     | __main__:<module>:18 - Logger initialized (level=INFO, file=logs/train.log)
2025-11-18 13:33:30.067 | INFO     | __main__:<module>:21 - algo_section {'frames_per_batch': 1600, 'mini_batch_size': 64, 'max_epochs': 1000, 'clip_epsilon': 0.2, 'gamma': 0.99, 'gae_lambda': 0.95, 'actor_lr': 0.0003, 'critic_lr': 0.001, 'entropy_coeff': 0.01}
2025-11-18 13:33:30.070 | INFO     | __main__:<module>:70 - Config ready | seed=42 frames_per_batch=4096 horizon=256 num_envs=8 backend=parallel parallel=True
2025-11-18 13:33:32.722 | INFO     | __main__:<module>:21 - TorchRL env constructed (observation=torch.Size([8, 72]),  num_envs=8, backend=parallel, parallel=True)
2025-11-18 13:33:32.735 | INFO     | __main__:<module>:22 - Starting notebook PPO run
2025-11-18 13:33:36.403 | INFO     | __main__:_log_metrics:20 - iter=0000 reward=5.8913 ESS=0.8366 clip_fraction=0.3516 collision_rate=0.4461 collision_total_mean=7.9828 entropy=2.8065 explained_variance=0.5647 kl_approx=0.2264 loss_critic=33.7768 loss_entropy=-0.1403 loss_objective=-0.1151 success_rate=0.5539 success_total_mean=9.9117
2025-11-18 13:33:39.994 | INFO     | __main__:_log_metrics:20 - iter=0001 reward=7.1753 ESS=0.8994 clip_fraction=0.2031 collision_rate=0.4060 collision_total_mean=7.4676 entropy=2.6272 explained_variance=0.7490 kl_approx=0.0595 loss_critic=48.2422 loss_entropy=-0.1314 loss_objective=-0.0371 success_rate=0.5940 success_total_mean=10.9248
2025-11-18 13:33:43.486 | INFO     | __main__:_log_metrics:20 - iter=0002 reward=9.1354 ESS=0.8731 clip_fraction=0.3438 collision_rate=0.3537 collision_total_mean=6.8868 entropy=2.7343 explained_variance=0.3717 kl_approx=0.1218 loss_critic=60.2363 loss_entropy=-0.1367 loss_objective=-0.0699 success_rate=0.6463 success_total_mean=12.5816
2025-11-18 13:33:46.966 | INFO     | __main__:_log_metrics:20 - iter=0003 reward=9.2153 ESS=0.8696 clip_fraction=0.2422 collision_rate=0.3487 collision_total_mean=6.7449 entropy=2.7217 explained_variance=0.4070 kl_approx=0.0461 loss_critic=67.4317 loss_entropy=-0.1361 loss_objective=-0.0927 success_rate=0.6513 success_total_mean=12.5977
2025-11-18 13:33:50.490 | INFO     | __main__:_log_metrics:20 - iter=0004 reward=10.1833 ESS=0.9014 clip_fraction=0.2656 collision_rate=0.3188 collision_total_mean=6.2275 entropy=2.8810 explained_variance=0.2736 kl_approx=0.0895 loss_critic=68.7245 loss_entropy=-0.1441 loss_objective=-0.0632 success_rate=0.6812 success_total_mean=13.3045
2025-11-18 13:33:54.103 | INFO     | __main__:_log_metrics:20 - iter=0005 reward=11.3002 ESS=0.8797 clip_fraction=0.2734 collision_rate=0.3120 collision_total_mean=6.6315 entropy=2.7560 explained_variance=0.0412 kl_approx=0.0619 loss_critic=68.3230 loss_entropy=-0.1378 loss_objective=-0.0810 success_rate=0.6880 success_total_mean=14.6236
2025-11-18 13:33:57.656 | INFO     | __main__:_log_metrics:20 - iter=0006 reward=12.5286 ESS=0.8663 clip_fraction=0.2188 collision_rate=0.2668 collision_total_mean=5.5761 entropy=2.7951 explained_variance=0.0441 kl_approx=0.0463 loss_critic=71.6788 loss_entropy=-0.1398 loss_objective=-0.1091 success_rate=0.7332 success_total_mean=15.3227
2025-11-18 13:34:01.272 | INFO     | __main__:_log_metrics:20 - iter=0007 reward=11.4466 ESS=0.8868 clip_fraction=0.2109 collision_rate=0.2792 collision_total_mean=5.5071 entropy=3.1094 explained_variance=0.0241 kl_approx=0.0684 loss_critic=52.5112 loss_entropy=-0.1555 loss_objective=-0.0492 success_rate=0.7208 success_total_mean=14.2182
2025-11-18 13:34:04.766 | INFO     | __main__:_log_metrics:20 - iter=0008 reward=11.7599 ESS=0.9179 clip_fraction=0.2500 collision_rate=0.2991 collision_total_mean=6.3825 entropy=2.9706 explained_variance=0.1685 kl_approx=0.0641 loss_critic=57.0875 loss_entropy=-0.1485 loss_objective=-0.0591 success_rate=0.7009 success_total_mean=14.9573
2025-11-18 13:34:08.104 | INFO     | __main__:_log_metrics:20 - iter=0009 reward=11.5719 ESS=0.8848 clip_fraction=0.2812 collision_rate=0.3014 collision_total_mean=6.3676 entropy=2.9326 explained_variance=0.1071 kl_approx=0.1325 loss_critic=56.7236 loss_entropy=-0.1466 loss_objective=-0.0729 success_rate=0.6986 success_total_mean=14.7589
2025-11-18 13:34:11.552 | INFO     | __main__:_log_metrics:20 - iter=0010 reward=12.6835 ESS=0.8181 clip_fraction=0.2812 collision_rate=0.2697 collision_total_mean=5.7462 entropy=2.9606 explained_variance=0.3270 kl_approx=0.0424 loss_critic=54.6174 loss_entropy=-0.1480 loss_objective=-0.0838 success_rate=0.7303 success_total_mean=15.5616
2025-11-18 13:34:15.040 | INFO     | __main__:_log_metrics:20 - iter=0011 reward=12.9918 ESS=0.8755 clip_fraction=0.3203 collision_rate=0.2752 collision_total_mean=6.0902 entropy=2.9976 explained_variance=0.0141 kl_approx=0.1079 loss_critic=53.1784 loss_entropy=-0.1499 loss_objective=-0.1228 success_rate=0.7248 success_total_mean=16.0422
2025-11-18 13:34:18.448 | INFO     | __main__:_log_metrics:20 - iter=0012 reward=12.4987 ESS=0.9129 clip_fraction=0.1875 collision_rate=0.2966 collision_total_mean=6.6827 entropy=3.0721 explained_variance=0.2837 kl_approx=0.0727 loss_critic=47.8311 loss_entropy=-0.1536 loss_objective=-0.0409 success_rate=0.7034 success_total_mean=15.8462
2025-11-18 13:34:21.996 | INFO     | __main__:_log_metrics:20 - iter=0013 reward=12.6890 ESS=0.9079 clip_fraction=0.2188 collision_rate=0.2992 collision_total_mean=6.8932 entropy=3.1074 explained_variance=0.0658 kl_approx=0.0827 loss_critic=53.5342 loss_entropy=-0.1554 loss_objective=-0.0754 success_rate=0.7008 success_total_mean=16.1465
2025-11-18 13:34:25.705 | INFO     | __main__:_log_metrics:20 - iter=0014 reward=12.8788 ESS=0.8674 clip_fraction=0.2109 collision_rate=0.2974 collision_total_mean=6.9181 entropy=3.0874 explained_variance=0.4387 kl_approx=0.0885 loss_critic=51.7287 loss_entropy=-0.1544 loss_objective=-0.0561 success_rate=0.7026 success_total_mean=16.3439
2025-11-18 13:34:29.262 | INFO     | __main__:_log_metrics:20 - iter=0015 reward=13.1126 ESS=0.9116 clip_fraction=0.2734 collision_rate=0.2922 collision_total_mean=6.8270 entropy=3.0401 explained_variance=0.0848 kl_approx=0.0640 loss_critic=54.8885 loss_entropy=-0.1520 loss_objective=-0.1036 success_rate=0.7078 success_total_mean=16.5336
2025-11-18 13:34:32.739 | INFO     | __main__:_log_metrics:20 - iter=0016 reward=13.4782 ESS=0.9191 clip_fraction=0.2656 collision_rate=0.3180 collision_total_mean=8.1958 entropy=2.9603 explained_variance=0.1881 kl_approx=0.0659 loss_critic=51.8635 loss_entropy=-0.1480 loss_objective=-0.0756 success_rate=0.6820 success_total_mean=17.5806
2025-11-18 13:34:36.233 | INFO     | __main__:_log_metrics:20 - iter=0017 reward=12.5137 ESS=0.9006 clip_fraction=0.1875 collision_rate=0.3110 collision_total_mean=7.2967 entropy=3.1187 explained_variance=0.3753 kl_approx=0.0447 loss_critic=48.3050 loss_entropy=-0.1559 loss_objective=-0.0687 success_rate=0.6890 success_total_mean=16.1668
2025-11-18 13:34:39.706 | INFO     | __main__:_log_metrics:20 - iter=0018 reward=12.8974 ESS=0.8756 clip_fraction=0.1484 collision_rate=0.3097 collision_total_mean=7.4669 entropy=3.1947 explained_variance=0.2360 kl_approx=0.0211 loss_critic=48.1083 loss_entropy=-0.1597 loss_objective=-0.0753 success_rate=0.6903 success_total_mean=16.6420
2025-11-18 13:34:43.231 | INFO     | __main__:_log_metrics:20 - iter=0019 reward=12.7191 ESS=0.9133 clip_fraction=0.2031 collision_rate=0.3299 collision_total_mean=8.3157 entropy=3.1118 explained_variance=0.4217 kl_approx=0.0803 loss_critic=44.3053 loss_entropy=-0.1556 loss_objective=-0.0743 success_rate=0.6701 success_total_mean=16.8920
2025-11-18 13:34:46.701 | INFO     | __main__:_log_metrics:20 - iter=0020 reward=12.8524 ESS=0.8810 clip_fraction=0.2578 collision_rate=0.3218 collision_total_mean=7.9979 entropy=3.1270 explained_variance=0.0486 kl_approx=0.1293 loss_critic=56.6318 loss_entropy=-0.1564 loss_objective=-0.1297 success_rate=0.6782 success_total_mean=16.8588
2025-11-18 13:34:50.150 | INFO     | __main__:_log_metrics:20 - iter=0021 reward=12.7889 ESS=0.8807 clip_fraction=0.1797 collision_rate=0.3402 collision_total_mean=8.8888 entropy=3.1464 explained_variance=0.3623 kl_approx=0.0470 loss_critic=56.8932 loss_entropy=-0.1573 loss_objective=-0.0868 success_rate=0.6598 success_total_mean=17.2378
2025-11-18 13:34:53.898 | INFO     | __main__:_log_metrics:20 - iter=0022 reward=13.5611 ESS=0.9041 clip_fraction=0.2656 collision_rate=0.3082 collision_total_mean=7.7781 entropy=3.1870 explained_variance=0.2295 kl_approx=0.0626 loss_critic=53.2623 loss_entropy=-0.1593 loss_objective=-0.0485 success_rate=0.6918 success_total_mean=17.4582
2025-11-18 13:34:57.388 | INFO     | __main__:_log_metrics:20 - iter=0023 reward=13.4616 ESS=0.9122 clip_fraction=0.2266 collision_rate=0.3312 collision_total_mean=8.8664 entropy=3.1999 explained_variance=0.3021 kl_approx=0.0644 loss_critic=58.7516 loss_entropy=-0.1600 loss_objective=-0.1008 success_rate=0.6688 success_total_mean=17.9030
2025-11-18 13:35:00.859 | INFO     | __main__:_log_metrics:20 - iter=0024 reward=12.5579 ESS=0.8841 clip_fraction=0.2969 collision_rate=0.3425 collision_total_mean=8.8494 entropy=3.2136 explained_variance=0.2952 kl_approx=0.0781 loss_critic=74.2870 loss_entropy=-0.1607 loss_objective=-0.0822 success_rate=0.6575 success_total_mean=16.9863
2025-11-18 13:35:04.426 | INFO     | __main__:_log_metrics:20 - iter=0025 reward=13.4180 ESS=0.9104 clip_fraction=0.2188 collision_rate=0.3097 collision_total_mean=7.7671 entropy=3.2184 explained_variance=0.2311 kl_approx=0.0891 loss_critic=43.5023 loss_entropy=-0.1609 loss_objective=-0.0533 success_rate=0.6903 success_total_mean=17.3106
2025-11-18 13:35:08.031 | INFO     | __main__:_log_metrics:20 - iter=0026 reward=13.5369 ESS=0.9266 clip_fraction=0.2266 collision_rate=0.3113 collision_total_mean=7.9109 entropy=3.1483 explained_variance=0.3672 kl_approx=0.0279 loss_critic=48.6104 loss_entropy=-0.1574 loss_objective=-0.1115 success_rate=0.6887 success_total_mean=17.5008
2025-11-18 13:35:11.673 | INFO     | __main__:_log_metrics:20 - iter=0027 reward=13.9543 ESS=0.8851 clip_fraction=0.2812 collision_rate=0.3059 collision_total_mean=7.8951 entropy=3.3063 explained_variance=0.2202 kl_approx=0.0390 loss_critic=48.8590 loss_entropy=-0.1653 loss_objective=-0.0798 success_rate=0.6941 success_total_mean=17.9105
2025-11-18 13:35:15.431 | INFO     | __main__:_log_metrics:20 - iter=0028 reward=13.1350 ESS=0.8438 clip_fraction=0.2578 collision_rate=0.3249 collision_total_mean=8.3298 entropy=3.1489 explained_variance=-0.1909 kl_approx=0.1096 loss_critic=56.9899 loss_entropy=-0.1574 loss_objective=-0.0836 success_rate=0.6751 success_total_mean=17.3042
2025-11-18 13:35:18.979 | INFO     | __main__:_log_metrics:20 - iter=0029 reward=13.2915 ESS=0.8940 clip_fraction=0.2422 collision_rate=0.3516 collision_total_mean=9.8927 entropy=3.1867 explained_variance=0.4030 kl_approx=0.0459 loss_critic=61.7348 loss_entropy=-0.1593 loss_objective=-0.0991 success_rate=0.6484 success_total_mean=18.2455
2025-11-18 13:35:22.577 | INFO     | __main__:_log_metrics:20 - iter=0030 reward=13.4275 ESS=0.8799 clip_fraction=0.3047 collision_rate=0.3251 collision_total_mean=8.5264 entropy=3.1537 explained_variance=0.2702 kl_approx=0.1567 loss_critic=76.9238 loss_entropy=-0.1577 loss_objective=-0.0919 success_rate=0.6749 success_total_mean=17.6984
2025-11-18 13:35:26.202 | INFO     | __main__:_log_metrics:20 - iter=0031 reward=14.1854 ESS=0.9067 clip_fraction=0.1406 collision_rate=0.3137 collision_total_mean=8.4126 entropy=3.1624 explained_variance=0.0347 kl_approx=0.0355 loss_critic=49.1138 loss_entropy=-0.1581 loss_objective=-0.0718 success_rate=0.6863 success_total_mean=18.4018
2025-11-18 13:35:29.848 | INFO     | __main__:_log_metrics:20 - iter=0032 reward=13.7028 ESS=0.8827 clip_fraction=0.2500 collision_rate=0.3232 collision_total_mean=8.6013 entropy=3.1569 explained_variance=0.3459 kl_approx=0.0678 loss_critic=55.3091 loss_entropy=-0.1578 loss_objective=-0.1359 success_rate=0.6768 success_total_mean=18.0131
2025-11-18 13:35:33.232 | INFO     | __main__:_log_metrics:20 - iter=0033 reward=13.6506 ESS=0.9161 clip_fraction=0.1953 collision_rate=0.3277 collision_total_mean=8.8053 entropy=3.1270 explained_variance=0.4482 kl_approx=0.0606 loss_critic=41.0843 loss_entropy=-0.1563 loss_objective=-0.0987 success_rate=0.6723 success_total_mean=18.0634
2025-11-18 13:35:36.752 | INFO     | __main__:_log_metrics:20 - iter=0034 reward=14.0803 ESS=0.9100 clip_fraction=0.2031 collision_rate=0.3235 collision_total_mean=8.8531 entropy=3.1562 explained_variance=0.2104 kl_approx=0.0809 loss_critic=55.7939 loss_entropy=-0.1578 loss_objective=-0.0885 success_rate=0.6765 success_total_mean=18.5138
2025-11-18 13:35:40.199 | INFO     | __main__:_log_metrics:20 - iter=0035 reward=14.2016 ESS=0.9119 clip_fraction=0.2031 collision_rate=0.3175 collision_total_mean=8.6131 entropy=3.1592 explained_variance=0.0921 kl_approx=0.0740 loss_critic=56.8443 loss_entropy=-0.1580 loss_objective=-0.0948 success_rate=0.6825 success_total_mean=18.5173
2025-11-18 13:35:43.809 | INFO     | __main__:_log_metrics:20 - iter=0036 reward=14.0447 ESS=0.9280 clip_fraction=0.1953 collision_rate=0.3150 collision_total_mean=8.3914 entropy=3.2124 explained_variance=0.1446 kl_approx=0.0608 loss_critic=54.5709 loss_entropy=-0.1606 loss_objective=-0.0721 success_rate=0.6850 success_total_mean=18.2462
2025-11-18 13:35:47.373 | INFO     | __main__:_log_metrics:20 - iter=0037 reward=14.6015 ESS=0.9076 clip_fraction=0.2422 collision_rate=0.3160 collision_total_mean=8.7786 entropy=3.1588 explained_variance=0.0859 kl_approx=0.0708 loss_critic=51.4456 loss_entropy=-0.1579 loss_objective=-0.1150 success_rate=0.6840 success_total_mean=18.9999
2025-11-18 13:35:50.998 | INFO     | __main__:_log_metrics:20 - iter=0038 reward=13.9331 ESS=0.9412 clip_fraction=0.1094 collision_rate=0.2956 collision_total_mean=7.4028 entropy=3.1350 explained_variance=0.3178 kl_approx=0.0670 loss_critic=47.4259 loss_entropy=-0.1567 loss_objective=-0.0690 success_rate=0.7044 success_total_mean=17.6404
2025-11-18 13:35:54.639 | INFO     | __main__:_log_metrics:20 - iter=0039 reward=14.0201 ESS=0.9077 clip_fraction=0.2109 collision_rate=0.3251 collision_total_mean=8.8996 entropy=3.1014 explained_variance=0.2821 kl_approx=0.0777 loss_critic=60.1923 loss_entropy=-0.1551 loss_objective=-0.0879 success_rate=0.6749 success_total_mean=18.4772
2025-11-18 13:35:58.223 | INFO     | __main__:_log_metrics:20 - iter=0040 reward=14.1950 ESS=0.9185 clip_fraction=0.1797 collision_rate=0.3061 collision_total_mean=8.0387 entropy=3.1490 explained_variance=0.2568 kl_approx=0.0266 loss_critic=60.2705 loss_entropy=-0.1575 loss_objective=-0.1333 success_rate=0.6939 success_total_mean=18.2253
2025-11-18 13:36:01.931 | INFO     | __main__:_log_metrics:20 - iter=0041 reward=14.0403 ESS=0.9264 clip_fraction=0.1719 collision_rate=0.3180 collision_total_mean=8.5425 entropy=3.1286 explained_variance=0.3032 kl_approx=0.0593 loss_critic=46.3000 loss_entropy=-0.1564 loss_objective=-0.0964 success_rate=0.6820 success_total_mean=18.3191
2025-11-18 13:36:40.130 | INFO     | __main__:_load_yaml_config:6 - Loaded configuration from conf\default.yaml
2025-11-18 13:36:40.136 | INFO     | __main__:<module>:18 - Logger initialized (level=INFO, file=logs/train.log)
2025-11-18 13:36:40.136 | INFO     | __main__:<module>:21 - algo_section {'frames_per_batch': 1600, 'mini_batch_size': 64, 'max_epochs': 1000, 'clip_epsilon': 0.2, 'gamma': 0.99, 'gae_lambda': 0.95, 'actor_lr': 0.0003, 'critic_lr': 0.001, 'entropy_coeff': 0.01}
2025-11-18 13:36:40.137 | INFO     | __main__:<module>:70 - Config ready | seed=42 frames_per_batch=4096 horizon=256 num_envs=8 backend=parallel parallel=True
2025-11-18 13:38:50.937 | INFO     | __main__:_load_yaml_config:6 - Loaded configuration from conf\default.yaml
2025-11-18 13:38:50.942 | INFO     | __main__:<module>:18 - Logger initialized (level=INFO, file=logs/train.log)
2025-11-18 13:38:50.943 | INFO     | __main__:<module>:21 - algo_section {'frames_per_batch': 1600, 'mini_batch_size': 64, 'max_epochs': 1000, 'clip_epsilon': 0.2, 'gamma': 0.99, 'gae_lambda': 0.95, 'actor_lr': 0.0003, 'critic_lr': 0.001, 'entropy_coeff': 0.01}
2025-11-18 13:38:50.945 | INFO     | __main__:<module>:70 - Config ready | seed=42 frames_per_batch=4096 horizon=256 num_envs=8 backend=parallel parallel=True
2025-11-18 13:38:53.577 | INFO     | __main__:<module>:21 - TorchRL env constructed (observation=torch.Size([8, 72]),  num_envs=8, backend=parallel, parallel=True)
2025-11-18 13:38:53.586 | INFO     | __main__:<module>:22 - Starting notebook PPO run
2025-11-18 13:38:57.034 | INFO     | __main__:_log_metrics:20 - iter=0000 reward=-431.1949 ESS=0.0692 clip_fraction=0.9297 collision_rate=0.8217 collision_total_mean=1523.0872 entropy=-2.2940 explained_variance=-0.9442 kl_approx=257.8275 loss_critic=2955.2083 loss_entropy=0.1147 loss_objective=0.1920 success_rate=0.1783 success_total_mean=330.4453
2025-11-18 13:39:00.665 | INFO     | __main__:_log_metrics:20 - iter=0001 reward=-1204.3011 ESS=0.0701 clip_fraction=0.9453 collision_rate=0.8089 collision_total_mean=4565.6523 entropy=-3.0307 explained_variance=0.7466 kl_approx=140.9704 loss_critic=6079.3345 loss_entropy=0.1515 loss_objective=0.1296 success_rate=0.1911 success_total_mean=1078.6226
2025-11-18 13:39:03.832 | INFO     | __main__:_log_metrics:20 - iter=0002 reward=-527.8834 ESS=0.0258 clip_fraction=0.9844 collision_rate=0.7823 collision_total_mean=2380.7048 entropy=-2.8037 explained_variance=0.1998 kl_approx=267.2314 loss_critic=5185.1865 loss_entropy=0.1402 loss_objective=0.2548 success_rate=0.2177 success_total_mean=662.5668
2025-11-18 13:39:07.121 | INFO     | __main__:_log_metrics:20 - iter=0003 reward=-1783.6716 ESS=0.0457 clip_fraction=0.9609 collision_rate=0.8323 collision_total_mean=5973.9531 entropy=-3.4676 explained_variance=0.7948 kl_approx=1731.4630 loss_critic=11168.7275 loss_entropy=0.1734 loss_objective=0.2466 success_rate=0.1677 success_total_mean=1203.3993
2025-11-18 13:39:10.955 | INFO     | __main__:_log_metrics:20 - iter=0004 reward=-1290.6064 ESS=0.0573 clip_fraction=0.9531 collision_rate=0.9444 collision_total_mean=2925.8335 entropy=-2.6184 explained_variance=-0.2638 kl_approx=466.8291 loss_critic=12866.7344 loss_entropy=0.1309 loss_objective=0.2427 success_rate=0.0556 success_total_mean=172.3794
2025-11-18 13:39:14.261 | INFO     | __main__:_log_metrics:20 - iter=0005 reward=-546.7441 ESS=0.0156 clip_fraction=1.0000 collision_rate=0.7749 collision_total_mean=2608.5610 entropy=-2.9257 explained_variance=-0.1804 kl_approx=240.9262 loss_critic=14180.3389 loss_entropy=0.1463 loss_objective=0.2473 success_rate=0.2251 success_total_mean=757.6318
2025-11-18 13:39:18.187 | INFO     | __main__:_log_metrics:20 - iter=0006 reward=-618.5519 ESS=0.0667 clip_fraction=0.9531 collision_rate=0.7495 collision_total_mean=3728.7339 entropy=-3.5510 explained_variance=0.8337 kl_approx=932.8950 loss_critic=17947.1836 loss_entropy=0.1776 loss_objective=0.2324 success_rate=0.2505 success_total_mean=1245.9082
2025-11-18 13:39:21.870 | INFO     | __main__:_log_metrics:20 - iter=0007 reward=-4073.8335 ESS=0.2900 clip_fraction=0.7891 collision_rate=0.8713 collision_total_mean=11563.2773 entropy=-1.6825 explained_variance=0.9787 kl_approx=5825.8799 loss_critic=34089.2969 loss_entropy=0.0841 loss_objective=0.0027 success_rate=0.1287 success_total_mean=1707.9041
2025-11-18 13:39:25.534 | INFO     | __main__:_log_metrics:20 - iter=0008 reward=125.1261 ESS=0.3153 clip_fraction=0.7188 collision_rate=0.6458 collision_total_mean=2580.3101 entropy=-3.7853 explained_variance=0.9365 kl_approx=298.6661 loss_critic=11298.4502 loss_entropy=0.1893 loss_objective=0.0931 success_rate=0.3542 success_total_mean=1415.3794
2025-11-18 13:39:29.347 | INFO     | __main__:_log_metrics:20 - iter=0009 reward=-327.6992 ESS=0.6864 clip_fraction=0.3125 collision_rate=0.7062 collision_total_mean=3904.2832 entropy=-3.0678 explained_variance=0.9972 kl_approx=598.8622 loss_critic=7748.3384 loss_entropy=0.1534 loss_objective=-0.0114 success_rate=0.2938 success_total_mean=1624.5413
2025-11-18 13:39:33.129 | INFO     | __main__:_log_metrics:20 - iter=0010 reward=-517.4886 ESS=0.7288 clip_fraction=0.4141 collision_rate=0.7249 collision_total_mean=4294.6968 entropy=-3.1180 explained_variance=0.9928 kl_approx=226.6947 loss_critic=15134.4326 loss_entropy=0.1559 loss_objective=-0.0737 success_rate=0.2751 success_total_mean=1629.9590
2025-11-18 13:39:37.257 | INFO     | __main__:_log_metrics:20 - iter=0011 reward=-66.2316 ESS=0.4956 clip_fraction=0.3594 collision_rate=0.6751 collision_total_mean=3550.0352 entropy=-3.0522 explained_variance=0.9845 kl_approx=3.7624 loss_critic=19430.0391 loss_entropy=0.1526 loss_objective=0.0016 success_rate=0.3249 success_total_mean=1708.8848
2025-11-18 13:39:41.404 | INFO     | __main__:_log_metrics:20 - iter=0012 reward=-314.2872 ESS=0.6602 clip_fraction=0.4453 collision_rate=0.7069 collision_total_mean=3678.1194 entropy=-2.9335 explained_variance=0.9975 kl_approx=1065.6003 loss_critic=14511.6562 loss_entropy=0.1467 loss_objective=0.0447 success_rate=0.2931 success_total_mean=1524.8711
2025-11-18 13:39:45.529 | INFO     | __main__:_log_metrics:20 - iter=0013 reward=691.2039 ESS=0.0285 clip_fraction=0.9922 collision_rate=0.5466 collision_total_mean=2098.2493 entropy=-2.9931 explained_variance=-0.0672 kl_approx=2657.2168 loss_critic=11692.7520 loss_entropy=0.1497 loss_objective=0.1667 success_rate=0.4534 success_total_mean=1740.4275
2025-11-18 13:39:49.173 | INFO     | __main__:_log_metrics:20 - iter=0014 reward=280.2953 ESS=0.3136 clip_fraction=0.7344 collision_rate=0.5783 collision_total_mean=1223.3259 entropy=-2.7420 explained_variance=-0.9118 kl_approx=13.0594 loss_critic=5340.8638 loss_entropy=0.1371 loss_objective=0.1140 success_rate=0.4217 success_total_mean=892.0562
2025-11-18 13:39:53.072 | INFO     | __main__:_log_metrics:20 - iter=0015 reward=387.0196 ESS=0.1580 clip_fraction=0.9062 collision_rate=0.5548 collision_total_mean=1280.3976 entropy=-2.7371 explained_variance=-0.4781 kl_approx=244.7853 loss_critic=5994.6494 loss_entropy=0.1369 loss_objective=0.2492 success_rate=0.4452 success_total_mean=1027.3160
2025-11-18 13:39:56.976 | INFO     | __main__:_log_metrics:20 - iter=0016 reward=-1319.9730 ESS=0.0431 clip_fraction=0.9219 collision_rate=0.9306 collision_total_mean=3102.5757 entropy=-3.0791 explained_variance=0.8947 kl_approx=234.1286 loss_critic=7469.2393 loss_entropy=0.1540 loss_objective=0.0977 success_rate=0.0694 success_total_mean=231.3822
2025-11-18 13:40:00.944 | INFO     | __main__:_log_metrics:20 - iter=0017 reward=-1458.7375 ESS=0.5445 clip_fraction=0.5547 collision_rate=0.8959 collision_total_mean=3800.5605 entropy=-3.2125 explained_variance=-0.2837 kl_approx=507.0640 loss_critic=13451.1816 loss_entropy=0.1606 loss_objective=-0.0270 success_rate=0.1041 success_total_mean=441.6119
2025-11-18 13:40:04.347 | INFO     | __main__:_log_metrics:20 - iter=0018 reward=-1473.7891 ESS=0.0657 clip_fraction=0.9609 collision_rate=0.9590 collision_total_mean=3223.3281 entropy=-3.1964 explained_variance=-0.0540 kl_approx=527.5829 loss_critic=14251.9912 loss_entropy=0.1598 loss_objective=0.2068 success_rate=0.0410 success_total_mean=137.9414
2025-11-18 13:40:08.419 | INFO     | __main__:_log_metrics:20 - iter=0019 reward=-1143.8864 ESS=0.7995 clip_fraction=0.3203 collision_rate=0.8804 collision_total_mean=3141.5518 entropy=-3.0938 explained_variance=0.1040 kl_approx=0.1650 loss_critic=14521.4844 loss_entropy=0.1547 loss_objective=-0.0366 success_rate=0.1196 success_total_mean=426.9589
2025-11-18 13:40:12.393 | INFO     | __main__:_log_metrics:20 - iter=0020 reward=-1108.5747 ESS=0.6304 clip_fraction=0.4453 collision_rate=0.8792 collision_total_mean=3056.5635 entropy=-3.1470 explained_variance=-0.2005 kl_approx=35.5108 loss_critic=15885.2119 loss_entropy=0.1574 loss_objective=0.0597 success_rate=0.1208 success_total_mean=419.7751
2025-11-18 13:40:16.435 | INFO     | __main__:_log_metrics:20 - iter=0021 reward=-1183.1135 ESS=0.4543 clip_fraction=0.3906 collision_rate=0.8643 collision_total_mean=3448.5137 entropy=-3.2372 explained_variance=-0.0470 kl_approx=55.5198 loss_critic=15909.7197 loss_entropy=0.1619 loss_objective=0.0386 success_rate=0.1357 success_total_mean=541.2144
2025-11-18 13:40:20.391 | INFO     | __main__:_log_metrics:20 - iter=0022 reward=-1118.0922 ESS=0.8436 clip_fraction=0.2500 collision_rate=0.8805 collision_total_mean=3068.8037 entropy=-3.0859 explained_variance=-0.3611 kl_approx=5.0458 loss_critic=17121.6602 loss_entropy=0.1543 loss_objective=0.0324 success_rate=0.1195 success_total_mean=416.3773
2025-11-18 13:40:24.433 | INFO     | __main__:_log_metrics:20 - iter=0023 reward=-1153.2263 ESS=0.2537 clip_fraction=0.8359 collision_rate=0.8898 collision_total_mean=3065.5679 entropy=-3.1907 explained_variance=-0.1784 kl_approx=78.9595 loss_critic=17103.5137 loss_entropy=0.1595 loss_objective=0.1831 success_rate=0.1102 success_total_mean=379.6260
2025-11-18 13:40:28.309 | INFO     | __main__:_log_metrics:20 - iter=0024 reward=-1136.8427 ESS=0.8239 clip_fraction=0.2734 collision_rate=0.8693 collision_total_mean=3250.6221 entropy=-3.2001 explained_variance=-0.0740 kl_approx=0.4332 loss_critic=20406.9902 loss_entropy=0.1600 loss_objective=0.0341 success_rate=0.1307 success_total_mean=488.5367
2025-11-18 13:40:32.110 | INFO     | __main__:_log_metrics:20 - iter=0025 reward=-1175.4824 ESS=0.0191 clip_fraction=0.9844 collision_rate=0.8705 collision_total_mean=3346.7183 entropy=-3.3534 explained_variance=0.0407 kl_approx=112.7909 loss_critic=16497.7305 loss_entropy=0.1677 loss_objective=0.2711 success_rate=0.1295 success_total_mean=497.9471
2025-11-18 13:40:35.976 | INFO     | __main__:_log_metrics:20 - iter=0026 reward=-2175.9238 ESS=0.0463 clip_fraction=0.9531 collision_rate=0.9117 collision_total_mean=5396.8359 entropy=-6.3886 explained_variance=0.2181 kl_approx=1020.3830 loss_critic=24079.9844 loss_entropy=0.3194 loss_objective=0.2592 success_rate=0.0883 success_total_mean=522.5639
2025-11-18 13:40:39.985 | INFO     | __main__:_log_metrics:20 - iter=0027 reward=-25279.9570 ESS=0.5799 clip_fraction=0.4375 collision_rate=0.9963 collision_total_mean=50935.3906 entropy=-7.5423 explained_variance=0.9738 kl_approx=2668.4373 loss_critic=100158.8750 loss_entropy=0.3771 loss_objective=-0.0165 success_rate=0.0037 success_total_mean=187.8063
2025-11-18 13:40:44.878 | INFO     | __main__:_log_metrics:20 - iter=0028 reward=-28856.6406 ESS=0.9692 clip_fraction=0.0625 collision_rate=0.9973 collision_total_mean=58022.3242 entropy=-7.8428 explained_variance=0.9742 kl_approx=-0.0004 loss_critic=126183.5938 loss_entropy=0.3921 loss_objective=-0.0188 success_rate=0.0027 success_total_mean=154.6113
2025-11-18 13:40:49.962 | INFO     | __main__:_log_metrics:20 - iter=0029 reward=-24430.4043 ESS=0.4693 clip_fraction=0.5469 collision_rate=0.9954 collision_total_mean=49317.7578 entropy=-7.2089 explained_variance=0.9833 kl_approx=11945.2852 loss_critic=147822.8906 loss_entropy=0.3604 loss_objective=0.0297 success_rate=0.0046 success_total_mean=228.5554
2025-11-18 13:40:53.774 | INFO     | __main__:_log_metrics:20 - iter=0030 reward=-26748.8496 ESS=0.9419 clip_fraction=0.1094 collision_rate=0.9970 collision_total_mean=53826.1680 entropy=-7.3195 explained_variance=0.9695 kl_approx=0.0255 loss_critic=175770.3438 loss_entropy=0.3660 loss_objective=0.0004 success_rate=0.0030 success_total_mean=164.3054
2025-11-18 13:40:57.486 | INFO     | __main__:_log_metrics:20 - iter=0031 reward=-28500.9258 ESS=0.9628 clip_fraction=0.0547 collision_rate=0.9974 collision_total_mean=57301.4883 entropy=-7.0832 explained_variance=0.9868 kl_approx=0.0756 loss_critic=156383.4062 loss_entropy=0.3542 loss_objective=-0.0173 success_rate=0.0026 success_total_mean=149.8863
2025-11-18 13:41:00.852 | INFO     | __main__:_log_metrics:20 - iter=0032 reward=-28301.9824 ESS=0.9432 clip_fraction=0.0703 collision_rate=0.9972 collision_total_mean=56925.5273 entropy=-7.1215 explained_variance=0.9784 kl_approx=6.2526 loss_critic=186308.9844 loss_entropy=0.3561 loss_objective=0.0395 success_rate=0.0028 success_total_mean=160.8453
2025-11-18 13:41:04.143 | INFO     | __main__:_log_metrics:20 - iter=0033 reward=-29220.6016 ESS=0.9588 clip_fraction=0.0547 collision_rate=0.9971 collision_total_mean=58781.7109 entropy=-7.1252 explained_variance=0.9794 kl_approx=0.3361 loss_critic=190253.1094 loss_entropy=0.3563 loss_objective=-0.0269 success_rate=0.0029 success_total_mean=170.3198
2025-11-18 13:41:07.581 | INFO     | __main__:_log_metrics:20 - iter=0034 reward=-27224.4844 ESS=0.9621 clip_fraction=0.0469 collision_rate=0.9966 collision_total_mean=54821.0391 entropy=-7.0662 explained_variance=0.9809 kl_approx=0.6992 loss_critic=165393.0000 loss_entropy=0.3533 loss_objective=0.0056 success_rate=0.0034 success_total_mean=186.1021
2025-11-18 13:41:11.063 | INFO     | __main__:_log_metrics:20 - iter=0035 reward=-28009.8711 ESS=0.8693 clip_fraction=0.0312 collision_rate=0.9966 collision_total_mean=56404.0820 entropy=-7.1405 explained_variance=0.9827 kl_approx=-0.0064 loss_critic=170504.9844 loss_entropy=0.3570 loss_objective=-0.0007 success_rate=0.0034 success_total_mean=192.2374
2025-11-18 13:41:14.477 | INFO     | __main__:_log_metrics:20 - iter=0036 reward=-26165.1289 ESS=0.1073 clip_fraction=0.9453 collision_rate=0.9971 collision_total_mean=52637.5273 entropy=-0.5411 explained_variance=0.9809 kl_approx=6.7965 loss_critic=197424.9688 loss_entropy=0.0271 loss_objective=0.1946 success_rate=0.0029 success_total_mean=153.7029
2025-11-18 13:41:18.289 | INFO     | __main__:_log_metrics:20 - iter=0037 reward=-2545.8865 ESS=0.7434 clip_fraction=0.2656 collision_rate=0.9725 collision_total_mean=5397.3081 entropy=-0.0979 explained_variance=0.7851 kl_approx=16.5117 loss_critic=106715.1641 loss_entropy=0.0049 loss_objective=0.1104 success_rate=0.0275 success_total_mean=152.8346
2025-11-18 13:41:22.151 | INFO     | __main__:_log_metrics:20 - iter=0038 reward=-2108.8062 ESS=0.6733 clip_fraction=0.3359 collision_rate=0.9686 collision_total_mean=4509.6924 entropy=-0.3265 explained_variance=-0.1515 kl_approx=523.8657 loss_critic=83009.1641 loss_entropy=0.0163 loss_objective=0.1207 success_rate=0.0314 success_total_mean=146.1074
2025-11-18 13:41:25.264 | INFO     | __main__:_log_metrics:20 - iter=0039 reward=-2198.8774 ESS=0.8422 clip_fraction=0.1641 collision_rate=0.9777 collision_total_mean=4608.1753 entropy=-0.2557 explained_variance=-0.4760 kl_approx=104.9259 loss_critic=61562.6094 loss_entropy=0.0128 loss_objective=0.0968 success_rate=0.0223 success_total_mean=105.2772
2025-11-18 13:41:28.881 | INFO     | __main__:_log_metrics:20 - iter=0040 reward=-1907.9677 ESS=0.7905 clip_fraction=0.1719 collision_rate=0.9657 collision_total_mean=4107.4355 entropy=-0.3108 explained_variance=-0.4395 kl_approx=36.7524 loss_critic=56884.0820 loss_entropy=0.0155 loss_objective=0.0022 success_rate=0.0343 success_total_mean=145.8177
2025-11-18 13:41:32.918 | INFO     | __main__:_log_metrics:20 - iter=0041 reward=-2056.6809 ESS=0.7735 clip_fraction=0.1484 collision_rate=0.9672 collision_total_mean=4412.4873 entropy=-0.2477 explained_variance=-0.0418 kl_approx=59.9069 loss_critic=54794.4492 loss_entropy=0.0124 loss_objective=0.0969 success_rate=0.0328 success_total_mean=149.6301
2025-11-18 13:41:36.671 | INFO     | __main__:_log_metrics:20 - iter=0042 reward=-2062.6167 ESS=0.8789 clip_fraction=0.1250 collision_rate=0.9728 collision_total_mean=4368.9961 entropy=-0.2690 explained_variance=-0.1463 kl_approx=16.3305 loss_critic=45344.3984 loss_entropy=0.0134 loss_objective=0.0032 success_rate=0.0272 success_total_mean=121.9488
2025-11-18 13:41:40.483 | INFO     | __main__:_log_metrics:20 - iter=0043 reward=-2000.6969 ESS=0.9470 clip_fraction=0.0625 collision_rate=0.9636 collision_total_mean=4328.7246 entropy=-0.4584 explained_variance=-0.1757 kl_approx=5.2113 loss_critic=44508.8164 loss_entropy=0.0229 loss_objective=0.0173 success_rate=0.0364 success_total_mean=163.7337
2025-11-18 13:41:44.318 | INFO     | __main__:_log_metrics:20 - iter=0044 reward=-1937.1372 ESS=0.8896 clip_fraction=0.0781 collision_rate=0.9596 collision_total_mean=4229.9678 entropy=-0.2623 explained_variance=-0.2342 kl_approx=1.8899 loss_critic=43434.8164 loss_entropy=0.0131 loss_objective=0.0742 success_rate=0.0404 success_total_mean=177.9160
2025-11-18 13:41:48.203 | INFO     | __main__:_log_metrics:20 - iter=0045 reward=-1901.7756 ESS=0.9065 clip_fraction=0.1172 collision_rate=0.9563 collision_total_mean=4185.8423 entropy=-0.3920 explained_variance=0.1091 kl_approx=19.1182 loss_critic=38735.8359 loss_entropy=0.0196 loss_objective=0.0374 success_rate=0.0437 success_total_mean=191.2140
2025-11-18 13:41:51.894 | INFO     | __main__:_log_metrics:20 - iter=0046 reward=-1965.0474 ESS=0.9007 clip_fraction=0.1172 collision_rate=0.9566 collision_total_mean=4322.0791 entropy=-0.1792 explained_variance=0.0207 kl_approx=17.8351 loss_critic=38857.2891 loss_entropy=0.0090 loss_objective=-0.0120 success_rate=0.0434 success_total_mean=196.0617
2025-11-18 13:41:55.427 | INFO     | __main__:_log_metrics:20 - iter=0047 reward=-2136.0940 ESS=0.9920 clip_fraction=0.0078 collision_rate=0.9686 collision_total_mean=4568.3452 entropy=0.0180 explained_variance=0.1199 kl_approx=0.0795 loss_critic=41592.2461 loss_entropy=-0.0009 loss_objective=0.0063 success_rate=0.0314 success_total_mean=148.1466
2025-11-18 13:41:59.186 | INFO     | __main__:_log_metrics:20 - iter=0048 reward=-2109.4871 ESS=0.9601 clip_fraction=0.0391 collision_rate=0.9649 collision_total_mean=4550.3330 entropy=-0.1097 explained_variance=0.2401 kl_approx=4.2099 loss_critic=37504.5586 loss_entropy=0.0055 loss_objective=0.0023 success_rate=0.0351 success_total_mean=165.7478
2025-11-18 13:42:02.975 | INFO     | __main__:_log_metrics:20 - iter=0049 reward=-2094.9492 ESS=0.9838 clip_fraction=0.0156 collision_rate=0.9664 collision_total_mean=4502.9009 entropy=-0.1079 explained_variance=-0.1974 kl_approx=3.1814 loss_critic=42968.9570 loss_entropy=0.0054 loss_objective=0.0021 success_rate=0.0336 success_total_mean=156.5691
2025-11-18 13:42:06.427 | INFO     | __main__:_log_metrics:20 - iter=0050 reward=-1985.4524 ESS=0.9483 clip_fraction=0.0547 collision_rate=0.9595 collision_total_mean=4336.9229 entropy=-0.1255 explained_variance=-0.4134 kl_approx=1.8812 loss_critic=35240.1523 loss_entropy=0.0063 loss_objective=-0.0162 success_rate=0.0405 success_total_mean=183.0757
2025-11-18 13:42:09.965 | INFO     | __main__:_log_metrics:20 - iter=0051 reward=-2201.4565 ESS=0.8201 clip_fraction=0.1797 collision_rate=0.9622 collision_total_mean=4777.8389 entropy=-0.1233 explained_variance=-0.2817 kl_approx=174.2102 loss_critic=39307.8633 loss_entropy=0.0062 loss_objective=0.0629 success_rate=0.0378 success_total_mean=187.5323
2025-11-18 13:42:14.045 | INFO     | __main__:_log_metrics:20 - iter=0052 reward=-1688.6903 ESS=0.8680 clip_fraction=0.1406 collision_rate=0.9235 collision_total_mean=4047.7852 entropy=-0.3920 explained_variance=-0.1561 kl_approx=37.8872 loss_critic=41008.2266 loss_entropy=0.0196 loss_objective=0.0803 success_rate=0.0765 success_total_mean=335.2735
2025-11-18 13:42:17.672 | INFO     | __main__:_log_metrics:20 - iter=0053 reward=-1476.0718 ESS=0.4745 clip_fraction=0.5312 collision_rate=0.8874 collision_total_mean=3956.2451 entropy=-0.5760 explained_variance=0.3000 kl_approx=661.0623 loss_critic=33574.2422 loss_entropy=0.0288 loss_objective=0.0926 success_rate=0.1126 success_total_mean=502.1255
2025-11-18 13:42:21.683 | INFO     | __main__:_log_metrics:20 - iter=0054 reward=-813.5634 ESS=0.5753 clip_fraction=0.4531 collision_rate=0.8108 collision_total_mean=3050.5405 entropy=-0.8328 explained_variance=0.2218 kl_approx=339.0979 loss_critic=28661.4844 loss_entropy=0.0416 loss_objective=0.1997 success_rate=0.1892 success_total_mean=711.7845
2025-11-18 13:42:25.881 | INFO     | __main__:_log_metrics:20 - iter=0055 reward=-1485.3441 ESS=0.8665 clip_fraction=0.1641 collision_rate=0.8802 collision_total_mean=4081.5034 entropy=-0.4511 explained_variance=0.1630 kl_approx=22.0585 loss_critic=29084.8828 loss_entropy=0.0226 loss_objective=0.0488 success_rate=0.1198 success_total_mean=555.4807
2025-11-18 13:42:29.663 | INFO     | __main__:_log_metrics:20 - iter=0056 reward=-1528.7976 ESS=0.9269 clip_fraction=0.0938 collision_rate=0.8837 collision_total_mean=4149.2163 entropy=-0.4263 explained_variance=0.6344 kl_approx=1.1696 loss_critic=30206.6172 loss_entropy=0.0213 loss_objective=0.0473 success_rate=0.1163 success_total_mean=545.8841
2025-11-18 13:42:34.106 | INFO     | __main__:_log_metrics:20 - iter=0057 reward=-1398.1780 ESS=0.8597 clip_fraction=0.1172 collision_rate=0.8778 collision_total_mean=3874.9949 entropy=-0.4164 explained_variance=0.2877 kl_approx=1.9985 loss_critic=28842.3047 loss_entropy=0.0208 loss_objective=0.0199 success_rate=0.1222 success_total_mean=539.3921
2025-11-18 13:42:38.785 | INFO     | __main__:_log_metrics:20 - iter=0058 reward=-1840.0419 ESS=0.8280 clip_fraction=0.1719 collision_rate=0.9136 collision_total_mean=4537.6670 entropy=-0.0839 explained_variance=0.4139 kl_approx=116.6527 loss_critic=29289.5527 loss_entropy=0.0042 loss_objective=0.0842 success_rate=0.0864 success_total_mean=428.8641
2025-11-18 13:42:42.800 | INFO     | __main__:_log_metrics:20 - iter=0059 reward=-2068.0823 ESS=0.9774 clip_fraction=0.0234 collision_rate=0.9513 collision_total_mean=4607.8564 entropy=-0.0228 explained_variance=0.3485 kl_approx=6.3641 loss_critic=25945.7266 loss_entropy=0.0011 loss_objective=0.0046 success_rate=0.0487 success_total_mean=235.9128
2025-11-18 13:42:46.790 | INFO     | __main__:_log_metrics:20 - iter=0060 reward=-2010.6599 ESS=0.9821 clip_fraction=0.0234 collision_rate=0.9523 collision_total_mean=4468.4463 entropy=-0.1620 explained_variance=0.2699 kl_approx=0.2111 loss_critic=31522.4727 loss_entropy=0.0081 loss_objective=-0.0098 success_rate=0.0477 success_total_mean=223.6304
2025-11-18 13:42:50.549 | INFO     | __main__:_log_metrics:20 - iter=0061 reward=-2056.9436 ESS=0.9631 clip_fraction=0.0391 collision_rate=0.9518 collision_total_mean=4577.3608 entropy=-0.0822 explained_variance=-0.1952 kl_approx=15.0677 loss_critic=33695.9062 loss_entropy=0.0041 loss_objective=0.0022 success_rate=0.0482 success_total_mean=231.8047
2025-11-18 13:42:54.093 | INFO     | __main__:_log_metrics:20 - iter=0062 reward=-2044.2961 ESS=0.9297 clip_fraction=0.0703 collision_rate=0.9563 collision_total_mean=4500.0439 entropy=0.0030 explained_variance=0.0268 kl_approx=74.5961 loss_critic=25264.4277 loss_entropy=-0.0001 loss_objective=0.0053 success_rate=0.0437 success_total_mean=205.7938
2025-11-18 13:42:57.400 | INFO     | __main__:_log_metrics:20 - iter=0063 reward=-2069.4934 ESS=0.9596 clip_fraction=0.0469 collision_rate=0.9577 collision_total_mean=4539.6191 entropy=-0.0624 explained_variance=0.1944 kl_approx=0.8814 loss_critic=22419.5156 loss_entropy=0.0031 loss_objective=0.0099 success_rate=0.0423 success_total_mean=200.3842
2025-11-18 13:43:00.702 | INFO     | __main__:_log_metrics:20 - iter=0064 reward=-1996.3608 ESS=0.8320 clip_fraction=0.0312 collision_rate=0.9580 collision_total_mean=4376.4214 entropy=-0.0815 explained_variance=0.0946 kl_approx=0.2744 loss_critic=23219.7266 loss_entropy=0.0041 loss_objective=-0.0162 success_rate=0.0420 success_total_mean=191.9179
2025-11-18 13:43:04.015 | INFO     | __main__:_log_metrics:20 - iter=0065 reward=-2147.8354 ESS=0.9826 clip_fraction=0.0234 collision_rate=0.9644 collision_total_mean=4638.0479 entropy=-0.0206 explained_variance=0.0533 kl_approx=0.4099 loss_critic=23593.2305 loss_entropy=0.0010 loss_objective=-0.0101 success_rate=0.0356 success_total_mean=171.2555
2025-11-18 13:43:07.370 | INFO     | __main__:_log_metrics:20 - iter=0066 reward=-2228.4524 ESS=0.9766 clip_fraction=0.0234 collision_rate=0.9685 collision_total_mean=4766.3916 entropy=-0.0702 explained_variance=-1.1932 kl_approx=0.1982 loss_critic=28255.0078 loss_entropy=0.0035 loss_objective=0.0023 success_rate=0.0315 success_total_mean=154.8119
2025-11-18 13:43:10.660 | INFO     | __main__:_log_metrics:20 - iter=0067 reward=-2115.8530 ESS=0.9840 clip_fraction=0.0156 collision_rate=0.9652 collision_total_mean=4560.5347 entropy=0.0057 explained_variance=0.0290 kl_approx=1.3189 loss_critic=24521.2559 loss_entropy=-0.0003 loss_objective=0.0144 success_rate=0.0348 success_total_mean=164.4812
2025-11-18 13:43:14.311 | INFO     | __main__:_log_metrics:20 - iter=0068 reward=-2085.6643 ESS=0.9902 clip_fraction=0.0156 collision_rate=0.9611 collision_total_mean=4539.0547 entropy=-0.0109 explained_variance=0.0925 kl_approx=0.0255 loss_critic=17785.4902 loss_entropy=0.0005 loss_objective=-0.0075 success_rate=0.0389 success_total_mean=183.9302
2025-11-18 13:43:18.016 | INFO     | __main__:_log_metrics:20 - iter=0069 reward=-2052.8875 ESS=0.9707 clip_fraction=0.0312 collision_rate=0.9668 collision_total_mean=4408.6650 entropy=0.0120 explained_variance=-1.3306 kl_approx=0.1077 loss_critic=21486.4395 loss_entropy=-0.0006 loss_objective=0.0110 success_rate=0.0332 success_total_mean=151.5128
2025-11-18 13:43:21.675 | INFO     | __main__:_log_metrics:20 - iter=0070 reward=-2141.9272 ESS=1.0000 clip_fraction=0.0000 collision_rate=0.9730 collision_total_mean=4535.5264 entropy=0.0000 explained_variance=-0.4117 kl_approx=0.0000 loss_critic=17129.9941 loss_entropy=-0.0000 loss_objective=-0.0000 success_rate=0.0270 success_total_mean=125.9030
2025-11-18 13:43:25.147 | INFO     | __main__:_log_metrics:20 - iter=0071 reward=-2073.2429 ESS=0.9599 clip_fraction=0.0469 collision_rate=0.9615 collision_total_mean=4506.8252 entropy=-0.0360 explained_variance=-1.2983 kl_approx=3.0429 loss_critic=18946.8711 loss_entropy=0.0018 loss_objective=0.0317 success_rate=0.0385 success_total_mean=180.2370
2025-11-18 13:43:28.916 | INFO     | __main__:_log_metrics:20 - iter=0072 reward=-2027.5221 ESS=0.9986 clip_fraction=0.0078 collision_rate=0.9636 collision_total_mean=4385.8159 entropy=-0.0333 explained_variance=-1.9134 kl_approx=0.0043 loss_critic=19816.4805 loss_entropy=0.0017 loss_objective=-0.0029 success_rate=0.0364 success_total_mean=165.4536
2025-11-18 13:43:32.357 | INFO     | __main__:_log_metrics:20 - iter=0073 reward=-2134.6570 ESS=0.9766 clip_fraction=0.0234 collision_rate=0.9630 collision_total_mean=4624.2583 entropy=0.0000 explained_variance=0.2255 kl_approx=6.4306 loss_critic=16428.2578 loss_entropy=-0.0000 loss_objective=0.0321 success_rate=0.0370 success_total_mean=177.5401
2025-11-18 13:43:35.767 | INFO     | __main__:_log_metrics:20 - iter=0074 reward=-2076.1755 ESS=1.0000 clip_fraction=0.0000 collision_rate=0.9631 collision_total_mean=4496.3062 entropy=0.0000 explained_variance=-0.3899 kl_approx=0.0000 loss_critic=15214.4053 loss_entropy=0.0000 loss_objective=-0.0000 success_rate=0.0369 success_total_mean=172.0447
2025-11-18 13:43:38.951 | INFO     | __main__:_log_metrics:20 - iter=0075 reward=-2126.7744 ESS=0.9697 clip_fraction=0.0312 collision_rate=0.9607 collision_total_mean=4632.3662 entropy=0.0000 explained_variance=-0.2068 kl_approx=2.9759 loss_critic=19149.1973 loss_entropy=-0.0000 loss_objective=0.0153 success_rate=0.0393 success_total_mean=189.4769
2025-11-18 13:43:42.372 | INFO     | __main__:_log_metrics:20 - iter=0076 reward=-1988.8838 ESS=0.9531 clip_fraction=0.0469 collision_rate=0.9615 collision_total_mean=4323.7725 entropy=0.0000 explained_variance=-0.0158 kl_approx=7.1362 loss_critic=22659.9199 loss_entropy=-0.0000 loss_objective=0.0166 success_rate=0.0385 success_total_mean=173.0701
2025-11-18 13:43:46.040 | INFO     | __main__:_log_metrics:20 - iter=0077 reward=-1961.4337 ESS=0.9698 clip_fraction=0.0391 collision_rate=0.9574 collision_total_mean=4306.2900 entropy=0.0569 explained_variance=-1.4784 kl_approx=5.5846 loss_critic=27025.5273 loss_entropy=-0.0028 loss_objective=0.0020 success_rate=0.0426 success_total_mean=191.7795
2025-11-18 13:43:49.323 | INFO     | __main__:_log_metrics:20 - iter=0078 reward=-2054.9675 ESS=0.9998 clip_fraction=0.0000 collision_rate=0.9612 collision_total_mean=4470.7129 entropy=0.0274 explained_variance=-0.1046 kl_approx=-0.0011 loss_critic=19557.1094 loss_entropy=-0.0014 loss_objective=0.0049 success_rate=0.0388 success_total_mean=180.4564
2025-11-18 13:43:52.510 | INFO     | __main__:_log_metrics:20 - iter=0079 reward=-2061.2605 ESS=0.9608 clip_fraction=0.0391 collision_rate=0.9632 collision_total_mean=4463.1763 entropy=0.0301 explained_variance=0.2992 kl_approx=4.2348 loss_critic=18123.3047 loss_entropy=-0.0015 loss_objective=-0.0216 success_rate=0.0368 success_total_mean=170.3946
2025-11-18 13:43:55.731 | INFO     | __main__:_log_metrics:20 - iter=0080 reward=-1912.3665 ESS=0.9680 clip_fraction=0.0312 collision_rate=0.9620 collision_total_mean=4152.8442 entropy=0.0228 explained_variance=-0.8139 kl_approx=0.8951 loss_critic=25722.3535 loss_entropy=-0.0011 loss_objective=-0.0157 success_rate=0.0380 success_total_mean=164.1213
2025-11-18 13:43:58.907 | INFO     | __main__:_log_metrics:20 - iter=0081 reward=-2218.2498 ESS=0.9920 clip_fraction=0.0078 collision_rate=0.9672 collision_total_mean=4758.9326 entropy=0.0542 explained_variance=-1.4947 kl_approx=0.1781 loss_critic=22690.5547 loss_entropy=-0.0027 loss_objective=-0.0036 success_rate=0.0328 success_total_mean=161.2842
2025-11-18 13:44:02.030 | INFO     | __main__:_log_metrics:20 - iter=0082 reward=-2013.1315 ESS=0.9951 clip_fraction=0.0078 collision_rate=0.9628 collision_total_mean=4363.2842 entropy=0.0186 explained_variance=0.0735 kl_approx=0.0131 loss_critic=17752.2988 loss_entropy=-0.0009 loss_objective=0.0211 success_rate=0.0372 success_total_mean=168.5775
2025-11-18 13:44:05.146 | INFO     | __main__:_log_metrics:20 - iter=0083 reward=-2009.4866 ESS=0.9922 clip_fraction=0.0078 collision_rate=0.9560 collision_total_mean=4426.4849 entropy=-0.0000 explained_variance=-0.5835 kl_approx=1.0419 loss_critic=17861.5742 loss_entropy=0.0000 loss_objective=0.0026 success_rate=0.0440 success_total_mean=203.8238
2025-11-18 13:44:08.508 | INFO     | __main__:_log_metrics:20 - iter=0084 reward=-2099.4207 ESS=1.0000 clip_fraction=0.0000 collision_rate=0.9635 collision_total_mean=4542.8867 entropy=0.0000 explained_variance=0.1645 kl_approx=-0.0000 loss_critic=14413.9199 loss_entropy=-0.0000 loss_objective=0.0000 success_rate=0.0365 success_total_mean=172.0912
2025-11-18 13:44:11.867 | INFO     | __main__:_log_metrics:20 - iter=0085 reward=-2157.6152 ESS=0.9776 clip_fraction=0.0234 collision_rate=0.9695 collision_total_mean=4605.1865 entropy=0.0089 explained_variance=-0.1484 kl_approx=0.7268 loss_critic=20572.3887 loss_entropy=-0.0004 loss_objective=-0.0236 success_rate=0.0305 success_total_mean=145.0451
2025-11-18 13:44:15.583 | INFO     | __main__:_log_metrics:20 - iter=0086 reward=-1730.6393 ESS=0.9237 clip_fraction=0.0781 collision_rate=0.9197 collision_total_mean=4193.0112 entropy=0.0250 explained_variance=0.4441 kl_approx=10.3447 loss_critic=28572.1797 loss_entropy=-0.0013 loss_objective=0.0135 success_rate=0.0803 success_total_mean=365.9374
2025-11-18 13:44:18.898 | INFO     | __main__:_log_metrics:20 - iter=0087 reward=-2102.7825 ESS=0.9766 clip_fraction=0.0234 collision_rate=0.9642 collision_total_mean=4543.1538 entropy=0.0000 explained_variance=-1.4914 kl_approx=1.5471 loss_critic=20579.5273 loss_entropy=-0.0000 loss_objective=-0.0165 success_rate=0.0358 success_total_mean=168.8613
2025-11-18 13:44:22.329 | INFO     | __main__:_log_metrics:20 - iter=0088 reward=-1626.3148 ESS=0.8909 clip_fraction=0.1172 collision_rate=0.9139 collision_total_mean=4007.3174 entropy=0.0408 explained_variance=-0.7652 kl_approx=17.1912 loss_critic=29046.9238 loss_entropy=-0.0020 loss_objective=0.0627 success_rate=0.0861 success_total_mean=377.4154
2025-11-18 13:44:25.784 | INFO     | __main__:_log_metrics:20 - iter=0089 reward=-1824.9062 ESS=0.9624 clip_fraction=0.0391 collision_rate=0.9292 collision_total_mean=4306.1255 entropy=0.0036 explained_variance=-0.2768 kl_approx=2.2795 loss_critic=22794.4785 loss_entropy=-0.0002 loss_objective=0.0130 success_rate=0.0708 success_total_mean=328.2271
2025-11-18 13:44:29.200 | INFO     | __main__:_log_metrics:20 - iter=0090 reward=-1906.1912 ESS=0.9917 clip_fraction=0.0078 collision_rate=0.9451 collision_total_mean=4313.4736 entropy=0.0237 explained_variance=-0.6281 kl_approx=1.5237 loss_critic=21351.3672 loss_entropy=-0.0012 loss_objective=-0.0000 success_rate=0.0549 success_total_mean=250.6151
2025-11-18 13:44:32.623 | INFO     | __main__:_log_metrics:20 - iter=0091 reward=-1970.1069 ESS=0.9922 clip_fraction=0.0078 collision_rate=0.9507 collision_total_mean=4395.5244 entropy=0.0000 explained_variance=-0.3430 kl_approx=0.5008 loss_critic=18460.2461 loss_entropy=-0.0000 loss_objective=0.0037 success_rate=0.0493 success_total_mean=227.7229
2025-11-18 13:44:36.085 | INFO     | __main__:_log_metrics:20 - iter=0092 reward=-2099.0916 ESS=0.9999 clip_fraction=0.0000 collision_rate=0.9581 collision_total_mean=4600.8184 entropy=0.0000 explained_variance=-0.2276 kl_approx=-0.0008 loss_critic=17508.6973 loss_entropy=-0.0000 loss_objective=-0.0000 success_rate=0.0419 success_total_mean=201.3855
2025-11-18 13:44:39.596 | INFO     | __main__:_log_metrics:20 - iter=0093 reward=-1894.7427 ESS=0.9408 clip_fraction=0.0547 collision_rate=0.9498 collision_total_mean=4237.2383 entropy=0.0290 explained_variance=0.1914 kl_approx=3.1335 loss_critic=22593.4805 loss_entropy=-0.0015 loss_objective=-0.0303 success_rate=0.0502 success_total_mean=223.9443
2025-11-18 13:44:43.246 | INFO     | __main__:_log_metrics:20 - iter=0094 reward=-1810.4539 ESS=0.9607 clip_fraction=0.0391 collision_rate=0.9380 collision_total_mean=4172.4004 entropy=0.0216 explained_variance=0.5700 kl_approx=3.1211 loss_critic=22669.7383 loss_entropy=-0.0011 loss_objective=-0.0104 success_rate=0.0620 success_total_mean=275.8160
2025-11-18 13:44:46.860 | INFO     | __main__:_log_metrics:20 - iter=0095 reward=-2036.4954 ESS=0.9687 clip_fraction=0.0312 collision_rate=0.9556 collision_total_mean=4489.7974 entropy=0.0002 explained_variance=-1.1156 kl_approx=4.1652 loss_critic=22312.4395 loss_entropy=-0.0000 loss_objective=0.0109 success_rate=0.0444 success_total_mean=208.4707
2025-11-18 13:44:50.248 | INFO     | __main__:_log_metrics:20 - iter=0096 reward=-2166.1216 ESS=0.9766 clip_fraction=0.0234 collision_rate=0.9664 collision_total_mean=4655.4229 entropy=0.0000 explained_variance=0.3749 kl_approx=1.6451 loss_critic=12685.1152 loss_entropy=-0.0000 loss_objective=0.0606 success_rate=0.0336 success_total_mean=161.6586
2025-11-18 13:44:53.456 | INFO     | __main__:_log_metrics:20 - iter=0097 reward=-2119.0886 ESS=0.9818 clip_fraction=0.0312 collision_rate=0.9649 collision_total_mean=4570.7261 entropy=0.0482 explained_variance=0.0886 kl_approx=3.5997 loss_critic=17640.7266 loss_entropy=-0.0024 loss_objective=-0.0034 success_rate=0.0351 success_total_mean=166.3428
2025-11-18 13:44:56.704 | INFO     | __main__:_log_metrics:20 - iter=0098 reward=-2257.6152 ESS=0.9922 clip_fraction=0.0078 collision_rate=0.9684 collision_total_mean=4830.2627 entropy=0.0056 explained_variance=0.0200 kl_approx=0.0435 loss_critic=18466.8652 loss_entropy=-0.0003 loss_objective=-0.0061 success_rate=0.0316 success_total_mean=157.5845
2025-11-18 13:45:01.388 | INFO     | __main__:_log_metrics:20 - iter=0099 reward=-2197.8755 ESS=0.9922 clip_fraction=0.0078 collision_rate=0.9716 collision_total_mean=4668.4766 entropy=0.0000 explained_variance=-1.1979 kl_approx=0.6833 loss_critic=15204.0322 loss_entropy=-0.0000 loss_objective=-0.0002 success_rate=0.0284 success_total_mean=136.4313
2025-11-18 13:48:01.213 | INFO     | __main__:<module>:18 - Logger initialized (level=INFO, file=logs/train.log)
2025-11-18 13:48:01.214 | INFO     | __main__:<module>:21 - algo_section {'frames_per_batch': 1600, 'mini_batch_size': 64, 'max_epochs': 1000, 'clip_epsilon': 0.2, 'gamma': 0.99, 'gae_lambda': 0.95, 'actor_lr': 0.0003, 'critic_lr': 0.001, 'entropy_coeff': 0.01}
2025-11-18 13:48:01.216 | INFO     | __main__:<module>:70 - Config ready | seed=42 frames_per_batch=4096 horizon=256 num_envs=8 backend=parallel parallel=True
2025-11-18 13:48:03.905 | INFO     | __main__:<module>:21 - TorchRL env constructed (observation=torch.Size([8, 72]),  num_envs=8, backend=parallel, parallel=True)
2025-11-18 13:48:06.469 | INFO     | __main__:_load_yaml_config:6 - Loaded configuration from conf\default.yaml
2025-11-18 13:48:06.474 | INFO     | __main__:<module>:18 - Logger initialized (level=INFO, file=logs/train.log)
2025-11-18 13:48:06.474 | INFO     | __main__:<module>:21 - algo_section {'frames_per_batch': 1600, 'mini_batch_size': 64, 'max_epochs': 1000, 'clip_epsilon': 0.2, 'gamma': 0.99, 'gae_lambda': 0.95, 'actor_lr': 0.0003, 'critic_lr': 0.001, 'entropy_coeff': 0.01}
2025-11-18 13:48:06.477 | INFO     | __main__:<module>:70 - Config ready | seed=42 frames_per_batch=4096 horizon=256 num_envs=8 backend=parallel parallel=True
2025-11-18 13:48:09.163 | INFO     | __main__:<module>:21 - TorchRL env constructed (observation=torch.Size([8, 72]),  num_envs=8, backend=parallel, parallel=True)
2025-11-18 13:48:09.173 | INFO     | __main__:<module>:22 - Starting notebook PPO run
2025-11-18 13:48:12.407 | INFO     | __main__:_log_metrics:20 - iter=0000 reward=-431.1949 ESS=0.0692 acb_factor_mean=0.1961 clip_fraction=0.9297 collision_rate=0.8217 collision_total_mean=1523.0872 entropy=-2.2940 explained_variance=-1.5529 kl_approx=257.8275 loss_critic=3378.9844 loss_entropy=0.1147 loss_objective=0.1920 preamble_ratio_cbra=0.8898 preamble_ratio_cfra=0.0845 preamble_ratio_pbra=0.0257 success_rate=0.1783 success_total_mean=330.4453
2025-11-18 13:48:15.608 | INFO     | __main__:_log_metrics:20 - iter=0001 reward=-1204.3011 ESS=0.0610 acb_factor_mean=0.6289 clip_fraction=0.9375 collision_rate=0.8089 collision_total_mean=4565.6523 entropy=-3.1961 explained_variance=0.7127 kl_approx=474.0736 loss_critic=7702.2437 loss_entropy=0.1598 loss_objective=0.1865 preamble_ratio_cbra=0.9233 preamble_ratio_cfra=0.0617 preamble_ratio_pbra=0.0150 success_rate=0.1911 success_total_mean=1078.6226
2025-11-18 13:48:18.666 | INFO     | __main__:_log_metrics:20 - iter=0002 reward=-457.5897 ESS=0.0548 acb_factor_mean=0.3475 clip_fraction=0.9531 collision_rate=0.7819 collision_total_mean=2068.8970 entropy=-3.0711 explained_variance=-0.3287 kl_approx=79.4011 loss_critic=5701.2148 loss_entropy=0.1536 loss_objective=0.2527 preamble_ratio_cbra=0.9335 preamble_ratio_cfra=0.0499 preamble_ratio_pbra=0.0166 success_rate=0.2181 success_total_mean=576.9566
2025-11-18 13:48:29.323 | INFO     | __main__:<module>:18 - Logger initialized (level=INFO, file=logs/train.log)
2025-11-18 13:48:29.323 | INFO     | __main__:<module>:21 - algo_section {'frames_per_batch': 1600, 'mini_batch_size': 64, 'max_epochs': 1000, 'clip_epsilon': 0.2, 'gamma': 0.99, 'gae_lambda': 0.95, 'actor_lr': 0.0003, 'critic_lr': 0.001, 'entropy_coeff': 0.01}
2025-11-18 13:48:29.326 | INFO     | __main__:<module>:70 - Config ready | seed=42 frames_per_batch=4096 horizon=256 num_envs=8 backend=parallel parallel=True
2025-11-18 13:48:31.965 | INFO     | __main__:<module>:21 - TorchRL env constructed (observation=torch.Size([8, 72]),  num_envs=8, backend=parallel, parallel=True)
2025-11-18 13:48:31.976 | INFO     | __main__:<module>:22 - Starting notebook PPO run
2025-11-18 13:48:35.580 | INFO     | __main__:_log_metrics:20 - iter=0000 reward=-431.1949 ESS=0.0179 acb_factor_mean=0.1961 clip_fraction=0.9922 collision_rate=0.8217 collision_total_mean=1523.0872 entropy=-2.3073 explained_variance=-1.5529 kl_approx=522.8126 loss_critic=3378.9844 loss_entropy=0.1154 loss_objective=0.2744 preamble_ratio_cbra=0.8898 preamble_ratio_cfra=0.0845 preamble_ratio_pbra=0.0257 success_rate=0.1783 success_total_mean=330.4453
2025-11-18 13:48:39.276 | INFO     | __main__:_log_metrics:20 - iter=0001 reward=-1383.3947 ESS=0.1007 acb_factor_mean=0.6781 clip_fraction=0.9688 collision_rate=0.8166 collision_total_mean=5023.3960 entropy=-3.3304 explained_variance=0.6756 kl_approx=67.8244 loss_critic=8668.3369 loss_entropy=0.1665 loss_objective=0.2386 preamble_ratio_cbra=0.8217 preamble_ratio_cfra=0.1468 preamble_ratio_pbra=0.0315 success_rate=0.1834 success_total_mean=1128.3975
2025-11-18 13:48:42.949 | INFO     | __main__:_log_metrics:20 - iter=0002 reward=-1988.6146 ESS=0.0526 acb_factor_mean=0.7360 clip_fraction=0.9844 collision_rate=0.8398 collision_total_mean=6431.5464 entropy=-3.3934 explained_variance=0.8264 kl_approx=116.1391 loss_critic=11401.5000 loss_entropy=0.1697 loss_objective=0.2513 preamble_ratio_cbra=0.8747 preamble_ratio_cfra=0.1095 preamble_ratio_pbra=0.0158 success_rate=0.1602 success_total_mean=1227.2545
2025-11-18 13:48:46.727 | INFO     | __main__:_log_metrics:20 - iter=0003 reward=-1141.2061 ESS=0.0622 acb_factor_mean=0.6037 clip_fraction=0.9766 collision_rate=0.8039 collision_total_mean=4456.9585 entropy=-3.0480 explained_variance=0.6507 kl_approx=212.2299 loss_critic=12526.3105 loss_entropy=0.1524 loss_objective=0.2874 preamble_ratio_cbra=0.7978 preamble_ratio_cfra=0.1494 preamble_ratio_pbra=0.0527 success_rate=0.1961 success_total_mean=1087.3678
2025-11-18 13:48:50.347 | INFO     | __main__:_log_metrics:20 - iter=0004 reward=-533.6379 ESS=0.7168 acb_factor_mean=0.4514 clip_fraction=0.5469 collision_rate=0.7724 collision_total_mean=2598.3000 entropy=-2.6858 explained_variance=0.2024 kl_approx=14.3086 loss_critic=10055.5625 loss_entropy=0.1343 loss_objective=0.0991 preamble_ratio_cbra=0.8129 preamble_ratio_cfra=0.1634 preamble_ratio_pbra=0.0237 success_rate=0.2276 success_total_mean=765.6049
2025-11-18 13:48:54.005 | INFO     | __main__:_log_metrics:20 - iter=0005 reward=-498.9368 ESS=0.0114 acb_factor_mean=0.4564 clip_fraction=0.9688 collision_rate=0.7632 collision_total_mean=2629.9236 entropy=-2.7529 explained_variance=0.3426 kl_approx=68.0934 loss_critic=8668.1621 loss_entropy=0.1376 loss_objective=0.2629 preamble_ratio_cbra=0.8816 preamble_ratio_cfra=0.0912 preamble_ratio_pbra=0.0272 success_rate=0.2368 success_total_mean=816.1216
2025-11-18 13:48:57.710 | INFO     | __main__:_log_metrics:20 - iter=0006 reward=-403.3983 ESS=0.4619 acb_factor_mean=0.3435 clip_fraction=0.6875 collision_rate=0.7658 collision_total_mean=2076.3301 entropy=-2.6418 explained_variance=-0.1068 kl_approx=23.9387 loss_critic=8264.6436 loss_entropy=0.1321 loss_objective=0.1130 preamble_ratio_cbra=0.9009 preamble_ratio_cfra=0.0692 preamble_ratio_pbra=0.0299 success_rate=0.2342 success_total_mean=634.8636
2025-11-18 13:49:01.380 | INFO     | __main__:_log_metrics:20 - iter=0007 reward=-363.7529 ESS=0.0078 acb_factor_mean=0.3522 clip_fraction=1.0000 collision_rate=0.7550 collision_total_mean=2071.8511 entropy=-4.3737 explained_variance=0.1051 kl_approx=1047.0514 loss_critic=6975.3560 loss_entropy=0.2187 loss_objective=0.3132 preamble_ratio_cbra=0.8837 preamble_ratio_cfra=0.0819 preamble_ratio_pbra=0.0344 success_rate=0.2450 success_total_mean=672.2695
2025-11-18 13:49:05.057 | INFO     | __main__:_log_metrics:20 - iter=0008 reward=-52.5347 ESS=0.1244 acb_factor_mean=0.2513 clip_fraction=0.9062 collision_rate=0.6834 collision_total_mean=1427.6754 entropy=-2.4811 explained_variance=0.4902 kl_approx=159.4485 loss_critic=6002.2344 loss_entropy=0.1241 loss_objective=0.0852 preamble_ratio_cbra=0.8401 preamble_ratio_cfra=0.0028 preamble_ratio_pbra=0.1570 success_rate=0.3166 success_total_mean=661.4030
2025-11-18 13:49:09.234 | INFO     | __main__:_log_metrics:20 - iter=0009 reward=190.2409 ESS=0.2314 acb_factor_mean=0.3617 clip_fraction=0.9141 collision_rate=0.6169 collision_total_mean=1574.2277 entropy=-2.6541 explained_variance=0.5270 kl_approx=132.6195 loss_critic=7743.3716 loss_entropy=0.1327 loss_objective=0.2497 preamble_ratio_cbra=0.8117 preamble_ratio_cfra=0.0031 preamble_ratio_pbra=0.1852 success_rate=0.3831 success_total_mean=977.4547
2025-11-18 13:49:12.951 | INFO     | __main__:_log_metrics:20 - iter=0010 reward=853.5820 ESS=0.0630 acb_factor_mean=0.4427 clip_fraction=0.9766 collision_rate=0.4664 collision_total_mean=1325.4680 entropy=-2.7782 explained_variance=-0.6974 kl_approx=161.8795 loss_critic=8608.3867 loss_entropy=0.1389 loss_objective=0.2766 preamble_ratio_cbra=0.5044 preamble_ratio_cfra=0.0025 preamble_ratio_pbra=0.4931 success_rate=0.5336 success_total_mean=1516.4160
2025-11-18 13:49:16.866 | INFO     | __main__:_log_metrics:20 - iter=0011 reward=996.8853 ESS=0.2081 acb_factor_mean=0.5805 clip_fraction=0.8984 collision_rate=0.4686 collision_total_mean=1572.4829 entropy=-2.6863 explained_variance=-0.7915 kl_approx=32.9079 loss_critic=10266.5195 loss_entropy=0.1343 loss_objective=0.1874 preamble_ratio_cbra=0.5091 preamble_ratio_cfra=0.0033 preamble_ratio_pbra=0.4877 success_rate=0.5314 success_total_mean=1783.2264
2025-11-18 13:49:20.793 | INFO     | __main__:_log_metrics:20 - iter=0012 reward=1050.9432 ESS=0.3987 acb_factor_mean=0.5642 clip_fraction=0.5547 collision_rate=0.4618 collision_total_mean=1579.0959 entropy=-2.8337 explained_variance=-0.0940 kl_approx=0.8718 loss_critic=9245.9766 loss_entropy=0.1417 loss_objective=0.0789 preamble_ratio_cbra=0.5490 preamble_ratio_cfra=0.0033 preamble_ratio_pbra=0.4477 success_rate=0.5382 success_total_mean=1840.5911
2025-11-18 13:49:24.898 | INFO     | __main__:_log_metrics:20 - iter=0013 reward=1028.2827 ESS=0.2412 acb_factor_mean=0.5681 clip_fraction=0.8828 collision_rate=0.4688 collision_total_mean=1624.8003 entropy=-3.0015 explained_variance=-0.5793 kl_approx=33.0401 loss_critic=11344.0684 loss_entropy=0.1501 loss_objective=0.2255 preamble_ratio_cbra=0.5460 preamble_ratio_cfra=0.0031 preamble_ratio_pbra=0.4509 success_rate=0.5312 success_total_mean=1840.7827
2025-11-18 13:49:29.153 | INFO     | __main__:_log_metrics:20 - iter=0014 reward=1189.4882 ESS=0.6522 acb_factor_mean=0.6261 clip_fraction=0.5391 collision_rate=0.4547 collision_total_mean=1701.1243 entropy=-2.9156 explained_variance=-1.0604 kl_approx=3.4034 loss_critic=15581.9932 loss_entropy=0.1458 loss_objective=0.0672 preamble_ratio_cbra=0.5168 preamble_ratio_cfra=0.0031 preamble_ratio_pbra=0.4801 success_rate=0.5453 success_total_mean=2040.1503
2025-11-18 13:49:33.292 | INFO     | __main__:_log_metrics:20 - iter=0015 reward=1146.0067 ESS=0.6774 acb_factor_mean=0.6283 clip_fraction=0.5078 collision_rate=0.4581 collision_total_mean=1677.8687 entropy=-2.9556 explained_variance=-1.0039 kl_approx=13.4204 loss_critic=15042.3535 loss_entropy=0.1478 loss_objective=0.0440 preamble_ratio_cbra=0.5305 preamble_ratio_cfra=0.0029 preamble_ratio_pbra=0.4666 success_rate=0.5419 success_total_mean=1985.0409
2025-11-18 13:49:37.539 | INFO     | __main__:_log_metrics:20 - iter=0016 reward=1107.4442 ESS=0.3183 acb_factor_mean=0.6250 clip_fraction=0.7734 collision_rate=0.4528 collision_total_mean=1562.7565 entropy=-3.0251 explained_variance=-1.8280 kl_approx=6.5976 loss_critic=17207.5000 loss_entropy=0.1513 loss_objective=0.1533 preamble_ratio_cbra=0.4466 preamble_ratio_cfra=0.0036 preamble_ratio_pbra=0.5498 success_rate=0.5472 success_total_mean=1888.9222
2025-11-18 13:49:42.478 | INFO     | __main__:_log_metrics:20 - iter=0017 reward=1216.0345 ESS=0.1679 acb_factor_mean=0.6261 clip_fraction=0.9297 collision_rate=0.4555 collision_total_mean=1748.7917 entropy=-2.9780 explained_variance=-0.7921 kl_approx=64.0895 loss_critic=15265.5576 loss_entropy=0.1489 loss_objective=0.2510 preamble_ratio_cbra=0.4154 preamble_ratio_cfra=0.0033 preamble_ratio_pbra=0.5813 success_rate=0.5445 success_total_mean=2090.5303
2025-11-18 13:49:47.091 | INFO     | __main__:_log_metrics:20 - iter=0018 reward=1275.3195 ESS=0.7523 acb_factor_mean=0.6468 clip_fraction=0.5156 collision_rate=0.4384 collision_total_mean=1633.1128 entropy=-2.8211 explained_variance=-0.5921 kl_approx=2.2622 loss_critic=18107.6484 loss_entropy=0.1411 loss_objective=0.0484 preamble_ratio_cbra=0.4398 preamble_ratio_cfra=0.0039 preamble_ratio_pbra=0.5563 success_rate=0.5616 success_total_mean=2091.9756
2025-11-18 13:49:51.126 | INFO     | __main__:_log_metrics:20 - iter=0019 reward=1279.6995 ESS=0.6111 acb_factor_mean=0.6405 clip_fraction=0.4297 collision_rate=0.4490 collision_total_mean=1760.0425 entropy=-2.9542 explained_variance=-1.1243 kl_approx=5.4843 loss_critic=20318.2207 loss_entropy=0.1477 loss_objective=0.0143 preamble_ratio_cbra=0.4656 preamble_ratio_cfra=0.0040 preamble_ratio_pbra=0.5303 success_rate=0.5510 success_total_mean=2159.8206
2025-11-18 13:49:55.262 | INFO     | __main__:_log_metrics:20 - iter=0020 reward=1300.1382 ESS=0.0799 acb_factor_mean=0.6489 clip_fraction=0.8594 collision_rate=0.4445 collision_total_mean=1734.5950 entropy=-3.2541 explained_variance=-0.3988 kl_approx=57.1010 loss_critic=17177.1621 loss_entropy=0.1627 loss_objective=0.2058 preamble_ratio_cbra=0.4559 preamble_ratio_cfra=0.0040 preamble_ratio_pbra=0.5400 success_rate=0.5555 success_total_mean=2167.5356
2025-11-18 13:49:59.942 | INFO     | __main__:_log_metrics:20 - iter=0021 reward=-2516.6917 ESS=0.8855 acb_factor_mean=0.8301 clip_fraction=0.2578 collision_rate=0.8086 collision_total_mean=9556.2451 entropy=-5.0232 explained_variance=0.9026 kl_approx=2.3697 loss_critic=30263.6387 loss_entropy=0.2512 loss_objective=0.0473 preamble_ratio_cbra=0.2988 preamble_ratio_cfra=0.0036 preamble_ratio_pbra=0.6976 success_rate=0.1914 success_total_mean=2261.5310
2025-11-18 13:50:04.730 | INFO     | __main__:_log_metrics:20 - iter=0022 reward=-3473.5735 ESS=0.7700 acb_factor_mean=0.8324 clip_fraction=0.2812 collision_rate=0.8316 collision_total_mean=11673.5605 entropy=-5.1879 explained_variance=0.7237 kl_approx=2.2233 loss_critic=32215.8789 loss_entropy=0.2594 loss_objective=0.0636 preamble_ratio_cbra=0.3068 preamble_ratio_cfra=0.0043 preamble_ratio_pbra=0.6889 success_rate=0.1684 success_total_mean=2363.3066
2025-11-18 13:50:09.363 | INFO     | __main__:_log_metrics:20 - iter=0023 reward=-3394.2646 ESS=0.8280 acb_factor_mean=0.8352 clip_fraction=0.3047 collision_rate=0.8332 collision_total_mean=11318.7881 entropy=-4.7672 explained_variance=0.7065 kl_approx=0.8967 loss_critic=21309.8789 loss_entropy=0.2384 loss_objective=0.0345 preamble_ratio_cbra=0.2951 preamble_ratio_cfra=0.0044 preamble_ratio_pbra=0.7004 success_rate=0.1668 success_total_mean=2265.2292
2025-11-18 13:50:14.057 | INFO     | __main__:_log_metrics:20 - iter=0024 reward=-2760.5925 ESS=0.8805 acb_factor_mean=0.8128 clip_fraction=0.2344 collision_rate=0.8136 collision_total_mean=10190.1895 entropy=-4.6991 explained_variance=0.8822 kl_approx=2.3018 loss_critic=33909.4414 loss_entropy=0.2350 loss_objective=0.0453 preamble_ratio_cbra=0.3268 preamble_ratio_cfra=0.0037 preamble_ratio_pbra=0.6694 success_rate=0.1864 success_total_mean=2334.6023
2025-11-18 13:50:18.727 | INFO     | __main__:_log_metrics:20 - iter=0025 reward=-2523.6340 ESS=0.6906 acb_factor_mean=0.8126 clip_fraction=0.2891 collision_rate=0.8072 collision_total_mean=9663.4316 entropy=-4.4850 explained_variance=0.9686 kl_approx=0.9612 loss_critic=27686.4766 loss_entropy=0.2243 loss_objective=0.0470 preamble_ratio_cbra=0.3333 preamble_ratio_cfra=0.0028 preamble_ratio_pbra=0.6639 success_rate=0.1928 success_total_mean=2308.1816
2025-11-18 13:50:23.236 | INFO     | __main__:_log_metrics:20 - iter=0026 reward=-666.5464 ESS=0.5040 acb_factor_mean=0.7697 clip_fraction=0.4219 collision_rate=0.7180 collision_total_mean=6212.3188 entropy=-3.8872 explained_variance=0.9711 kl_approx=4.8407 loss_critic=32470.7520 loss_entropy=0.1944 loss_objective=-0.0084 preamble_ratio_cbra=0.4206 preamble_ratio_cfra=0.0029 preamble_ratio_pbra=0.5765 success_rate=0.2820 success_total_mean=2439.7126
2025-11-18 13:50:27.750 | INFO     | __main__:_log_metrics:20 - iter=0027 reward=-1371.6689 ESS=0.8247 acb_factor_mean=0.7848 clip_fraction=0.3438 collision_rate=0.7611 collision_total_mean=7369.7261 entropy=-3.9398 explained_variance=0.9784 kl_approx=10.7351 loss_critic=35762.3984 loss_entropy=0.1970 loss_objective=0.0352 preamble_ratio_cbra=0.4121 preamble_ratio_cfra=0.0034 preamble_ratio_pbra=0.5845 success_rate=0.2389 success_total_mean=2313.2939
2025-11-18 13:50:32.460 | INFO     | __main__:_log_metrics:20 - iter=0028 reward=-3131.9109 ESS=0.4148 acb_factor_mean=0.8306 clip_fraction=0.7266 collision_rate=0.8242 collision_total_mean=10924.2227 entropy=-2.3538 explained_variance=0.9856 kl_approx=859.6693 loss_critic=41598.5039 loss_entropy=0.1177 loss_objective=0.0657 preamble_ratio_cbra=0.3377 preamble_ratio_cfra=0.0031 preamble_ratio_pbra=0.6592 success_rate=0.1758 success_total_mean=2330.3003
2025-11-18 13:50:36.742 | INFO     | __main__:_log_metrics:20 - iter=0029 reward=981.9324 ESS=0.2870 acb_factor_mean=0.6856 clip_fraction=0.7734 collision_rate=0.5178 collision_total_mean=2276.5569 entropy=-1.9897 explained_variance=0.8420 kl_approx=165.3819 loss_critic=25986.7969 loss_entropy=0.0995 loss_objective=0.2005 preamble_ratio_cbra=0.4117 preamble_ratio_cfra=0.0029 preamble_ratio_pbra=0.5854 success_rate=0.4822 success_total_mean=2120.3108
2025-11-18 13:50:40.848 | INFO     | __main__:_log_metrics:20 - iter=0030 reward=768.7424 ESS=0.0090 acb_factor_mean=0.6066 clip_fraction=0.8516 collision_rate=0.5390 collision_total_mean=2163.7917 entropy=-2.5654 explained_variance=0.7988 kl_approx=276.5067 loss_critic=22419.7227 loss_entropy=0.1283 loss_objective=0.4843 preamble_ratio_cbra=0.3557 preamble_ratio_cfra=0.0034 preamble_ratio_pbra=0.6409 success_rate=0.4610 success_total_mean=1850.7380
2025-11-18 13:50:44.795 | INFO     | __main__:_log_metrics:20 - iter=0031 reward=766.7971 ESS=0.7192 acb_factor_mean=0.5010 clip_fraction=0.5156 collision_rate=0.5074 collision_total_mean=1629.4473 entropy=-2.9263 explained_variance=0.5876 kl_approx=15.5756 loss_critic=18699.6758 loss_entropy=0.1463 loss_objective=0.0237 preamble_ratio_cbra=0.5068 preamble_ratio_cfra=0.0027 preamble_ratio_pbra=0.4905 success_rate=0.4926 success_total_mean=1581.6206
2025-11-18 13:50:48.796 | INFO     | __main__:_log_metrics:20 - iter=0032 reward=902.3983 ESS=0.5188 acb_factor_mean=0.5352 clip_fraction=0.5859 collision_rate=0.4875 collision_total_mean=1637.2742 entropy=-2.7846 explained_variance=-1.1346 kl_approx=8.8486 loss_critic=15520.3555 loss_entropy=0.1392 loss_objective=0.1448 preamble_ratio_cbra=0.6179 preamble_ratio_cfra=0.0032 preamble_ratio_pbra=0.3789 success_rate=0.5125 success_total_mean=1721.1350
2025-11-18 13:50:52.727 | INFO     | __main__:_log_metrics:20 - iter=0033 reward=882.0400 ESS=0.0273 acb_factor_mean=0.5396 clip_fraction=0.9844 collision_rate=0.4796 collision_total_mean=1508.1335 entropy=-2.8840 explained_variance=-0.9215 kl_approx=105.7757 loss_critic=13525.0703 loss_entropy=0.1442 loss_objective=0.2705 preamble_ratio_cbra=0.6105 preamble_ratio_cfra=0.0025 preamble_ratio_pbra=0.3870 success_rate=0.5204 success_total_mean=1636.2065
2025-11-18 13:50:56.549 | INFO     | __main__:_log_metrics:20 - iter=0034 reward=557.4500 ESS=0.8676 acb_factor_mean=0.3929 clip_fraction=0.3438 collision_rate=0.5232 collision_total_mean=1356.0527 entropy=-2.8526 explained_variance=-1.1878 kl_approx=4.5805 loss_critic=11096.4824 loss_entropy=0.1426 loss_objective=0.0490 preamble_ratio_cbra=0.6974 preamble_ratio_cfra=0.0030 preamble_ratio_pbra=0.2996 success_rate=0.4768 success_total_mean=1235.5762
2025-11-18 13:51:00.399 | INFO     | __main__:_log_metrics:20 - iter=0035 reward=518.4888 ESS=0.3725 acb_factor_mean=0.3905 clip_fraction=0.5703 collision_rate=0.5339 collision_total_mean=1390.7102 entropy=-2.7594 explained_variance=-0.3552 kl_approx=2.7831 loss_critic=10202.9756 loss_entropy=0.1380 loss_objective=0.1504 preamble_ratio_cbra=0.7119 preamble_ratio_cfra=0.0026 preamble_ratio_pbra=0.2855 success_rate=0.4661 success_total_mean=1213.9437
2025-11-18 13:51:04.261 | INFO     | __main__:_log_metrics:20 - iter=0036 reward=463.1181 ESS=0.8987 acb_factor_mean=0.3873 clip_fraction=0.3828 collision_rate=0.5457 collision_total_mean=1392.9366 entropy=-2.7902 explained_variance=-0.7154 kl_approx=0.5861 loss_critic=10129.6006 loss_entropy=0.1395 loss_objective=-0.0083 preamble_ratio_cbra=0.7429 preamble_ratio_cfra=0.0033 preamble_ratio_pbra=0.2538 success_rate=0.4543 success_total_mean=1159.6863
2025-11-18 13:51:08.229 | INFO     | __main__:_log_metrics:20 - iter=0037 reward=494.7310 ESS=0.7948 acb_factor_mean=0.3875 clip_fraction=0.4453 collision_rate=0.5397 collision_total_mean=1402.7491 entropy=-2.7595 explained_variance=-0.4103 kl_approx=28.1247 loss_critic=10365.4951 loss_entropy=0.1380 loss_objective=-0.0136 preamble_ratio_cbra=0.7428 preamble_ratio_cfra=0.0021 preamble_ratio_pbra=0.2552 success_rate=0.4603 success_total_mean=1196.2056
2025-11-18 13:51:12.306 | INFO     | __main__:_log_metrics:20 - iter=0038 reward=300.6714 ESS=0.7807 acb_factor_mean=0.3616 clip_fraction=0.4609 collision_rate=0.5890 collision_total_mean=1521.0449 entropy=-2.7579 explained_variance=-0.8470 kl_approx=6.1308 loss_critic=9031.2891 loss_entropy=0.1379 loss_objective=-0.0107 preamble_ratio_cbra=0.8011 preamble_ratio_cfra=0.0024 preamble_ratio_pbra=0.1965 success_rate=0.4110 success_total_mean=1061.2937
2025-11-18 13:51:16.268 | INFO     | __main__:_log_metrics:20 - iter=0039 reward=315.5861 ESS=0.0486 acb_factor_mean=0.3638 clip_fraction=0.9375 collision_rate=0.5827 collision_total_mean=1459.6095 entropy=-3.2035 explained_variance=-0.3289 kl_approx=46.5632 loss_critic=6821.2422 loss_entropy=0.1602 loss_objective=0.1755 preamble_ratio_cbra=0.7919 preamble_ratio_cfra=0.0028 preamble_ratio_pbra=0.2053 success_rate=0.4173 success_total_mean=1045.4907
2025-11-18 13:51:20.103 | INFO     | __main__:_log_metrics:20 - iter=0040 reward=199.1575 ESS=0.4318 acb_factor_mean=0.3220 clip_fraction=0.7188 collision_rate=0.6087 collision_total_mean=1395.9452 entropy=-2.9775 explained_variance=0.0487 kl_approx=50.2001 loss_critic=6527.4678 loss_entropy=0.1489 loss_objective=0.0837 preamble_ratio_cbra=0.7683 preamble_ratio_cfra=0.0027 preamble_ratio_pbra=0.2290 success_rate=0.3913 success_total_mean=897.2299
2025-11-18 13:51:23.882 | INFO     | __main__:_log_metrics:20 - iter=0041 reward=391.7643 ESS=0.7305 acb_factor_mean=0.3566 clip_fraction=0.5703 collision_rate=0.5589 collision_total_mean=1354.8384 entropy=-2.7558 explained_variance=0.1494 kl_approx=11.1861 loss_critic=7471.0396 loss_entropy=0.1378 loss_objective=-0.0029 preamble_ratio_cbra=0.7001 preamble_ratio_cfra=0.0029 preamble_ratio_pbra=0.2970 success_rate=0.4411 success_total_mean=1069.2834
2025-11-18 13:51:27.648 | INFO     | __main__:_log_metrics:20 - iter=0042 reward=282.8589 ESS=0.6021 acb_factor_mean=0.3333 clip_fraction=0.5703 collision_rate=0.5883 collision_total_mean=1416.8882 entropy=-3.1250 explained_variance=0.0106 kl_approx=7.8910 loss_critic=6033.6284 loss_entropy=0.1562 loss_objective=0.0519 preamble_ratio_cbra=0.7282 preamble_ratio_cfra=0.0025 preamble_ratio_pbra=0.2693 success_rate=0.4117 success_total_mean=991.4029
2025-11-18 13:51:31.466 | INFO     | __main__:_log_metrics:20 - iter=0043 reward=209.4140 ESS=0.1075 acb_factor_mean=0.3097 clip_fraction=0.6484 collision_rate=0.6055 collision_total_mean=1381.5298 entropy=-3.1132 explained_variance=-0.1795 kl_approx=42.0833 loss_critic=6184.9297 loss_entropy=0.1557 loss_objective=0.2699 preamble_ratio_cbra=0.7403 preamble_ratio_cfra=0.0029 preamble_ratio_pbra=0.2569 success_rate=0.3945 success_total_mean=900.2788
2025-11-18 13:51:35.276 | INFO     | __main__:_log_metrics:20 - iter=0044 reward=311.2358 ESS=0.3392 acb_factor_mean=0.3414 clip_fraction=0.7500 collision_rate=0.5797 collision_total_mean=1383.8596 entropy=-2.8458 explained_variance=-0.0794 kl_approx=16.9943 loss_critic=6424.6851 loss_entropy=0.1423 loss_objective=0.0840 preamble_ratio_cbra=0.7554 preamble_ratio_cfra=0.0027 preamble_ratio_pbra=0.2419 success_rate=0.4203 success_total_mean=1003.2655
2025-11-18 13:51:39.088 | INFO     | __main__:_log_metrics:20 - iter=0045 reward=329.0317 ESS=0.3272 acb_factor_mean=0.3670 clip_fraction=0.7422 collision_rate=0.5753 collision_total_mean=1381.2203 entropy=-2.7334 explained_variance=0.1327 kl_approx=215.6039 loss_critic=5894.5298 loss_entropy=0.1367 loss_objective=0.0716 preamble_ratio_cbra=0.7239 preamble_ratio_cfra=0.0027 preamble_ratio_pbra=0.2734 success_rate=0.4247 success_total_mean=1019.7418
2025-11-18 13:51:42.921 | INFO     | __main__:_log_metrics:20 - iter=0046 reward=727.3130 ESS=0.7731 acb_factor_mean=0.4535 clip_fraction=0.5234 collision_rate=0.5062 collision_total_mean=1529.8925 entropy=-2.8097 explained_variance=-0.4919 kl_approx=1.9956 loss_critic=8951.7441 loss_entropy=0.1405 loss_objective=0.0249 preamble_ratio_cbra=0.6435 preamble_ratio_cfra=0.0032 preamble_ratio_pbra=0.3533 success_rate=0.4938 success_total_mean=1492.3591
2025-11-18 13:51:46.893 | INFO     | __main__:_log_metrics:20 - iter=0047 reward=632.9655 ESS=0.1985 acb_factor_mean=0.4453 clip_fraction=0.8438 collision_rate=0.5207 collision_total_mean=1506.1204 entropy=-2.8082 explained_variance=-0.8163 kl_approx=47.9710 loss_critic=9339.5049 loss_entropy=0.1404 loss_objective=0.1628 preamble_ratio_cbra=0.6706 preamble_ratio_cfra=0.0028 preamble_ratio_pbra=0.3266 success_rate=0.4793 success_total_mean=1386.1256
2025-11-18 13:51:50.755 | INFO     | __main__:_log_metrics:20 - iter=0048 reward=631.1331 ESS=0.6194 acb_factor_mean=0.5177 clip_fraction=0.5938 collision_rate=0.5454 collision_total_mean=1893.2024 entropy=-2.5823 explained_variance=0.9333 kl_approx=5.6051 loss_critic=11178.9385 loss_entropy=0.1291 loss_objective=0.0546 preamble_ratio_cbra=0.5772 preamble_ratio_cfra=0.0037 preamble_ratio_pbra=0.4191 success_rate=0.4546 success_total_mean=1577.8342
2025-11-18 13:51:54.606 | INFO     | __main__:_log_metrics:20 - iter=0049 reward=819.2909 ESS=0.5091 acb_factor_mean=0.4897 clip_fraction=0.5781 collision_rate=0.4980 collision_total_mean=1612.6873 entropy=-2.7913 explained_variance=0.6120 kl_approx=22.4962 loss_critic=12734.0195 loss_entropy=0.1396 loss_objective=0.0317 preamble_ratio_cbra=0.5800 preamble_ratio_cfra=0.0029 preamble_ratio_pbra=0.4171 success_rate=0.5020 success_total_mean=1625.7344
2025-11-18 13:51:58.591 | INFO     | __main__:_log_metrics:20 - iter=0050 reward=699.5939 ESS=0.5150 acb_factor_mean=0.4986 clip_fraction=0.6406 collision_rate=0.5171 collision_total_mean=1612.9485 entropy=-2.8848 explained_variance=0.6727 kl_approx=33.3121 loss_critic=11602.8701 loss_entropy=0.1442 loss_objective=0.0698 preamble_ratio_cbra=0.5321 preamble_ratio_cfra=0.0021 preamble_ratio_pbra=0.4658 success_rate=0.4829 success_total_mean=1506.1680
2025-11-18 13:52:02.493 | INFO     | __main__:_log_metrics:20 - iter=0051 reward=668.2799 ESS=0.5750 acb_factor_mean=0.4782 clip_fraction=0.6484 collision_rate=0.5174 collision_total_mean=1545.1449 entropy=-2.8313 explained_variance=0.6861 kl_approx=17.7840 loss_critic=11079.6836 loss_entropy=0.1416 loss_objective=0.1303 preamble_ratio_cbra=0.5891 preamble_ratio_cfra=0.0024 preamble_ratio_pbra=0.4085 success_rate=0.4826 success_total_mean=1440.9521
2025-11-18 13:52:06.552 | INFO     | __main__:_log_metrics:20 - iter=0052 reward=388.0139 ESS=0.7103 acb_factor_mean=0.5366 clip_fraction=0.4844 collision_rate=0.6052 collision_total_mean=2547.5950 entropy=-2.5936 explained_variance=0.9429 kl_approx=2.5953 loss_critic=17314.1934 loss_entropy=0.1297 loss_objective=0.0043 preamble_ratio_cbra=0.5138 preamble_ratio_cfra=0.0029 preamble_ratio_pbra=0.4833 success_rate=0.3948 success_total_mean=1661.9114
2025-11-18 13:52:10.792 | INFO     | __main__:_log_metrics:20 - iter=0053 reward=570.9610 ESS=0.5950 acb_factor_mean=0.5213 clip_fraction=0.4219 collision_rate=0.5564 collision_total_mean=1920.1328 entropy=-2.3089 explained_variance=0.8639 kl_approx=1.9675 loss_critic=14232.2520 loss_entropy=0.1154 loss_objective=0.0437 preamble_ratio_cbra=0.4684 preamble_ratio_cfra=0.0024 preamble_ratio_pbra=0.5292 success_rate=0.4436 success_total_mean=1531.1274
2025-11-18 13:52:14.893 | INFO     | __main__:_log_metrics:20 - iter=0054 reward=765.3411 ESS=0.8416 acb_factor_mean=0.4890 clip_fraction=0.3516 collision_rate=0.5035 collision_total_mean=1574.4236 entropy=-2.5364 explained_variance=0.5666 kl_approx=5.8067 loss_critic=13326.1396 loss_entropy=0.1268 loss_objective=0.0140 preamble_ratio_cbra=0.5473 preamble_ratio_cfra=0.0026 preamble_ratio_pbra=0.4502 success_rate=0.4965 success_total_mean=1552.6528
2025-11-18 13:52:18.954 | INFO     | __main__:_log_metrics:20 - iter=0055 reward=676.0560 ESS=0.8396 acb_factor_mean=0.4893 clip_fraction=0.4141 collision_rate=0.5273 collision_total_mean=1706.2350 entropy=-2.4314 explained_variance=0.8545 kl_approx=2.8108 loss_critic=13346.8828 loss_entropy=0.1216 loss_objective=0.0329 preamble_ratio_cbra=0.4736 preamble_ratio_cfra=0.0024 preamble_ratio_pbra=0.5240 success_rate=0.4727 success_total_mean=1529.2734
2025-11-18 13:52:22.943 | INFO     | __main__:_log_metrics:20 - iter=0056 reward=805.4808 ESS=0.7349 acb_factor_mean=0.4801 clip_fraction=0.4766 collision_rate=0.4836 collision_total_mean=1418.9331 entropy=-2.8511 explained_variance=-0.8460 kl_approx=1.9494 loss_critic=12738.7930 loss_entropy=0.1426 loss_objective=-0.0044 preamble_ratio_cbra=0.6052 preamble_ratio_cfra=0.0024 preamble_ratio_pbra=0.3923 success_rate=0.5164 success_total_mean=1515.0474
2025-11-18 13:52:27.160 | INFO     | __main__:_log_metrics:20 - iter=0057 reward=759.3268 ESS=0.0097 acb_factor_mean=0.4870 clip_fraction=0.9922 collision_rate=0.5033 collision_total_mean=1560.0452 entropy=-2.9873 explained_variance=0.5081 kl_approx=346.0905 loss_critic=14637.2520 loss_entropy=0.1494 loss_objective=0.2929 preamble_ratio_cbra=0.5496 preamble_ratio_cfra=0.0026 preamble_ratio_pbra=0.4479 success_rate=0.4967 success_total_mean=1539.4492
2025-11-18 13:52:31.824 | INFO     | __main__:_log_metrics:20 - iter=0058 reward=-153.6425 ESS=0.1833 acb_factor_mean=0.6501 clip_fraction=0.8281 collision_rate=0.6863 collision_total_mean=3582.0957 entropy=-1.4271 explained_variance=0.7638 kl_approx=682.5471 loss_critic=16005.1953 loss_entropy=0.0714 loss_objective=0.1863 preamble_ratio_cbra=0.0980 preamble_ratio_cfra=0.0029 preamble_ratio_pbra=0.8991 success_rate=0.3137 success_total_mean=1637.5054
2025-11-18 13:52:36.223 | INFO     | __main__:_log_metrics:20 - iter=0059 reward=1286.0995 ESS=0.0598 acb_factor_mean=0.6843 clip_fraction=0.9531 collision_rate=0.4654 collision_total_mean=1983.4707 entropy=-2.9565 explained_variance=0.4650 kl_approx=99.0975 loss_critic=18192.3184 loss_entropy=0.1478 loss_objective=0.2980 preamble_ratio_cbra=0.4202 preamble_ratio_cfra=0.0028 preamble_ratio_pbra=0.5770 success_rate=0.5346 success_total_mean=2277.9348
2025-11-18 13:52:40.456 | INFO     | __main__:_log_metrics:20 - iter=0060 reward=1182.5994 ESS=0.9436 acb_factor_mean=0.6052 clip_fraction=0.2500 collision_rate=0.4473 collision_total_mean=1607.8181 entropy=-2.8479 explained_variance=-1.2578 kl_approx=0.0762 loss_critic=17405.5938 loss_entropy=0.1424 loss_objective=-0.0288 preamble_ratio_cbra=0.4664 preamble_ratio_cfra=0.0029 preamble_ratio_pbra=0.5308 success_rate=0.5527 success_total_mean=1986.6082
2025-11-18 13:52:44.506 | INFO     | __main__:_log_metrics:20 - iter=0061 reward=1240.8318 ESS=0.8844 acb_factor_mean=0.6104 clip_fraction=0.2109 collision_rate=0.4297 collision_total_mean=1500.3230 entropy=-2.9406 explained_variance=-0.6374 kl_approx=3.7146 loss_critic=13549.8613 loss_entropy=0.1470 loss_objective=-0.0220 preamble_ratio_cbra=0.4992 preamble_ratio_cfra=0.0021 preamble_ratio_pbra=0.4987 success_rate=0.5703 success_total_mean=1991.0933
2025-11-18 13:52:48.771 | INFO     | __main__:_log_metrics:20 - iter=0062 reward=1237.8947 ESS=0.9137 acb_factor_mean=0.6051 clip_fraction=0.2969 collision_rate=0.4485 collision_total_mean=1696.6248 entropy=-2.9056 explained_variance=-0.4446 kl_approx=0.2099 loss_critic=15042.6318 loss_entropy=0.1453 loss_objective=-0.0256 preamble_ratio_cbra=0.4564 preamble_ratio_cfra=0.0022 preamble_ratio_pbra=0.5414 success_rate=0.5515 success_total_mean=2086.3069
2025-11-18 13:52:53.063 | INFO     | __main__:_log_metrics:20 - iter=0063 reward=1273.7246 ESS=0.8839 acb_factor_mean=0.6076 clip_fraction=0.2812 collision_rate=0.4381 collision_total_mean=1627.6505 entropy=-2.9041 explained_variance=-0.5648 kl_approx=0.7186 loss_critic=16281.1416 loss_entropy=0.1452 loss_objective=-0.0483 preamble_ratio_cbra=0.4774 preamble_ratio_cfra=0.0026 preamble_ratio_pbra=0.5199 success_rate=0.5619 success_total_mean=2087.6497
2025-11-18 13:52:57.147 | INFO     | __main__:_log_metrics:20 - iter=0064 reward=1232.3070 ESS=0.8153 acb_factor_mean=0.6057 clip_fraction=0.3359 collision_rate=0.4462 collision_total_mean=1663.2710 entropy=-2.8636 explained_variance=-1.4174 kl_approx=0.2184 loss_critic=15291.7061 loss_entropy=0.1432 loss_objective=-0.0276 preamble_ratio_cbra=0.5036 preamble_ratio_cfra=0.0025 preamble_ratio_pbra=0.4939 success_rate=0.5538 success_total_mean=2064.0425
2025-11-18 13:53:01.249 | INFO     | __main__:_log_metrics:20 - iter=0065 reward=1277.6494 ESS=0.7658 acb_factor_mean=0.6091 clip_fraction=0.4531 collision_rate=0.4354 collision_total_mean=1603.5389 entropy=-2.8451 explained_variance=-0.8776 kl_approx=5.1890 loss_critic=17758.9121 loss_entropy=0.1423 loss_objective=0.0776 preamble_ratio_cbra=0.4837 preamble_ratio_cfra=0.0024 preamble_ratio_pbra=0.5138 success_rate=0.5646 success_total_mean=2079.5188
2025-11-18 13:53:05.388 | INFO     | __main__:_log_metrics:20 - iter=0066 reward=1290.7079 ESS=0.9379 acb_factor_mean=0.6070 clip_fraction=0.2578 collision_rate=0.4346 collision_total_mean=1611.5551 entropy=-2.9308 explained_variance=-0.6440 kl_approx=0.2156 loss_critic=18221.4102 loss_entropy=0.1465 loss_objective=-0.0161 preamble_ratio_cbra=0.5064 preamble_ratio_cfra=0.0024 preamble_ratio_pbra=0.4912 success_rate=0.5654 success_total_mean=2096.5850
2025-11-18 13:53:09.831 | INFO     | __main__:_log_metrics:20 - iter=0067 reward=1263.4597 ESS=0.9290 acb_factor_mean=0.6059 clip_fraction=0.2344 collision_rate=0.4429 collision_total_mean=1667.1836 entropy=-2.9803 explained_variance=-0.1644 kl_approx=0.1141 loss_critic=16331.4434 loss_entropy=0.1490 loss_objective=-0.0108 preamble_ratio_cbra=0.5205 preamble_ratio_cfra=0.0026 preamble_ratio_pbra=0.4769 success_rate=0.5571 success_total_mean=2097.1514
2025-11-18 13:53:14.143 | INFO     | __main__:_log_metrics:20 - iter=0068 reward=1266.7197 ESS=0.9390 acb_factor_mean=0.5957 clip_fraction=0.2422 collision_rate=0.4489 collision_total_mean=1741.2761 entropy=-2.9093 explained_variance=-1.5906 kl_approx=0.1448 loss_critic=17773.8711 loss_entropy=0.1455 loss_objective=-0.0216 preamble_ratio_cbra=0.4878 preamble_ratio_cfra=0.0022 preamble_ratio_pbra=0.5100 success_rate=0.5511 success_total_mean=2137.4575
2025-11-18 13:53:18.536 | INFO     | __main__:_log_metrics:20 - iter=0069 reward=1169.5806 ESS=0.9047 acb_factor_mean=0.5957 clip_fraction=0.2500 collision_rate=0.4559 collision_total_mean=1686.6575 entropy=-2.8767 explained_variance=-1.3512 kl_approx=0.5069 loss_critic=18328.6055 loss_entropy=0.1438 loss_objective=-0.0172 preamble_ratio_cbra=0.5078 preamble_ratio_cfra=0.0021 preamble_ratio_pbra=0.4901 success_rate=0.5441 success_total_mean=2013.0093
2025-11-18 13:53:22.852 | INFO     | __main__:_log_metrics:20 - iter=0070 reward=1226.9459 ESS=0.8741 acb_factor_mean=0.6026 clip_fraction=0.3125 collision_rate=0.4422 collision_total_mean=1611.4868 entropy=-2.9180 explained_variance=-0.4391 kl_approx=0.9149 loss_critic=18638.1934 loss_entropy=0.1459 loss_objective=0.0142 preamble_ratio_cbra=0.5194 preamble_ratio_cfra=0.0025 preamble_ratio_pbra=0.4781 success_rate=0.5578 success_total_mean=2032.7891
2025-11-18 13:53:27.260 | INFO     | __main__:_log_metrics:20 - iter=0071 reward=1189.7853 ESS=0.9409 acb_factor_mean=0.6033 clip_fraction=0.3203 collision_rate=0.4445 collision_total_mean=1587.4932 entropy=-2.8163 explained_variance=-1.4290 kl_approx=0.1240 loss_critic=17924.0664 loss_entropy=0.1408 loss_objective=-0.0177 preamble_ratio_cbra=0.5341 preamble_ratio_cfra=0.0024 preamble_ratio_pbra=0.4634 success_rate=0.5555 success_total_mean=1983.6318
2025-11-18 13:53:31.541 | INFO     | __main__:_log_metrics:20 - iter=0072 reward=1257.9460 ESS=0.8051 acb_factor_mean=0.6086 clip_fraction=0.3203 collision_rate=0.4344 collision_total_mean=1568.4043 entropy=-2.8893 explained_variance=-2.2696 kl_approx=0.2402 loss_critic=19353.1055 loss_entropy=0.1445 loss_objective=-0.0108 preamble_ratio_cbra=0.5316 preamble_ratio_cfra=0.0024 preamble_ratio_pbra=0.4660 success_rate=0.5656 success_total_mean=2042.2480
2025-11-18 13:53:35.663 | INFO     | __main__:_log_metrics:20 - iter=0073 reward=1133.2810 ESS=0.9165 acb_factor_mean=0.5946 clip_fraction=0.2891 collision_rate=0.4559 collision_total_mean=1634.7141 entropy=-2.7806 explained_variance=-0.6864 kl_approx=0.1600 loss_critic=18290.2070 loss_entropy=0.1390 loss_objective=-0.0170 preamble_ratio_cbra=0.5026 preamble_ratio_cfra=0.0021 preamble_ratio_pbra=0.4953 success_rate=0.5441 success_total_mean=1950.7380
2025-11-18 13:53:39.753 | INFO     | __main__:_log_metrics:20 - iter=0074 reward=1170.2430 ESS=0.9232 acb_factor_mean=0.6001 clip_fraction=0.2500 collision_rate=0.4471 collision_total_mean=1588.6506 entropy=-2.8062 explained_variance=-1.5962 kl_approx=0.1903 loss_critic=19830.5547 loss_entropy=0.1403 loss_objective=-0.0403 preamble_ratio_cbra=0.5344 preamble_ratio_cfra=0.0020 preamble_ratio_pbra=0.4636 success_rate=0.5529 success_total_mean=1964.6682
2025-11-18 13:53:44.209 | INFO     | __main__:_log_metrics:20 - iter=0075 reward=1186.9976 ESS=0.8406 acb_factor_mean=0.5986 clip_fraction=0.3906 collision_rate=0.4408 collision_total_mean=1544.5979 entropy=-2.7574 explained_variance=-1.7928 kl_approx=2.9889 loss_critic=23451.0566 loss_entropy=0.1379 loss_objective=-0.0105 preamble_ratio_cbra=0.5286 preamble_ratio_cfra=0.0022 preamble_ratio_pbra=0.4692 success_rate=0.5592 success_total_mean=1959.3966
2025-11-18 13:53:48.692 | INFO     | __main__:_log_metrics:20 - iter=0076 reward=1237.1199 ESS=0.8230 acb_factor_mean=0.6032 clip_fraction=0.5000 collision_rate=0.4510 collision_total_mean=1725.2954 entropy=-2.8235 explained_variance=-1.5337 kl_approx=0.4400 loss_critic=19334.0723 loss_entropy=0.1412 loss_objective=0.0065 preamble_ratio_cbra=0.4885 preamble_ratio_cfra=0.0022 preamble_ratio_pbra=0.5093 success_rate=0.5490 success_total_mean=2099.8674
2025-11-18 13:53:52.970 | INFO     | __main__:_log_metrics:20 - iter=0077 reward=1201.5775 ESS=0.5563 acb_factor_mean=0.6019 clip_fraction=0.6406 collision_rate=0.4519 collision_total_mean=1685.9598 entropy=-2.9744 explained_variance=-0.4971 kl_approx=9.7831 loss_critic=14500.2090 loss_entropy=0.1487 loss_objective=0.0471 preamble_ratio_cbra=0.5141 preamble_ratio_cfra=0.0022 preamble_ratio_pbra=0.4837 success_rate=0.5481 success_total_mean=2044.6572
2025-11-18 13:53:57.202 | INFO     | __main__:_log_metrics:20 - iter=0078 reward=1243.0964 ESS=0.9287 acb_factor_mean=0.6175 clip_fraction=0.2422 collision_rate=0.4478 collision_total_mean=1696.1672 entropy=-2.7673 explained_variance=-1.3824 kl_approx=6.2615 loss_critic=19463.8438 loss_entropy=0.1384 loss_objective=-0.0113 preamble_ratio_cbra=0.5080 preamble_ratio_cfra=0.0024 preamble_ratio_pbra=0.4896 success_rate=0.5522 success_total_mean=2091.2798
2025-11-18 13:54:01.400 | INFO     | __main__:_log_metrics:20 - iter=0079 reward=1195.8743 ESS=0.9193 acb_factor_mean=0.6178 clip_fraction=0.2812 collision_rate=0.4480 collision_total_mean=1633.7604 entropy=-2.8892 explained_variance=-0.7202 kl_approx=0.1655 loss_critic=16864.0664 loss_entropy=0.1445 loss_objective=-0.0227 preamble_ratio_cbra=0.5240 preamble_ratio_cfra=0.0025 preamble_ratio_pbra=0.4735 success_rate=0.5520 success_total_mean=2012.8545
2025-11-18 13:54:05.512 | INFO     | __main__:_log_metrics:20 - iter=0080 reward=1241.9713 ESS=0.8546 acb_factor_mean=0.6196 clip_fraction=0.3984 collision_rate=0.4534 collision_total_mean=1759.9431 entropy=-2.8402 explained_variance=-1.5591 kl_approx=0.2916 loss_critic=17389.7285 loss_entropy=0.1420 loss_objective=0.0007 preamble_ratio_cbra=0.4802 preamble_ratio_cfra=0.0020 preamble_ratio_pbra=0.5178 success_rate=0.5466 success_total_mean=2122.0430
2025-11-18 13:54:09.435 | INFO     | __main__:_log_metrics:20 - iter=0081 reward=1213.1626 ESS=0.8857 acb_factor_mean=0.6128 clip_fraction=0.3203 collision_rate=0.4479 collision_total_mean=1656.0825 entropy=-2.9122 explained_variance=-0.6948 kl_approx=1.5974 loss_critic=15873.9277 loss_entropy=0.1456 loss_objective=-0.0096 preamble_ratio_cbra=0.5029 preamble_ratio_cfra=0.0023 preamble_ratio_pbra=0.4947 success_rate=0.5521 success_total_mean=2041.3040
2025-11-18 13:54:13.757 | INFO     | __main__:_log_metrics:20 - iter=0082 reward=1160.5361 ESS=0.8901 acb_factor_mean=0.6133 clip_fraction=0.3516 collision_rate=0.4533 collision_total_mean=1643.6656 entropy=-2.6906 explained_variance=-0.6987 kl_approx=0.6250 loss_critic=18391.1211 loss_entropy=0.1345 loss_objective=0.0114 preamble_ratio_cbra=0.5129 preamble_ratio_cfra=0.0020 preamble_ratio_pbra=0.4851 success_rate=0.5467 success_total_mean=1982.4690
2025-11-18 13:54:17.993 | INFO     | __main__:_log_metrics:20 - iter=0083 reward=1230.5403 ESS=0.8601 acb_factor_mean=0.6192 clip_fraction=0.3672 collision_rate=0.4418 collision_total_mean=1611.5439 entropy=-2.7034 explained_variance=-1.0363 kl_approx=5.3818 loss_critic=20415.6582 loss_entropy=0.1352 loss_objective=-0.0121 preamble_ratio_cbra=0.5337 preamble_ratio_cfra=0.0023 preamble_ratio_pbra=0.4640 success_rate=0.5582 success_total_mean=2036.4121
2025-11-18 13:54:22.669 | INFO     | __main__:_log_metrics:20 - iter=0084 reward=1213.4803 ESS=0.9074 acb_factor_mean=0.6139 clip_fraction=0.2891 collision_rate=0.4510 collision_total_mean=1692.1831 entropy=-2.7587 explained_variance=-0.5708 kl_approx=0.2635 loss_critic=17444.3965 loss_entropy=0.1379 loss_objective=0.0005 preamble_ratio_cbra=0.5172 preamble_ratio_cfra=0.0020 preamble_ratio_pbra=0.4808 success_rate=0.5490 success_total_mean=2059.6719
2025-11-18 13:54:26.961 | INFO     | __main__:_log_metrics:20 - iter=0085 reward=1268.3582 ESS=0.8756 acb_factor_mean=0.6153 clip_fraction=0.3906 collision_rate=0.4393 collision_total_mean=1633.6643 entropy=-2.8788 explained_variance=-0.5575 kl_approx=0.0891 loss_critic=15769.5645 loss_entropy=0.1439 loss_objective=-0.0229 preamble_ratio_cbra=0.5409 preamble_ratio_cfra=0.0019 preamble_ratio_pbra=0.4573 success_rate=0.5607 success_total_mean=2085.2903
2025-11-18 13:54:31.269 | INFO     | __main__:_log_metrics:20 - iter=0086 reward=1223.6047 ESS=0.9228 acb_factor_mean=0.6134 clip_fraction=0.3125 collision_rate=0.4455 collision_total_mean=1642.9258 entropy=-2.8925 explained_variance=-1.4879 kl_approx=0.0595 loss_critic=19444.4512 loss_entropy=0.1446 loss_objective=-0.0217 preamble_ratio_cbra=0.5393 preamble_ratio_cfra=0.0023 preamble_ratio_pbra=0.4584 success_rate=0.5545 success_total_mean=2045.1675
2025-11-18 13:54:35.798 | INFO     | __main__:_log_metrics:20 - iter=0087 reward=1240.2329 ESS=0.7350 acb_factor_mean=0.6124 clip_fraction=0.4297 collision_rate=0.4507 collision_total_mean=1725.5360 entropy=-2.8440 explained_variance=-1.5199 kl_approx=0.2979 loss_critic=19891.7930 loss_entropy=0.1422 loss_objective=0.0211 preamble_ratio_cbra=0.5367 preamble_ratio_cfra=0.0018 preamble_ratio_pbra=0.4615 success_rate=0.5493 success_total_mean=2103.1008
2025-11-18 13:54:40.166 | INFO     | __main__:_log_metrics:20 - iter=0088 reward=1276.7913 ESS=0.9015 acb_factor_mean=0.6122 clip_fraction=0.2891 collision_rate=0.4429 collision_total_mean=1684.9446 entropy=-2.7928 explained_variance=-0.6334 kl_approx=0.2419 loss_critic=20367.4824 loss_entropy=0.1396 loss_objective=-0.0320 preamble_ratio_cbra=0.5226 preamble_ratio_cfra=0.0020 preamble_ratio_pbra=0.4754 success_rate=0.5571 success_total_mean=2119.3633
2025-11-18 13:54:44.660 | INFO     | __main__:_log_metrics:20 - iter=0089 reward=1253.3602 ESS=0.8838 acb_factor_mean=0.6128 clip_fraction=0.3516 collision_rate=0.4377 collision_total_mean=1597.4669 entropy=-2.7767 explained_variance=-1.8993 kl_approx=0.5012 loss_critic=19994.0371 loss_entropy=0.1388 loss_objective=-0.0417 preamble_ratio_cbra=0.5413 preamble_ratio_cfra=0.0022 preamble_ratio_pbra=0.4565 success_rate=0.5623 success_total_mean=2052.1934
2025-11-18 13:54:49.053 | INFO     | __main__:_log_metrics:20 - iter=0090 reward=1214.2100 ESS=0.7216 acb_factor_mean=0.6142 clip_fraction=0.4297 collision_rate=0.4485 collision_total_mean=1664.6624 entropy=-2.7784 explained_variance=-2.0135 kl_approx=6.8765 loss_critic=18892.6035 loss_entropy=0.1389 loss_objective=-0.0321 preamble_ratio_cbra=0.5394 preamble_ratio_cfra=0.0020 preamble_ratio_pbra=0.4586 success_rate=0.5515 success_total_mean=2046.6410
2025-11-18 13:54:53.602 | INFO     | __main__:_log_metrics:20 - iter=0091 reward=1232.6084 ESS=0.8920 acb_factor_mean=0.6171 clip_fraction=0.3281 collision_rate=0.4491 collision_total_mean=1696.8914 entropy=-2.8184 explained_variance=-0.7810 kl_approx=0.1176 loss_critic=18512.7031 loss_entropy=0.1409 loss_objective=-0.0223 preamble_ratio_cbra=0.5680 preamble_ratio_cfra=0.0021 preamble_ratio_pbra=0.4300 success_rate=0.5509 success_total_mean=2081.1538
2025-11-18 13:54:58.305 | INFO     | __main__:_log_metrics:20 - iter=0092 reward=1298.6052 ESS=0.8833 acb_factor_mean=0.6175 clip_fraction=0.4141 collision_rate=0.4451 collision_total_mean=1738.7170 entropy=-2.8177 explained_variance=-0.5721 kl_approx=1.3796 loss_critic=19000.1445 loss_entropy=0.1409 loss_objective=-0.0199 preamble_ratio_cbra=0.5378 preamble_ratio_cfra=0.0020 preamble_ratio_pbra=0.4602 success_rate=0.5549 success_total_mean=2168.0637
2025-11-18 13:55:02.561 | INFO     | __main__:_log_metrics:20 - iter=0093 reward=1205.3888 ESS=0.8815 acb_factor_mean=0.6157 clip_fraction=0.3438 collision_rate=0.4544 collision_total_mean=1720.9502 entropy=-2.7896 explained_variance=-0.6115 kl_approx=1.0814 loss_critic=17514.3906 loss_entropy=0.1395 loss_objective=-0.0354 preamble_ratio_cbra=0.5616 preamble_ratio_cfra=0.0019 preamble_ratio_pbra=0.4364 success_rate=0.5456 success_total_mean=2065.9636
2025-11-18 13:55:06.765 | INFO     | __main__:_log_metrics:20 - iter=0094 reward=1210.2999 ESS=0.7801 acb_factor_mean=0.6175 clip_fraction=0.3438 collision_rate=0.4570 collision_total_mean=1758.7203 entropy=-2.8592 explained_variance=-0.4410 kl_approx=2.5955 loss_critic=16432.9688 loss_entropy=0.1430 loss_objective=0.0108 preamble_ratio_cbra=0.5656 preamble_ratio_cfra=0.0021 preamble_ratio_pbra=0.4323 success_rate=0.5430 success_total_mean=2089.7600
2025-11-18 13:55:11.232 | INFO     | __main__:_log_metrics:20 - iter=0095 reward=1272.8190 ESS=0.8674 acb_factor_mean=0.6215 clip_fraction=0.3672 collision_rate=0.4503 collision_total_mean=1765.9553 entropy=-2.8043 explained_variance=-0.2480 kl_approx=0.4049 loss_critic=16943.5625 loss_entropy=0.1402 loss_objective=-0.0339 preamble_ratio_cbra=0.5548 preamble_ratio_cfra=0.0022 preamble_ratio_pbra=0.4430 success_rate=0.5497 success_total_mean=2155.8965
2025-11-18 13:55:15.572 | INFO     | __main__:_log_metrics:20 - iter=0096 reward=1281.1168 ESS=0.8928 acb_factor_mean=0.6220 clip_fraction=0.3125 collision_rate=0.4489 collision_total_mean=1761.1528 entropy=-2.7445 explained_variance=-0.2170 kl_approx=0.6481 loss_critic=18499.5723 loss_entropy=0.1372 loss_objective=-0.0124 preamble_ratio_cbra=0.5862 preamble_ratio_cfra=0.0020 preamble_ratio_pbra=0.4118 success_rate=0.5511 success_total_mean=2161.7932
2025-11-18 13:55:20.344 | INFO     | __main__:_log_metrics:20 - iter=0097 reward=1208.8813 ESS=0.7579 acb_factor_mean=0.6211 clip_fraction=0.4531 collision_rate=0.4615 collision_total_mean=1812.7421 entropy=-2.7984 explained_variance=-1.0786 kl_approx=0.6427 loss_critic=18264.6875 loss_entropy=0.1399 loss_objective=0.0278 preamble_ratio_cbra=0.5977 preamble_ratio_cfra=0.0018 preamble_ratio_pbra=0.4005 success_rate=0.5385 success_total_mean=2115.3523
2025-11-18 13:55:24.543 | INFO     | __main__:_log_metrics:20 - iter=0098 reward=1214.2957 ESS=0.4143 acb_factor_mean=0.6203 clip_fraction=0.7422 collision_rate=0.4618 collision_total_mean=1825.5239 entropy=-2.9437 explained_variance=-0.3418 kl_approx=35.9501 loss_critic=15561.5801 loss_entropy=0.1472 loss_objective=0.0839 preamble_ratio_cbra=0.5962 preamble_ratio_cfra=0.0019 preamble_ratio_pbra=0.4019 success_rate=0.5382 success_total_mean=2127.1577
2025-11-18 13:55:29.649 | INFO     | __main__:_log_metrics:20 - iter=0099 reward=1270.3304 ESS=0.7637 acb_factor_mean=0.6645 clip_fraction=0.5312 collision_rate=0.4749 collision_total_mean=2096.8799 entropy=-2.8975 explained_variance=-0.2790 kl_approx=5.3342 loss_critic=20450.5723 loss_entropy=0.1449 loss_objective=0.0559 preamble_ratio_cbra=0.6057 preamble_ratio_cfra=0.0018 preamble_ratio_pbra=0.3925 success_rate=0.5251 success_total_mean=2318.8704
2025-11-18 14:00:07.896 | INFO     | __main__:<module>:18 - Logger initialized (level=INFO, file=logs/train.log)
2025-11-18 14:00:07.896 | INFO     | __main__:<module>:21 - algo_section {'frames_per_batch': 1600, 'mini_batch_size': 64, 'max_epochs': 1000, 'clip_epsilon': 0.2, 'gamma': 0.99, 'gae_lambda': 0.95, 'actor_lr': 0.0003, 'critic_lr': 0.001, 'entropy_coeff': 0.01}
2025-11-18 14:00:07.897 | INFO     | __main__:<module>:70 - Config ready | seed=42 frames_per_batch=4096 horizon=256 num_envs=8 backend=parallel parallel=True
2025-11-18 14:00:10.402 | INFO     | __main__:<module>:21 - TorchRL env constructed (observation=torch.Size([8, 72]),  num_envs=8, backend=parallel, parallel=True)
2025-11-18 14:00:10.411 | INFO     | __main__:<module>:22 - Starting notebook PPO run
2025-11-18 14:00:14.593 | INFO     | __main__:_log_metrics:20 - iter=0000 reward=809.2657 ESS=0.0223 acb_factor_mean=0.2787 clip_fraction=0.9922 collision_rate=0.4070 collision_total_mean=845.7728 entropy=-2.9311 explained_variance=-0.1638 kl_approx=594.2017 loss_critic=7312.3384 loss_entropy=0.1466 loss_objective=0.2471 preamble_ratio_cbra=0.1424 preamble_ratio_cfra=0.0878 preamble_ratio_pbra=0.7698 success_rate=0.5930 success_total_mean=1232.1830
2025-11-18 14:00:19.253 | INFO     | __main__:_log_metrics:20 - iter=0001 reward=-9591.0488 ESS=0.3056 acb_factor_mean=0.9626 clip_fraction=0.7812 collision_rate=0.9185 collision_total_mean=23317.8652 entropy=-4.3195 explained_variance=0.7335 kl_approx=18132.0156 loss_critic=33586.8711 loss_entropy=0.2160 loss_objective=0.1518 preamble_ratio_cbra=0.5817 preamble_ratio_cfra=0.1270 preamble_ratio_pbra=0.2913 success_rate=0.0815 success_total_mean=2067.9556
2025-11-18 14:00:24.039 | INFO     | __main__:_log_metrics:20 - iter=0002 reward=-4247.3818 ESS=0.5637 acb_factor_mean=0.8180 clip_fraction=0.5938 collision_rate=0.8563 collision_total_mean=12785.0586 entropy=-2.1113 explained_variance=0.9323 kl_approx=3.0335 loss_critic=25984.5469 loss_entropy=0.1056 loss_objective=-0.0424 preamble_ratio_cbra=0.4152 preamble_ratio_cfra=0.0284 preamble_ratio_pbra=0.5564 success_rate=0.1437 success_total_mean=2145.2314
2025-11-18 14:00:28.540 | INFO     | __main__:_log_metrics:20 - iter=0003 reward=320.8182 ESS=0.3542 acb_factor_mean=0.7024 clip_fraction=0.5938 collision_rate=0.6264 collision_total_mean=3330.0576 entropy=-2.4336 explained_variance=0.4751 kl_approx=64.5818 loss_critic=13897.5137 loss_entropy=0.1217 loss_objective=0.1577 preamble_ratio_cbra=0.3534 preamble_ratio_cfra=0.0260 preamble_ratio_pbra=0.6206 success_rate=0.3736 success_total_mean=1985.9327
2025-11-18 14:00:32.704 | INFO     | __main__:_log_metrics:20 - iter=0004 reward=-345.3815 ESS=0.1659 acb_factor_mean=0.5977 clip_fraction=0.8594 collision_rate=0.7164 collision_total_mean=3313.3713 entropy=-2.9688 explained_variance=0.6807 kl_approx=73.6358 loss_critic=6629.9131 loss_entropy=0.1484 loss_objective=0.0810 preamble_ratio_cbra=0.7438 preamble_ratio_cfra=0.0783 preamble_ratio_pbra=0.1779 success_rate=0.2836 success_total_mean=1311.3828
2025-11-18 14:00:37.135 | INFO     | __main__:_log_metrics:20 - iter=0005 reward=-494.4973 ESS=0.4128 acb_factor_mean=0.7235 clip_fraction=0.6172 collision_rate=0.7215 collision_total_mean=4336.6006 entropy=-2.6145 explained_variance=0.8763 kl_approx=153.5212 loss_critic=9221.8516 loss_entropy=0.1307 loss_objective=-0.0322 preamble_ratio_cbra=0.5782 preamble_ratio_cfra=0.0426 preamble_ratio_pbra=0.3792 success_rate=0.2785 success_total_mean=1673.8848
2025-11-18 14:00:41.447 | INFO     | __main__:_log_metrics:20 - iter=0006 reward=-25.6805 ESS=0.1531 acb_factor_mean=0.5894 clip_fraction=0.8828 collision_rate=0.6705 collision_total_mean=2992.2827 entropy=-2.8499 explained_variance=0.7801 kl_approx=230.1251 loss_critic=9352.9395 loss_entropy=0.1425 loss_objective=0.1377 preamble_ratio_cbra=0.7343 preamble_ratio_cfra=0.0614 preamble_ratio_pbra=0.2044 success_rate=0.3295 success_total_mean=1470.5392
2025-11-18 14:00:46.128 | INFO     | __main__:_log_metrics:20 - iter=0007 reward=-742.5457 ESS=0.1653 acb_factor_mean=0.7493 clip_fraction=0.7188 collision_rate=0.7358 collision_total_mean=5266.9766 entropy=-3.8226 explained_variance=0.9624 kl_approx=195.2231 loss_critic=11849.5303 loss_entropy=0.1911 loss_objective=0.0862 preamble_ratio_cbra=0.5838 preamble_ratio_cfra=0.0306 preamble_ratio_pbra=0.3856 success_rate=0.2642 success_total_mean=1891.0221
2025-11-18 14:00:50.739 | INFO     | __main__:_log_metrics:20 - iter=0008 reward=-5478.3789 ESS=0.9155 acb_factor_mean=0.8699 clip_fraction=0.2656 collision_rate=0.8767 collision_total_mean=15245.0547 entropy=-4.3242 explained_variance=0.9611 kl_approx=0.8476 loss_critic=46802.8086 loss_entropy=0.2162 loss_objective=0.0264 preamble_ratio_cbra=0.6665 preamble_ratio_cfra=0.0285 preamble_ratio_pbra=0.3050 success_rate=0.1233 success_total_mean=2144.2266
2025-11-18 14:00:54.769 | INFO     | __main__:_log_metrics:20 - iter=0009 reward=-5833.4160 ESS=0.9542 acb_factor_mean=0.8816 clip_fraction=0.0703 collision_rate=0.8821 collision_total_mean=15921.5645 entropy=-5.1358 explained_variance=0.9824 kl_approx=1.6859 loss_critic=48942.0195 loss_entropy=0.2568 loss_objective=0.0060 preamble_ratio_cbra=0.6958 preamble_ratio_cfra=0.0256 preamble_ratio_pbra=0.2786 success_rate=0.1179 success_total_mean=2127.4458
2025-11-18 14:00:58.871 | INFO     | __main__:_log_metrics:20 - iter=0010 reward=-6250.1196 ESS=0.3409 acb_factor_mean=0.8986 clip_fraction=0.0859 collision_rate=0.8916 collision_total_mean=16517.1211 entropy=-5.0233 explained_variance=0.9781 kl_approx=3.2257 loss_critic=63724.0977 loss_entropy=0.2512 loss_objective=0.0329 preamble_ratio_cbra=0.7584 preamble_ratio_cfra=0.0236 preamble_ratio_pbra=0.2180 success_rate=0.1084 success_total_mean=2008.5225
2025-11-18 14:01:03.150 | INFO     | __main__:_log_metrics:20 - iter=0011 reward=-4070.9814 ESS=0.8453 acb_factor_mean=0.8321 clip_fraction=0.3203 collision_rate=0.8510 collision_total_mean=12527.0176 entropy=-3.3327 explained_variance=0.9829 kl_approx=0.5547 loss_critic=62515.9023 loss_entropy=0.1666 loss_objective=0.0637 preamble_ratio_cbra=0.6016 preamble_ratio_cfra=0.0420 preamble_ratio_pbra=0.3565 success_rate=0.1490 success_total_mean=2192.5991
2025-11-18 14:01:07.542 | INFO     | __main__:_log_metrics:20 - iter=0012 reward=-2235.1582 ESS=0.9232 acb_factor_mean=0.8069 clip_fraction=0.1953 collision_rate=0.8061 collision_total_mean=8612.4014 entropy=-3.2069 explained_variance=0.9897 kl_approx=0.1062 loss_critic=47632.6250 loss_entropy=0.1603 loss_objective=0.0701 preamble_ratio_cbra=0.5291 preamble_ratio_cfra=0.0323 preamble_ratio_pbra=0.4386 success_rate=0.1939 success_total_mean=2071.1147
2025-11-18 14:01:11.871 | INFO     | __main__:_log_metrics:20 - iter=0013 reward=-4089.8425 ESS=0.8783 acb_factor_mean=0.8266 clip_fraction=0.1641 collision_rate=0.8550 collision_total_mean=12380.0674 entropy=-3.7290 explained_variance=0.9845 kl_approx=10.9808 loss_critic=74070.0469 loss_entropy=0.1865 loss_objective=0.0590 preamble_ratio_cbra=0.6188 preamble_ratio_cfra=0.0294 preamble_ratio_pbra=0.3518 success_rate=0.1450 success_total_mean=2100.2668
2025-11-18 14:01:15.852 | INFO     | __main__:_log_metrics:20 - iter=0014 reward=-6923.7471 ESS=0.9497 acb_factor_mean=0.9181 clip_fraction=0.1094 collision_rate=0.8997 collision_total_mean=17821.2441 entropy=-4.5063 explained_variance=0.9813 kl_approx=1.7210 loss_critic=91987.2734 loss_entropy=0.2253 loss_objective=0.0282 preamble_ratio_cbra=0.8304 preamble_ratio_cfra=0.0167 preamble_ratio_pbra=0.1529 success_rate=0.1003 success_total_mean=1986.9597
2025-11-18 14:01:19.920 | INFO     | __main__:_log_metrics:20 - iter=0015 reward=-4857.4897 ESS=0.3183 acb_factor_mean=0.8518 clip_fraction=0.6953 collision_rate=0.8739 collision_total_mean=13656.2090 entropy=-0.4613 explained_variance=0.9834 kl_approx=4.8027 loss_critic=95381.0078 loss_entropy=0.0231 loss_objective=0.0689 preamble_ratio_cbra=0.7016 preamble_ratio_cfra=0.0185 preamble_ratio_pbra=0.2799 success_rate=0.1261 success_total_mean=1970.6964
2025-11-18 14:01:23.819 | INFO     | __main__:_log_metrics:20 - iter=0016 reward=148.2451 ESS=0.7106 acb_factor_mean=0.5786 clip_fraction=0.3281 collision_rate=0.6429 collision_total_mean=2676.7087 entropy=-0.5285 explained_variance=0.6730 kl_approx=62.3809 loss_critic=47332.2344 loss_entropy=0.0264 loss_objective=0.0775 preamble_ratio_cbra=0.7598 preamble_ratio_cfra=0.0258 preamble_ratio_pbra=0.2144 success_rate=0.3571 success_total_mean=1486.6783
2025-11-18 14:01:27.481 | INFO     | __main__:_log_metrics:20 - iter=0017 reward=-237.5305 ESS=0.1766 acb_factor_mean=0.5429 clip_fraction=0.8047 collision_rate=0.7065 collision_total_mean=2810.3975 entropy=-0.2635 explained_variance=0.3270 kl_approx=494.6638 loss_critic=38548.1289 loss_entropy=0.0132 loss_objective=0.2099 preamble_ratio_cbra=0.8961 preamble_ratio_cfra=0.0072 preamble_ratio_pbra=0.0967 success_rate=0.2935 success_total_mean=1167.7605
2025-11-18 14:01:31.115 | INFO     | __main__:_log_metrics:20 - iter=0018 reward=-450.1971 ESS=0.9712 acb_factor_mean=0.5331 clip_fraction=0.0625 collision_rate=0.7420 collision_total_mean=2954.7622 entropy=-0.0501 explained_variance=-0.0950 kl_approx=0.6941 loss_critic=34323.1328 loss_entropy=0.0025 loss_objective=-0.0090 preamble_ratio_cbra=0.9309 preamble_ratio_cfra=0.0026 preamble_ratio_pbra=0.0665 success_rate=0.2580 success_total_mean=1027.2822
2025-11-18 14:01:34.770 | INFO     | __main__:_log_metrics:20 - iter=0019 reward=-476.7509 ESS=0.9742 acb_factor_mean=0.5144 clip_fraction=0.0391 collision_rate=0.7488 collision_total_mean=2896.2532 entropy=-0.0675 explained_variance=0.2123 kl_approx=9.7231 loss_critic=25771.3750 loss_entropy=0.0034 loss_objective=-0.0018 preamble_ratio_cbra=0.9383 preamble_ratio_cfra=0.0026 preamble_ratio_pbra=0.0591 success_rate=0.2512 success_total_mean=971.4741
2025-11-18 14:01:38.528 | INFO     | __main__:_log_metrics:20 - iter=0020 reward=-509.1225 ESS=0.9995 acb_factor_mean=0.5022 clip_fraction=0.0078 collision_rate=0.7555 collision_total_mean=2886.8132 entropy=0.0051 explained_variance=0.2287 kl_approx=-0.0010 loss_critic=21180.8477 loss_entropy=-0.0003 loss_objective=0.0020 preamble_ratio_cbra=0.9434 preamble_ratio_cfra=0.0025 preamble_ratio_pbra=0.0541 success_rate=0.2445 success_total_mean=934.3826
2025-11-18 14:01:42.161 | INFO     | __main__:_log_metrics:20 - iter=0021 reward=-474.0391 ESS=0.9898 acb_factor_mean=0.5000 clip_fraction=0.0156 collision_rate=0.7541 collision_total_mean=2724.5708 entropy=0.0139 explained_variance=0.4075 kl_approx=0.0290 loss_critic=17142.5488 loss_entropy=-0.0007 loss_objective=0.0060 preamble_ratio_cbra=0.9409 preamble_ratio_cfra=0.0025 preamble_ratio_pbra=0.0566 success_rate=0.2459 success_total_mean=888.3447
2025-11-18 14:01:45.891 | INFO     | __main__:_log_metrics:20 - iter=0022 reward=-514.8408 ESS=0.9922 acb_factor_mean=0.4950 clip_fraction=0.0078 collision_rate=0.7549 collision_total_mean=2936.2085 entropy=0.0000 explained_variance=0.0368 kl_approx=0.5021 loss_critic=20260.5273 loss_entropy=-0.0000 loss_objective=-0.0014 preamble_ratio_cbra=0.9423 preamble_ratio_cfra=0.0023 preamble_ratio_pbra=0.0553 success_rate=0.2451 success_total_mean=953.3619
2025-11-18 14:01:49.635 | INFO     | __main__:_log_metrics:20 - iter=0023 reward=-479.2238 ESS=0.9922 acb_factor_mean=0.5021 clip_fraction=0.0078 collision_rate=0.7497 collision_total_mean=2884.3369 entropy=0.0000 explained_variance=0.3638 kl_approx=5.5962 loss_critic=19036.7305 loss_entropy=-0.0000 loss_objective=0.0035 preamble_ratio_cbra=0.9430 preamble_ratio_cfra=0.0026 preamble_ratio_pbra=0.0544 success_rate=0.2503 success_total_mean=963.0430
2025-11-18 14:01:53.306 | INFO     | __main__:_log_metrics:20 - iter=0024 reward=-522.9657 ESS=0.9616 acb_factor_mean=0.5104 clip_fraction=0.0391 collision_rate=0.7563 collision_total_mean=2940.5447 entropy=0.0293 explained_variance=0.4074 kl_approx=0.9404 loss_critic=16386.8633 loss_entropy=-0.0015 loss_objective=-0.0016 preamble_ratio_cbra=0.9403 preamble_ratio_cfra=0.0026 preamble_ratio_pbra=0.0572 success_rate=0.2437 success_total_mean=947.4049
2025-11-18 14:01:56.799 | INFO     | __main__:_log_metrics:20 - iter=0025 reward=-550.8724 ESS=0.9922 acb_factor_mean=0.4930 clip_fraction=0.0078 collision_rate=0.7598 collision_total_mean=2995.6348 entropy=0.0000 explained_variance=0.2875 kl_approx=0.5369 loss_critic=15799.0469 loss_entropy=-0.0000 loss_objective=0.0046 preamble_ratio_cbra=0.9499 preamble_ratio_cfra=0.0021 preamble_ratio_pbra=0.0480 success_rate=0.2402 success_total_mean=947.0436
2025-11-18 14:02:00.359 | INFO     | __main__:_log_metrics:20 - iter=0026 reward=-521.7575 ESS=0.9921 acb_factor_mean=0.5002 clip_fraction=0.0078 collision_rate=0.7587 collision_total_mean=2866.8560 entropy=0.0255 explained_variance=0.4351 kl_approx=0.2964 loss_critic=13683.9746 loss_entropy=-0.0013 loss_objective=0.0056 preamble_ratio_cbra=0.9471 preamble_ratio_cfra=0.0022 preamble_ratio_pbra=0.0508 success_rate=0.2413 success_total_mean=911.7690
2025-11-18 14:02:04.151 | INFO     | __main__:_log_metrics:20 - iter=0027 reward=-531.5583 ESS=0.9994 acb_factor_mean=0.5051 clip_fraction=0.0078 collision_rate=0.7587 collision_total_mean=2920.5132 entropy=0.0510 explained_variance=0.4001 kl_approx=-0.0028 loss_critic=13609.4980 loss_entropy=-0.0025 loss_objective=-0.0002 preamble_ratio_cbra=0.9462 preamble_ratio_cfra=0.0024 preamble_ratio_pbra=0.0515 success_rate=0.2413 success_total_mean=928.7967
2025-11-18 14:02:08.181 | INFO     | __main__:_log_metrics:20 - iter=0028 reward=-588.3860 ESS=1.0000 acb_factor_mean=0.5093 clip_fraction=0.0000 collision_rate=0.7616 collision_total_mean=3147.5610 entropy=0.0000 explained_variance=0.3332 kl_approx=0.0000 loss_critic=15337.2949 loss_entropy=-0.0000 loss_objective=0.0000 preamble_ratio_cbra=0.9470 preamble_ratio_cfra=0.0024 preamble_ratio_pbra=0.0506 success_rate=0.2384 success_total_mean=985.4930
2025-11-18 14:02:11.959 | INFO     | __main__:_log_metrics:20 - iter=0029 reward=-499.0826 ESS=0.9914 acb_factor_mean=0.4949 clip_fraction=0.0156 collision_rate=0.7523 collision_total_mean=2922.4124 entropy=0.0251 explained_variance=0.6652 kl_approx=6.9482 loss_critic=11171.3574 loss_entropy=-0.0013 loss_objective=0.0003 preamble_ratio_cbra=0.9460 preamble_ratio_cfra=0.0024 preamble_ratio_pbra=0.0515 success_rate=0.2477 success_total_mean=962.2220
2025-11-18 14:02:15.751 | INFO     | __main__:_log_metrics:20 - iter=0030 reward=-562.7262 ESS=1.0000 acb_factor_mean=0.5022 clip_fraction=0.0000 collision_rate=0.7585 collision_total_mean=3097.0945 entropy=0.0000 explained_variance=0.4133 kl_approx=0.0000 loss_critic=13294.0459 loss_entropy=-0.0000 loss_objective=-0.0000 preamble_ratio_cbra=0.9487 preamble_ratio_cfra=0.0021 preamble_ratio_pbra=0.0492 success_rate=0.2415 success_total_mean=985.9197
2025-11-18 14:02:19.380 | INFO     | __main__:_log_metrics:20 - iter=0031 reward=-581.1177 ESS=1.0000 acb_factor_mean=0.5074 clip_fraction=0.0000 collision_rate=0.7616 collision_total_mean=3107.8010 entropy=0.0002 explained_variance=0.6247 kl_approx=0.0000 loss_critic=10159.1084 loss_entropy=-0.0000 loss_objective=0.0000 preamble_ratio_cbra=0.9491 preamble_ratio_cfra=0.0022 preamble_ratio_pbra=0.0486 success_rate=0.2384 success_total_mean=972.8815
2025-11-18 14:02:23.228 | INFO     | __main__:_log_metrics:20 - iter=0032 reward=-529.1512 ESS=1.0000 acb_factor_mean=0.5010 clip_fraction=0.0000 collision_rate=0.7575 collision_total_mean=2942.5552 entropy=0.0001 explained_variance=0.5651 kl_approx=-0.0000 loss_critic=11582.1826 loss_entropy=-0.0000 loss_objective=0.0000 preamble_ratio_cbra=0.9485 preamble_ratio_cfra=0.0024 preamble_ratio_pbra=0.0490 success_rate=0.2425 success_total_mean=942.2249
2025-11-18 14:02:27.202 | INFO     | __main__:_log_metrics:20 - iter=0033 reward=-526.3585 ESS=0.9999 acb_factor_mean=0.5007 clip_fraction=0.0000 collision_rate=0.7595 collision_total_mean=2870.9543 entropy=0.0229 explained_variance=0.6085 kl_approx=0.0010 loss_critic=10435.8662 loss_entropy=-0.0011 loss_objective=0.0001 preamble_ratio_cbra=0.9481 preamble_ratio_cfra=0.0022 preamble_ratio_pbra=0.0496 success_rate=0.2405 success_total_mean=909.2174
2025-11-18 14:02:31.103 | INFO     | __main__:_log_metrics:20 - iter=0034 reward=-565.3562 ESS=0.9997 acb_factor_mean=0.5047 clip_fraction=0.0000 collision_rate=0.7585 collision_total_mean=3113.7751 entropy=0.0245 explained_variance=0.4831 kl_approx=0.0017 loss_critic=12179.3096 loss_entropy=-0.0012 loss_objective=-0.0012 preamble_ratio_cbra=0.9503 preamble_ratio_cfra=0.0021 preamble_ratio_pbra=0.0475 success_rate=0.2415 success_total_mean=991.6302
2025-11-18 14:02:34.857 | INFO     | __main__:_log_metrics:20 - iter=0035 reward=-522.8041 ESS=1.0000 acb_factor_mean=0.4985 clip_fraction=0.0000 collision_rate=0.7576 collision_total_mean=2903.3362 entropy=0.0271 explained_variance=0.1755 kl_approx=-0.0001 loss_critic=11943.5059 loss_entropy=-0.0014 loss_objective=-0.0000 preamble_ratio_cbra=0.9492 preamble_ratio_cfra=0.0023 preamble_ratio_pbra=0.0485 success_rate=0.2424 success_total_mean=928.9624
2025-11-18 14:02:38.767 | INFO     | __main__:_log_metrics:20 - iter=0036 reward=-603.4362 ESS=0.9999 acb_factor_mean=0.4943 clip_fraction=0.0000 collision_rate=0.7655 collision_total_mean=3115.0317 entropy=0.0275 explained_variance=0.5565 kl_approx=-0.0009 loss_critic=11743.9170 loss_entropy=-0.0014 loss_objective=-0.0000 preamble_ratio_cbra=0.9511 preamble_ratio_cfra=0.0024 preamble_ratio_pbra=0.0465 success_rate=0.2345 success_total_mean=954.1781
2025-11-18 14:02:42.728 | INFO     | __main__:_log_metrics:20 - iter=0037 reward=-502.2789 ESS=1.0000 acb_factor_mean=0.5016 clip_fraction=0.0000 collision_rate=0.7544 collision_total_mean=2879.5620 entropy=0.0000 explained_variance=0.3686 kl_approx=0.0000 loss_critic=13226.9404 loss_entropy=-0.0000 loss_objective=0.0000 preamble_ratio_cbra=0.9472 preamble_ratio_cfra=0.0027 preamble_ratio_pbra=0.0501 success_rate=0.2456 success_total_mean=937.6006
2025-11-18 14:02:46.514 | INFO     | __main__:_log_metrics:20 - iter=0038 reward=-526.4309 ESS=1.0000 acb_factor_mean=0.4990 clip_fraction=0.0000 collision_rate=0.7544 collision_total_mean=3018.5513 entropy=0.0000 explained_variance=0.5039 kl_approx=0.0000 loss_critic=12049.2051 loss_entropy=-0.0000 loss_objective=-0.0000 preamble_ratio_cbra=0.9484 preamble_ratio_cfra=0.0024 preamble_ratio_pbra=0.0493 success_rate=0.2456 success_total_mean=982.9433
2025-11-18 14:02:50.096 | INFO     | __main__:_log_metrics:20 - iter=0039 reward=-528.1913 ESS=1.0000 acb_factor_mean=0.4907 clip_fraction=0.0000 collision_rate=0.7571 collision_total_mean=2946.2122 entropy=0.0000 explained_variance=0.2728 kl_approx=0.0000 loss_critic=11668.0312 loss_entropy=-0.0000 loss_objective=-0.0000 preamble_ratio_cbra=0.9490 preamble_ratio_cfra=0.0023 preamble_ratio_pbra=0.0487 success_rate=0.2429 success_total_mean=945.0133
2025-11-18 14:02:53.901 | INFO     | __main__:_log_metrics:20 - iter=0040 reward=-521.6619 ESS=1.0000 acb_factor_mean=0.4972 clip_fraction=0.0000 collision_rate=0.7590 collision_total_mean=2857.4502 entropy=0.0000 explained_variance=0.4319 kl_approx=0.0000 loss_critic=11604.2217 loss_entropy=-0.0000 loss_objective=0.0000 preamble_ratio_cbra=0.9464 preamble_ratio_cfra=0.0032 preamble_ratio_pbra=0.0504 success_rate=0.2410 success_total_mean=907.1615
2025-11-18 14:02:57.545 | INFO     | __main__:_log_metrics:20 - iter=0041 reward=-571.4624 ESS=1.0000 acb_factor_mean=0.5038 clip_fraction=0.0000 collision_rate=0.7608 collision_total_mean=3078.1689 entropy=0.0000 explained_variance=0.4570 kl_approx=0.0000 loss_critic=10620.0186 loss_entropy=-0.0000 loss_objective=0.0000 preamble_ratio_cbra=0.9489 preamble_ratio_cfra=0.0023 preamble_ratio_pbra=0.0488 success_rate=0.2392 success_total_mean=967.7206
2025-11-18 14:03:01.138 | INFO     | __main__:_log_metrics:20 - iter=0042 reward=-505.1929 ESS=1.0000 acb_factor_mean=0.5031 clip_fraction=0.0000 collision_rate=0.7548 collision_total_mean=2884.6936 entropy=0.0000 explained_variance=0.4942 kl_approx=0.0000 loss_critic=11507.5859 loss_entropy=-0.0000 loss_objective=-0.0000 preamble_ratio_cbra=0.9473 preamble_ratio_cfra=0.0026 preamble_ratio_pbra=0.0501 success_rate=0.2452 success_total_mean=937.2524
2025-11-18 14:03:04.696 | INFO     | __main__:_log_metrics:20 - iter=0043 reward=-528.4525 ESS=1.0000 acb_factor_mean=0.4937 clip_fraction=0.0000 collision_rate=0.7590 collision_total_mean=2895.5449 entropy=0.0280 explained_variance=0.5983 kl_approx=-0.0001 loss_critic=10441.0566 loss_entropy=-0.0014 loss_objective=0.0000 preamble_ratio_cbra=0.9478 preamble_ratio_cfra=0.0026 preamble_ratio_pbra=0.0496 success_rate=0.2410 success_total_mean=919.4183
2025-11-18 14:03:08.691 | INFO     | __main__:_log_metrics:20 - iter=0044 reward=-554.3007 ESS=1.0000 acb_factor_mean=0.5026 clip_fraction=0.0000 collision_rate=0.7584 collision_total_mean=3054.0576 entropy=0.0003 explained_variance=0.4546 kl_approx=0.0000 loss_critic=12433.1689 loss_entropy=-0.0000 loss_objective=-0.0000 preamble_ratio_cbra=0.9466 preamble_ratio_cfra=0.0025 preamble_ratio_pbra=0.0509 success_rate=0.2416 success_total_mean=972.8265
2025-11-18 14:03:12.361 | INFO     | __main__:_log_metrics:20 - iter=0045 reward=-531.5685 ESS=1.0000 acb_factor_mean=0.5028 clip_fraction=0.0000 collision_rate=0.7554 collision_total_mean=3015.9805 entropy=0.0293 explained_variance=0.5472 kl_approx=-0.0003 loss_critic=10086.6709 loss_entropy=-0.0015 loss_objective=-0.0001 preamble_ratio_cbra=0.9475 preamble_ratio_cfra=0.0025 preamble_ratio_pbra=0.0500 success_rate=0.2446 success_total_mean=976.5203
2025-11-18 14:03:16.129 | INFO     | __main__:_log_metrics:20 - iter=0046 reward=-572.9620 ESS=1.0000 acb_factor_mean=0.5036 clip_fraction=0.0000 collision_rate=0.7589 collision_total_mean=3142.5654 entropy=0.0000 explained_variance=0.5289 kl_approx=0.0000 loss_critic=12265.7666 loss_entropy=-0.0000 loss_objective=-0.0000 preamble_ratio_cbra=0.9490 preamble_ratio_cfra=0.0024 preamble_ratio_pbra=0.0487 success_rate=0.2411 success_total_mean=998.4193
2025-11-18 14:03:19.679 | INFO     | __main__:_log_metrics:20 - iter=0047 reward=-507.8178 ESS=0.9848 acb_factor_mean=0.4965 clip_fraction=0.0156 collision_rate=0.7576 collision_total_mean=2818.8962 entropy=0.0010 explained_variance=0.3336 kl_approx=0.2377 loss_critic=12611.1152 loss_entropy=-0.0000 loss_objective=-0.0020 preamble_ratio_cbra=0.9487 preamble_ratio_cfra=0.0028 preamble_ratio_pbra=0.0486 success_rate=0.2424 success_total_mean=901.7288
2025-11-18 14:03:23.341 | INFO     | __main__:_log_metrics:20 - iter=0048 reward=-523.0357 ESS=0.9853 acb_factor_mean=0.5013 clip_fraction=0.0234 collision_rate=0.7564 collision_total_mean=2939.2556 entropy=0.0562 explained_variance=0.5365 kl_approx=0.4583 loss_critic=10624.8379 loss_entropy=-0.0028 loss_objective=0.0069 preamble_ratio_cbra=0.9414 preamble_ratio_cfra=0.0027 preamble_ratio_pbra=0.0559 success_rate=0.2436 success_total_mean=946.6904
2025-11-18 14:03:27.435 | INFO     | __main__:_log_metrics:20 - iter=0049 reward=-532.6731 ESS=0.9995 acb_factor_mean=0.4996 clip_fraction=0.0078 collision_rate=0.7598 collision_total_mean=2897.7063 entropy=0.0275 explained_variance=0.4498 kl_approx=-0.0018 loss_critic=10429.8281 loss_entropy=-0.0014 loss_objective=-0.0003 preamble_ratio_cbra=0.9478 preamble_ratio_cfra=0.0028 preamble_ratio_pbra=0.0494 success_rate=0.2402 success_total_mean=916.2783
2025-11-18 14:03:31.093 | INFO     | __main__:_log_metrics:20 - iter=0050 reward=-499.8214 ESS=0.9999 acb_factor_mean=0.4998 clip_fraction=0.0000 collision_rate=0.7561 collision_total_mean=2817.7102 entropy=0.0258 explained_variance=0.4361 kl_approx=0.0009 loss_critic=10742.4756 loss_entropy=-0.0013 loss_objective=-0.0001 preamble_ratio_cbra=0.9483 preamble_ratio_cfra=0.0025 preamble_ratio_pbra=0.0492 success_rate=0.2439 success_total_mean=909.1320
2025-11-18 14:03:34.609 | INFO     | __main__:_log_metrics:20 - iter=0051 reward=-536.7822 ESS=0.9995 acb_factor_mean=0.5066 clip_fraction=0.0078 collision_rate=0.7584 collision_total_mean=2958.9829 entropy=0.0288 explained_variance=0.5515 kl_approx=0.0022 loss_critic=10968.7559 loss_entropy=-0.0014 loss_objective=0.0002 preamble_ratio_cbra=0.9486 preamble_ratio_cfra=0.0027 preamble_ratio_pbra=0.0487 success_rate=0.2416 success_total_mean=942.8077
2025-11-18 14:03:37.954 | INFO     | __main__:_log_metrics:20 - iter=0052 reward=-548.8371 ESS=0.9999 acb_factor_mean=0.4989 clip_fraction=0.0000 collision_rate=0.7597 collision_total_mean=2986.8171 entropy=0.0288 explained_variance=0.4238 kl_approx=0.0011 loss_critic=12692.8896 loss_entropy=-0.0014 loss_objective=-0.0000 preamble_ratio_cbra=0.9481 preamble_ratio_cfra=0.0023 preamble_ratio_pbra=0.0496 success_rate=0.2403 success_total_mean=944.6700
2025-11-18 14:03:41.616 | INFO     | __main__:_log_metrics:20 - iter=0053 reward=-520.9514 ESS=1.0000 acb_factor_mean=0.4893 clip_fraction=0.0000 collision_rate=0.7599 collision_total_mean=2830.1328 entropy=0.0000 explained_variance=0.4321 kl_approx=0.0000 loss_critic=11561.2559 loss_entropy=-0.0000 loss_objective=0.0000 preamble_ratio_cbra=0.9483 preamble_ratio_cfra=0.0024 preamble_ratio_pbra=0.0493 success_rate=0.2401 success_total_mean=894.2137
2025-11-18 14:03:45.113 | INFO     | __main__:_log_metrics:20 - iter=0054 reward=-587.7719 ESS=0.9995 acb_factor_mean=0.5106 clip_fraction=0.0078 collision_rate=0.7598 collision_total_mean=3194.7800 entropy=0.0567 explained_variance=0.5398 kl_approx=0.0032 loss_critic=11351.3037 loss_entropy=-0.0028 loss_objective=-0.0028 preamble_ratio_cbra=0.9483 preamble_ratio_cfra=0.0026 preamble_ratio_pbra=0.0491 success_rate=0.2402 success_total_mean=1009.7166
2025-11-18 14:03:48.711 | INFO     | __main__:_log_metrics:20 - iter=0055 reward=-559.8768 ESS=0.9999 acb_factor_mean=0.4972 clip_fraction=0.0000 collision_rate=0.7620 collision_total_mean=2982.6104 entropy=0.0292 explained_variance=0.6061 kl_approx=0.0011 loss_critic=11004.5088 loss_entropy=-0.0015 loss_objective=-0.0004 preamble_ratio_cbra=0.9456 preamble_ratio_cfra=0.0029 preamble_ratio_pbra=0.0515 success_rate=0.2380 success_total_mean=931.5266
2025-11-18 14:03:52.212 | INFO     | __main__:_log_metrics:20 - iter=0056 reward=-495.6776 ESS=1.0000 acb_factor_mean=0.4974 clip_fraction=0.0000 collision_rate=0.7530 collision_total_mean=2882.4597 entropy=0.0000 explained_variance=0.0106 kl_approx=0.0000 loss_critic=12926.4092 loss_entropy=0.0000 loss_objective=0.0000 preamble_ratio_cbra=0.9469 preamble_ratio_cfra=0.0030 preamble_ratio_pbra=0.0501 success_rate=0.2470 success_total_mean=945.6506
2025-11-18 14:03:55.744 | INFO     | __main__:_log_metrics:20 - iter=0057 reward=-590.3727 ESS=1.0000 acb_factor_mean=0.5052 clip_fraction=0.0000 collision_rate=0.7613 collision_total_mean=3166.0066 entropy=0.0000 explained_variance=0.3068 kl_approx=0.0000 loss_critic=11025.8750 loss_entropy=-0.0000 loss_objective=-0.0000 preamble_ratio_cbra=0.9492 preamble_ratio_cfra=0.0026 preamble_ratio_pbra=0.0482 success_rate=0.2387 success_total_mean=992.7291
2025-11-18 14:03:59.269 | INFO     | __main__:_log_metrics:20 - iter=0058 reward=-549.2684 ESS=0.9978 acb_factor_mean=0.4995 clip_fraction=0.0156 collision_rate=0.7566 collision_total_mean=3081.5039 entropy=0.1071 explained_variance=0.4144 kl_approx=0.0084 loss_critic=12138.6680 loss_entropy=-0.0054 loss_objective=-0.0029 preamble_ratio_cbra=0.9485 preamble_ratio_cfra=0.0026 preamble_ratio_pbra=0.0490 success_rate=0.2434 success_total_mean=991.5820
2025-11-18 14:04:02.932 | INFO     | __main__:_log_metrics:20 - iter=0059 reward=-535.2784 ESS=0.9922 acb_factor_mean=0.5079 clip_fraction=0.0078 collision_rate=0.7582 collision_total_mean=2954.8618 entropy=0.0000 explained_variance=0.4067 kl_approx=0.5213 loss_critic=11161.9180 loss_entropy=-0.0000 loss_objective=-0.0029 preamble_ratio_cbra=0.9469 preamble_ratio_cfra=0.0029 preamble_ratio_pbra=0.0502 success_rate=0.2418 success_total_mean=942.2510
2025-11-18 14:04:06.526 | INFO     | __main__:_log_metrics:20 - iter=0060 reward=-515.0021 ESS=1.0000 acb_factor_mean=0.5007 clip_fraction=0.0000 collision_rate=0.7592 collision_total_mean=2815.9514 entropy=0.0000 explained_variance=0.2713 kl_approx=-0.0000 loss_critic=11108.2480 loss_entropy=-0.0000 loss_objective=0.0000 preamble_ratio_cbra=0.9448 preamble_ratio_cfra=0.0030 preamble_ratio_pbra=0.0522 success_rate=0.2408 success_total_mean=893.0720
2025-11-18 14:04:10.252 | INFO     | __main__:_log_metrics:20 - iter=0061 reward=-544.5347 ESS=1.0000 acb_factor_mean=0.4969 clip_fraction=0.0000 collision_rate=0.7550 collision_total_mean=3100.8899 entropy=0.0000 explained_variance=0.5019 kl_approx=0.0000 loss_critic=12438.5801 loss_entropy=0.0000 loss_objective=0.0000 preamble_ratio_cbra=0.9445 preamble_ratio_cfra=0.0033 preamble_ratio_pbra=0.0522 success_rate=0.2450 success_total_mean=1006.0084
2025-11-18 14:04:13.904 | INFO     | __main__:_log_metrics:20 - iter=0062 reward=-498.5656 ESS=1.0000 acb_factor_mean=0.5058 clip_fraction=0.0000 collision_rate=0.7511 collision_total_mean=2956.5737 entropy=0.0000 explained_variance=0.3856 kl_approx=0.0000 loss_critic=13179.6992 loss_entropy=-0.0000 loss_objective=-0.0000 preamble_ratio_cbra=0.9453 preamble_ratio_cfra=0.0030 preamble_ratio_pbra=0.0517 success_rate=0.2489 success_total_mean=979.8196
2025-11-18 14:04:17.599 | INFO     | __main__:_log_metrics:20 - iter=0063 reward=-482.6511 ESS=0.9993 acb_factor_mean=0.4900 clip_fraction=0.0078 collision_rate=0.7546 collision_total_mean=2759.7500 entropy=0.0258 explained_variance=0.6404 kl_approx=-0.0020 loss_critic=11023.8477 loss_entropy=-0.0013 loss_objective=-0.0027 preamble_ratio_cbra=0.9456 preamble_ratio_cfra=0.0030 preamble_ratio_pbra=0.0514 success_rate=0.2454 success_total_mean=897.3223
2025-11-18 14:04:21.416 | INFO     | __main__:_log_metrics:20 - iter=0064 reward=-554.6388 ESS=0.9996 acb_factor_mean=0.5038 clip_fraction=0.0078 collision_rate=0.7605 collision_total_mean=2996.7957 entropy=0.0252 explained_variance=0.3300 kl_approx=0.0020 loss_critic=11733.2529 loss_entropy=-0.0013 loss_objective=-0.0003 preamble_ratio_cbra=0.9453 preamble_ratio_cfra=0.0031 preamble_ratio_pbra=0.0516 success_rate=0.2395 success_total_mean=943.8573
2025-11-18 14:04:25.357 | INFO     | __main__:_log_metrics:20 - iter=0065 reward=-558.3146 ESS=0.9973 acb_factor_mean=0.5024 clip_fraction=0.0156 collision_rate=0.7590 collision_total_mean=3059.3618 entropy=0.0747 explained_variance=0.4154 kl_approx=-0.0012 loss_critic=12013.1113 loss_entropy=-0.0037 loss_objective=-0.0013 preamble_ratio_cbra=0.9450 preamble_ratio_cfra=0.0031 preamble_ratio_pbra=0.0519 success_rate=0.2410 success_total_mean=971.4647
2025-11-18 14:04:29.008 | INFO     | __main__:_log_metrics:20 - iter=0066 reward=-529.5783 ESS=1.0000 acb_factor_mean=0.5001 clip_fraction=0.0000 collision_rate=0.7544 collision_total_mean=3034.2285 entropy=0.0000 explained_variance=0.4930 kl_approx=0.0000 loss_critic=11382.1572 loss_entropy=-0.0000 loss_objective=-0.0000 preamble_ratio_cbra=0.9464 preamble_ratio_cfra=0.0033 preamble_ratio_pbra=0.0503 success_rate=0.2456 success_total_mean=987.6341
2025-11-18 14:04:32.733 | INFO     | __main__:_log_metrics:20 - iter=0067 reward=-480.9611 ESS=1.0000 acb_factor_mean=0.4913 clip_fraction=0.0000 collision_rate=0.7509 collision_total_mean=2858.8250 entropy=0.0000 explained_variance=0.5077 kl_approx=0.0000 loss_critic=8598.1631 loss_entropy=-0.0000 loss_objective=-0.0000 preamble_ratio_cbra=0.9442 preamble_ratio_cfra=0.0032 preamble_ratio_pbra=0.0526 success_rate=0.2491 success_total_mean=948.5496
2025-11-18 14:04:36.431 | INFO     | __main__:_log_metrics:20 - iter=0068 reward=-538.3848 ESS=1.0000 acb_factor_mean=0.4989 clip_fraction=0.0000 collision_rate=0.7590 collision_total_mean=2950.6292 entropy=0.0000 explained_variance=0.2512 kl_approx=0.0000 loss_critic=11020.2666 loss_entropy=-0.0000 loss_objective=-0.0000 preamble_ratio_cbra=0.9453 preamble_ratio_cfra=0.0029 preamble_ratio_pbra=0.0518 success_rate=0.2410 success_total_mean=937.0281
2025-11-18 14:04:40.326 | INFO     | __main__:_log_metrics:20 - iter=0069 reward=-511.0462 ESS=1.0000 acb_factor_mean=0.5052 clip_fraction=0.0000 collision_rate=0.7514 collision_total_mean=3019.2549 entropy=0.0000 explained_variance=0.1241 kl_approx=0.0000 loss_critic=10794.5137 loss_entropy=0.0000 loss_objective=0.0000 preamble_ratio_cbra=0.9463 preamble_ratio_cfra=0.0030 preamble_ratio_pbra=0.0507 success_rate=0.2486 success_total_mean=998.6798
2025-11-18 14:04:44.991 | INFO     | __main__:_log_metrics:20 - iter=0070 reward=-497.8782 ESS=0.9922 acb_factor_mean=0.4993 clip_fraction=0.0078 collision_rate=0.7527 collision_total_mean=2904.5710 entropy=0.0000 explained_variance=0.5610 kl_approx=1.7458 loss_critic=10780.4355 loss_entropy=-0.0000 loss_objective=-0.0009 preamble_ratio_cbra=0.9453 preamble_ratio_cfra=0.0031 preamble_ratio_pbra=0.0516 success_rate=0.2473 success_total_mean=954.5056
2025-11-18 14:04:48.968 | INFO     | __main__:_log_metrics:20 - iter=0071 reward=-505.0700 ESS=1.0000 acb_factor_mean=0.5040 clip_fraction=0.0000 collision_rate=0.7525 collision_total_mean=2951.4683 entropy=0.0000 explained_variance=0.4607 kl_approx=0.0000 loss_critic=9338.2432 loss_entropy=0.0000 loss_objective=0.0000 preamble_ratio_cbra=0.9436 preamble_ratio_cfra=0.0036 preamble_ratio_pbra=0.0528 success_rate=0.2475 success_total_mean=970.7623
2025-11-18 14:04:53.155 | INFO     | __main__:_log_metrics:20 - iter=0072 reward=-493.1710 ESS=1.0000 acb_factor_mean=0.5001 clip_fraction=0.0000 collision_rate=0.7529 collision_total_mean=2870.3931 entropy=0.0000 explained_variance=0.5311 kl_approx=0.0000 loss_critic=10196.8438 loss_entropy=0.0000 loss_objective=-0.0000 preamble_ratio_cbra=0.9448 preamble_ratio_cfra=0.0030 preamble_ratio_pbra=0.0522 success_rate=0.2471 success_total_mean=942.1240
2025-11-18 14:04:57.384 | INFO     | __main__:_log_metrics:20 - iter=0073 reward=-510.0559 ESS=0.9999 acb_factor_mean=0.5090 clip_fraction=0.0000 collision_rate=0.7550 collision_total_mean=2904.5144 entropy=0.0132 explained_variance=0.5546 kl_approx=0.0008 loss_critic=12248.6377 loss_entropy=-0.0007 loss_objective=0.0004 preamble_ratio_cbra=0.9434 preamble_ratio_cfra=0.0035 preamble_ratio_pbra=0.0531 success_rate=0.2450 success_total_mean=942.2994
2025-11-18 14:05:01.505 | INFO     | __main__:_log_metrics:20 - iter=0074 reward=-566.4537 ESS=0.9994 acb_factor_mean=0.5038 clip_fraction=0.0078 collision_rate=0.7597 collision_total_mean=3082.4790 entropy=0.0204 explained_variance=0.5809 kl_approx=-0.0019 loss_critic=10685.3594 loss_entropy=-0.0010 loss_objective=-0.0001 preamble_ratio_cbra=0.9459 preamble_ratio_cfra=0.0033 preamble_ratio_pbra=0.0508 success_rate=0.2403 success_total_mean=974.8840
2025-11-18 14:05:05.276 | INFO     | __main__:_log_metrics:20 - iter=0075 reward=-558.1806 ESS=1.0000 acb_factor_mean=0.5050 clip_fraction=0.0000 collision_rate=0.7603 collision_total_mean=3019.8025 entropy=0.0000 explained_variance=0.2355 kl_approx=0.0000 loss_critic=10959.4316 loss_entropy=0.0000 loss_objective=-0.0000 preamble_ratio_cbra=0.9461 preamble_ratio_cfra=0.0031 preamble_ratio_pbra=0.0508 success_rate=0.2397 success_total_mean=951.8192
2025-11-18 14:05:08.904 | INFO     | __main__:_log_metrics:20 - iter=0076 reward=-469.0622 ESS=0.9996 acb_factor_mean=0.4890 clip_fraction=0.0078 collision_rate=0.7555 collision_total_mean=2659.2222 entropy=0.0266 explained_variance=0.4349 kl_approx=0.0021 loss_critic=10827.6436 loss_entropy=-0.0013 loss_objective=-0.0004 preamble_ratio_cbra=0.9436 preamble_ratio_cfra=0.0033 preamble_ratio_pbra=0.0531 success_rate=0.2445 success_total_mean=860.6470
2025-11-18 14:05:12.733 | INFO     | __main__:_log_metrics:20 - iter=0077 reward=-547.4584 ESS=0.9957 acb_factor_mean=0.5000 clip_fraction=0.0156 collision_rate=0.7576 collision_total_mean=3041.5718 entropy=0.0447 explained_variance=0.4906 kl_approx=-0.0025 loss_critic=12426.3594 loss_entropy=-0.0022 loss_objective=-0.0012 preamble_ratio_cbra=0.9434 preamble_ratio_cfra=0.0034 preamble_ratio_pbra=0.0532 success_rate=0.2424 success_total_mean=973.4257
2025-11-18 14:05:16.460 | INFO     | __main__:_log_metrics:20 - iter=0078 reward=-513.7795 ESS=1.0000 acb_factor_mean=0.5041 clip_fraction=0.0000 collision_rate=0.7539 collision_total_mean=2958.4155 entropy=0.0000 explained_variance=0.5185 kl_approx=0.0000 loss_critic=11826.0254 loss_entropy=-0.0000 loss_objective=0.0000 preamble_ratio_cbra=0.9434 preamble_ratio_cfra=0.0033 preamble_ratio_pbra=0.0533 success_rate=0.2461 success_total_mean=965.5264
2025-11-18 14:05:20.223 | INFO     | __main__:_log_metrics:20 - iter=0079 reward=-552.3193 ESS=1.0000 acb_factor_mean=0.4964 clip_fraction=0.0000 collision_rate=0.7592 collision_total_mean=3019.6284 entropy=0.0000 explained_variance=0.4177 kl_approx=0.0000 loss_critic=10766.1006 loss_entropy=0.0000 loss_objective=-0.0000 preamble_ratio_cbra=0.9454 preamble_ratio_cfra=0.0033 preamble_ratio_pbra=0.0513 success_rate=0.2408 success_total_mean=957.5930
2025-11-18 14:05:24.217 | INFO     | __main__:_log_metrics:20 - iter=0080 reward=-547.4262 ESS=1.0000 acb_factor_mean=0.4999 clip_fraction=0.0000 collision_rate=0.7581 collision_total_mean=3024.5322 entropy=0.0000 explained_variance=0.1612 kl_approx=0.0000 loss_critic=12021.4824 loss_entropy=-0.0000 loss_objective=-0.0000 preamble_ratio_cbra=0.9458 preamble_ratio_cfra=0.0029 preamble_ratio_pbra=0.0513 success_rate=0.2419 success_total_mean=964.9382
2025-11-18 14:05:27.928 | INFO     | __main__:_log_metrics:20 - iter=0081 reward=-455.2458 ESS=1.0000 acb_factor_mean=0.5005 clip_fraction=0.0000 collision_rate=0.7506 collision_total_mean=2714.0361 entropy=0.0002 explained_variance=0.3402 kl_approx=0.0000 loss_critic=11697.3477 loss_entropy=-0.0000 loss_objective=0.0000 preamble_ratio_cbra=0.9444 preamble_ratio_cfra=0.0031 preamble_ratio_pbra=0.0525 success_rate=0.2494 success_total_mean=901.8705
2025-11-18 14:05:31.749 | INFO     | __main__:_log_metrics:20 - iter=0082 reward=-506.5909 ESS=0.9998 acb_factor_mean=0.5000 clip_fraction=0.0000 collision_rate=0.7558 collision_total_mean=2862.4875 entropy=0.0261 explained_variance=0.2670 kl_approx=0.0014 loss_critic=11428.1045 loss_entropy=-0.0013 loss_objective=0.0002 preamble_ratio_cbra=0.9461 preamble_ratio_cfra=0.0031 preamble_ratio_pbra=0.0508 success_rate=0.2442 success_total_mean=924.7511
2025-11-18 14:05:35.809 | INFO     | __main__:_log_metrics:20 - iter=0083 reward=-554.1462 ESS=1.0000 acb_factor_mean=0.5013 clip_fraction=0.0000 collision_rate=0.7602 collision_total_mean=3000.9048 entropy=0.0000 explained_variance=0.5877 kl_approx=0.0000 loss_critic=8864.3350 loss_entropy=-0.0000 loss_objective=-0.0000 preamble_ratio_cbra=0.9455 preamble_ratio_cfra=0.0029 preamble_ratio_pbra=0.0516 success_rate=0.2398 success_total_mean=946.4045
2025-11-18 14:05:39.582 | INFO     | __main__:_log_metrics:20 - iter=0084 reward=-506.0667 ESS=0.9794 acb_factor_mean=0.4974 clip_fraction=0.0156 collision_rate=0.7559 collision_total_mean=2858.6138 entropy=0.0464 explained_variance=0.5836 kl_approx=-0.0055 loss_critic=10277.7148 loss_entropy=-0.0023 loss_objective=-0.0006 preamble_ratio_cbra=0.9439 preamble_ratio_cfra=0.0032 preamble_ratio_pbra=0.0529 success_rate=0.2441 success_total_mean=923.3384
2025-11-18 14:05:44.222 | INFO     | __main__:_log_metrics:20 - iter=0085 reward=-540.5787 ESS=1.0000 acb_factor_mean=0.4995 clip_fraction=0.0000 collision_rate=0.7565 collision_total_mean=3033.0605 entropy=0.0267 explained_variance=0.5073 kl_approx=0.0002 loss_critic=11130.7617 loss_entropy=-0.0013 loss_objective=-0.0001 preamble_ratio_cbra=0.9458 preamble_ratio_cfra=0.0030 preamble_ratio_pbra=0.0512 success_rate=0.2435 success_total_mean=976.0499
2025-11-18 14:05:47.891 | INFO     | __main__:_log_metrics:20 - iter=0086 reward=-485.4790 ESS=1.0000 acb_factor_mean=0.5013 clip_fraction=0.0000 collision_rate=0.7525 collision_total_mean=2836.3982 entropy=0.0000 explained_variance=0.4651 kl_approx=0.0000 loss_critic=12161.5664 loss_entropy=0.0000 loss_objective=0.0000 preamble_ratio_cbra=0.9460 preamble_ratio_cfra=0.0029 preamble_ratio_pbra=0.0511 success_rate=0.2475 success_total_mean=932.8185
2025-11-18 14:05:51.600 | INFO     | __main__:_log_metrics:20 - iter=0087 reward=-481.7537 ESS=1.0000 acb_factor_mean=0.5028 clip_fraction=0.0000 collision_rate=0.7531 collision_total_mean=2798.2959 entropy=0.0000 explained_variance=0.5021 kl_approx=0.0000 loss_critic=10499.0459 loss_entropy=0.0000 loss_objective=-0.0000 preamble_ratio_cbra=0.9448 preamble_ratio_cfra=0.0032 preamble_ratio_pbra=0.0520 success_rate=0.2469 success_total_mean=917.4926
2025-11-18 14:05:55.249 | INFO     | __main__:_log_metrics:20 - iter=0088 reward=-495.2729 ESS=0.9996 acb_factor_mean=0.4991 clip_fraction=0.0078 collision_rate=0.7555 collision_total_mean=2806.9204 entropy=0.0219 explained_variance=0.4715 kl_approx=-0.0016 loss_critic=11899.4912 loss_entropy=-0.0011 loss_objective=-0.0013 preamble_ratio_cbra=0.9450 preamble_ratio_cfra=0.0034 preamble_ratio_pbra=0.0516 success_rate=0.2445 success_total_mean=908.2854
2025-11-18 14:05:58.830 | INFO     | __main__:_log_metrics:20 - iter=0089 reward=-503.5063 ESS=0.9998 acb_factor_mean=0.4981 clip_fraction=0.0000 collision_rate=0.7530 collision_total_mean=2925.9685 entropy=0.0226 explained_variance=0.5186 kl_approx=-0.0013 loss_critic=9810.6396 loss_entropy=-0.0011 loss_objective=-0.0008 preamble_ratio_cbra=0.9444 preamble_ratio_cfra=0.0032 preamble_ratio_pbra=0.0524 success_rate=0.2470 success_total_mean=959.5763
2025-11-18 14:06:02.768 | INFO     | __main__:_log_metrics:20 - iter=0090 reward=-480.8646 ESS=0.9997 acb_factor_mean=0.4980 clip_fraction=0.0000 collision_rate=0.7513 collision_total_mean=2845.2363 entropy=0.0412 explained_variance=0.5581 kl_approx=-0.0019 loss_critic=10757.0752 loss_entropy=-0.0021 loss_objective=-0.0004 preamble_ratio_cbra=0.9446 preamble_ratio_cfra=0.0030 preamble_ratio_pbra=0.0523 success_rate=0.2487 success_total_mean=941.8519
2025-11-18 14:06:06.678 | INFO     | __main__:_log_metrics:20 - iter=0091 reward=-507.2667 ESS=1.0000 acb_factor_mean=0.4945 clip_fraction=0.0000 collision_rate=0.7564 collision_total_mean=2849.4988 entropy=0.0000 explained_variance=0.5606 kl_approx=0.0000 loss_critic=10300.1523 loss_entropy=-0.0000 loss_objective=0.0000 preamble_ratio_cbra=0.9451 preamble_ratio_cfra=0.0033 preamble_ratio_pbra=0.0516 success_rate=0.2436 success_total_mean=917.5809
2025-11-18 14:06:10.500 | INFO     | __main__:_log_metrics:20 - iter=0092 reward=-546.6556 ESS=0.9999 acb_factor_mean=0.5029 clip_fraction=0.0000 collision_rate=0.7584 collision_total_mean=3011.6819 entropy=0.0245 explained_variance=0.3821 kl_approx=0.0009 loss_critic=12939.9688 loss_entropy=-0.0012 loss_objective=-0.0003 preamble_ratio_cbra=0.9449 preamble_ratio_cfra=0.0032 preamble_ratio_pbra=0.0519 success_rate=0.2416 success_total_mean=959.2836
2025-11-18 14:06:14.189 | INFO     | __main__:_log_metrics:20 - iter=0093 reward=-506.3846 ESS=0.9988 acb_factor_mean=0.4956 clip_fraction=0.0078 collision_rate=0.7556 collision_total_mean=2867.3408 entropy=0.0261 explained_variance=0.3814 kl_approx=0.0039 loss_critic=12022.5977 loss_entropy=-0.0013 loss_objective=-0.0008 preamble_ratio_cbra=0.9451 preamble_ratio_cfra=0.0032 preamble_ratio_pbra=0.0517 success_rate=0.2444 success_total_mean=927.3839
2025-11-18 14:06:17.821 | INFO     | __main__:_log_metrics:20 - iter=0094 reward=-521.1321 ESS=1.0000 acb_factor_mean=0.4940 clip_fraction=0.0000 collision_rate=0.7520 collision_total_mean=3062.6387 entropy=0.0000 explained_variance=0.5480 kl_approx=0.0000 loss_critic=11473.5537 loss_entropy=0.0000 loss_objective=0.0000 preamble_ratio_cbra=0.9453 preamble_ratio_cfra=0.0035 preamble_ratio_pbra=0.0512 success_rate=0.2480 success_total_mean=1010.2855
2025-11-18 14:06:21.353 | INFO     | __main__:_log_metrics:20 - iter=0095 reward=-518.8019 ESS=1.0000 acb_factor_mean=0.4923 clip_fraction=0.0000 collision_rate=0.7585 collision_total_mean=2854.8799 entropy=0.0000 explained_variance=0.3532 kl_approx=0.0000 loss_critic=12218.7158 loss_entropy=0.0000 loss_objective=0.0000 preamble_ratio_cbra=0.9460 preamble_ratio_cfra=0.0033 preamble_ratio_pbra=0.0508 success_rate=0.2415 success_total_mean=908.7361
2025-11-18 14:06:25.003 | INFO     | __main__:_log_metrics:20 - iter=0096 reward=-529.5523 ESS=0.9981 acb_factor_mean=0.4992 clip_fraction=0.0156 collision_rate=0.7548 collision_total_mean=3022.4023 entropy=0.0503 explained_variance=0.3923 kl_approx=0.0067 loss_critic=11311.1953 loss_entropy=-0.0025 loss_objective=-0.0006 preamble_ratio_cbra=0.9461 preamble_ratio_cfra=0.0030 preamble_ratio_pbra=0.0509 success_rate=0.2452 success_total_mean=981.7472
2025-11-18 14:06:28.688 | INFO     | __main__:_log_metrics:20 - iter=0097 reward=-529.6135 ESS=1.0000 acb_factor_mean=0.5052 clip_fraction=0.0000 collision_rate=0.7585 collision_total_mean=2916.3772 entropy=0.0000 explained_variance=0.4906 kl_approx=0.0000 loss_critic=11051.2285 loss_entropy=-0.0000 loss_objective=0.0000 preamble_ratio_cbra=0.9486 preamble_ratio_cfra=0.0027 preamble_ratio_pbra=0.0487 success_rate=0.2415 success_total_mean=928.6735
2025-11-18 14:06:32.222 | INFO     | __main__:_log_metrics:20 - iter=0098 reward=-543.6233 ESS=1.0000 acb_factor_mean=0.5036 clip_fraction=0.0000 collision_rate=0.7600 collision_total_mean=2949.9792 entropy=0.0000 explained_variance=0.4890 kl_approx=0.0000 loss_critic=11822.6035 loss_entropy=-0.0000 loss_objective=-0.0000 preamble_ratio_cbra=0.9467 preamble_ratio_cfra=0.0031 preamble_ratio_pbra=0.0502 success_rate=0.2400 success_total_mean=931.4644
2025-11-18 14:06:36.538 | INFO     | __main__:_log_metrics:20 - iter=0099 reward=-446.5347 ESS=0.9995 acb_factor_mean=0.5043 clip_fraction=0.0078 collision_rate=0.7494 collision_total_mean=2695.9971 entropy=0.0285 explained_variance=0.4089 kl_approx=0.0023 loss_critic=9927.9707 loss_entropy=-0.0014 loss_objective=-0.0021 preamble_ratio_cbra=0.9474 preamble_ratio_cfra=0.0029 preamble_ratio_pbra=0.0497 success_rate=0.2506 success_total_mean=901.5621
2025-11-18 14:09:08.932 | INFO     | __main__:_load_yaml_config:6 - Loaded configuration from conf\default.yaml
2025-11-18 14:09:08.938 | INFO     | __main__:<module>:18 - Logger initialized (level=INFO, file=logs/train.log)
2025-11-18 14:09:08.938 | INFO     | __main__:<module>:21 - algo_section {'frames_per_batch': 1600, 'mini_batch_size': 64, 'max_epochs': 1000, 'clip_epsilon': 0.2, 'gamma': 0.99, 'gae_lambda': 0.95, 'actor_lr': 0.0003, 'critic_lr': 0.001, 'entropy_coeff': 0.01}
2025-11-18 14:09:08.939 | INFO     | __main__:<module>:70 - Config ready | seed=42 frames_per_batch=4096 horizon=256 num_envs=8 backend=parallel parallel=True
2025-11-18 14:09:15.016 | INFO     | __main__:_load_yaml_config:6 - Loaded configuration from conf\default.yaml
2025-11-18 14:09:15.021 | INFO     | __main__:<module>:18 - Logger initialized (level=INFO, file=logs/train.log)
2025-11-18 14:09:15.022 | INFO     | __main__:<module>:21 - algo_section {'frames_per_batch': 1600, 'mini_batch_size': 64, 'max_epochs': 1000, 'clip_epsilon': 0.2, 'gamma': 0.99, 'gae_lambda': 0.95, 'actor_lr': 0.0003, 'critic_lr': 0.001, 'entropy_coeff': 0.01}
2025-11-18 14:09:15.022 | INFO     | __main__:<module>:70 - Config ready | seed=42 frames_per_batch=4096 horizon=256 num_envs=8 backend=parallel parallel=True
2025-11-18 14:10:14.453 | INFO     | __main__:_load_yaml_config:6 - Loaded configuration from conf\default.yaml
2025-11-18 14:10:22.743 | INFO     | __main__:_load_yaml_config:6 - Loaded configuration from conf\default.yaml
2025-11-18 14:10:22.748 | INFO     | __main__:<module>:18 - Logger initialized (level=INFO, file=logs/train.log)
2025-11-18 14:10:22.748 | INFO     | __main__:<module>:21 - algo_section {'frames_per_batch': 1600, 'mini_batch_size': 64, 'max_epochs': 1000, 'clip_epsilon': 0.2, 'gamma': 0.99, 'gae_lambda': 0.95, 'actor_lr': 0.0003, 'critic_lr': 0.001, 'entropy_coeff': 0.01}
2025-11-18 14:11:05.629 | INFO     | __main__:_load_yaml_config:6 - Loaded configuration from conf\default.yaml
2025-11-18 14:11:05.634 | INFO     | __main__:<module>:18 - Logger initialized (level=INFO, file=logs/train.log)
2025-11-18 14:11:05.634 | INFO     | __main__:<module>:45 - env_config SatelliteMACEnvConfig(num_slots_per_step=160, decision_horizon=256, history_len=4, simulator_config=MACSimulatorConfig(regions=(RegionTrafficProfile(name='urban', area_weight=0.4, cbra_density=1.2, pbra_density=1.5, handover_intensity=0.8, scheduling_period=160, noise_scale=0.2, cox_intensity_mean=1.6, cox_intensity_variance=0.7, cox_grid=(10, 10), region_bounds=(-2.0, 2.0, -2.0, 2.0), batch_mean=12.0, batch_std=0.6, residence_time_mean=8.0), RegionTrafficProfile(name='suburban', area_weight=0.35, cbra_density=0.8, pbra_density=0.9, handover_intensity=0.5, scheduling_period=200, noise_scale=0.15, cox_intensity_mean=1.2, cox_intensity_variance=0.5, cox_grid=(8, 8), region_bounds=(-1.5, 1.5, -1.5, 1.5), batch_mean=8.0, batch_std=0.5, residence_time_mean=6.0), RegionTrafficProfile(name='rural', area_weight=0.25, cbra_density=0.3, pbra_density=0.4, handover_intensity=0.2, scheduling_period=320, noise_scale=0.1, cox_intensity_mean=0.9, cox_intensity_variance=0.3, cox_grid=(6, 6), region_bounds=(-1.0, 1.0, -1.0, 1.0), batch_mean=4.0, batch_std=0.4, residence_time_mean=4.5)), history_size=10, protocol_count=4, preamble_subset_count=8, total_preambles=64, base_preamble_split=(24, 24, 16), reward_weights={'throughput': 1.0, 'collision': -0.5, 'handover': 0.2, 'cfra_mse': -0.1}, region_transition_matrix=None, coverage_patches=None, coverage_drift_radius=1.0, coverage_cycle_slots=1440.0, coverage_jitter=0.05, coverage_smoothing=0.2, coverage_total_footprint=1.0, backoff_strategy=BackoffStrategyConfig(low=BackoffWindow(min_steps=0, max_steps=4), medium=BackoffWindow(min_steps=1, max_steps=12), high=BackoffWindow(min_steps=6, max_steps=24), collision_threshold_medium=0.05, collision_threshold_high=0.1, max_backlog_steps=48)), preamble_delta_range=3, flatten_observation=True)
2025-11-18 14:11:14.971 | INFO     | __main__:_load_yaml_config:6 - Loaded configuration from conf\default.yaml
2025-11-18 14:11:14.976 | INFO     | __main__:<module>:18 - Logger initialized (level=INFO, file=logs/train.log)
2025-11-18 14:11:33.472 | INFO     | __main__:_load_yaml_config:6 - Loaded configuration from conf\default.yaml
2025-11-18 14:11:33.478 | INFO     | __main__:<module>:18 - Logger initialized (level=INFO, file=logs/train.log)
2025-11-18 14:11:33.478 | INFO     | __main__:<module>:45 - env_config SatelliteMACEnvConfig(num_slots_per_step=160, decision_horizon=256, history_len=4, simulator_config=MACSimulatorConfig(regions=(RegionTrafficProfile(name='urban', area_weight=0.4, cbra_density=1.2, pbra_density=1.5, handover_intensity=0.8, scheduling_period=160, noise_scale=0.2, cox_intensity_mean=1.6, cox_intensity_variance=0.7, cox_grid=(10, 10), region_bounds=(-2.0, 2.0, -2.0, 2.0), batch_mean=12.0, batch_std=0.6, residence_time_mean=8.0), RegionTrafficProfile(name='suburban', area_weight=0.35, cbra_density=0.8, pbra_density=0.9, handover_intensity=0.5, scheduling_period=200, noise_scale=0.15, cox_intensity_mean=1.2, cox_intensity_variance=0.5, cox_grid=(8, 8), region_bounds=(-1.5, 1.5, -1.5, 1.5), batch_mean=8.0, batch_std=0.5, residence_time_mean=6.0), RegionTrafficProfile(name='rural', area_weight=0.25, cbra_density=0.3, pbra_density=0.4, handover_intensity=0.2, scheduling_period=320, noise_scale=0.1, cox_intensity_mean=0.9, cox_intensity_variance=0.3, cox_grid=(6, 6), region_bounds=(-1.0, 1.0, -1.0, 1.0), batch_mean=4.0, batch_std=0.4, residence_time_mean=4.5)), history_size=10, protocol_count=4, preamble_subset_count=8, total_preambles=64, base_preamble_split=(24, 24, 16), reward_weights={'throughput': 1.0, 'collision': -0.5, 'handover': 0.2, 'cfra_mse': -0.1}, region_transition_matrix=None, coverage_patches=None, coverage_drift_radius=1.0, coverage_cycle_slots=1440.0, coverage_jitter=0.05, coverage_smoothing=0.2, coverage_total_footprint=1.0, backoff_strategy=BackoffStrategyConfig(low=BackoffWindow(min_steps=0, max_steps=4), medium=BackoffWindow(min_steps=1, max_steps=12), high=BackoffWindow(min_steps=6, max_steps=24), collision_threshold_medium=0.05, collision_threshold_high=0.1, max_backlog_steps=48)), preamble_delta_range=3, flatten_observation=True)
2025-11-18 14:11:33.481 | INFO     | __main__:<module>:72 - Config ready | seed=42 frames_per_batch=4096 horizon=256 num_envs=8 backend=parallel parallel=True
2025-11-18 14:11:44.565 | INFO     | __main__:_load_yaml_config:6 - Loaded configuration from conf\default.yaml
2025-11-18 14:11:44.570 | INFO     | __main__:<module>:18 - Logger initialized (level=INFO, file=logs/train.log)
2025-11-18 14:11:44.571 | INFO     | __main__:<module>:71 - Config ready | seed=42 frames_per_batch=4096 horizon=256 num_envs=8 backend=parallel parallel=True
2025-11-18 14:12:07.414 | INFO     | __main__:_load_yaml_config:6 - Loaded configuration from conf\default.yaml
2025-11-18 14:12:07.419 | INFO     | __main__:<module>:18 - Logger initialized (level=INFO, file=logs/train.log)
2025-11-18 14:12:07.420 | INFO     | __main__:<module>:45 - env_config SatelliteMACEnvConfig(num_slots_per_step=160, decision_horizon=256, history_len=4, simulator_config=MACSimulatorConfig(regions=(RegionTrafficProfile(name='urban', area_weight=0.4, cbra_density=1.2, pbra_density=1.5, handover_intensity=0.8, scheduling_period=160, noise_scale=0.2, cox_intensity_mean=1.6, cox_intensity_variance=0.7, cox_grid=(10, 10), region_bounds=(-2.0, 2.0, -2.0, 2.0), batch_mean=12.0, batch_std=0.6, residence_time_mean=8.0), RegionTrafficProfile(name='suburban', area_weight=0.35, cbra_density=0.8, pbra_density=0.9, handover_intensity=0.5, scheduling_period=200, noise_scale=0.15, cox_intensity_mean=1.2, cox_intensity_variance=0.5, cox_grid=(8, 8), region_bounds=(-1.5, 1.5, -1.5, 1.5), batch_mean=8.0, batch_std=0.5, residence_time_mean=6.0), RegionTrafficProfile(name='rural', area_weight=0.25, cbra_density=0.3, pbra_density=0.4, handover_intensity=0.2, scheduling_period=320, noise_scale=0.1, cox_intensity_mean=0.9, cox_intensity_variance=0.3, cox_grid=(6, 6), region_bounds=(-1.0, 1.0, -1.0, 1.0), batch_mean=4.0, batch_std=0.4, residence_time_mean=4.5)), history_size=10, protocol_count=4, preamble_subset_count=8, total_preambles=64, base_preamble_split=(24, 24, 16), reward_weights={'throughput': 1.0, 'collision': -0.5, 'handover': 0.2, 'cfra_mse': -0.1}, region_transition_matrix=None, coverage_patches=None, coverage_drift_radius=1.0, coverage_cycle_slots=1440.0, coverage_jitter=0.05, coverage_smoothing=0.2, coverage_total_footprint=1.0, backoff_strategy=BackoffStrategyConfig(low=BackoffWindow(min_steps=0, max_steps=4), medium=BackoffWindow(min_steps=1, max_steps=12), high=BackoffWindow(min_steps=6, max_steps=24), collision_threshold_medium=0.05, collision_threshold_high=0.1, max_backlog_steps=48)), preamble_delta_range=3, flatten_observation=True)
2025-11-18 14:12:07.420 | INFO     | __main__:<module>:73 - Config ready | seed=42 frames_per_batch=4096 horizon=256 num_envs=8 backend=parallel parallel=True
2025-11-18 14:12:54.675 | INFO     | __main__:_load_yaml_config:6 - Loaded configuration from conf\default.yaml
2025-11-18 14:12:54.680 | INFO     | __main__:<module>:18 - Logger initialized (level=INFO, file=logs/train.log)
2025-11-18 14:12:54.681 | INFO     | __main__:<module>:45 - env_config SatelliteMACEnvConfig(num_slots_per_step=160, decision_horizon=256, history_len=4, simulator_config=MACSimulatorConfig(regions=(RegionTrafficProfile(name='urban', area_weight=0.4, cbra_density=1.2, pbra_density=1.5, handover_intensity=0.8, scheduling_period=160, noise_scale=0.2, cox_intensity_mean=1.6, cox_intensity_variance=0.7, cox_grid=(10, 10), region_bounds=(-2.0, 2.0, -2.0, 2.0), batch_mean=12.0, batch_std=0.6, residence_time_mean=8.0), RegionTrafficProfile(name='suburban', area_weight=0.35, cbra_density=0.8, pbra_density=0.9, handover_intensity=0.5, scheduling_period=200, noise_scale=0.15, cox_intensity_mean=1.2, cox_intensity_variance=0.5, cox_grid=(8, 8), region_bounds=(-1.5, 1.5, -1.5, 1.5), batch_mean=8.0, batch_std=0.5, residence_time_mean=6.0), RegionTrafficProfile(name='rural', area_weight=0.25, cbra_density=0.3, pbra_density=0.4, handover_intensity=0.2, scheduling_period=320, noise_scale=0.1, cox_intensity_mean=0.9, cox_intensity_variance=0.3, cox_grid=(6, 6), region_bounds=(-1.0, 1.0, -1.0, 1.0), batch_mean=4.0, batch_std=0.4, residence_time_mean=4.5)), history_size=10, protocol_count=4, preamble_subset_count=8, total_preambles=64, base_preamble_split=(24, 24, 16), reward_weights={'throughput': 1.0, 'collision': -0.5, 'handover': 0.2, 'cfra_mse': -0.1}, region_transition_matrix=None, coverage_patches=None, coverage_drift_radius=1.0, coverage_cycle_slots=1440.0, coverage_jitter=0.05, coverage_smoothing=0.2, coverage_total_footprint=1.0, backoff_strategy=BackoffStrategyConfig(low=BackoffWindow(min_steps=0, max_steps=4), medium=BackoffWindow(min_steps=1, max_steps=12), high=BackoffWindow(min_steps=6, max_steps=24), collision_threshold_medium=0.05, collision_threshold_high=0.1, max_backlog_steps=48)), preamble_delta_range=3, flatten_observation=True)
2025-11-18 14:12:54.683 | INFO     | __main__:<module>:68 - train_config HPPOConfig(frames_per_batch=4096, mini_batch_size=128, rollout_epochs=6, max_iterations=100, gamma=0.99, gae_lambda=0.95, clip_epsilon=0.2, entropy_coeff=0.05, actor_lr=0.0001, critic_lr=0.0001, device=device(type='cpu'))
2025-11-18 14:12:54.683 | INFO     | __main__:<module>:75 - Config ready | seed=42 frames_per_batch=4096 horizon=256 num_envs=8 backend=parallel parallel=True
2025-11-18 14:27:17.007 | INFO     | __main__:<module>:18 - Logger initialized (level=INFO, file=logs/train.log)
2025-11-18 14:27:17.008 | INFO     | __main__:<module>:45 - env_config SatelliteMACEnvConfig(num_slots_per_step=160, decision_horizon=256, history_len=4, simulator_config=MACSimulatorConfig(regions=(RegionTrafficProfile(name='urban', area_weight=0.4, cbra_density=1.2, pbra_density=1.5, handover_intensity=0.8, scheduling_period=160, noise_scale=0.2, cox_intensity_mean=1.6, cox_intensity_variance=0.7, cox_grid=(10, 10), region_bounds=(-2.0, 2.0, -2.0, 2.0), batch_mean=12.0, batch_std=0.6, residence_time_mean=8.0), RegionTrafficProfile(name='suburban', area_weight=0.35, cbra_density=0.8, pbra_density=0.9, handover_intensity=0.5, scheduling_period=200, noise_scale=0.15, cox_intensity_mean=1.2, cox_intensity_variance=0.5, cox_grid=(8, 8), region_bounds=(-1.5, 1.5, -1.5, 1.5), batch_mean=8.0, batch_std=0.5, residence_time_mean=6.0), RegionTrafficProfile(name='rural', area_weight=0.25, cbra_density=0.3, pbra_density=0.4, handover_intensity=0.2, scheduling_period=320, noise_scale=0.1, cox_intensity_mean=0.9, cox_intensity_variance=0.3, cox_grid=(6, 6), region_bounds=(-1.0, 1.0, -1.0, 1.0), batch_mean=4.0, batch_std=0.4, residence_time_mean=4.5)), history_size=10, protocol_count=4, preamble_subset_count=8, total_preambles=64, base_preamble_split=(24, 24, 16), reward_weights={'throughput': 1.0, 'collision': -0.5, 'cfra_mse': -1}, region_transition_matrix=None, coverage_patches=None, coverage_drift_radius=1.0, coverage_cycle_slots=1440.0, coverage_jitter=0.05, coverage_smoothing=0.2, coverage_total_footprint=1.0, backoff_strategy=BackoffStrategyConfig(low=BackoffWindow(min_steps=0, max_steps=4), medium=BackoffWindow(min_steps=1, max_steps=12), high=BackoffWindow(min_steps=6, max_steps=24), collision_threshold_medium=0.05, collision_threshold_high=0.1, max_backlog_steps=48)), preamble_delta_range=3, flatten_observation=True)
2025-11-18 14:27:17.010 | INFO     | __main__:<module>:68 - train_config HPPOConfig(frames_per_batch=4096, mini_batch_size=128, rollout_epochs=8, max_iterations=100, gamma=0.99, gae_lambda=0.95, clip_epsilon=0.2, entropy_coeff=0.01, actor_lr=0.0001, critic_lr=0.0001, device=device(type='cpu'))
2025-11-18 14:27:17.011 | INFO     | __main__:<module>:75 - Config ready | seed=42 frames_per_batch=4096 horizon=256 num_envs=8 backend=parallel parallel=True
2025-11-18 14:28:14.224 | INFO     | __main__:<module>:18 - Logger initialized (level=INFO, file=logs/train.log)
2025-11-18 14:28:14.226 | INFO     | __main__:<module>:45 - env_config SatelliteMACEnvConfig(num_slots_per_step=160, decision_horizon=256, history_len=4, simulator_config=MACSimulatorConfig(regions=(RegionTrafficProfile(name='urban', area_weight=0.4, cbra_density=1.2, pbra_density=1.5, handover_intensity=0.8, scheduling_period=160, noise_scale=0.2, cox_intensity_mean=1.6, cox_intensity_variance=0.7, cox_grid=(10, 10), region_bounds=(-2.0, 2.0, -2.0, 2.0), batch_mean=12.0, batch_std=0.6, residence_time_mean=8.0), RegionTrafficProfile(name='suburban', area_weight=0.35, cbra_density=0.8, pbra_density=0.9, handover_intensity=0.5, scheduling_period=200, noise_scale=0.15, cox_intensity_mean=1.2, cox_intensity_variance=0.5, cox_grid=(8, 8), region_bounds=(-1.5, 1.5, -1.5, 1.5), batch_mean=8.0, batch_std=0.5, residence_time_mean=6.0), RegionTrafficProfile(name='rural', area_weight=0.25, cbra_density=0.3, pbra_density=0.4, handover_intensity=0.2, scheduling_period=320, noise_scale=0.1, cox_intensity_mean=0.9, cox_intensity_variance=0.3, cox_grid=(6, 6), region_bounds=(-1.0, 1.0, -1.0, 1.0), batch_mean=4.0, batch_std=0.4, residence_time_mean=4.5)), history_size=10, protocol_count=4, preamble_subset_count=8, total_preambles=64, base_preamble_split=(24, 24, 16), reward_weights={'throughput': 1.0, 'collision': -0.5, 'cfra_mse': -1}, region_transition_matrix=None, coverage_patches=None, coverage_drift_radius=1.0, coverage_cycle_slots=1440.0, coverage_jitter=0.05, coverage_smoothing=0.2, coverage_total_footprint=1.0, backoff_strategy=BackoffStrategyConfig(low=BackoffWindow(min_steps=0, max_steps=4), medium=BackoffWindow(min_steps=1, max_steps=12), high=BackoffWindow(min_steps=6, max_steps=24), collision_threshold_medium=0.05, collision_threshold_high=0.1, max_backlog_steps=48)), preamble_delta_range=3, flatten_observation=True)
2025-11-18 14:28:14.228 | INFO     | __main__:<module>:68 - train_config HPPOConfig(frames_per_batch=4096, mini_batch_size=128, rollout_epochs=8, max_iterations=100, gamma=0.99, gae_lambda=0.95, clip_epsilon=0.2, entropy_coeff=0.01, actor_lr=0.0001, critic_lr=0.0001, device=device(type='cpu'))
2025-11-18 14:28:14.228 | INFO     | __main__:<module>:75 - Config ready | seed=42 frames_per_batch=4096 horizon=256 num_envs=8 backend=parallel parallel=True
2025-11-18 14:28:25.387 | INFO     | __main__:<module>:18 - Logger initialized (level=INFO, file=logs/train.log)
2025-11-18 14:28:25.388 | INFO     | __main__:<module>:45 - env_config SatelliteMACEnvConfig(num_slots_per_step=160, decision_horizon=256, history_len=4, simulator_config=MACSimulatorConfig(regions=(RegionTrafficProfile(name='urban', area_weight=0.4, cbra_density=1.2, pbra_density=1.5, handover_intensity=0.8, scheduling_period=160, noise_scale=0.2, cox_intensity_mean=1.6, cox_intensity_variance=0.7, cox_grid=(10, 10), region_bounds=(-2.0, 2.0, -2.0, 2.0), batch_mean=12.0, batch_std=0.6, residence_time_mean=8.0), RegionTrafficProfile(name='suburban', area_weight=0.35, cbra_density=0.8, pbra_density=0.9, handover_intensity=0.5, scheduling_period=200, noise_scale=0.15, cox_intensity_mean=1.2, cox_intensity_variance=0.5, cox_grid=(8, 8), region_bounds=(-1.5, 1.5, -1.5, 1.5), batch_mean=8.0, batch_std=0.5, residence_time_mean=6.0), RegionTrafficProfile(name='rural', area_weight=0.25, cbra_density=0.3, pbra_density=0.4, handover_intensity=0.2, scheduling_period=320, noise_scale=0.1, cox_intensity_mean=0.9, cox_intensity_variance=0.3, cox_grid=(6, 6), region_bounds=(-1.0, 1.0, -1.0, 1.0), batch_mean=4.0, batch_std=0.4, residence_time_mean=4.5)), history_size=10, protocol_count=4, preamble_subset_count=8, total_preambles=64, base_preamble_split=(24, 24, 16), reward_weights={'throughput': 1.0, 'collision': -0.5, 'cfra_mse': -1}, region_transition_matrix=None, coverage_patches=None, coverage_drift_radius=1.0, coverage_cycle_slots=1440.0, coverage_jitter=0.05, coverage_smoothing=0.2, coverage_total_footprint=1.0, backoff_strategy=BackoffStrategyConfig(low=BackoffWindow(min_steps=0, max_steps=4), medium=BackoffWindow(min_steps=1, max_steps=12), high=BackoffWindow(min_steps=6, max_steps=24), collision_threshold_medium=0.05, collision_threshold_high=0.1, max_backlog_steps=48)), preamble_delta_range=3, flatten_observation=True)
2025-11-18 14:28:25.390 | INFO     | __main__:<module>:68 - train_config HPPOConfig(frames_per_batch=4096, mini_batch_size=128, rollout_epochs=8, max_iterations=100, gamma=0.99, gae_lambda=0.95, clip_epsilon=0.2, entropy_coeff=0.01, actor_lr=0.0001, critic_lr=0.0001, device=device(type='cpu'))
2025-11-18 14:28:25.391 | INFO     | __main__:<module>:75 - Config ready | seed=42 frames_per_batch=4096 horizon=256 num_envs=8 backend=parallel parallel=True
2025-11-18 14:28:27.798 | INFO     | __main__:<module>:21 - TorchRL env constructed (observation=torch.Size([8, 72]),  num_envs=8, backend=parallel, parallel=True)
2025-11-18 14:28:27.807 | INFO     | __main__:<module>:22 - Starting notebook PPO run
2025-11-18 14:28:32.238 | INFO     | __main__:_log_metrics:20 - iter=0000 reward=1366.0234 ESS=0.0770 acb_factor_mean=0.2797 clip_fraction=0.9062 collision_rate=0.1929 collision_total_mean=373.2180 entropy=-2.1901 explained_variance=-0.4863 kl_approx=72.3852 loss_critic=9031.6680 loss_entropy=0.0219 loss_objective=0.1534 preamble_ratio_cbra=0.0657 preamble_ratio_cfra=0.0278 preamble_ratio_pbra=0.9065 requests_cbra_mean=2012.6287 requests_pbra_mean=2083.7388 success_rate=0.8071 success_total_mean=1561.0853
2025-11-18 14:28:36.774 | INFO     | __main__:_log_metrics:20 - iter=0001 reward=2025.6992 ESS=0.0485 acb_factor_mean=0.3359 clip_fraction=0.9766 collision_rate=0.1703 collision_total_mean=466.5204 entropy=-2.8070 explained_variance=-0.2156 kl_approx=574.8978 loss_critic=17518.3828 loss_entropy=0.0281 loss_objective=0.2776 preamble_ratio_cbra=0.1823 preamble_ratio_cfra=0.0440 preamble_ratio_pbra=0.7736 requests_cbra_mean=2080.9385 requests_pbra_mean=2295.3398 success_rate=0.8297 success_total_mean=2273.4170
2025-11-18 14:28:40.936 | INFO     | __main__:_log_metrics:20 - iter=0002 reward=-9593.2676 ESS=0.7567 acb_factor_mean=0.9207 clip_fraction=0.2812 collision_rate=0.8713 collision_total_mean=25771.5039 entropy=-7.0595 explained_variance=0.4081 kl_approx=37.4705 loss_critic=53223.2188 loss_entropy=0.0706 loss_objective=0.2614 preamble_ratio_cbra=0.7458 preamble_ratio_cfra=0.2387 preamble_ratio_pbra=0.0154 requests_cbra_mean=2356.7153 requests_pbra_mean=25625.0703 success_rate=0.1287 success_total_mean=3806.5659
2025-11-18 14:28:45.175 | INFO     | __main__:_log_metrics:20 - iter=0003 reward=-10208.6592 ESS=0.8353 acb_factor_mean=0.9582 clip_fraction=0.5781 collision_rate=0.8912 collision_total_mean=25985.3477 entropy=-7.0294 explained_variance=0.6288 kl_approx=12.0372 loss_critic=39660.0898 loss_entropy=0.0703 loss_objective=0.1443 preamble_ratio_cbra=0.7981 preamble_ratio_cfra=0.1869 preamble_ratio_pbra=0.0151 requests_cbra_mean=2118.4353 requests_pbra_mean=25682.9629 success_rate=0.1088 success_total_mean=3172.6807
2025-11-18 14:28:49.329 | INFO     | __main__:_log_metrics:20 - iter=0004 reward=-10558.7070 ESS=0.9687 acb_factor_mean=0.9487 clip_fraction=0.0469 collision_rate=0.8909 collision_total_mean=27084.6758 entropy=-7.3703 explained_variance=0.8640 kl_approx=4.4101 loss_critic=48328.7070 loss_entropy=0.0737 loss_objective=0.0365 preamble_ratio_cbra=0.7991 preamble_ratio_cfra=0.1836 preamble_ratio_pbra=0.0173 requests_cbra_mean=2108.9937 requests_pbra_mean=26946.0859 success_rate=0.1091 success_total_mean=3317.8538
2025-11-18 14:28:53.482 | INFO     | __main__:_log_metrics:20 - iter=0005 reward=-11207.7773 ESS=0.9873 acb_factor_mean=0.9660 clip_fraction=0.0156 collision_rate=0.9015 collision_total_mean=28139.2734 entropy=-7.8018 explained_variance=0.9276 kl_approx=0.0570 loss_critic=57459.8047 loss_entropy=0.0780 loss_objective=0.0210 preamble_ratio_cbra=0.8457 preamble_ratio_cfra=0.1384 preamble_ratio_pbra=0.0159 requests_cbra_mean=1974.6724 requests_pbra_mean=28011.9395 success_rate=0.0985 success_total_mean=3074.2673
2025-11-18 14:28:57.680 | INFO     | __main__:_log_metrics:20 - iter=0006 reward=-11437.6484 ESS=0.9765 acb_factor_mean=0.9638 clip_fraction=0.0703 collision_rate=0.9012 collision_total_mean=28842.2676 entropy=-7.8502 explained_variance=0.9691 kl_approx=2.1569 loss_critic=51152.8750 loss_entropy=0.0785 loss_objective=0.0126 preamble_ratio_cbra=0.8482 preamble_ratio_cfra=0.1355 preamble_ratio_pbra=0.0163 requests_cbra_mean=1997.1014 requests_pbra_mean=28697.4785 success_rate=0.0988 success_total_mean=3163.3071
2025-11-18 14:29:02.040 | INFO     | __main__:_log_metrics:20 - iter=0007 reward=-12703.9131 ESS=0.9675 acb_factor_mean=0.9737 clip_fraction=0.0391 collision_rate=0.9106 collision_total_mean=31166.4102 entropy=-7.9922 explained_variance=0.9830 kl_approx=1.1798 loss_critic=55816.9805 loss_entropy=0.0799 loss_objective=0.0398 preamble_ratio_cbra=0.8718 preamble_ratio_cfra=0.1119 preamble_ratio_pbra=0.0163 requests_cbra_mean=2059.3350 requests_pbra_mean=31005.2168 success_rate=0.0894 success_total_mean=3059.7739
2025-11-18 14:29:06.268 | INFO     | __main__:_log_metrics:20 - iter=0008 reward=-11880.4395 ESS=0.9746 acb_factor_mean=0.9692 clip_fraction=0.0781 collision_rate=0.9083 collision_total_mean=29271.1445 entropy=-7.7773 explained_variance=0.9784 kl_approx=0.6388 loss_critic=74475.7812 loss_entropy=0.0778 loss_objective=0.0237 preamble_ratio_cbra=0.8652 preamble_ratio_cfra=0.1190 preamble_ratio_pbra=0.0158 requests_cbra_mean=1976.7527 requests_pbra_mean=29134.3906 success_rate=0.0917 success_total_mean=2956.1729
2025-11-18 14:29:10.454 | INFO     | __main__:_log_metrics:20 - iter=0009 reward=-12468.5801 ESS=0.9784 acb_factor_mean=0.9754 clip_fraction=0.0469 collision_rate=0.9077 collision_total_mean=30842.4512 entropy=-7.9119 explained_variance=0.9852 kl_approx=1.6156 loss_critic=72604.5000 loss_entropy=0.0791 loss_objective=0.0203 preamble_ratio_cbra=0.8706 preamble_ratio_cfra=0.1137 preamble_ratio_pbra=0.0157 requests_cbra_mean=1983.2986 requests_pbra_mean=30660.8320 success_rate=0.0923 success_total_mean=3138.0002
2025-11-18 14:29:14.489 | INFO     | __main__:_log_metrics:20 - iter=0010 reward=-11916.9883 ESS=0.9756 acb_factor_mean=0.9750 clip_fraction=0.0547 collision_rate=0.9112 collision_total_mean=29153.8633 entropy=-7.3697 explained_variance=0.9851 kl_approx=6.0031 loss_critic=82525.1328 loss_entropy=0.0737 loss_objective=0.0196 preamble_ratio_cbra=0.8821 preamble_ratio_cfra=0.1005 preamble_ratio_pbra=0.0174 requests_cbra_mean=1906.5261 requests_pbra_mean=29035.2559 success_rate=0.0888 success_total_mean=2840.3176
2025-11-18 14:29:18.698 | INFO     | __main__:_log_metrics:20 - iter=0011 reward=-11650.2158 ESS=0.9253 acb_factor_mean=0.9692 clip_fraction=0.1172 collision_rate=0.9044 collision_total_mean=29092.7773 entropy=-7.4407 explained_variance=0.9867 kl_approx=5.8385 loss_critic=80317.1562 loss_entropy=0.0744 loss_objective=0.0716 preamble_ratio_cbra=0.8655 preamble_ratio_cfra=0.1169 preamble_ratio_pbra=0.0177 requests_cbra_mean=1975.8320 requests_pbra_mean=28964.5352 success_rate=0.0956 success_total_mean=3076.6060
2025-11-18 14:29:22.864 | INFO     | __main__:_log_metrics:20 - iter=0012 reward=-13462.5381 ESS=0.9650 acb_factor_mean=0.9772 clip_fraction=0.1094 collision_rate=0.9180 collision_total_mean=32568.8418 entropy=-8.0447 explained_variance=0.9854 kl_approx=0.0626 loss_critic=103687.9297 loss_entropy=0.0804 loss_objective=0.0529 preamble_ratio_cbra=0.9075 preamble_ratio_cfra=0.0749 preamble_ratio_pbra=0.0175 requests_cbra_mean=2075.5222 requests_pbra_mean=32416.2637 success_rate=0.0820 success_total_mean=2909.2739
2025-11-18 14:29:27.158 | INFO     | __main__:_log_metrics:20 - iter=0013 reward=-11785.7539 ESS=0.9125 acb_factor_mean=0.9760 clip_fraction=0.0859 collision_rate=0.9128 collision_total_mean=28955.1777 entropy=-7.9132 explained_variance=0.9831 kl_approx=0.3046 loss_critic=96355.8125 loss_entropy=0.0791 loss_objective=0.0368 preamble_ratio_cbra=0.9074 preamble_ratio_cfra=0.0745 preamble_ratio_pbra=0.0181 requests_cbra_mean=1850.9604 requests_pbra_mean=28867.8379 success_rate=0.0872 success_total_mean=2767.2180
2025-11-18 14:29:31.310 | INFO     | __main__:_log_metrics:20 - iter=0014 reward=-12277.8125 ESS=0.9025 acb_factor_mean=0.9776 clip_fraction=0.1016 collision_rate=0.9143 collision_total_mean=30055.7754 entropy=-7.7518 explained_variance=0.9823 kl_approx=17.4713 loss_critic=112857.8984 loss_entropy=0.0775 loss_objective=0.0676 preamble_ratio_cbra=0.9146 preamble_ratio_cfra=0.0676 preamble_ratio_pbra=0.0178 requests_cbra_mean=1904.3376 requests_pbra_mean=29954.1152 success_rate=0.0857 success_total_mean=2816.9014
2025-11-18 14:29:35.485 | INFO     | __main__:_log_metrics:20 - iter=0015 reward=-12414.4248 ESS=0.9628 acb_factor_mean=0.9833 clip_fraction=0.0625 collision_rate=0.9177 collision_total_mean=30103.9785 entropy=-8.0302 explained_variance=0.9876 kl_approx=1.0936 loss_critic=107031.2812 loss_entropy=0.0803 loss_objective=0.0325 preamble_ratio_cbra=0.9216 preamble_ratio_cfra=0.0611 preamble_ratio_pbra=0.0174 requests_cbra_mean=1870.7402 requests_pbra_mean=30014.2344 success_rate=0.0823 success_total_mean=2701.3423
2025-11-18 14:29:39.928 | INFO     | __main__:_log_metrics:20 - iter=0016 reward=-12742.5439 ESS=0.9652 acb_factor_mean=0.9847 clip_fraction=0.0312 collision_rate=0.9228 collision_total_mean=30494.8203 entropy=-8.2717 explained_variance=0.9831 kl_approx=0.3787 loss_critic=115273.3750 loss_entropy=0.0827 loss_objective=-0.0035 preamble_ratio_cbra=0.9319 preamble_ratio_cfra=0.0492 preamble_ratio_pbra=0.0188 requests_cbra_mean=1878.0013 requests_pbra_mean=30386.6934 success_rate=0.0772 success_total_mean=2550.8716
2025-11-18 14:29:44.249 | INFO     | __main__:_log_metrics:20 - iter=0017 reward=-12214.3408 ESS=0.9579 acb_factor_mean=0.9836 clip_fraction=0.0469 collision_rate=0.9204 collision_total_mean=29433.3711 entropy=-8.1159 explained_variance=0.9850 kl_approx=7.6418 loss_critic=105020.3516 loss_entropy=0.0812 loss_objective=0.0152 preamble_ratio_cbra=0.9324 preamble_ratio_cfra=0.0473 preamble_ratio_pbra=0.0203 requests_cbra_mean=1838.8937 requests_pbra_mean=29358.7695 success_rate=0.0796 success_total_mean=2544.5476
2025-11-18 14:29:48.553 | INFO     | __main__:_log_metrics:20 - iter=0018 reward=-12929.2676 ESS=0.9833 acb_factor_mean=0.9881 clip_fraction=0.0234 collision_rate=0.9218 collision_total_mean=31002.2715 entropy=-8.0886 explained_variance=0.9879 kl_approx=2.8687 loss_critic=113628.1719 loss_entropy=0.0809 loss_objective=0.0134 preamble_ratio_cbra=0.9285 preamble_ratio_cfra=0.0526 preamble_ratio_pbra=0.0189 requests_cbra_mean=1890.0229 requests_pbra_mean=30877.5254 success_rate=0.0782 success_total_mean=2631.6067
2025-11-18 14:29:52.543 | INFO     | __main__:_log_metrics:20 - iter=0019 reward=-13395.7363 ESS=0.9669 acb_factor_mean=0.9909 clip_fraction=0.0312 collision_rate=0.9223 collision_total_mean=32093.6230 entropy=-8.4008 explained_variance=0.9850 kl_approx=0.9119 loss_critic=119476.0469 loss_entropy=0.0840 loss_objective=-0.0038 preamble_ratio_cbra=0.9266 preamble_ratio_cfra=0.0552 preamble_ratio_pbra=0.0182 requests_cbra_mean=1954.8071 requests_pbra_mean=31933.0938 success_rate=0.0777 success_total_mean=2705.3110
2025-11-18 14:29:56.568 | INFO     | __main__:_log_metrics:20 - iter=0020 reward=-13219.3750 ESS=0.9602 acb_factor_mean=0.9947 clip_fraction=0.0703 collision_rate=0.9225 collision_total_mean=31658.9688 entropy=-8.2520 explained_variance=0.9865 kl_approx=3.6014 loss_critic=121008.0156 loss_entropy=0.0825 loss_objective=0.0034 preamble_ratio_cbra=0.9275 preamble_ratio_cfra=0.0539 preamble_ratio_pbra=0.0186 requests_cbra_mean=1974.5637 requests_pbra_mean=31456.9727 success_rate=0.0775 success_total_mean=2659.3743
2025-11-18 14:30:00.745 | INFO     | __main__:_log_metrics:20 - iter=0021 reward=-13314.7148 ESS=0.9689 acb_factor_mean=0.9945 clip_fraction=0.0547 collision_rate=0.9255 collision_total_mean=31656.0234 entropy=-8.2199 explained_variance=0.9854 kl_approx=4.5533 loss_critic=128280.0859 loss_entropy=0.0822 loss_objective=0.0157 preamble_ratio_cbra=0.9409 preamble_ratio_cfra=0.0416 preamble_ratio_pbra=0.0174 requests_cbra_mean=1916.2581 requests_pbra_mean=31529.6602 success_rate=0.0745 success_total_mean=2549.8142
2025-11-18 14:30:05.038 | INFO     | __main__:_log_metrics:20 - iter=0022 reward=-12145.5918 ESS=0.9691 acb_factor_mean=0.9906 clip_fraction=0.0781 collision_rate=0.9193 collision_total_mean=29310.7070 entropy=-8.1614 explained_variance=0.9886 kl_approx=6.4007 loss_critic=102834.8672 loss_entropy=0.0816 loss_objective=0.0127 preamble_ratio_cbra=0.9223 preamble_ratio_cfra=0.0590 preamble_ratio_pbra=0.0187 requests_cbra_mean=1782.2202 requests_pbra_mean=29237.4609 success_rate=0.0807 success_total_mean=2574.5713
2025-11-18 14:30:09.132 | INFO     | __main__:_log_metrics:20 - iter=0023 reward=-12326.0859 ESS=0.9668 acb_factor_mean=0.9926 clip_fraction=0.0391 collision_rate=0.9169 collision_total_mean=29942.6523 entropy=-8.0930 explained_variance=0.9856 kl_approx=19.3398 loss_critic=119597.0625 loss_entropy=0.0809 loss_objective=-0.0019 preamble_ratio_cbra=0.9197 preamble_ratio_cfra=0.0620 preamble_ratio_pbra=0.0183 requests_cbra_mean=1848.6021 requests_pbra_mean=29840.7129 success_rate=0.0831 success_total_mean=2713.1489
2025-11-18 14:30:13.272 | INFO     | __main__:_log_metrics:20 - iter=0024 reward=-12951.4023 ESS=0.9974 acb_factor_mean=0.9955 clip_fraction=0.0078 collision_rate=0.9217 collision_total_mean=31103.6328 entropy=-8.1215 explained_variance=0.9846 kl_approx=0.0039 loss_critic=141597.8594 loss_entropy=0.0812 loss_objective=-0.0103 preamble_ratio_cbra=0.9363 preamble_ratio_cfra=0.0451 preamble_ratio_pbra=0.0186 requests_cbra_mean=1897.9165 requests_pbra_mean=30980.2461 success_rate=0.0783 success_total_mean=2643.0872
2025-11-18 14:30:17.412 | INFO     | __main__:_log_metrics:20 - iter=0025 reward=-13805.8857 ESS=0.9964 acb_factor_mean=0.9954 clip_fraction=0.0156 collision_rate=0.9244 collision_total_mean=32900.3203 entropy=-8.4909 explained_variance=0.9842 kl_approx=-0.0017 loss_critic=131343.1562 loss_entropy=0.0849 loss_objective=0.0000 preamble_ratio_cbra=0.9324 preamble_ratio_cfra=0.0509 preamble_ratio_pbra=0.0166 requests_cbra_mean=1943.5459 requests_pbra_mean=32737.1660 success_rate=0.0756 success_total_mean=2692.1167
2025-11-18 14:30:21.490 | INFO     | __main__:_log_metrics:20 - iter=0026 reward=-13358.7393 ESS=0.9989 acb_factor_mean=0.9947 clip_fraction=0.0078 collision_rate=0.9238 collision_total_mean=31893.8848 entropy=-8.3436 explained_variance=0.9884 kl_approx=-0.0037 loss_critic=125489.1016 loss_entropy=0.0834 loss_objective=-0.0044 preamble_ratio_cbra=0.9339 preamble_ratio_cfra=0.0485 preamble_ratio_pbra=0.0177 requests_cbra_mean=1975.6213 requests_pbra_mean=31738.9238 success_rate=0.0762 success_total_mean=2628.9526
2025-11-18 14:30:25.578 | INFO     | __main__:_log_metrics:20 - iter=0027 reward=-13793.8125 ESS=0.9887 acb_factor_mean=0.9956 clip_fraction=0.0234 collision_rate=0.9242 collision_total_mean=32893.9570 entropy=-8.4353 explained_variance=0.9865 kl_approx=-0.0051 loss_critic=139538.0000 loss_entropy=0.0844 loss_objective=-0.0116 preamble_ratio_cbra=0.9330 preamble_ratio_cfra=0.0480 preamble_ratio_pbra=0.0189 requests_cbra_mean=2020.8785 requests_pbra_mean=32711.5508 success_rate=0.0758 success_total_mean=2696.9868
2025-11-18 14:30:29.893 | INFO     | __main__:_log_metrics:20 - iter=0028 reward=-13419.4004 ESS=0.9989 acb_factor_mean=0.9950 clip_fraction=0.0000 collision_rate=0.9234 collision_total_mean=32098.6953 entropy=-8.2215 explained_variance=0.9848 kl_approx=0.0004 loss_critic=136342.1406 loss_entropy=0.0822 loss_objective=-0.0037 preamble_ratio_cbra=0.9382 preamble_ratio_cfra=0.0449 preamble_ratio_pbra=0.0169 requests_cbra_mean=1905.1292 requests_pbra_mean=31977.3555 success_rate=0.0766 success_total_mean=2662.8037
2025-11-18 14:30:34.270 | INFO     | __main__:_log_metrics:20 - iter=0029 reward=-12164.0068 ESS=0.9985 acb_factor_mean=0.9949 clip_fraction=0.0000 collision_rate=0.9192 collision_total_mean=29395.4375 entropy=-8.1523 explained_variance=0.9838 kl_approx=-0.0021 loss_critic=137431.4531 loss_entropy=0.0815 loss_objective=0.0007 preamble_ratio_cbra=0.9277 preamble_ratio_cfra=0.0546 preamble_ratio_pbra=0.0177 requests_cbra_mean=1836.8051 requests_pbra_mean=29278.3926 success_rate=0.0808 success_total_mean=2584.9390
2025-11-18 14:30:38.583 | INFO     | __main__:_log_metrics:20 - iter=0030 reward=-13159.5967 ESS=0.9542 acb_factor_mean=0.9952 clip_fraction=0.1328 collision_rate=0.9223 collision_total_mean=31536.3906 entropy=-8.1712 explained_variance=0.9844 kl_approx=-0.0161 loss_critic=155516.5312 loss_entropy=0.0817 loss_objective=0.0129 preamble_ratio_cbra=0.9317 preamble_ratio_cfra=0.0499 preamble_ratio_pbra=0.0184 requests_cbra_mean=1923.2085 requests_pbra_mean=31362.3145 success_rate=0.0777 success_total_mean=2655.0891
2025-11-18 14:30:42.978 | INFO     | __main__:_log_metrics:20 - iter=0031 reward=-13173.4395 ESS=0.9905 acb_factor_mean=0.9937 clip_fraction=0.0547 collision_rate=0.9209 collision_total_mean=31718.9180 entropy=-8.2513 explained_variance=0.9856 kl_approx=0.0110 loss_critic=137302.0156 loss_entropy=0.0825 loss_objective=-0.0014 preamble_ratio_cbra=0.9334 preamble_ratio_cfra=0.0481 preamble_ratio_pbra=0.0185 requests_cbra_mean=1929.5479 requests_pbra_mean=31585.1680 success_rate=0.0791 success_total_mean=2725.0688
2025-11-18 14:30:47.125 | INFO     | __main__:_log_metrics:20 - iter=0032 reward=-12114.8398 ESS=0.9952 acb_factor_mean=0.9926 clip_fraction=0.0078 collision_rate=0.9208 collision_total_mean=29155.2422 entropy=-8.1492 explained_variance=0.9823 kl_approx=0.0127 loss_critic=157738.2812 loss_entropy=0.0815 loss_objective=0.0048 preamble_ratio_cbra=0.9362 preamble_ratio_cfra=0.0458 preamble_ratio_pbra=0.0180 requests_cbra_mean=1826.7839 requests_pbra_mean=29081.5664 success_rate=0.0792 success_total_mean=2506.6519
2025-11-18 14:31:33.473 | INFO     | __main__:<module>:18 - Logger initialized (level=INFO, file=logs/train.log)
2025-11-18 14:31:33.474 | INFO     | __main__:<module>:45 - env_config SatelliteMACEnvConfig(num_slots_per_step=160, decision_horizon=256, history_len=4, simulator_config=MACSimulatorConfig(regions=(RegionTrafficProfile(name='urban', area_weight=0.4, cbra_density=1.2, pbra_density=1.5, handover_intensity=0.8, scheduling_period=160, noise_scale=0.2, cox_intensity_mean=1.6, cox_intensity_variance=0.7, cox_grid=(10, 10), region_bounds=(-2.0, 2.0, -2.0, 2.0), batch_mean=12.0, batch_std=0.6, residence_time_mean=8.0), RegionTrafficProfile(name='suburban', area_weight=0.35, cbra_density=0.8, pbra_density=0.9, handover_intensity=0.5, scheduling_period=200, noise_scale=0.15, cox_intensity_mean=1.2, cox_intensity_variance=0.5, cox_grid=(8, 8), region_bounds=(-1.5, 1.5, -1.5, 1.5), batch_mean=8.0, batch_std=0.5, residence_time_mean=6.0), RegionTrafficProfile(name='rural', area_weight=0.25, cbra_density=0.3, pbra_density=0.4, handover_intensity=0.2, scheduling_period=320, noise_scale=0.1, cox_intensity_mean=0.9, cox_intensity_variance=0.3, cox_grid=(6, 6), region_bounds=(-1.0, 1.0, -1.0, 1.0), batch_mean=4.0, batch_std=0.4, residence_time_mean=4.5)), history_size=10, protocol_count=4, preamble_subset_count=8, total_preambles=64, base_preamble_split=(24, 24, 16), reward_weights={'throughput': 1.0, 'collision': -0.5, 'cfra_mse': -1}, region_transition_matrix=None, coverage_patches=None, coverage_drift_radius=1.0, coverage_cycle_slots=1440.0, coverage_jitter=0.05, coverage_smoothing=0.2, coverage_total_footprint=1.0, backoff_strategy=BackoffStrategyConfig(low=BackoffWindow(min_steps=0, max_steps=4), medium=BackoffWindow(min_steps=1, max_steps=12), high=BackoffWindow(min_steps=6, max_steps=24), collision_threshold_medium=0.05, collision_threshold_high=0.1, max_backlog_steps=48)), preamble_delta_range=3, flatten_observation=True)
2025-11-18 14:31:33.476 | INFO     | __main__:<module>:68 - train_config HPPOConfig(frames_per_batch=4096, mini_batch_size=128, rollout_epochs=8, max_iterations=100, gamma=0.99, gae_lambda=0.95, clip_epsilon=0.2, entropy_coeff=0.01, actor_lr=0.0001, critic_lr=0.0001, device=device(type='cpu'))
2025-11-18 14:31:33.476 | INFO     | __main__:<module>:75 - Config ready | seed=42 frames_per_batch=4096 horizon=256 num_envs=8 backend=parallel parallel=True
2025-11-18 14:31:35.906 | INFO     | __main__:<module>:21 - TorchRL env constructed (observation=torch.Size([8, 72]),  num_envs=8, backend=parallel, parallel=True)
2025-11-18 14:31:35.916 | INFO     | __main__:<module>:22 - Starting notebook PPO run
2025-11-18 14:31:40.492 | INFO     | __main__:_log_metrics:20 - iter=0000 reward=1366.0234 ESS=0.0770 acb_factor_mean=0.2797 clip_fraction=0.9062 collision_rate=0.1929 collision_total_mean=373.2180 entropy=-2.1901 explained_variance=-0.4863 kl_approx=72.3852 loss_critic=9031.6680 loss_entropy=0.0219 loss_objective=0.1534 preamble_ratio_cbra=0.0657 preamble_ratio_cfra=0.0278 preamble_ratio_pbra=0.9065 requests_cbra_mean=2012.6287 requests_pbra_mean=2083.7388 success_rate=0.8071 success_total_mean=1561.0853
2025-11-18 14:31:45.083 | INFO     | __main__:_log_metrics:20 - iter=0001 reward=2025.6992 ESS=0.0485 acb_factor_mean=0.3359 clip_fraction=0.9766 collision_rate=0.1703 collision_total_mean=466.5204 entropy=-2.8070 explained_variance=-0.2156 kl_approx=574.8978 loss_critic=17518.3828 loss_entropy=0.0281 loss_objective=0.2776 preamble_ratio_cbra=0.1823 preamble_ratio_cfra=0.0440 preamble_ratio_pbra=0.7736 requests_cbra_mean=2080.9385 requests_pbra_mean=2295.3398 success_rate=0.8297 success_total_mean=2273.4170
2025-11-18 14:31:49.355 | INFO     | __main__:_log_metrics:20 - iter=0002 reward=-9593.2676 ESS=0.7567 acb_factor_mean=0.9207 clip_fraction=0.2812 collision_rate=0.8713 collision_total_mean=25771.5039 entropy=-7.0595 explained_variance=0.4081 kl_approx=37.4705 loss_critic=53223.2188 loss_entropy=0.0706 loss_objective=0.2614 preamble_ratio_cbra=0.7458 preamble_ratio_cfra=0.2387 preamble_ratio_pbra=0.0154 requests_cbra_mean=2356.7153 requests_pbra_mean=25625.0703 success_rate=0.1287 success_total_mean=3806.5659
2025-11-18 14:31:53.814 | INFO     | __main__:_log_metrics:20 - iter=0003 reward=-10208.6592 ESS=0.8353 acb_factor_mean=0.9582 clip_fraction=0.5781 collision_rate=0.8912 collision_total_mean=25985.3477 entropy=-7.0294 explained_variance=0.6288 kl_approx=12.0372 loss_critic=39660.0898 loss_entropy=0.0703 loss_objective=0.1443 preamble_ratio_cbra=0.7981 preamble_ratio_cfra=0.1869 preamble_ratio_pbra=0.0151 requests_cbra_mean=2118.4353 requests_pbra_mean=25682.9629 success_rate=0.1088 success_total_mean=3172.6807
2025-11-18 14:32:48.140 | INFO     | __main__:<module>:18 - Logger initialized (level=INFO, file=logs/train.log)
2025-11-18 14:32:48.140 | INFO     | __main__:<module>:45 - env_config SatelliteMACEnvConfig(num_slots_per_step=160, decision_horizon=256, history_len=4, simulator_config=MACSimulatorConfig(regions=(RegionTrafficProfile(name='urban', area_weight=0.4, cbra_density=1.2, pbra_density=1.5, handover_intensity=0.8, scheduling_period=160, noise_scale=0.2, cox_intensity_mean=1.6, cox_intensity_variance=0.7, cox_grid=(10, 10), region_bounds=(-2.0, 2.0, -2.0, 2.0), batch_mean=12.0, batch_std=0.6, residence_time_mean=8.0), RegionTrafficProfile(name='suburban', area_weight=0.35, cbra_density=0.8, pbra_density=0.9, handover_intensity=0.5, scheduling_period=200, noise_scale=0.15, cox_intensity_mean=1.2, cox_intensity_variance=0.5, cox_grid=(8, 8), region_bounds=(-1.5, 1.5, -1.5, 1.5), batch_mean=8.0, batch_std=0.5, residence_time_mean=6.0), RegionTrafficProfile(name='rural', area_weight=0.25, cbra_density=0.3, pbra_density=0.4, handover_intensity=0.2, scheduling_period=320, noise_scale=0.1, cox_intensity_mean=0.9, cox_intensity_variance=0.3, cox_grid=(6, 6), region_bounds=(-1.0, 1.0, -1.0, 1.0), batch_mean=4.0, batch_std=0.4, residence_time_mean=4.5)), history_size=10, protocol_count=4, preamble_subset_count=8, total_preambles=64, base_preamble_split=(24, 24, 16), reward_weights={'throughput': 1.0, 'collision': -0.5, 'cfra_mse': -1}, region_transition_matrix=None, coverage_patches=None, coverage_drift_radius=1.0, coverage_cycle_slots=1440.0, coverage_jitter=0.05, coverage_smoothing=0.2, coverage_total_footprint=1.0, backoff_strategy=BackoffStrategyConfig(low=BackoffWindow(min_steps=0, max_steps=4), medium=BackoffWindow(min_steps=1, max_steps=12), high=BackoffWindow(min_steps=6, max_steps=24), collision_threshold_medium=0.05, collision_threshold_high=0.1, max_backlog_steps=48)), preamble_delta_range=3, flatten_observation=True)
2025-11-18 14:32:48.142 | INFO     | __main__:<module>:68 - train_config HPPOConfig(frames_per_batch=4096, mini_batch_size=128, rollout_epochs=8, max_iterations=100, gamma=0.99, gae_lambda=0.95, clip_epsilon=0.2, entropy_coeff=0.01, actor_lr=0.0001, critic_lr=0.0001, device=device(type='cpu'))
2025-11-18 14:32:48.143 | INFO     | __main__:<module>:75 - Config ready | seed=42 frames_per_batch=4096 horizon=256 num_envs=8 backend=parallel parallel=True
2025-11-18 14:32:50.600 | INFO     | __main__:<module>:21 - TorchRL env constructed (observation=torch.Size([8, 72]),  num_envs=8, backend=parallel, parallel=True)
2025-11-18 14:32:50.610 | INFO     | __main__:<module>:22 - Starting notebook PPO run
2025-11-18 14:32:55.151 | INFO     | __main__:_log_metrics:20 - iter=0000 reward=1366.0234 ESS=0.0770 acb_factor_mean=0.2797 clip_fraction=0.9062 collision_rate=0.1929 collision_total_mean=373.2180 entropy=-2.1901 explained_variance=-0.4863 kl_approx=72.3852 loss_critic=9031.6680 loss_entropy=0.0219 loss_objective=0.1534 preamble_cbra=4.0000 preamble_cfra=1.0000 preamble_pbra=58.0000 requests_cbra=2012.6287 requests_pbra=2083.7388 success_rate=0.8071 success_total_mean=1561.0853
2025-11-18 14:32:59.595 | INFO     | __main__:_log_metrics:20 - iter=0001 reward=2025.6992 ESS=0.0485 acb_factor_mean=0.3359 clip_fraction=0.9766 collision_rate=0.1703 collision_total_mean=466.5204 entropy=-2.8070 explained_variance=-0.2156 kl_approx=574.8978 loss_critic=17518.3828 loss_entropy=0.0281 loss_objective=0.2776 preamble_cbra=11.0000 preamble_cfra=2.0000 preamble_pbra=49.0000 requests_cbra=2080.9385 requests_pbra=2295.3398 success_rate=0.8297 success_total_mean=2273.4170
2025-11-18 14:33:03.900 | INFO     | __main__:_log_metrics:20 - iter=0002 reward=-9593.2676 ESS=0.7567 acb_factor_mean=0.9207 clip_fraction=0.2812 collision_rate=0.8713 collision_total_mean=25771.5039 entropy=-7.0595 explained_variance=0.4081 kl_approx=37.4705 loss_critic=53223.2188 loss_entropy=0.0706 loss_objective=0.2614 preamble_cbra=47.0000 preamble_cfra=15.0000 preamble_pbra=0.0000 requests_cbra=2356.7153 requests_pbra=25625.0703 success_rate=0.1287 success_total_mean=3806.5659
2025-11-18 14:33:08.037 | INFO     | __main__:_log_metrics:20 - iter=0003 reward=-10208.6592 ESS=0.8353 acb_factor_mean=0.9582 clip_fraction=0.5781 collision_rate=0.8912 collision_total_mean=25985.3477 entropy=-7.0294 explained_variance=0.6288 kl_approx=12.0372 loss_critic=39660.0898 loss_entropy=0.0703 loss_objective=0.1443 preamble_cbra=51.0000 preamble_cfra=11.0000 preamble_pbra=0.0000 requests_cbra=2118.4353 requests_pbra=25682.9629 success_rate=0.1088 success_total_mean=3172.6807
2025-11-18 14:33:12.186 | INFO     | __main__:_log_metrics:20 - iter=0004 reward=-10558.7070 ESS=0.9687 acb_factor_mean=0.9487 clip_fraction=0.0469 collision_rate=0.8909 collision_total_mean=27084.6758 entropy=-7.3703 explained_variance=0.8640 kl_approx=4.4101 loss_critic=48328.7070 loss_entropy=0.0737 loss_objective=0.0365 preamble_cbra=51.0000 preamble_cfra=11.0000 preamble_pbra=1.0000 requests_cbra=2108.9937 requests_pbra=26946.0859 success_rate=0.1091 success_total_mean=3317.8538
2025-11-18 14:33:16.387 | INFO     | __main__:_log_metrics:20 - iter=0005 reward=-11207.7773 ESS=0.9873 acb_factor_mean=0.9660 clip_fraction=0.0156 collision_rate=0.9015 collision_total_mean=28139.2734 entropy=-7.8018 explained_variance=0.9276 kl_approx=0.0570 loss_critic=57459.8047 loss_entropy=0.0780 loss_objective=0.0210 preamble_cbra=54.0000 preamble_cfra=8.0000 preamble_pbra=1.0000 requests_cbra=1974.6724 requests_pbra=28011.9395 success_rate=0.0985 success_total_mean=3074.2673
2025-11-18 14:33:20.437 | INFO     | __main__:_log_metrics:20 - iter=0006 reward=-11437.6484 ESS=0.9765 acb_factor_mean=0.9638 clip_fraction=0.0703 collision_rate=0.9012 collision_total_mean=28842.2676 entropy=-7.8502 explained_variance=0.9691 kl_approx=2.1569 loss_critic=51152.8750 loss_entropy=0.0785 loss_objective=0.0126 preamble_cbra=54.0000 preamble_cfra=8.0000 preamble_pbra=1.0000 requests_cbra=1997.1014 requests_pbra=28697.4785 success_rate=0.0988 success_total_mean=3163.3071
2025-11-18 14:33:24.574 | INFO     | __main__:_log_metrics:20 - iter=0007 reward=-12703.9131 ESS=0.9675 acb_factor_mean=0.9737 clip_fraction=0.0391 collision_rate=0.9106 collision_total_mean=31166.4102 entropy=-7.9922 explained_variance=0.9830 kl_approx=1.1798 loss_critic=55816.9805 loss_entropy=0.0799 loss_objective=0.0398 preamble_cbra=55.0000 preamble_cfra=7.0000 preamble_pbra=1.0000 requests_cbra=2059.3350 requests_pbra=31005.2168 success_rate=0.0894 success_total_mean=3059.7739
2025-11-18 14:33:28.665 | INFO     | __main__:_log_metrics:20 - iter=0008 reward=-11880.4395 ESS=0.9746 acb_factor_mean=0.9692 clip_fraction=0.0781 collision_rate=0.9083 collision_total_mean=29271.1445 entropy=-7.7773 explained_variance=0.9784 kl_approx=0.6388 loss_critic=74475.7812 loss_entropy=0.0778 loss_objective=0.0237 preamble_cbra=55.0000 preamble_cfra=7.0000 preamble_pbra=1.0000 requests_cbra=1976.7527 requests_pbra=29134.3906 success_rate=0.0917 success_total_mean=2956.1729
2025-11-18 14:33:32.752 | INFO     | __main__:_log_metrics:20 - iter=0009 reward=-12468.5801 ESS=0.9784 acb_factor_mean=0.9754 clip_fraction=0.0469 collision_rate=0.9077 collision_total_mean=30842.4512 entropy=-7.9119 explained_variance=0.9852 kl_approx=1.6156 loss_critic=72604.5000 loss_entropy=0.0791 loss_objective=0.0203 preamble_cbra=55.0000 preamble_cfra=7.0000 preamble_pbra=1.0000 requests_cbra=1983.2986 requests_pbra=30660.8320 success_rate=0.0923 success_total_mean=3138.0002
2025-11-18 14:33:36.771 | INFO     | __main__:_log_metrics:20 - iter=0010 reward=-11916.9883 ESS=0.9756 acb_factor_mean=0.9750 clip_fraction=0.0547 collision_rate=0.9112 collision_total_mean=29153.8633 entropy=-7.3697 explained_variance=0.9851 kl_approx=6.0031 loss_critic=82525.1328 loss_entropy=0.0737 loss_objective=0.0196 preamble_cbra=56.0000 preamble_cfra=6.0000 preamble_pbra=1.0000 requests_cbra=1906.5261 requests_pbra=29035.2559 success_rate=0.0888 success_total_mean=2840.3176
2025-11-18 14:33:40.781 | INFO     | __main__:_log_metrics:20 - iter=0011 reward=-11650.2158 ESS=0.9253 acb_factor_mean=0.9692 clip_fraction=0.1172 collision_rate=0.9044 collision_total_mean=29092.7773 entropy=-7.4407 explained_variance=0.9867 kl_approx=5.8385 loss_critic=80317.1562 loss_entropy=0.0744 loss_objective=0.0716 preamble_cbra=55.0000 preamble_cfra=7.0000 preamble_pbra=1.0000 requests_cbra=1975.8320 requests_pbra=28964.5352 success_rate=0.0956 success_total_mean=3076.6060
2025-11-18 14:33:44.808 | INFO     | __main__:_log_metrics:20 - iter=0012 reward=-13462.5381 ESS=0.9650 acb_factor_mean=0.9772 clip_fraction=0.1094 collision_rate=0.9180 collision_total_mean=32568.8418 entropy=-8.0447 explained_variance=0.9854 kl_approx=0.0626 loss_critic=103687.9297 loss_entropy=0.0804 loss_objective=0.0529 preamble_cbra=58.0000 preamble_cfra=4.0000 preamble_pbra=1.0000 requests_cbra=2075.5222 requests_pbra=32416.2637 success_rate=0.0820 success_total_mean=2909.2739
2025-11-18 14:33:48.907 | INFO     | __main__:_log_metrics:20 - iter=0013 reward=-11785.7539 ESS=0.9125 acb_factor_mean=0.9760 clip_fraction=0.0859 collision_rate=0.9128 collision_total_mean=28955.1777 entropy=-7.9132 explained_variance=0.9831 kl_approx=0.3046 loss_critic=96355.8125 loss_entropy=0.0791 loss_objective=0.0368 preamble_cbra=58.0000 preamble_cfra=4.0000 preamble_pbra=1.0000 requests_cbra=1850.9604 requests_pbra=28867.8379 success_rate=0.0872 success_total_mean=2767.2180
2025-11-18 14:33:52.969 | INFO     | __main__:_log_metrics:20 - iter=0014 reward=-12277.8125 ESS=0.9025 acb_factor_mean=0.9776 clip_fraction=0.1016 collision_rate=0.9143 collision_total_mean=30055.7754 entropy=-7.7518 explained_variance=0.9823 kl_approx=17.4713 loss_critic=112857.8984 loss_entropy=0.0775 loss_objective=0.0676 preamble_cbra=58.0000 preamble_cfra=4.0000 preamble_pbra=1.0000 requests_cbra=1904.3376 requests_pbra=29954.1152 success_rate=0.0857 success_total_mean=2816.9014
2025-11-18 14:33:56.972 | INFO     | __main__:_log_metrics:20 - iter=0015 reward=-12414.4248 ESS=0.9628 acb_factor_mean=0.9833 clip_fraction=0.0625 collision_rate=0.9177 collision_total_mean=30103.9785 entropy=-8.0302 explained_variance=0.9876 kl_approx=1.0936 loss_critic=107031.2812 loss_entropy=0.0803 loss_objective=0.0325 preamble_cbra=58.0000 preamble_cfra=3.0000 preamble_pbra=1.0000 requests_cbra=1870.7402 requests_pbra=30014.2344 success_rate=0.0823 success_total_mean=2701.3423
2025-11-18 14:34:00.899 | INFO     | __main__:_log_metrics:20 - iter=0016 reward=-12742.5439 ESS=0.9652 acb_factor_mean=0.9847 clip_fraction=0.0312 collision_rate=0.9228 collision_total_mean=30494.8203 entropy=-8.2717 explained_variance=0.9831 kl_approx=0.3787 loss_critic=115273.3750 loss_entropy=0.0827 loss_objective=-0.0035 preamble_cbra=59.0000 preamble_cfra=3.0000 preamble_pbra=1.0000 requests_cbra=1878.0013 requests_pbra=30386.6934 success_rate=0.0772 success_total_mean=2550.8716
2025-11-18 14:34:04.909 | INFO     | __main__:_log_metrics:20 - iter=0017 reward=-12214.3408 ESS=0.9579 acb_factor_mean=0.9836 clip_fraction=0.0469 collision_rate=0.9204 collision_total_mean=29433.3711 entropy=-8.1159 explained_variance=0.9850 kl_approx=7.6418 loss_critic=105020.3516 loss_entropy=0.0812 loss_objective=0.0152 preamble_cbra=59.0000 preamble_cfra=3.0000 preamble_pbra=1.0000 requests_cbra=1838.8937 requests_pbra=29358.7695 success_rate=0.0796 success_total_mean=2544.5476
2025-11-18 14:34:08.974 | INFO     | __main__:_log_metrics:20 - iter=0018 reward=-12929.2676 ESS=0.9833 acb_factor_mean=0.9881 clip_fraction=0.0234 collision_rate=0.9218 collision_total_mean=31002.2715 entropy=-8.0886 explained_variance=0.9879 kl_approx=2.8687 loss_critic=113628.1719 loss_entropy=0.0809 loss_objective=0.0134 preamble_cbra=59.0000 preamble_cfra=3.0000 preamble_pbra=1.0000 requests_cbra=1890.0229 requests_pbra=30877.5254 success_rate=0.0782 success_total_mean=2631.6067
2025-11-18 14:34:13.035 | INFO     | __main__:_log_metrics:20 - iter=0019 reward=-13395.7363 ESS=0.9669 acb_factor_mean=0.9909 clip_fraction=0.0312 collision_rate=0.9223 collision_total_mean=32093.6230 entropy=-8.4008 explained_variance=0.9850 kl_approx=0.9119 loss_critic=119476.0469 loss_entropy=0.0840 loss_objective=-0.0038 preamble_cbra=59.0000 preamble_cfra=3.0000 preamble_pbra=1.0000 requests_cbra=1954.8071 requests_pbra=31933.0938 success_rate=0.0777 success_total_mean=2705.3110
2025-11-18 14:34:17.062 | INFO     | __main__:_log_metrics:20 - iter=0020 reward=-13219.3750 ESS=0.9602 acb_factor_mean=0.9947 clip_fraction=0.0703 collision_rate=0.9225 collision_total_mean=31658.9688 entropy=-8.2520 explained_variance=0.9865 kl_approx=3.6014 loss_critic=121008.0156 loss_entropy=0.0825 loss_objective=0.0034 preamble_cbra=59.0000 preamble_cfra=3.0000 preamble_pbra=1.0000 requests_cbra=1974.5637 requests_pbra=31456.9727 success_rate=0.0775 success_total_mean=2659.3743
2025-11-18 14:34:21.109 | INFO     | __main__:_log_metrics:20 - iter=0021 reward=-13314.7148 ESS=0.9689 acb_factor_mean=0.9945 clip_fraction=0.0547 collision_rate=0.9255 collision_total_mean=31656.0234 entropy=-8.2199 explained_variance=0.9854 kl_approx=4.5533 loss_critic=128280.0859 loss_entropy=0.0822 loss_objective=0.0157 preamble_cbra=60.0000 preamble_cfra=2.0000 preamble_pbra=1.0000 requests_cbra=1916.2581 requests_pbra=31529.6602 success_rate=0.0745 success_total_mean=2549.8142
2025-11-18 14:34:25.209 | INFO     | __main__:_log_metrics:20 - iter=0022 reward=-12145.5918 ESS=0.9691 acb_factor_mean=0.9906 clip_fraction=0.0781 collision_rate=0.9193 collision_total_mean=29310.7070 entropy=-8.1614 explained_variance=0.9886 kl_approx=6.4007 loss_critic=102834.8672 loss_entropy=0.0816 loss_objective=0.0127 preamble_cbra=59.0000 preamble_cfra=3.0000 preamble_pbra=1.0000 requests_cbra=1782.2202 requests_pbra=29237.4609 success_rate=0.0807 success_total_mean=2574.5713
2025-11-18 14:34:29.315 | INFO     | __main__:_log_metrics:20 - iter=0023 reward=-12326.0859 ESS=0.9668 acb_factor_mean=0.9926 clip_fraction=0.0391 collision_rate=0.9169 collision_total_mean=29942.6523 entropy=-8.0930 explained_variance=0.9856 kl_approx=19.3398 loss_critic=119597.0625 loss_entropy=0.0809 loss_objective=-0.0019 preamble_cbra=58.0000 preamble_cfra=3.0000 preamble_pbra=1.0000 requests_cbra=1848.6021 requests_pbra=29840.7129 success_rate=0.0831 success_total_mean=2713.1489
2025-11-18 14:34:33.327 | INFO     | __main__:_log_metrics:20 - iter=0024 reward=-12951.4023 ESS=0.9974 acb_factor_mean=0.9955 clip_fraction=0.0078 collision_rate=0.9217 collision_total_mean=31103.6328 entropy=-8.1215 explained_variance=0.9846 kl_approx=0.0039 loss_critic=141597.8594 loss_entropy=0.0812 loss_objective=-0.0103 preamble_cbra=59.0000 preamble_cfra=2.0000 preamble_pbra=1.0000 requests_cbra=1897.9165 requests_pbra=30980.2461 success_rate=0.0783 success_total_mean=2643.0872
2025-11-18 14:34:37.385 | INFO     | __main__:_log_metrics:20 - iter=0025 reward=-13805.8857 ESS=0.9964 acb_factor_mean=0.9954 clip_fraction=0.0156 collision_rate=0.9244 collision_total_mean=32900.3203 entropy=-8.4909 explained_variance=0.9842 kl_approx=-0.0017 loss_critic=131343.1562 loss_entropy=0.0849 loss_objective=0.0000 preamble_cbra=59.0000 preamble_cfra=3.0000 preamble_pbra=1.0000 requests_cbra=1943.5459 requests_pbra=32737.1660 success_rate=0.0756 success_total_mean=2692.1167
2025-11-18 14:34:41.510 | INFO     | __main__:_log_metrics:20 - iter=0026 reward=-13358.7393 ESS=0.9989 acb_factor_mean=0.9947 clip_fraction=0.0078 collision_rate=0.9238 collision_total_mean=31893.8848 entropy=-8.3436 explained_variance=0.9884 kl_approx=-0.0037 loss_critic=125489.1016 loss_entropy=0.0834 loss_objective=-0.0044 preamble_cbra=59.0000 preamble_cfra=3.0000 preamble_pbra=1.0000 requests_cbra=1975.6213 requests_pbra=31738.9238 success_rate=0.0762 success_total_mean=2628.9526
2025-11-18 14:34:45.547 | INFO     | __main__:_log_metrics:20 - iter=0027 reward=-13793.8125 ESS=0.9887 acb_factor_mean=0.9956 clip_fraction=0.0234 collision_rate=0.9242 collision_total_mean=32893.9570 entropy=-8.4353 explained_variance=0.9865 kl_approx=-0.0051 loss_critic=139538.0000 loss_entropy=0.0844 loss_objective=-0.0116 preamble_cbra=59.0000 preamble_cfra=3.0000 preamble_pbra=1.0000 requests_cbra=2020.8785 requests_pbra=32711.5508 success_rate=0.0758 success_total_mean=2696.9868
2025-11-18 14:34:49.619 | INFO     | __main__:_log_metrics:20 - iter=0028 reward=-13419.4004 ESS=0.9989 acb_factor_mean=0.9950 clip_fraction=0.0000 collision_rate=0.9234 collision_total_mean=32098.6953 entropy=-8.2215 explained_variance=0.9848 kl_approx=0.0004 loss_critic=136342.1406 loss_entropy=0.0822 loss_objective=-0.0037 preamble_cbra=60.0000 preamble_cfra=2.0000 preamble_pbra=1.0000 requests_cbra=1905.1292 requests_pbra=31977.3555 success_rate=0.0766 success_total_mean=2662.8037
2025-11-18 14:34:53.676 | INFO     | __main__:_log_metrics:20 - iter=0029 reward=-12164.0068 ESS=0.9985 acb_factor_mean=0.9949 clip_fraction=0.0000 collision_rate=0.9192 collision_total_mean=29395.4375 entropy=-8.1523 explained_variance=0.9838 kl_approx=-0.0021 loss_critic=137431.4531 loss_entropy=0.0815 loss_objective=0.0007 preamble_cbra=59.0000 preamble_cfra=3.0000 preamble_pbra=1.0000 requests_cbra=1836.8051 requests_pbra=29278.3926 success_rate=0.0808 success_total_mean=2584.9390
2025-11-18 14:34:57.825 | INFO     | __main__:_log_metrics:20 - iter=0030 reward=-13159.5967 ESS=0.9542 acb_factor_mean=0.9952 clip_fraction=0.1328 collision_rate=0.9223 collision_total_mean=31536.3906 entropy=-8.1712 explained_variance=0.9844 kl_approx=-0.0161 loss_critic=155516.5312 loss_entropy=0.0817 loss_objective=0.0129 preamble_cbra=59.0000 preamble_cfra=3.0000 preamble_pbra=1.0000 requests_cbra=1923.2085 requests_pbra=31362.3145 success_rate=0.0777 success_total_mean=2655.0891
2025-11-18 14:35:01.855 | INFO     | __main__:_log_metrics:20 - iter=0031 reward=-13173.4395 ESS=0.9905 acb_factor_mean=0.9937 clip_fraction=0.0547 collision_rate=0.9209 collision_total_mean=31718.9180 entropy=-8.2513 explained_variance=0.9856 kl_approx=0.0110 loss_critic=137302.0156 loss_entropy=0.0825 loss_objective=-0.0014 preamble_cbra=59.0000 preamble_cfra=3.0000 preamble_pbra=1.0000 requests_cbra=1929.5479 requests_pbra=31585.1680 success_rate=0.0791 success_total_mean=2725.0688
2025-11-18 14:35:05.910 | INFO     | __main__:_log_metrics:20 - iter=0032 reward=-12114.8398 ESS=0.9952 acb_factor_mean=0.9926 clip_fraction=0.0078 collision_rate=0.9208 collision_total_mean=29155.2422 entropy=-8.1492 explained_variance=0.9823 kl_approx=0.0127 loss_critic=157738.2812 loss_entropy=0.0815 loss_objective=0.0048 preamble_cbra=59.0000 preamble_cfra=2.0000 preamble_pbra=1.0000 requests_cbra=1826.7839 requests_pbra=29081.5664 success_rate=0.0792 success_total_mean=2506.6519
2025-11-18 14:35:09.991 | INFO     | __main__:_log_metrics:20 - iter=0033 reward=-13000.3662 ESS=0.9937 acb_factor_mean=0.9950 clip_fraction=0.0312 collision_rate=0.9238 collision_total_mean=31052.7969 entropy=-8.0575 explained_variance=0.9882 kl_approx=0.0093 loss_critic=134669.5000 loss_entropy=0.0806 loss_objective=-0.0041 preamble_cbra=60.0000 preamble_cfra=2.0000 preamble_pbra=1.0000 requests_cbra=1871.6243 requests_pbra=30936.1270 success_rate=0.0762 success_total_mean=2560.3040
2025-11-18 14:35:14.046 | INFO     | __main__:_log_metrics:20 - iter=0034 reward=-13283.6094 ESS=0.9735 acb_factor_mean=0.9927 clip_fraction=0.0469 collision_rate=0.9218 collision_total_mean=31911.4102 entropy=-8.2687 explained_variance=0.9802 kl_approx=0.5907 loss_critic=166404.6094 loss_entropy=0.0827 loss_objective=0.0044 preamble_cbra=59.0000 preamble_cfra=2.0000 preamble_pbra=1.0000 requests_cbra=2014.2749 requests_pbra=31741.0605 success_rate=0.0782 success_total_mean=2708.5303
2025-11-18 14:35:18.105 | INFO     | __main__:_log_metrics:20 - iter=0035 reward=-13114.9873 ESS=0.9853 acb_factor_mean=0.9938 clip_fraction=0.0312 collision_rate=0.9234 collision_total_mean=31358.8906 entropy=-7.9367 explained_variance=0.9849 kl_approx=1.3572 loss_critic=147414.8281 loss_entropy=0.0794 loss_objective=-0.0206 preamble_cbra=59.0000 preamble_cfra=2.0000 preamble_pbra=1.0000 requests_cbra=1886.7676 requests_pbra=31218.8828 success_rate=0.0766 success_total_mean=2601.7996
2025-11-18 14:35:22.132 | INFO     | __main__:_log_metrics:20 - iter=0036 reward=-13499.0664 ESS=0.9924 acb_factor_mean=0.9935 clip_fraction=0.0078 collision_rate=0.9238 collision_total_mean=32241.1797 entropy=-8.2630 explained_variance=0.9825 kl_approx=0.0214 loss_critic=151355.6406 loss_entropy=0.0826 loss_objective=0.0094 preamble_cbra=59.0000 preamble_cfra=2.0000 preamble_pbra=1.0000 requests_cbra=1952.9641 requests_pbra=32114.7598 success_rate=0.0762 success_total_mean=2659.9019
2025-11-18 14:35:26.305 | INFO     | __main__:_log_metrics:20 - iter=0037 reward=-13179.9336 ESS=0.9937 acb_factor_mean=0.9929 clip_fraction=0.0312 collision_rate=0.9207 collision_total_mean=31718.0020 entropy=-8.2946 explained_variance=0.9863 kl_approx=0.0076 loss_critic=158677.3594 loss_entropy=0.0829 loss_objective=0.0014 preamble_cbra=59.0000 preamble_cfra=3.0000 preamble_pbra=1.0000 requests_cbra=1935.0972 requests_pbra=31571.0215 success_rate=0.0793 success_total_mean=2732.6665
2025-11-18 14:35:30.532 | INFO     | __main__:_log_metrics:20 - iter=0038 reward=-12580.0244 ESS=0.9931 acb_factor_mean=0.9879 clip_fraction=0.0312 collision_rate=0.9226 collision_total_mean=30121.7480 entropy=-7.8654 explained_variance=0.9878 kl_approx=0.0103 loss_critic=140563.5000 loss_entropy=0.0787 loss_objective=-0.0012 preamble_cbra=59.0000 preamble_cfra=3.0000 preamble_pbra=1.0000 requests_cbra=1839.4128 requests_pbra=29979.8535 success_rate=0.0774 success_total_mean=2526.6042
2025-11-18 14:35:35.073 | INFO     | __main__:_log_metrics:20 - iter=0039 reward=-13425.0557 ESS=0.9981 acb_factor_mean=0.9910 clip_fraction=0.0078 collision_rate=0.9237 collision_total_mean=32096.5039 entropy=-8.2071 explained_variance=0.9850 kl_approx=0.0029 loss_critic=156647.3438 loss_entropy=0.0821 loss_objective=-0.0007 preamble_cbra=60.0000 preamble_cfra=2.0000 preamble_pbra=1.0000 requests_cbra=1955.0142 requests_pbra=31943.2148 success_rate=0.0763 success_total_mean=2650.0464
2025-11-18 14:35:39.388 | INFO     | __main__:_log_metrics:20 - iter=0040 reward=-11851.6924 ESS=0.9909 acb_factor_mean=0.9889 clip_fraction=0.0469 collision_rate=0.9204 collision_total_mean=28581.7949 entropy=-7.8183 explained_variance=0.9829 kl_approx=0.0030 loss_critic=148476.9375 loss_entropy=0.0782 loss_objective=-0.0023 preamble_cbra=60.0000 preamble_cfra=2.0000 preamble_pbra=1.0000 requests_cbra=1727.5151 requests_pbra=28523.1816 success_rate=0.0796 success_total_mean=2472.5369
2025-11-18 14:35:43.681 | INFO     | __main__:_log_metrics:20 - iter=0041 reward=-13827.7041 ESS=0.9716 acb_factor_mean=0.9898 clip_fraction=0.0781 collision_rate=0.9254 collision_total_mean=32910.5117 entropy=-7.8988 explained_variance=0.9879 kl_approx=0.0240 loss_critic=155938.1562 loss_entropy=0.0790 loss_objective=-0.0032 preamble_cbra=60.0000 preamble_cfra=2.0000 preamble_pbra=1.0000 requests_cbra=2000.0662 requests_pbra=32753.9727 success_rate=0.0746 success_total_mean=2654.0764
2025-11-18 14:35:48.704 | INFO     | __main__:_log_metrics:20 - iter=0042 reward=-12341.0049 ESS=0.9829 acb_factor_mean=0.9837 clip_fraction=0.1016 collision_rate=0.9230 collision_total_mean=29529.6738 entropy=-7.7706 explained_variance=0.9852 kl_approx=0.0355 loss_critic=150892.9219 loss_entropy=0.0777 loss_objective=-0.0153 preamble_cbra=60.0000 preamble_cfra=2.0000 preamble_pbra=0.0000 requests_cbra=1804.0240 requests_pbra=29447.1250 success_rate=0.0770 success_total_mean=2464.7324
2025-11-18 14:35:53.559 | INFO     | __main__:_log_metrics:20 - iter=0043 reward=-12597.1465 ESS=0.9899 acb_factor_mean=0.9852 clip_fraction=0.0156 collision_rate=0.9255 collision_total_mean=29911.2344 entropy=-7.8627 explained_variance=0.9871 kl_approx=1.5455 loss_critic=151896.2500 loss_entropy=0.0786 loss_objective=-0.0040 preamble_cbra=60.0000 preamble_cfra=2.0000 preamble_pbra=0.0000 requests_cbra=1835.2451 requests_pbra=29802.1035 success_rate=0.0745 success_total_mean=2406.6387
2025-11-18 14:35:58.324 | INFO     | __main__:_log_metrics:20 - iter=0044 reward=-12171.2324 ESS=0.9921 acb_factor_mean=0.9834 clip_fraction=0.0469 collision_rate=0.9233 collision_total_mean=29069.1465 entropy=-7.7752 explained_variance=0.9821 kl_approx=0.0131 loss_critic=149018.0156 loss_entropy=0.0778 loss_objective=0.0098 preamble_cbra=60.0000 preamble_cfra=3.0000 preamble_pbra=0.0000 requests_cbra=1731.3306 requests_pbra=29010.7070 success_rate=0.0767 success_total_mean=2413.1604
2025-11-18 14:36:03.253 | INFO     | __main__:_log_metrics:20 - iter=0045 reward=-13628.4834 ESS=0.9759 acb_factor_mean=0.9837 clip_fraction=0.0703 collision_rate=0.9231 collision_total_mean=32582.1367 entropy=-7.6319 explained_variance=0.9848 kl_approx=1.4961 loss_critic=161831.3281 loss_entropy=0.0763 loss_objective=-0.0116 preamble_cbra=59.0000 preamble_cfra=3.0000 preamble_pbra=0.0000 requests_cbra=2063.6836 requests_pbra=32416.1992 success_rate=0.0769 success_total_mean=2713.8101
2025-11-18 14:36:07.951 | INFO     | __main__:_log_metrics:20 - iter=0046 reward=-12257.0977 ESS=0.9907 acb_factor_mean=0.9786 clip_fraction=0.0312 collision_rate=0.9213 collision_total_mean=29479.8516 entropy=-7.4878 explained_variance=0.9839 kl_approx=0.0227 loss_critic=172029.1719 loss_entropy=0.0749 loss_objective=-0.0036 preamble_cbra=59.0000 preamble_cfra=3.0000 preamble_pbra=1.0000 requests_cbra=1862.5830 requests_pbra=29380.6582 success_rate=0.0787 success_total_mean=2519.6533
2025-11-18 14:36:13.336 | INFO     | __main__:_log_metrics:20 - iter=0047 reward=-12348.4121 ESS=0.9720 acb_factor_mean=0.9752 clip_fraction=0.1016 collision_rate=0.9199 collision_total_mean=29818.1699 entropy=-7.4395 explained_variance=0.9847 kl_approx=0.0063 loss_critic=162654.8750 loss_entropy=0.0744 loss_objective=0.0087 preamble_cbra=60.0000 preamble_cfra=2.0000 preamble_pbra=1.0000 requests_cbra=1945.6060 requests_pbra=29741.1836 success_rate=0.0801 success_total_mean=2597.3428
2025-11-18 14:36:18.339 | INFO     | __main__:_log_metrics:20 - iter=0048 reward=-12140.7471 ESS=0.9690 acb_factor_mean=0.9763 clip_fraction=0.0625 collision_rate=0.9215 collision_total_mean=29185.6855 entropy=-6.8099 explained_variance=0.9817 kl_approx=0.0198 loss_critic=193793.7656 loss_entropy=0.0681 loss_objective=0.0175 preamble_cbra=60.0000 preamble_cfra=2.0000 preamble_pbra=1.0000 requests_cbra=1887.7576 requests_pbra=29122.5059 success_rate=0.0785 success_total_mean=2487.2627
2025-11-18 14:36:23.317 | INFO     | __main__:_log_metrics:20 - iter=0049 reward=-11985.5439 ESS=0.9736 acb_factor_mean=0.9719 clip_fraction=0.0703 collision_rate=0.9199 collision_total_mean=28953.7285 entropy=-7.2788 explained_variance=0.9861 kl_approx=0.0596 loss_critic=146354.7656 loss_entropy=0.0728 loss_objective=0.0016 preamble_cbra=60.0000 preamble_cfra=2.0000 preamble_pbra=1.0000 requests_cbra=1813.0750 requests_pbra=28972.6953 success_rate=0.0801 success_total_mean=2521.8640
2025-11-18 14:36:28.290 | INFO     | __main__:_log_metrics:20 - iter=0050 reward=-12046.8115 ESS=0.9923 acb_factor_mean=0.9710 clip_fraction=0.0391 collision_rate=0.9196 collision_total_mean=29113.3613 entropy=-7.1532 explained_variance=0.9844 kl_approx=0.0005 loss_critic=164130.0625 loss_entropy=0.0715 loss_objective=-0.0171 preamble_cbra=60.0000 preamble_cfra=2.0000 preamble_pbra=0.0000 requests_cbra=1873.4492 requests_pbra=29056.1836 success_rate=0.0804 success_total_mean=2546.8281
2025-11-18 14:36:33.256 | INFO     | __main__:_log_metrics:20 - iter=0051 reward=-12887.2949 ESS=0.9539 acb_factor_mean=0.9732 clip_fraction=0.1719 collision_rate=0.9226 collision_total_mean=30871.2422 entropy=-7.4972 explained_variance=0.9864 kl_approx=0.0824 loss_critic=146762.2344 loss_entropy=0.0750 loss_objective=-0.0029 preamble_cbra=60.0000 preamble_cfra=3.0000 preamble_pbra=0.0000 requests_cbra=1918.1399 requests_pbra=30777.8320 success_rate=0.0774 success_total_mean=2589.8970
2025-11-18 14:36:38.139 | INFO     | __main__:_log_metrics:20 - iter=0052 reward=-11671.3057 ESS=0.9920 acb_factor_mean=0.9643 clip_fraction=0.0078 collision_rate=0.9206 collision_total_mean=28111.9297 entropy=-7.4101 explained_variance=0.9876 kl_approx=0.3261 loss_critic=156736.7656 loss_entropy=0.0741 loss_objective=-0.0018 preamble_cbra=60.0000 preamble_cfra=2.0000 preamble_pbra=0.0000 requests_cbra=1824.7146 requests_pbra=28122.6406 success_rate=0.0794 success_total_mean=2424.4287
2025-11-18 14:36:42.777 | INFO     | __main__:_log_metrics:20 - iter=0053 reward=-12012.0322 ESS=0.9731 acb_factor_mean=0.9702 clip_fraction=0.0469 collision_rate=0.9215 collision_total_mean=28890.8750 entropy=-7.1036 explained_variance=0.9832 kl_approx=0.3911 loss_critic=169638.8438 loss_entropy=0.0710 loss_objective=0.0075 preamble_cbra=60.0000 preamble_cfra=2.0000 preamble_pbra=0.0000 requests_cbra=1829.0768 requests_pbra=28857.9727 success_rate=0.0785 success_total_mean=2462.2715
2025-11-18 14:36:47.032 | INFO     | __main__:_log_metrics:20 - iter=0054 reward=-12088.2607 ESS=0.9904 acb_factor_mean=0.9600 clip_fraction=0.0234 collision_rate=0.9255 collision_total_mean=28750.3398 entropy=-7.4732 explained_variance=0.9841 kl_approx=0.0067 loss_critic=162568.7812 loss_entropy=0.0747 loss_objective=0.0064 preamble_cbra=60.0000 preamble_cfra=2.0000 preamble_pbra=0.0000 requests_cbra=1853.9673 requests_pbra=28720.4805 success_rate=0.0745 success_total_mean=2314.6482
2025-11-18 14:36:51.373 | INFO     | __main__:_log_metrics:20 - iter=0055 reward=-12477.6484 ESS=0.9973 acb_factor_mean=0.9586 clip_fraction=0.0078 collision_rate=0.9240 collision_total_mean=29810.3242 entropy=-7.5012 explained_variance=0.9845 kl_approx=-0.0065 loss_critic=142314.5938 loss_entropy=0.0750 loss_objective=0.0058 preamble_cbra=60.0000 preamble_cfra=2.0000 preamble_pbra=0.0000 requests_cbra=1915.0615 requests_pbra=29839.5039 success_rate=0.0760 success_total_mean=2452.0522
2025-11-18 14:36:55.490 | INFO     | __main__:_log_metrics:20 - iter=0056 reward=-12000.3496 ESS=0.9441 acb_factor_mean=0.9557 clip_fraction=0.1484 collision_rate=0.9226 collision_total_mean=28763.0996 entropy=-6.8199 explained_variance=0.9838 kl_approx=0.1051 loss_critic=173610.6562 loss_entropy=0.0682 loss_objective=0.0043 preamble_cbra=60.0000 preamble_cfra=2.0000 preamble_pbra=0.0000 requests_cbra=1868.4756 requests_pbra=28762.6953 success_rate=0.0774 success_total_mean=2411.4233
2025-11-18 14:36:59.677 | INFO     | __main__:_log_metrics:20 - iter=0057 reward=-11400.9072 ESS=0.9773 acb_factor_mean=0.9393 clip_fraction=0.0391 collision_rate=0.9214 collision_total_mean=27420.0605 entropy=-6.6752 explained_variance=0.9801 kl_approx=0.2629 loss_critic=190038.8281 loss_entropy=0.0668 loss_objective=-0.0076 preamble_cbra=60.0000 preamble_cfra=2.0000 preamble_pbra=0.0000 requests_cbra=1919.3644 requests_pbra=27497.8828 success_rate=0.0786 success_total_mean=2338.5601
2025-11-18 14:37:03.835 | INFO     | __main__:_log_metrics:20 - iter=0058 reward=-10772.9873 ESS=0.9819 acb_factor_mean=0.9481 clip_fraction=0.0391 collision_rate=0.9181 collision_total_mean=26171.0547 entropy=-7.0034 explained_variance=0.9809 kl_approx=0.0759 loss_critic=159532.5000 loss_entropy=0.0700 loss_objective=0.0067 preamble_cbra=60.0000 preamble_cfra=2.0000 preamble_pbra=0.0000 requests_cbra=1834.7173 requests_pbra=26209.0234 success_rate=0.0819 success_total_mean=2336.0273
2025-11-18 14:37:08.116 | INFO     | __main__:_log_metrics:20 - iter=0059 reward=-11311.7686 ESS=0.9675 acb_factor_mean=0.9460 clip_fraction=0.1250 collision_rate=0.9188 collision_total_mean=27430.8750 entropy=-6.9406 explained_variance=0.9825 kl_approx=0.0928 loss_critic=167637.4062 loss_entropy=0.0694 loss_objective=0.0069 preamble_cbra=60.0000 preamble_cfra=2.0000 preamble_pbra=0.0000 requests_cbra=1919.8162 requests_pbra=27488.3867 success_rate=0.0812 success_total_mean=2423.6531
2025-11-18 14:37:12.353 | INFO     | __main__:_log_metrics:20 - iter=0060 reward=-10037.4941 ESS=0.9778 acb_factor_mean=0.9402 clip_fraction=0.1016 collision_rate=0.9130 collision_total_mean=24752.9668 entropy=-6.6935 explained_variance=0.9846 kl_approx=0.3641 loss_critic=147925.5625 loss_entropy=0.0669 loss_objective=-0.0021 preamble_cbra=60.0000 preamble_cfra=2.0000 preamble_pbra=0.0000 requests_cbra=1819.7020 requests_pbra=24941.1875 success_rate=0.0870 success_total_mean=2359.6719
2025-11-18 14:37:16.552 | INFO     | __main__:_log_metrics:20 - iter=0061 reward=-10201.4502 ESS=0.9782 acb_factor_mean=0.9308 clip_fraction=0.0312 collision_rate=0.9164 collision_total_mean=24897.4668 entropy=-6.6717 explained_variance=0.9859 kl_approx=0.0332 loss_critic=157043.3438 loss_entropy=0.0667 loss_objective=0.0036 preamble_cbra=60.0000 preamble_cfra=2.0000 preamble_pbra=1.0000 requests_cbra=1861.0597 requests_pbra=25053.5859 success_rate=0.0836 success_total_mean=2272.0078
2025-11-18 14:37:20.925 | INFO     | __main__:_log_metrics:20 - iter=0062 reward=-10356.6543 ESS=0.9709 acb_factor_mean=0.9324 clip_fraction=0.0312 collision_rate=0.9162 collision_total_mean=25301.7812 entropy=-6.5559 explained_variance=0.9850 kl_approx=1.7605 loss_critic=179192.0781 loss_entropy=0.0656 loss_objective=0.0070 preamble_cbra=60.0000 preamble_cfra=2.0000 preamble_pbra=1.0000 requests_cbra=1856.4678 requests_pbra=25450.8887 success_rate=0.0838 success_total_mean=2315.4702
2025-11-18 14:37:25.275 | INFO     | __main__:_log_metrics:20 - iter=0063 reward=-10231.5430 ESS=0.9903 acb_factor_mean=0.9341 clip_fraction=0.0391 collision_rate=0.9147 collision_total_mean=25096.2910 entropy=-6.5164 explained_variance=0.9821 kl_approx=0.0088 loss_critic=181883.8281 loss_entropy=0.0652 loss_objective=0.0129 preamble_cbra=60.0000 preamble_cfra=2.0000 preamble_pbra=0.0000 requests_cbra=1868.9297 requests_pbra=25262.1172 success_rate=0.0853 success_total_mean=2340.7092
2025-11-18 14:37:29.411 | INFO     | __main__:_log_metrics:20 - iter=0064 reward=-10189.0703 ESS=0.9133 acb_factor_mean=0.9322 clip_fraction=0.1875 collision_rate=0.9151 collision_total_mean=24949.7383 entropy=-6.7992 explained_variance=0.9838 kl_approx=0.2149 loss_critic=153040.0781 loss_entropy=0.0680 loss_objective=0.0220 preamble_cbra=60.0000 preamble_cfra=2.0000 preamble_pbra=0.0000 requests_cbra=1792.8602 requests_pbra=25104.6406 success_rate=0.0849 success_total_mean=2314.4214
2025-11-18 14:37:33.483 | INFO     | __main__:_log_metrics:20 - iter=0065 reward=-10656.8779 ESS=0.9615 acb_factor_mean=0.9285 clip_fraction=0.1172 collision_rate=0.9137 collision_total_mean=26216.5273 entropy=-6.5465 explained_variance=0.9883 kl_approx=1.4402 loss_critic=142762.5625 loss_entropy=0.0655 loss_objective=0.0145 preamble_cbra=60.0000 preamble_cfra=2.0000 preamble_pbra=0.0000 requests_cbra=1952.1813 requests_pbra=26394.1914 success_rate=0.0863 success_total_mean=2475.9834
2025-11-18 14:37:37.416 | INFO     | __main__:_log_metrics:20 - iter=0066 reward=-10316.9277 ESS=0.9083 acb_factor_mean=0.9239 clip_fraction=0.2031 collision_rate=0.9160 collision_total_mean=25200.1914 entropy=-6.1688 explained_variance=0.9857 kl_approx=0.0710 loss_critic=170880.7344 loss_entropy=0.0617 loss_objective=0.0278 preamble_cbra=60.0000 preamble_cfra=2.0000 preamble_pbra=0.0000 requests_cbra=1901.3352 requests_pbra=25314.1309 success_rate=0.0840 success_total_mean=2309.5337
2025-11-18 14:37:41.426 | INFO     | __main__:_log_metrics:20 - iter=0067 reward=-9294.8164 ESS=0.9376 acb_factor_mean=0.9202 clip_fraction=0.0703 collision_rate=0.9118 collision_total_mean=22978.6367 entropy=-6.3828 explained_variance=0.9862 kl_approx=17.8207 loss_critic=142512.1250 loss_entropy=0.0638 loss_objective=-0.0015 preamble_cbra=60.0000 preamble_cfra=2.0000 preamble_pbra=1.0000 requests_cbra=1744.7791 requests_pbra=23191.0469 success_rate=0.0882 success_total_mean=2221.8970
2025-11-18 14:37:45.803 | INFO     | __main__:_log_metrics:20 - iter=0068 reward=-9758.8945 ESS=0.9643 acb_factor_mean=0.9154 clip_fraction=0.0312 collision_rate=0.9116 collision_total_mean=24167.5117 entropy=-6.2606 explained_variance=0.9826 kl_approx=0.7759 loss_critic=160355.8594 loss_entropy=0.0626 loss_objective=-0.0055 preamble_cbra=60.0000 preamble_cfra=1.0000 preamble_pbra=1.0000 requests_cbra=1905.1859 requests_pbra=24383.9219 success_rate=0.0884 success_total_mean=2344.0989
2025-11-18 14:37:49.860 | INFO     | __main__:_log_metrics:20 - iter=0069 reward=-8780.3135 ESS=0.9875 acb_factor_mean=0.9074 clip_fraction=0.0234 collision_rate=0.9076 collision_total_mean=21989.3926 entropy=-6.6002 explained_variance=0.9855 kl_approx=0.0021 loss_critic=149385.3750 loss_entropy=0.0660 loss_objective=0.0018 preamble_cbra=60.0000 preamble_cfra=2.0000 preamble_pbra=1.0000 requests_cbra=1780.5283 requests_pbra=22283.8438 success_rate=0.0924 success_total_mean=2238.4998
2025-11-18 14:37:54.033 | INFO     | __main__:_log_metrics:20 - iter=0070 reward=-9371.3545 ESS=0.9673 acb_factor_mean=0.9191 clip_fraction=0.0547 collision_rate=0.9099 collision_total_mean=23326.2949 entropy=-5.7836 explained_variance=0.9803 kl_approx=0.0304 loss_critic=168128.4531 loss_entropy=0.0578 loss_objective=0.0012 preamble_cbra=60.0000 preamble_cfra=1.0000 preamble_pbra=1.0000 requests_cbra=1846.6305 requests_pbra=23563.7246 success_rate=0.0901 success_total_mean=2308.8394
2025-11-18 14:37:58.462 | INFO     | __main__:_log_metrics:20 - iter=0071 reward=-8326.3096 ESS=0.9998 acb_factor_mean=0.8989 clip_fraction=0.0000 collision_rate=0.9031 collision_total_mean=21152.8477 entropy=-6.1994 explained_variance=0.9839 kl_approx=0.0000 loss_critic=157705.1875 loss_entropy=0.0620 loss_objective=0.0001 preamble_cbra=60.0000 preamble_cfra=2.0000 preamble_pbra=1.0000 requests_cbra=1844.6941 requests_pbra=21498.9277 success_rate=0.0969 success_total_mean=2269.9126
2025-11-18 14:38:02.659 | INFO     | __main__:_log_metrics:20 - iter=0072 reward=-8974.7891 ESS=0.1570 acb_factor_mean=0.9033 clip_fraction=0.8594 collision_rate=0.9066 collision_total_mean=22550.6172 entropy=-0.0640 explained_variance=0.9790 kl_approx=6.3550 loss_critic=162462.5156 loss_entropy=0.0006 loss_objective=0.2349 preamble_cbra=60.0000 preamble_cfra=2.0000 preamble_pbra=1.0000 requests_cbra=1866.8090 requests_pbra=22861.3555 success_rate=0.0934 success_total_mean=2322.5212
2025-11-18 14:38:06.937 | INFO     | __main__:_log_metrics:20 - iter=0073 reward=656.1010 ESS=0.9480 acb_factor_mean=0.5245 clip_fraction=0.0703 collision_rate=0.5518 collision_total_mean=2180.3945 entropy=0.0056 explained_variance=0.2560 kl_approx=0.2450 loss_critic=86865.2266 loss_entropy=-0.0001 loss_objective=0.0313 preamble_cbra=60.0000 preamble_cfra=2.0000 preamble_pbra=1.0000 requests_cbra=1775.1387 requests_pbra=4150.6670 success_rate=0.4482 success_total_mean=1770.9631
2025-11-18 14:38:11.100 | INFO     | __main__:_log_metrics:20 - iter=0074 reward=604.7938 ESS=0.9998 acb_factor_mean=0.4955 clip_fraction=0.0000 collision_rate=0.5450 collision_total_mean=1853.8833 entropy=0.0293 explained_variance=-0.1686 kl_approx=0.0014 loss_critic=76510.9844 loss_entropy=-0.0003 loss_objective=-0.0018 preamble_cbra=60.0000 preamble_cfra=1.0000 preamble_pbra=1.0000 requests_cbra=1717.7784 requests_pbra=3812.3604 success_rate=0.4550 success_total_mean=1547.8928
2025-11-18 14:38:15.229 | INFO     | __main__:_log_metrics:20 - iter=0075 reward=641.1469 ESS=0.9988 acb_factor_mean=0.5039 clip_fraction=0.0156 collision_rate=0.5438 collision_total_mean=1943.6071 entropy=0.0484 explained_variance=0.2462 kl_approx=0.0051 loss_critic=54070.3320 loss_entropy=-0.0005 loss_objective=-0.0067 preamble_cbra=60.0000 preamble_cfra=2.0000 preamble_pbra=1.0000 requests_cbra=1734.6093 requests_pbra=3934.5918 success_rate=0.4562 success_total_mean=1630.5051
2025-11-18 14:38:19.410 | INFO     | __main__:_log_metrics:20 - iter=0076 reward=616.3572 ESS=0.9999 acb_factor_mean=0.4924 clip_fraction=0.0000 collision_rate=0.5425 collision_total_mean=1855.3997 entropy=-0.0471 explained_variance=0.3319 kl_approx=-0.0009 loss_critic=42421.6797 loss_entropy=0.0005 loss_objective=-0.0009 preamble_cbra=60.0000 preamble_cfra=2.0000 preamble_pbra=1.0000 requests_cbra=1729.4614 requests_pbra=3836.8345 success_rate=0.4575 success_total_mean=1564.7980
2025-11-18 14:38:23.593 | INFO     | __main__:_log_metrics:20 - iter=0077 reward=642.7603 ESS=1.0000 acb_factor_mean=0.5012 clip_fraction=0.0000 collision_rate=0.5448 collision_total_mean=1965.9321 entropy=-0.0322 explained_variance=0.5170 kl_approx=-0.0000 loss_critic=38557.6367 loss_entropy=0.0003 loss_objective=-0.0000 preamble_cbra=60.0000 preamble_cfra=1.0000 preamble_pbra=1.0000 requests_cbra=1715.1418 requests_pbra=3906.6777 success_rate=0.4552 success_total_mean=1642.8901
2025-11-18 14:38:27.721 | INFO     | __main__:_log_metrics:20 - iter=0078 reward=534.9293 ESS=1.0000 acb_factor_mean=0.5028 clip_fraction=0.0000 collision_rate=0.5556 collision_total_mean=1858.0334 entropy=0.0000 explained_variance=0.5169 kl_approx=0.0000 loss_critic=30249.3047 loss_entropy=-0.0000 loss_objective=-0.0000 preamble_cbra=60.0000 preamble_cfra=1.0000 preamble_pbra=1.0000 requests_cbra=1631.4045 requests_pbra=3706.2998 success_rate=0.4444 success_total_mean=1486.2220
2025-11-18 14:38:32.139 | INFO     | __main__:_log_metrics:20 - iter=0079 reward=598.5781 ESS=0.9992 acb_factor_mean=0.5006 clip_fraction=0.0078 collision_rate=0.5497 collision_total_mean=1935.4996 entropy=0.0065 explained_variance=0.5384 kl_approx=0.0024 loss_critic=27338.8477 loss_entropy=-0.0001 loss_objective=-0.0011 preamble_cbra=60.0000 preamble_cfra=1.0000 preamble_pbra=1.0000 requests_cbra=1730.5350 requests_pbra=3921.2090 success_rate=0.4503 success_total_mean=1585.4211
2025-11-18 14:38:36.217 | INFO     | __main__:_log_metrics:20 - iter=0080 reward=645.6133 ESS=0.9905 acb_factor_mean=0.5007 clip_fraction=0.0156 collision_rate=0.5434 collision_total_mean=1956.1976 entropy=0.0264 explained_variance=0.4051 kl_approx=0.0233 loss_critic=24873.9043 loss_entropy=-0.0003 loss_objective=0.0018 preamble_cbra=60.0000 preamble_cfra=1.0000 preamble_pbra=1.0000 requests_cbra=1752.1880 requests_pbra=3959.2493 success_rate=0.4566 success_total_mean=1643.9076
2025-11-18 14:38:40.182 | INFO     | __main__:_log_metrics:20 - iter=0081 reward=546.8858 ESS=1.0000 acb_factor_mean=0.5033 clip_fraction=0.0000 collision_rate=0.5588 collision_total_mean=1960.5955 entropy=0.0000 explained_variance=0.6193 kl_approx=0.0000 loss_critic=21992.5820 loss_entropy=-0.0000 loss_objective=0.0000 preamble_cbra=60.0000 preamble_cfra=1.0000 preamble_pbra=1.0000 requests_cbra=1683.5088 requests_pbra=3854.4265 success_rate=0.4412 success_total_mean=1548.1191
2025-11-18 14:38:44.193 | INFO     | __main__:_log_metrics:20 - iter=0082 reward=597.4421 ESS=1.0000 acb_factor_mean=0.4989 clip_fraction=0.0000 collision_rate=0.5508 collision_total_mean=1943.3655 entropy=0.0000 explained_variance=0.7374 kl_approx=0.0000 loss_critic=15557.4209 loss_entropy=-0.0000 loss_objective=0.0000 preamble_cbra=60.0000 preamble_cfra=1.0000 preamble_pbra=1.0000 requests_cbra=1764.0437 requests_pbra=3922.8369 success_rate=0.4492 success_total_mean=1584.9973
2025-11-18 14:38:48.150 | INFO     | __main__:_log_metrics:20 - iter=0083 reward=548.7633 ESS=1.0000 acb_factor_mean=0.5049 clip_fraction=0.0000 collision_rate=0.5627 collision_total_mean=2051.1062 entropy=0.0000 explained_variance=0.7564 kl_approx=0.0000 loss_critic=13857.0664 loss_entropy=-0.0000 loss_objective=0.0000 preamble_cbra=60.0000 preamble_cfra=1.0000 preamble_pbra=1.0000 requests_cbra=1746.3127 requests_pbra=4032.5186 success_rate=0.4373 success_total_mean=1593.9701
2025-11-18 14:38:52.214 | INFO     | __main__:_log_metrics:20 - iter=0084 reward=587.7635 ESS=0.9999 acb_factor_mean=0.4987 clip_fraction=0.0000 collision_rate=0.5531 collision_total_mean=1969.3484 entropy=0.0257 explained_variance=0.8289 kl_approx=-0.0008 loss_critic=10737.4775 loss_entropy=-0.0003 loss_objective=-0.0035 preamble_cbra=60.0000 preamble_cfra=1.0000 preamble_pbra=1.0000 requests_cbra=1768.3207 requests_pbra=3971.7566 success_rate=0.4469 success_total_mean=1591.3181
2025-11-18 14:38:56.377 | INFO     | __main__:_log_metrics:20 - iter=0085 reward=589.7440 ESS=1.0000 acb_factor_mean=0.5037 clip_fraction=0.0000 collision_rate=0.5577 collision_total_mean=2079.3418 entropy=0.0000 explained_variance=0.7765 kl_approx=0.0000 loss_critic=14938.8818 loss_entropy=0.0000 loss_objective=0.0000 preamble_cbra=60.0000 preamble_cfra=2.0000 preamble_pbra=1.0000 requests_cbra=1795.5549 requests_pbra=4091.0391 success_rate=0.4423 success_total_mean=1649.3691
2025-11-18 14:39:00.629 | INFO     | __main__:_log_metrics:20 - iter=0086 reward=641.2615 ESS=1.0000 acb_factor_mean=0.5035 clip_fraction=0.0000 collision_rate=0.5490 collision_total_mean=2055.9246 entropy=0.0236 explained_variance=0.7375 kl_approx=0.0003 loss_critic=10153.7363 loss_entropy=-0.0002 loss_objective=0.0017 preamble_cbra=60.0000 preamble_cfra=2.0000 preamble_pbra=1.0000 requests_cbra=1806.5787 requests_pbra=4070.7410 success_rate=0.4510 success_total_mean=1688.8171
2025-11-18 14:39:04.860 | INFO     | __main__:_log_metrics:20 - iter=0087 reward=553.6063 ESS=1.0000 acb_factor_mean=0.4934 clip_fraction=0.0000 collision_rate=0.5566 collision_total_mean=1923.3569 entropy=0.0000 explained_variance=0.8352 kl_approx=0.0000 loss_critic=8022.1831 loss_entropy=0.0000 loss_objective=0.0000 preamble_cbra=60.0000 preamble_cfra=1.0000 preamble_pbra=1.0000 requests_cbra=1758.9163 requests_pbra=3935.4497 success_rate=0.4434 success_total_mean=1532.3330
2025-11-18 14:39:09.163 | INFO     | __main__:_log_metrics:20 - iter=0088 reward=531.2523 ESS=0.9999 acb_factor_mean=0.4915 clip_fraction=0.0000 collision_rate=0.5692 collision_total_mean=2134.3618 entropy=-0.0350 explained_variance=0.8663 kl_approx=0.0008 loss_critic=8269.4307 loss_entropy=0.0004 loss_objective=0.0008 preamble_cbra=60.0000 preamble_cfra=1.0000 preamble_pbra=1.0000 requests_cbra=1880.7167 requests_pbra=4217.5884 success_rate=0.4308 success_total_mean=1615.6200
2025-11-18 14:39:13.517 | INFO     | __main__:_log_metrics:20 - iter=0089 reward=537.1783 ESS=0.9996 acb_factor_mean=0.4966 clip_fraction=0.0078 collision_rate=0.5618 collision_total_mean=1984.2437 entropy=0.0214 explained_variance=0.6961 kl_approx=-0.0016 loss_critic=9339.5986 loss_entropy=-0.0002 loss_objective=-0.0052 preamble_cbra=60.0000 preamble_cfra=1.0000 preamble_pbra=1.0000 requests_cbra=1764.4456 requests_pbra=3954.2026 success_rate=0.4382 success_total_mean=1547.4346
2025-11-18 14:39:17.644 | INFO     | __main__:_log_metrics:20 - iter=0090 reward=581.7870 ESS=1.0000 acb_factor_mean=0.4949 clip_fraction=0.0000 collision_rate=0.5486 collision_total_mean=1865.2383 entropy=0.0000 explained_variance=0.8487 kl_approx=0.0000 loss_critic=7324.9692 loss_entropy=0.0000 loss_objective=-0.0000 preamble_cbra=60.0000 preamble_cfra=1.0000 preamble_pbra=1.0000 requests_cbra=1690.8433 requests_pbra=3775.5652 success_rate=0.4514 success_total_mean=1534.6060
2025-11-18 14:39:21.706 | INFO     | __main__:_log_metrics:20 - iter=0091 reward=606.9528 ESS=1.0000 acb_factor_mean=0.5044 clip_fraction=0.0000 collision_rate=0.5482 collision_total_mean=1931.3335 entropy=0.0249 explained_variance=0.7433 kl_approx=-0.0004 loss_critic=9510.7881 loss_entropy=-0.0002 loss_objective=-0.0018 preamble_cbra=60.0000 preamble_cfra=1.0000 preamble_pbra=1.0000 requests_cbra=1690.2222 requests_pbra=3865.6165 success_rate=0.4518 success_total_mean=1591.8853
2025-11-18 14:39:26.001 | INFO     | __main__:_log_metrics:20 - iter=0092 reward=656.7664 ESS=0.9986 acb_factor_mean=0.4966 clip_fraction=0.0078 collision_rate=0.5383 collision_total_mean=1889.1013 entropy=0.0415 explained_variance=0.7573 kl_approx=-0.0025 loss_critic=10582.6934 loss_entropy=-0.0004 loss_objective=-0.0077 preamble_cbra=60.0000 preamble_cfra=1.0000 preamble_pbra=1.0000 requests_cbra=1708.4270 requests_pbra=3823.5381 success_rate=0.4617 success_total_mean=1620.2671
2025-11-18 14:39:30.351 | INFO     | __main__:_log_metrics:20 - iter=0093 reward=559.8767 ESS=1.0000 acb_factor_mean=0.5063 clip_fraction=0.0000 collision_rate=0.5537 collision_total_mean=1884.0482 entropy=0.0000 explained_variance=0.8965 kl_approx=0.0000 loss_critic=5326.0317 loss_entropy=0.0000 loss_objective=0.0000 preamble_cbra=60.0000 preamble_cfra=1.0000 preamble_pbra=1.0000 requests_cbra=1646.9982 requests_pbra=3755.5198 success_rate=0.4463 success_total_mean=1518.3916
2025-11-18 14:39:34.621 | INFO     | __main__:_log_metrics:20 - iter=0094 reward=592.6810 ESS=1.0000 acb_factor_mean=0.5027 clip_fraction=0.0000 collision_rate=0.5501 collision_total_mean=1906.7261 entropy=0.0000 explained_variance=0.8438 kl_approx=0.0000 loss_critic=8551.5479 loss_entropy=-0.0000 loss_objective=-0.0000 preamble_cbra=60.0000 preamble_cfra=1.0000 preamble_pbra=1.0000 requests_cbra=1708.3706 requests_pbra=3836.9854 success_rate=0.4499 success_total_mean=1559.5737
2025-11-18 14:39:39.372 | INFO     | __main__:_log_metrics:20 - iter=0095 reward=621.9268 ESS=1.0000 acb_factor_mean=0.5056 clip_fraction=0.0000 collision_rate=0.5474 collision_total_mean=1949.2640 entropy=0.0000 explained_variance=0.8770 kl_approx=0.0000 loss_critic=6747.2500 loss_entropy=-0.0000 loss_objective=-0.0000 preamble_cbra=60.0000 preamble_cfra=1.0000 preamble_pbra=1.0000 requests_cbra=1773.9978 requests_pbra=3980.8545 success_rate=0.4526 success_total_mean=1611.7324
2025-11-18 14:39:44.310 | INFO     | __main__:_log_metrics:20 - iter=0096 reward=622.7559 ESS=0.9922 acb_factor_mean=0.4971 clip_fraction=0.0078 collision_rate=0.5501 collision_total_mean=2022.1021 entropy=0.0000 explained_variance=0.7836 kl_approx=4.0892 loss_critic=8242.3311 loss_entropy=0.0000 loss_objective=0.0011 preamble_cbra=60.0000 preamble_cfra=1.0000 preamble_pbra=1.0000 requests_cbra=1837.0569 requests_pbra=4084.5122 success_rate=0.4499 success_total_mean=1654.0298
2025-11-18 14:39:48.814 | INFO     | __main__:_log_metrics:20 - iter=0097 reward=617.6982 ESS=1.0000 acb_factor_mean=0.5029 clip_fraction=0.0000 collision_rate=0.5517 collision_total_mean=2032.1575 entropy=0.0000 explained_variance=0.9128 kl_approx=0.0000 loss_critic=5667.4673 loss_entropy=0.0000 loss_objective=0.0000 preamble_cbra=60.0000 preamble_cfra=1.0000 preamble_pbra=1.0000 requests_cbra=1751.5986 requests_pbra=4022.1016 success_rate=0.4483 success_total_mean=1651.2468
2025-11-18 14:39:53.168 | INFO     | __main__:_log_metrics:20 - iter=0098 reward=582.4290 ESS=0.9997 acb_factor_mean=0.5009 clip_fraction=0.0078 collision_rate=0.5506 collision_total_mean=1903.0691 entropy=0.0072 explained_variance=0.8690 kl_approx=-0.0015 loss_critic=5066.9082 loss_entropy=-0.0001 loss_objective=-0.0144 preamble_cbra=60.0000 preamble_cfra=1.0000 preamble_pbra=1.0000 requests_cbra=1710.9237 requests_pbra=3859.1477 success_rate=0.4494 success_total_mean=1553.1282
2025-11-18 14:39:58.332 | INFO     | __main__:_log_metrics:20 - iter=0099 reward=729.9352 ESS=1.0000 acb_factor_mean=0.4918 clip_fraction=0.0000 collision_rate=0.5264 collision_total_mean=1869.3756 entropy=0.0000 explained_variance=0.8304 kl_approx=0.0000 loss_critic=6812.4126 loss_entropy=0.0000 loss_objective=0.0000 preamble_cbra=60.0000 preamble_cfra=1.0000 preamble_pbra=1.0000 requests_cbra=1748.9241 requests_pbra=3862.6111 success_rate=0.4736 success_total_mean=1681.8640
2025-11-18 14:40:30.373 | INFO     | __main__:<module>:18 - Logger initialized (level=INFO, file=logs/train.log)
2025-11-18 14:40:30.374 | INFO     | __main__:<module>:45 - env_config SatelliteMACEnvConfig(num_slots_per_step=160, decision_horizon=256, history_len=4, simulator_config=MACSimulatorConfig(regions=(RegionTrafficProfile(name='urban', area_weight=0.4, cbra_density=1.2, pbra_density=1.5, handover_intensity=0.8, scheduling_period=160, noise_scale=0.2, cox_intensity_mean=1.6, cox_intensity_variance=0.7, cox_grid=(10, 10), region_bounds=(-2.0, 2.0, -2.0, 2.0), batch_mean=12.0, batch_std=0.6, residence_time_mean=8.0), RegionTrafficProfile(name='suburban', area_weight=0.35, cbra_density=0.8, pbra_density=0.9, handover_intensity=0.5, scheduling_period=200, noise_scale=0.15, cox_intensity_mean=1.2, cox_intensity_variance=0.5, cox_grid=(8, 8), region_bounds=(-1.5, 1.5, -1.5, 1.5), batch_mean=8.0, batch_std=0.5, residence_time_mean=6.0), RegionTrafficProfile(name='rural', area_weight=0.25, cbra_density=0.3, pbra_density=0.4, handover_intensity=0.2, scheduling_period=320, noise_scale=0.1, cox_intensity_mean=0.9, cox_intensity_variance=0.3, cox_grid=(6, 6), region_bounds=(-1.0, 1.0, -1.0, 1.0), batch_mean=4.0, batch_std=0.4, residence_time_mean=4.5)), history_size=10, protocol_count=4, preamble_subset_count=8, total_preambles=64, base_preamble_split=(24, 24, 16), reward_weights={'throughput': 1.0, 'collision': -0.5, 'cfra_mse': -1}, region_transition_matrix=None, coverage_patches=None, coverage_drift_radius=1.0, coverage_cycle_slots=1440.0, coverage_jitter=0.05, coverage_smoothing=0.2, coverage_total_footprint=1.0, backoff_strategy=BackoffStrategyConfig(low=BackoffWindow(min_steps=0, max_steps=4), medium=BackoffWindow(min_steps=1, max_steps=12), high=BackoffWindow(min_steps=6, max_steps=24), collision_threshold_medium=0.05, collision_threshold_high=0.1, max_backlog_steps=48)), preamble_delta_range=3, flatten_observation=True)
2025-11-18 14:40:30.374 | INFO     | __main__:<module>:68 - train_config HPPOConfig(frames_per_batch=4096, mini_batch_size=128, rollout_epochs=8, max_iterations=100, gamma=0.99, gae_lambda=0.95, clip_epsilon=0.2, entropy_coeff=0.01, actor_lr=0.0001, critic_lr=0.0001, device=device(type='cpu'))
2025-11-18 14:40:30.375 | INFO     | __main__:<module>:75 - Config ready | seed=42 frames_per_batch=4096 horizon=256 num_envs=8 backend=parallel parallel=True
2025-11-18 14:40:32.891 | INFO     | __main__:<module>:21 - TorchRL env constructed (observation=torch.Size([8, 72]),  num_envs=8, backend=parallel, parallel=True)
2025-11-18 14:40:32.901 | INFO     | __main__:<module>:22 - Starting notebook PPO run
2025-11-18 14:40:37.522 | INFO     | __main__:_log_metrics:20 - iter=0000 reward=1366.0234 ESS=0.0770 acb_factor_mean=0.2797 clip_fraction=0.9062 collision_rate=0.1929 collision_total_mean=373.2180 entropy=-2.1901 explained_variance=-0.4863 kl_approx=72.3852 loss_critic=9031.6680 loss_entropy=0.0219 loss_objective=0.1534 preamble_cbra=4.0000 preamble_cfra=2.0000 preamble_pbra=58.0000 requests_cbra=2012.6287 requests_pbra=2083.7388 success_rate=0.8071 success_total_mean=1561.0853
2025-11-18 14:40:41.977 | INFO     | __main__:_log_metrics:20 - iter=0001 reward=2025.6992 ESS=0.0485 acb_factor_mean=0.3359 clip_fraction=0.9766 collision_rate=0.1703 collision_total_mean=466.5204 entropy=-2.8070 explained_variance=-0.2156 kl_approx=574.8978 loss_critic=17518.3828 loss_entropy=0.0281 loss_objective=0.2776 preamble_cbra=12.0000 preamble_cfra=3.0000 preamble_pbra=50.0000 requests_cbra=2080.9385 requests_pbra=2295.3398 success_rate=0.8297 success_total_mean=2273.4170
2025-11-18 14:40:46.165 | INFO     | __main__:_log_metrics:20 - iter=0002 reward=-9593.2676 ESS=0.7567 acb_factor_mean=0.9207 clip_fraction=0.2812 collision_rate=0.8713 collision_total_mean=25771.5039 entropy=-7.0595 explained_variance=0.4081 kl_approx=37.4705 loss_critic=53223.2188 loss_entropy=0.0706 loss_objective=0.2614 preamble_cbra=48.0000 preamble_cfra=15.0000 preamble_pbra=1.0000 requests_cbra=2356.7153 requests_pbra=25625.0703 success_rate=0.1287 success_total_mean=3806.5659
2025-11-18 14:40:50.330 | INFO     | __main__:_log_metrics:20 - iter=0003 reward=-10208.6592 ESS=0.8353 acb_factor_mean=0.9582 clip_fraction=0.5781 collision_rate=0.8912 collision_total_mean=25985.3477 entropy=-7.0294 explained_variance=0.6288 kl_approx=12.0372 loss_critic=39660.0898 loss_entropy=0.0703 loss_objective=0.1443 preamble_cbra=51.0000 preamble_cfra=12.0000 preamble_pbra=1.0000 requests_cbra=2118.4353 requests_pbra=25682.9629 success_rate=0.1088 success_total_mean=3172.6807
2025-11-18 14:40:54.477 | INFO     | __main__:_log_metrics:20 - iter=0004 reward=-10558.7070 ESS=0.9687 acb_factor_mean=0.9487 clip_fraction=0.0469 collision_rate=0.8909 collision_total_mean=27084.6758 entropy=-7.3703 explained_variance=0.8640 kl_approx=4.4101 loss_critic=48328.7070 loss_entropy=0.0737 loss_objective=0.0365 preamble_cbra=51.0000 preamble_cfra=12.0000 preamble_pbra=1.0000 requests_cbra=2108.9937 requests_pbra=26946.0859 success_rate=0.1091 success_total_mean=3317.8538
2025-11-18 14:40:58.627 | INFO     | __main__:_log_metrics:20 - iter=0005 reward=-11207.7773 ESS=0.9873 acb_factor_mean=0.9660 clip_fraction=0.0156 collision_rate=0.9015 collision_total_mean=28139.2734 entropy=-7.8018 explained_variance=0.9276 kl_approx=0.0570 loss_critic=57459.8047 loss_entropy=0.0780 loss_objective=0.0210 preamble_cbra=54.0000 preamble_cfra=9.0000 preamble_pbra=1.0000 requests_cbra=1974.6724 requests_pbra=28011.9395 success_rate=0.0985 success_total_mean=3074.2673
2025-11-18 14:41:02.718 | INFO     | __main__:_log_metrics:20 - iter=0006 reward=-11437.6484 ESS=0.9765 acb_factor_mean=0.9638 clip_fraction=0.0703 collision_rate=0.9012 collision_total_mean=28842.2676 entropy=-7.8502 explained_variance=0.9691 kl_approx=2.1569 loss_critic=51152.8750 loss_entropy=0.0785 loss_objective=0.0126 preamble_cbra=54.0000 preamble_cfra=9.0000 preamble_pbra=1.0000 requests_cbra=1997.1014 requests_pbra=28697.4785 success_rate=0.0988 success_total_mean=3163.3071
2025-11-18 14:41:06.824 | INFO     | __main__:_log_metrics:20 - iter=0007 reward=-12703.9131 ESS=0.9675 acb_factor_mean=0.9737 clip_fraction=0.0391 collision_rate=0.9106 collision_total_mean=31166.4102 entropy=-7.9922 explained_variance=0.9830 kl_approx=1.1798 loss_critic=55816.9805 loss_entropy=0.0799 loss_objective=0.0398 preamble_cbra=56.0000 preamble_cfra=7.0000 preamble_pbra=1.0000 requests_cbra=2059.3350 requests_pbra=31005.2168 success_rate=0.0894 success_total_mean=3059.7739
2025-11-18 14:41:11.151 | INFO     | __main__:_log_metrics:20 - iter=0008 reward=-11880.4395 ESS=0.9746 acb_factor_mean=0.9692 clip_fraction=0.0781 collision_rate=0.9083 collision_total_mean=29271.1445 entropy=-7.7773 explained_variance=0.9784 kl_approx=0.6388 loss_critic=74475.7812 loss_entropy=0.0778 loss_objective=0.0237 preamble_cbra=55.0000 preamble_cfra=8.0000 preamble_pbra=1.0000 requests_cbra=1976.7527 requests_pbra=29134.3906 success_rate=0.0917 success_total_mean=2956.1729
2025-11-18 16:10:54.092 | INFO     | __main__:<module>:18 - Logger initialized (level=INFO, file=logs/train.log)
2025-11-18 16:10:54.093 | INFO     | __main__:<module>:45 - env_config SatelliteMACEnvConfig(num_slots_per_step=160, decision_horizon=256, history_len=4, simulator_config=MACSimulatorConfig(regions=(RegionTrafficProfile(name='urban', area_weight=0.4, cbra_density=1.2, pbra_density=1.5, handover_intensity=0.8, scheduling_period=160, noise_scale=0.2, cox_intensity_mean=1.6, cox_intensity_variance=0.7, cox_grid=(10, 10), region_bounds=(-2.0, 2.0, -2.0, 2.0), batch_mean=12.0, batch_std=0.6, residence_time_mean=8.0), RegionTrafficProfile(name='suburban', area_weight=0.35, cbra_density=0.8, pbra_density=0.9, handover_intensity=0.5, scheduling_period=200, noise_scale=0.15, cox_intensity_mean=1.2, cox_intensity_variance=0.5, cox_grid=(8, 8), region_bounds=(-1.5, 1.5, -1.5, 1.5), batch_mean=8.0, batch_std=0.5, residence_time_mean=6.0), RegionTrafficProfile(name='rural', area_weight=0.25, cbra_density=0.3, pbra_density=0.4, handover_intensity=0.2, scheduling_period=320, noise_scale=0.1, cox_intensity_mean=0.9, cox_intensity_variance=0.3, cox_grid=(6, 6), region_bounds=(-1.0, 1.0, -1.0, 1.0), batch_mean=4.0, batch_std=0.4, residence_time_mean=4.5)), history_size=10, protocol_count=4, preamble_subset_count=8, total_preambles=64, base_preamble_split=(24, 24, 16), reward_weights={'throughput': 1.0, 'collision': -0.5, 'cfra_mse': -1}, region_transition_matrix=None, coverage_patches=None, coverage_drift_radius=1.0, coverage_cycle_slots=1440.0, coverage_jitter=0.05, coverage_smoothing=0.2, coverage_total_footprint=1.0, backoff_strategy=BackoffStrategyConfig(low=BackoffWindow(min_steps=0, max_steps=4), medium=BackoffWindow(min_steps=1, max_steps=12), high=BackoffWindow(min_steps=6, max_steps=24), collision_threshold_medium=0.05, collision_threshold_high=0.1, max_backlog_steps=48)), preamble_delta_range=3, flatten_observation=True)
2025-11-18 16:10:54.095 | INFO     | __main__:<module>:68 - train_config HPPOConfig(frames_per_batch=4096, mini_batch_size=128, rollout_epochs=8, max_iterations=100, gamma=0.99, gae_lambda=0.95, clip_epsilon=0.2, entropy_coeff=0.01, actor_lr=0.0001, critic_lr=0.0001, device=device(type='cpu'))
2025-11-18 16:10:54.095 | INFO     | __main__:<module>:75 - Config ready | seed=42 frames_per_batch=4096 horizon=256 num_envs=8 backend=parallel parallel=True
2025-11-18 16:10:56.630 | INFO     | __main__:<module>:21 - TorchRL env constructed (observation=torch.Size([8, 72]),  num_envs=8, backend=parallel, parallel=True)
2025-11-18 16:10:56.640 | INFO     | __main__:<module>:22 - Starting notebook PPO run
2025-11-18 16:11:03.033 | INFO     | __main__:_log_metrics:20 - iter=0000 reward=-10963.5352 ESS=0.0671 acb_factor_mean=0.8520 clip_fraction=0.9297 collision_rate=0.8384 collision_total_mean=29582.8633 entropy=-0.7520 explained_variance=0.7431 kl_approx=497.1037 loss_critic=60426.8594 loss_entropy=0.0075 loss_objective=0.2248 preamble_cbra=5.0000 preamble_cfra=48.0000 preamble_pbra=10.0000 requests_cbra=14277.0938 requests_pbra=16675.0117 success_rate=0.1616 success_total_mean=5700.8872
2025-11-18 16:11:08.454 | INFO     | __main__:_log_metrics:20 - iter=0001 reward=3754.9695 ESS=0.4741 acb_factor_mean=0.4195 clip_fraction=0.5938 collision_rate=0.2108 collision_total_mean=1546.9441 entropy=-1.4012 explained_variance=0.0652 kl_approx=139.2918 loss_critic=39892.4922 loss_entropy=0.0140 loss_objective=0.1347 preamble_cbra=6.0000 preamble_cfra=38.0000 preamble_pbra=20.0000 requests_cbra=2577.7798 requests_pbra=2695.0247 success_rate=0.7892 success_total_mean=5792.4556
2025-11-18 16:11:13.743 | INFO     | __main__:_log_metrics:20 - iter=0002 reward=-3013.7727 ESS=0.0150 acb_factor_mean=0.7917 clip_fraction=0.7500 collision_rate=0.7592 collision_total_mean=13676.0322 entropy=-0.8056 explained_variance=0.9665 kl_approx=421.6969 loss_critic=25285.6348 loss_entropy=0.0081 loss_objective=0.0535 preamble_cbra=43.0000 preamble_cfra=17.0000 preamble_pbra=5.0000 requests_cbra=2085.8481 requests_pbra=14187.9961 success_rate=0.2408 success_total_mean=4337.7300
2025-11-18 16:11:19.375 | INFO     | __main__:_log_metrics:20 - iter=0003 reward=1993.5701 ESS=0.1906 acb_factor_mean=0.6050 clip_fraction=0.8281 collision_rate=0.4211 collision_total_mean=3467.5334 entropy=-3.9042 explained_variance=0.7435 kl_approx=147.7735 loss_critic=20293.9258 loss_entropy=0.0390 loss_objective=0.2830 preamble_cbra=30.0000 preamble_cfra=29.0000 preamble_pbra=6.0000 requests_cbra=2311.5200 requests_pbra=4760.1250 success_rate=0.5789 success_total_mean=4766.0068
2025-11-18 16:11:25.799 | INFO     | __main__:_log_metrics:20 - iter=0004 reward=-20896.8574 ESS=0.5837 acb_factor_mean=0.9429 clip_fraction=0.4609 collision_rate=0.8960 collision_total_mean=48417.9961 entropy=-6.5767 explained_variance=0.1661 kl_approx=4562.2773 loss_critic=75838.1797 loss_entropy=0.0658 loss_objective=0.1404 preamble_cbra=5.0000 preamble_cfra=55.0000 preamble_pbra=5.0000 requests_cbra=21464.5273 requests_pbra=27463.9004 success_rate=0.1040 success_total_mean=5620.1074
2025-11-18 16:11:31.105 | INFO     | __main__:_log_metrics:20 - iter=0005 reward=-10621.1553 ESS=0.8582 acb_factor_mean=0.9542 clip_fraction=0.1406 collision_rate=0.8754 collision_total_mean=29169.4453 entropy=-5.8337 explained_variance=0.9647 kl_approx=129.8433 loss_critic=41277.0000 loss_entropy=0.0583 loss_objective=0.1201 preamble_cbra=53.0000 preamble_cfra=9.0000 preamble_pbra=2.0000 requests_cbra=2118.7622 requests_pbra=29007.8086 success_rate=0.1246 success_total_mean=4152.9072
2025-11-18 16:11:36.916 | INFO     | __main__:_log_metrics:20 - iter=0006 reward=-8998.7686 ESS=0.9188 acb_factor_mean=0.9339 clip_fraction=0.1953 collision_rate=0.8599 collision_total_mean=25472.4082 entropy=-5.5074 explained_variance=0.9720 kl_approx=4.2174 loss_critic=46127.1016 loss_entropy=0.0551 loss_objective=0.0594 preamble_cbra=49.0000 preamble_cfra=13.0000 preamble_pbra=2.0000 requests_cbra=2245.5947 requests_pbra=25114.4473 success_rate=0.1401 success_total_mean=4150.5039
2025-11-18 16:11:42.363 | INFO     | __main__:_log_metrics:20 - iter=0007 reward=-9963.9072 ESS=0.7929 acb_factor_mean=0.9396 clip_fraction=0.2500 collision_rate=0.8707 collision_total_mean=27468.3262 entropy=-6.0708 explained_variance=0.9800 kl_approx=1076.4443 loss_critic=47118.1953 loss_entropy=0.0607 loss_objective=0.0423 preamble_cbra=50.0000 preamble_cfra=12.0000 preamble_pbra=2.0000 requests_cbra=2244.6765 requests_pbra=27149.2773 success_rate=0.1293 success_total_mean=4080.6116
2025-11-18 16:11:48.074 | INFO     | __main__:_log_metrics:20 - iter=0008 reward=-10683.0645 ESS=0.9421 acb_factor_mean=0.9526 clip_fraction=0.1016 collision_rate=0.8821 collision_total_mean=28549.7578 entropy=-5.7008 explained_variance=0.9870 kl_approx=7.9910 loss_critic=48460.1484 loss_entropy=0.0570 loss_objective=0.0384 preamble_cbra=53.0000 preamble_cfra=9.0000 preamble_pbra=2.0000 requests_cbra=2050.0200 requests_pbra=28358.1211 success_rate=0.1179 success_total_mean=3816.0684
2025-11-18 16:11:53.437 | INFO     | __main__:_log_metrics:20 - iter=0009 reward=-10957.1465 ESS=0.1137 acb_factor_mean=0.9551 clip_fraction=0.9141 collision_rate=0.8814 collision_total_mean=29416.3828 entropy=-0.3676 explained_variance=0.9886 kl_approx=305.7570 loss_critic=59774.8125 loss_entropy=0.0037 loss_objective=0.1880 preamble_cbra=53.0000 preamble_cfra=9.0000 preamble_pbra=2.0000 requests_cbra=2070.8296 requests_pbra=29290.8223 success_rate=0.1186 success_total_mean=3957.2458
2025-11-18 16:11:58.495 | INFO     | __main__:_log_metrics:20 - iter=0010 reward=1237.9149 ESS=0.5261 acb_factor_mean=0.6789 clip_fraction=0.5078 collision_rate=0.5430 collision_total_mean=4323.8091 entropy=-0.1124 explained_variance=0.0764 kl_approx=49.2840 loss_critic=39047.5273 loss_entropy=0.0011 loss_objective=0.0355 preamble_cbra=52.0000 preamble_cfra=10.0000 preamble_pbra=2.0000 requests_cbra=1940.5870 requests_pbra=5891.2490 success_rate=0.4570 success_total_mean=3638.7485
2025-11-18 16:12:03.562 | INFO     | __main__:_log_metrics:20 - iter=0011 reward=2281.5735 ESS=0.8830 acb_factor_mean=0.4954 clip_fraction=0.1172 collision_rate=0.3562 collision_total_mean=1909.6945 entropy=-0.0735 explained_variance=0.3571 kl_approx=17.8140 loss_critic=13119.0186 loss_entropy=0.0007 loss_objective=0.1382 preamble_cbra=52.0000 preamble_cfra=9.0000 preamble_pbra=2.0000 requests_cbra=1825.2517 requests_pbra=3873.9087 success_rate=0.6438 success_total_mean=3451.4124
2025-11-18 16:12:08.425 | INFO     | __main__:_log_metrics:20 - iter=0012 reward=2144.5198 ESS=0.8685 acb_factor_mean=0.4917 clip_fraction=0.1484 collision_rate=0.3659 collision_total_mean=1787.7666 entropy=-0.0312 explained_variance=0.5852 kl_approx=50.7163 loss_critic=10313.1680 loss_entropy=0.0003 loss_objective=0.0951 preamble_cbra=55.0000 preamble_cfra=5.0000 preamble_pbra=3.0000 requests_cbra=1778.5583 requests_pbra=3731.5325 success_rate=0.6341 success_total_mean=3098.2944
2025-11-18 16:12:13.437 | INFO     | __main__:_log_metrics:20 - iter=0013 reward=2126.4282 ESS=0.9368 acb_factor_mean=0.5054 clip_fraction=0.0703 collision_rate=0.3817 collision_total_mean=1983.2944 entropy=0.0268 explained_variance=0.3846 kl_approx=6.4718 loss_critic=14149.9658 loss_entropy=-0.0003 loss_objective=0.0470 preamble_cbra=54.0000 preamble_cfra=6.0000 preamble_pbra=4.0000 requests_cbra=1923.9194 requests_pbra=4046.4126 success_rate=0.6183 success_total_mean=3212.8955
2025-11-18 16:12:18.631 | INFO     | __main__:_log_metrics:20 - iter=0014 reward=2017.8417 ESS=0.9585 acb_factor_mean=0.5076 clip_fraction=0.0469 collision_rate=0.4001 collision_total_mean=2038.7671 entropy=-0.0212 explained_variance=0.6552 kl_approx=9.5636 loss_critic=11232.3164 loss_entropy=0.0002 loss_objective=0.0346 preamble_cbra=56.0000 preamble_cfra=4.0000 preamble_pbra=4.0000 requests_cbra=1874.7169 requests_pbra=4141.9668 success_rate=0.5999 success_total_mean=3056.9277
2025-11-18 16:12:23.568 | INFO     | __main__:_log_metrics:20 - iter=0015 reward=2030.8657 ESS=0.9346 acb_factor_mean=0.4944 clip_fraction=0.0703 collision_rate=0.3788 collision_total_mean=1794.7129 entropy=0.0221 explained_variance=0.2180 kl_approx=7.2661 loss_critic=16454.8711 loss_entropy=-0.0002 loss_objective=-0.0030 preamble_cbra=55.0000 preamble_cfra=4.0000 preamble_pbra=5.0000 requests_cbra=1896.1112 requests_pbra=3915.7520 success_rate=0.6212 success_total_mean=2943.3120
2025-11-18 16:12:29.232 | INFO     | __main__:_log_metrics:20 - iter=0016 reward=2254.5613 ESS=0.9757 acb_factor_mean=0.5059 clip_fraction=0.0312 collision_rate=0.3608 collision_total_mean=1798.9276 entropy=-0.0311 explained_variance=0.3945 kl_approx=0.4235 loss_critic=25055.0293 loss_entropy=0.0003 loss_objective=-0.0047 preamble_cbra=54.0000 preamble_cfra=5.0000 preamble_pbra=5.0000 requests_cbra=1848.0989 requests_pbra=3847.4250 success_rate=0.6392 success_total_mean=3187.2388
2025-11-18 16:12:34.480 | INFO     | __main__:_log_metrics:20 - iter=0017 reward=2121.8652 ESS=0.9766 acb_factor_mean=0.5022 clip_fraction=0.0234 collision_rate=0.3673 collision_total_mean=1773.4351 entropy=0.0000 explained_variance=0.7309 kl_approx=1.6536 loss_critic=17979.4219 loss_entropy=-0.0000 loss_objective=0.0074 preamble_cbra=55.0000 preamble_cfra=5.0000 preamble_pbra=4.0000 requests_cbra=1762.3252 requests_pbra=3729.2864 success_rate=0.6327 success_total_mean=3055.1929
2025-11-18 16:12:39.537 | INFO     | __main__:_log_metrics:20 - iter=0018 reward=2320.9546 ESS=0.9687 acb_factor_mean=0.5024 clip_fraction=0.0312 collision_rate=0.3511 collision_total_mean=1785.8446 entropy=0.0000 explained_variance=0.4466 kl_approx=2.8013 loss_critic=23401.5801 loss_entropy=-0.0000 loss_objective=0.0100 preamble_cbra=53.0000 preamble_cfra=7.0000 preamble_pbra=4.0000 requests_cbra=1806.0144 requests_pbra=3752.7808 success_rate=0.6489 success_total_mean=3300.1868
2025-11-18 16:12:44.913 | INFO     | __main__:_log_metrics:20 - iter=0019 reward=2337.1448 ESS=0.9687 acb_factor_mean=0.5035 clip_fraction=0.0312 collision_rate=0.3509 collision_total_mean=1847.0000 entropy=0.0000 explained_variance=0.6099 kl_approx=10.0329 loss_critic=22955.0000 loss_entropy=-0.0000 loss_objective=0.0317 preamble_cbra=51.0000 preamble_cfra=8.0000 preamble_pbra=4.0000 requests_cbra=1850.7942 requests_pbra=3825.5688 success_rate=0.6491 success_total_mean=3416.0742
2025-11-18 16:12:50.701 | INFO     | __main__:_log_metrics:20 - iter=0020 reward=2344.1672 ESS=0.9213 acb_factor_mean=0.5117 clip_fraction=0.0859 collision_rate=0.3496 collision_total_mean=1909.1384 entropy=0.0046 explained_variance=0.4757 kl_approx=26.8380 loss_critic=30535.1367 loss_entropy=-0.0000 loss_objective=0.0050 preamble_cbra=48.0000 preamble_cfra=12.0000 preamble_pbra=4.0000 requests_cbra=1816.6908 requests_pbra=3698.6926 success_rate=0.6504 success_total_mean=3551.8860
2025-11-18 16:12:56.071 | INFO     | __main__:_log_metrics:20 - iter=0021 reward=2494.7151 ESS=0.9219 acb_factor_mean=0.5012 clip_fraction=0.0781 collision_rate=0.3386 collision_total_mean=1910.0040 entropy=0.0000 explained_variance=0.6219 kl_approx=17.5049 loss_critic=27450.6445 loss_entropy=-0.0000 loss_objective=0.0129 preamble_cbra=46.0000 preamble_cfra=12.0000 preamble_pbra=6.0000 requests_cbra=1856.0487 requests_pbra=3665.8794 success_rate=0.6614 success_total_mean=3730.2463
2025-11-18 16:13:01.291 | INFO     | __main__:_log_metrics:20 - iter=0022 reward=2516.7156 ESS=0.9742 acb_factor_mean=0.4944 clip_fraction=0.0312 collision_rate=0.3349 collision_total_mean=1819.4634 entropy=0.0054 explained_variance=0.6011 kl_approx=1.5192 loss_critic=30705.4277 loss_entropy=-0.0001 loss_objective=0.0109 preamble_cbra=51.0000 preamble_cfra=10.0000 preamble_pbra=3.0000 requests_cbra=1810.3342 requests_pbra=3744.4226 success_rate=0.6651 success_total_mean=3613.2297
2025-11-18 16:13:06.522 | INFO     | __main__:_log_metrics:20 - iter=0023 reward=2553.2512 ESS=0.9687 acb_factor_mean=0.5055 clip_fraction=0.0312 collision_rate=0.3337 collision_total_mean=1882.0898 entropy=0.0000 explained_variance=0.3336 kl_approx=3.5250 loss_critic=32863.7461 loss_entropy=-0.0000 loss_objective=-0.0022 preamble_cbra=47.0000 preamble_cfra=11.0000 preamble_pbra=6.0000 requests_cbra=1861.2395 requests_pbra=3705.8433 success_rate=0.6663 success_total_mean=3757.8247
2025-11-18 16:13:11.687 | INFO     | __main__:_log_metrics:20 - iter=0024 reward=2590.7959 ESS=0.9219 acb_factor_mean=0.4993 clip_fraction=0.0781 collision_rate=0.3262 collision_total_mean=1810.9395 entropy=0.0016 explained_variance=0.6239 kl_approx=29.6282 loss_critic=30598.8633 loss_entropy=-0.0000 loss_objective=0.0285 preamble_cbra=40.0000 preamble_cfra=11.0000 preamble_pbra=12.0000 requests_cbra=2029.7733 requests_pbra=3468.1133 success_rate=0.6738 success_total_mean=3740.9026
2025-11-18 16:13:16.822 | INFO     | __main__:_log_metrics:20 - iter=0025 reward=2625.4270 ESS=0.8984 acb_factor_mean=0.4972 clip_fraction=0.1016 collision_rate=0.3172 collision_total_mean=1731.5685 entropy=0.0000 explained_variance=0.5929 kl_approx=17.3697 loss_critic=34423.5156 loss_entropy=-0.0000 loss_objective=0.0316 preamble_cbra=43.0000 preamble_cfra=11.0000 preamble_pbra=10.0000 requests_cbra=1937.0425 requests_pbra=3455.8850 success_rate=0.6828 success_total_mean=3726.9448
2025-11-18 16:13:22.245 | INFO     | __main__:_log_metrics:20 - iter=0026 reward=2572.0449 ESS=0.9531 acb_factor_mean=0.5095 clip_fraction=0.0469 collision_rate=0.3451 collision_total_mean=2036.3906 entropy=-0.0256 explained_variance=0.5850 kl_approx=17.9427 loss_critic=29375.6641 loss_entropy=0.0003 loss_objective=0.0132 preamble_cbra=45.0000 preamble_cfra=12.0000 preamble_pbra=6.0000 requests_cbra=2001.1764 requests_pbra=3786.8086 success_rate=0.6549 success_total_mean=3864.8604
2025-11-18 16:13:27.427 | INFO     | __main__:_log_metrics:20 - iter=0027 reward=2798.0164 ESS=0.9757 acb_factor_mean=0.4993 clip_fraction=0.0312 collision_rate=0.2989 collision_total_mean=1620.6813 entropy=0.0049 explained_variance=0.4526 kl_approx=1.5402 loss_critic=31321.4609 loss_entropy=-0.0000 loss_objective=0.0116 preamble_cbra=46.0000 preamble_cfra=11.0000 preamble_pbra=7.0000 requests_cbra=1770.8628 requests_pbra=3369.7888 success_rate=0.7011 success_total_mean=3801.6284
2025-11-18 16:13:32.664 | INFO     | __main__:_log_metrics:20 - iter=0028 reward=2786.1099 ESS=0.9687 acb_factor_mean=0.5005 clip_fraction=0.0312 collision_rate=0.3171 collision_total_mean=1863.5840 entropy=0.0000 explained_variance=0.5199 kl_approx=7.7879 loss_critic=33263.8750 loss_entropy=-0.0000 loss_objective=-0.0045 preamble_cbra=47.0000 preamble_cfra=13.0000 preamble_pbra=4.0000 requests_cbra=1880.5640 requests_pbra=3696.7727 success_rate=0.6829 success_total_mean=4012.8726
2025-11-18 16:13:38.492 | INFO     | __main__:_log_metrics:20 - iter=0029 reward=2753.1328 ESS=0.8949 acb_factor_mean=0.4962 clip_fraction=0.1094 collision_rate=0.3076 collision_total_mean=1742.5421 entropy=0.0049 explained_variance=0.4540 kl_approx=24.3814 loss_critic=35968.9844 loss_entropy=-0.0000 loss_objective=0.0297 preamble_cbra=47.0000 preamble_cfra=12.0000 preamble_pbra=4.0000 requests_cbra=1789.8960 requests_pbra=3621.1157 success_rate=0.6924 success_total_mean=3923.2065
2025-11-18 16:13:44.766 | INFO     | __main__:_log_metrics:20 - iter=0030 reward=2594.9866 ESS=0.9297 acb_factor_mean=0.4997 clip_fraction=0.0703 collision_rate=0.3328 collision_total_mean=1921.1316 entropy=0.0001 explained_variance=0.4240 kl_approx=5.3421 loss_critic=34361.9570 loss_entropy=-0.0000 loss_objective=0.0387 preamble_cbra=39.0000 preamble_cfra=13.0000 preamble_pbra=12.0000 requests_cbra=2141.4111 requests_pbra=3535.8474 success_rate=0.6672 success_total_mean=3851.3083
2025-11-18 16:13:51.588 | INFO     | __main__:_log_metrics:20 - iter=0031 reward=2706.8191 ESS=0.8435 acb_factor_mean=0.5043 clip_fraction=0.1562 collision_rate=0.3143 collision_total_mean=1808.6136 entropy=0.0037 explained_variance=0.3985 kl_approx=81.3131 loss_critic=39597.5859 loss_entropy=-0.0000 loss_objective=0.0570 preamble_cbra=30.0000 preamble_cfra=14.0000 preamble_pbra=20.0000 requests_cbra=2280.7949 requests_pbra=3125.1406 success_rate=0.6857 success_total_mean=3946.0244
2025-11-18 16:13:57.712 | INFO     | __main__:_log_metrics:20 - iter=0032 reward=2783.8716 ESS=0.7578 acb_factor_mean=0.4909 clip_fraction=0.2422 collision_rate=0.2912 collision_total_mean=1629.5857 entropy=0.0152 explained_variance=0.4493 kl_approx=106.5013 loss_critic=40860.4102 loss_entropy=-0.0002 loss_objective=0.0739 preamble_cbra=15.0000 preamble_cfra=15.0000 preamble_pbra=35.0000 requests_cbra=2690.9446 requests_pbra=2633.5701 success_rate=0.7088 success_total_mean=3967.1965
2025-11-18 16:14:04.749 | INFO     | __main__:_log_metrics:20 - iter=0033 reward=2177.9644 ESS=0.9764 acb_factor_mean=0.5020 clip_fraction=0.0234 collision_rate=0.3346 collision_total_mean=1600.1283 entropy=0.0142 explained_variance=0.1221 kl_approx=4.8778 loss_critic=36096.7461 loss_entropy=-0.0001 loss_objective=-0.0048 preamble_cbra=11.0000 preamble_cfra=9.0000 preamble_pbra=44.0000 requests_cbra=2789.5659 requests_pbra=2479.8396 success_rate=0.6654 success_total_mean=3182.4626
2025-11-18 16:14:11.021 | INFO     | __main__:_log_metrics:20 - iter=0034 reward=1873.1687 ESS=0.9593 acb_factor_mean=0.5005 clip_fraction=0.0469 collision_rate=0.3512 collision_total_mean=1533.9685 entropy=0.0148 explained_variance=0.3115 kl_approx=9.5426 loss_critic=31290.6875 loss_entropy=-0.0001 loss_objective=-0.0079 preamble_cbra=3.0000 preamble_cfra=8.0000 preamble_pbra=54.0000 requests_cbra=2976.2375 requests_pbra=2117.3560 success_rate=0.6488 success_total_mean=2833.4597
2025-11-18 16:14:16.937 | INFO     | __main__:_log_metrics:20 - iter=0035 reward=2198.9561 ESS=0.8672 acb_factor_mean=0.5021 clip_fraction=0.1328 collision_rate=0.3486 collision_total_mean=1771.6224 entropy=0.0000 explained_variance=0.6513 kl_approx=59.7008 loss_critic=27962.6758 loss_entropy=-0.0000 loss_objective=0.0483 preamble_cbra=3.0000 preamble_cfra=9.0000 preamble_pbra=51.0000 requests_cbra=3313.4163 requests_pbra=2418.4634 success_rate=0.6514 success_total_mean=3310.3896
2025-11-18 16:14:23.507 | INFO     | __main__:_log_metrics:20 - iter=0036 reward=2934.3914 ESS=0.8914 acb_factor_mean=0.4958 clip_fraction=0.1094 collision_rate=0.2641 collision_total_mean=1377.9043 entropy=0.0018 explained_variance=0.6846 kl_approx=39.8819 loss_critic=36235.4922 loss_entropy=-0.0000 loss_objective=0.0337 preamble_cbra=9.0000 preamble_cfra=11.0000 preamble_pbra=44.0000 requests_cbra=2729.9563 requests_pbra=2373.8613 success_rate=0.7359 success_total_mean=3838.9612
2025-11-18 16:14:30.217 | INFO     | __main__:_log_metrics:20 - iter=0037 reward=3852.4514 ESS=0.8743 acb_factor_mean=0.5050 clip_fraction=0.1328 collision_rate=0.2019 collision_total_mean=1249.1519 entropy=0.0319 explained_variance=0.2029 kl_approx=35.4511 loss_critic=55809.1211 loss_entropy=-0.0003 loss_objective=0.0429 preamble_cbra=35.0000 preamble_cfra=18.0000 preamble_pbra=11.0000 requests_cbra=1898.0081 requests_pbra=3030.5557 success_rate=0.7981 success_total_mean=4937.5430
2025-11-18 16:14:36.261 | INFO     | __main__:_log_metrics:20 - iter=0038 reward=3750.7776 ESS=0.9141 acb_factor_mean=0.4978 clip_fraction=0.0469 collision_rate=0.2304 collision_total_mean=1471.6615 entropy=0.0109 explained_variance=0.5288 kl_approx=4.9410 loss_critic=46551.3242 loss_entropy=-0.0001 loss_objective=-0.0063 preamble_cbra=33.0000 preamble_cfra=19.0000 preamble_pbra=13.0000 requests_cbra=2040.0823 requests_pbra=3156.9407 success_rate=0.7696 success_total_mean=4914.8320
2025-11-18 16:14:42.662 | INFO     | __main__:_log_metrics:20 - iter=0039 reward=3818.2388 ESS=0.9446 acb_factor_mean=0.4986 clip_fraction=0.0625 collision_rate=0.2294 collision_total_mean=1506.0536 entropy=0.0048 explained_variance=0.5701 kl_approx=13.8523 loss_critic=46083.4531 loss_entropy=-0.0000 loss_objective=-0.0077 preamble_cbra=27.0000 preamble_cfra=19.0000 preamble_pbra=18.0000 requests_cbra=2246.3218 requests_pbra=3137.7485 success_rate=0.7706 success_total_mean=5057.9990
2025-11-18 16:14:49.391 | INFO     | __main__:_log_metrics:20 - iter=0040 reward=3515.8328 ESS=0.9297 acb_factor_mean=0.4975 clip_fraction=0.0703 collision_rate=0.2411 collision_total_mean=1496.0801 entropy=0.0000 explained_variance=0.7065 kl_approx=10.7934 loss_critic=46018.6211 loss_entropy=-0.0000 loss_objective=0.0336 preamble_cbra=14.0000 preamble_cfra=18.0000 preamble_pbra=32.0000 requests_cbra=2558.8833 requests_pbra=2685.9204 success_rate=0.7589 success_total_mean=4710.1104
2025-11-18 16:14:55.723 | INFO     | __main__:_log_metrics:20 - iter=0041 reward=3278.2935 ESS=0.8279 acb_factor_mean=0.5034 clip_fraction=0.1719 collision_rate=0.2533 collision_total_mean=1493.4670 entropy=0.0182 explained_variance=0.5747 kl_approx=80.1792 loss_critic=46099.9062 loss_entropy=-0.0002 loss_objective=0.0464 preamble_cbra=18.0000 preamble_cfra=17.0000 preamble_pbra=30.0000 requests_cbra=2439.2358 requests_pbra=2736.7886 success_rate=0.7467 success_total_mean=4402.5244
2025-11-18 16:15:02.306 | INFO     | __main__:_log_metrics:20 - iter=0042 reward=3336.8506 ESS=0.8755 acb_factor_mean=0.5057 clip_fraction=0.1328 collision_rate=0.2587 collision_total_mean=1540.7644 entropy=0.0205 explained_variance=0.4330 kl_approx=65.1625 loss_critic=53722.5547 loss_entropy=-0.0002 loss_objective=0.0126 preamble_cbra=37.0000 preamble_cfra=14.0000 preamble_pbra=13.0000 requests_cbra=1999.1998 requests_pbra=3260.2090 success_rate=0.7413 success_total_mean=4415.6611
2025-11-18 16:15:09.315 | INFO     | __main__:_log_metrics:20 - iter=0043 reward=3763.9558 ESS=0.9687 acb_factor_mean=0.5023 clip_fraction=0.0312 collision_rate=0.2329 collision_total_mean=1478.5619 entropy=0.0006 explained_variance=0.6660 kl_approx=10.7437 loss_critic=43650.4141 loss_entropy=-0.0000 loss_objective=0.0128 preamble_cbra=36.0000 preamble_cfra=17.0000 preamble_pbra=12.0000 requests_cbra=2034.7059 requests_pbra=3278.2495 success_rate=0.7671 success_total_mean=4868.9058
2025-11-18 16:15:15.130 | INFO     | __main__:_log_metrics:20 - iter=0044 reward=3903.6858 ESS=0.9141 acb_factor_mean=0.5002 clip_fraction=0.0859 collision_rate=0.1981 collision_total_mean=1220.9844 entropy=0.0000 explained_variance=0.7722 kl_approx=46.1410 loss_critic=43809.4023 loss_entropy=-0.0000 loss_objective=-0.0012 preamble_cbra=16.0000 preamble_cfra=18.0000 preamble_pbra=30.0000 requests_cbra=2366.9363 requests_pbra=2562.6870 success_rate=0.8019 success_total_mean=4941.7139
2025-11-18 16:15:21.499 | INFO     | __main__:_log_metrics:20 - iter=0045 reward=3637.5479 ESS=0.8750 acb_factor_mean=0.5014 clip_fraction=0.1250 collision_rate=0.2491 collision_total_mean=1588.1631 entropy=0.0000 explained_variance=0.7178 kl_approx=69.2339 loss_critic=39234.7500 loss_entropy=-0.0000 loss_objective=0.0415 preamble_cbra=39.0000 preamble_cfra=16.0000 preamble_pbra=9.0000 requests_cbra=2041.0417 requests_pbra=3445.4502 success_rate=0.7509 success_total_mean=4786.8135
2025-11-18 16:15:27.885 | INFO     | __main__:_log_metrics:20 - iter=0046 reward=3387.9807 ESS=0.9453 acb_factor_mean=0.4988 clip_fraction=0.0547 collision_rate=0.2419 collision_total_mean=1381.2563 entropy=0.0000 explained_variance=0.6439 kl_approx=6.8787 loss_critic=42660.0625 loss_entropy=-0.0000 loss_objective=0.0032 preamble_cbra=43.0000 preamble_cfra=13.0000 preamble_pbra=8.0000 requests_cbra=1791.7601 requests_pbra=3217.2329 success_rate=0.7581 success_total_mean=4328.4443
2025-11-18 16:15:33.347 | INFO     | __main__:_log_metrics:20 - iter=0047 reward=3841.9236 ESS=0.7734 acb_factor_mean=0.5037 clip_fraction=0.2266 collision_rate=0.2221 collision_total_mean=1420.3604 entropy=0.0110 explained_variance=0.5194 kl_approx=309.7749 loss_critic=49514.7891 loss_entropy=-0.0001 loss_objective=0.0050 preamble_cbra=36.0000 preamble_cfra=18.0000 preamble_pbra=10.0000 requests_cbra=1948.4880 requests_pbra=3229.1204 success_rate=0.7779 success_total_mean=4975.5220
2025-11-18 16:15:38.528 | INFO     | __main__:_log_metrics:20 - iter=0048 reward=4222.8286 ESS=0.9860 acb_factor_mean=0.5001 clip_fraction=0.0234 collision_rate=0.1769 collision_total_mean=1195.0618 entropy=0.0052 explained_variance=0.4005 kl_approx=0.6103 loss_critic=60398.0820 loss_entropy=-0.0001 loss_objective=0.0218 preamble_cbra=26.0000 preamble_cfra=26.0000 preamble_pbra=12.0000 requests_cbra=1918.8840 requests_pbra=2767.9026 success_rate=0.8231 success_total_mean=5559.2373
2025-11-18 16:15:43.623 | INFO     | __main__:_log_metrics:20 - iter=0049 reward=3941.2903 ESS=0.9840 acb_factor_mean=0.4952 clip_fraction=0.0234 collision_rate=0.2143 collision_total_mean=1398.5316 entropy=0.0131 explained_variance=0.6088 kl_approx=2.6693 loss_critic=52437.3789 loss_entropy=-0.0001 loss_objective=-0.0068 preamble_cbra=34.0000 preamble_cfra=20.0000 preamble_pbra=10.0000 requests_cbra=2029.5013 requests_pbra=3238.9243 success_rate=0.7857 success_total_mean=5126.6377
2025-11-18 16:15:48.968 | INFO     | __main__:_log_metrics:20 - iter=0050 reward=3879.6060 ESS=0.9525 acb_factor_mean=0.4969 clip_fraction=0.0547 collision_rate=0.2058 collision_total_mean=1336.3076 entropy=0.0061 explained_variance=0.4396 kl_approx=8.6748 loss_critic=53563.4688 loss_entropy=-0.0001 loss_objective=0.0292 preamble_cbra=33.0000 preamble_cfra=22.0000 preamble_pbra=9.0000 requests_cbra=1893.3097 requests_pbra=3063.1724 success_rate=0.7942 success_total_mean=5158.1846
2025-11-18 16:15:54.810 | INFO     | __main__:_log_metrics:20 - iter=0051 reward=3850.1040 ESS=0.9503 acb_factor_mean=0.5036 clip_fraction=0.0547 collision_rate=0.2028 collision_total_mean=1297.2129 entropy=0.0061 explained_variance=0.4841 kl_approx=9.9028 loss_critic=53220.3555 loss_entropy=-0.0001 loss_objective=0.0102 preamble_cbra=21.0000 preamble_cfra=22.0000 preamble_pbra=21.0000 requests_cbra=2162.1216 requests_pbra=2729.0635 success_rate=0.7972 success_total_mean=5099.8833
2025-11-18 16:16:00.734 | INFO     | __main__:_log_metrics:20 - iter=0052 reward=4200.4272 ESS=0.9346 acb_factor_mean=0.5026 clip_fraction=0.0703 collision_rate=0.1934 collision_total_mean=1330.3579 entropy=-0.0323 explained_variance=0.1647 kl_approx=31.2403 loss_critic=60409.2500 loss_entropy=0.0003 loss_objective=-0.0028 preamble_cbra=20.0000 preamble_cfra=25.0000 preamble_pbra=19.0000 requests_cbra=2196.7388 requests_pbra=2717.6099 success_rate=0.8066 success_total_mean=5549.7886
2025-11-18 16:16:06.302 | INFO     | __main__:_log_metrics:20 - iter=0053 reward=4167.1992 ESS=0.9452 acb_factor_mean=0.4919 clip_fraction=0.0547 collision_rate=0.2032 collision_total_mean=1391.7866 entropy=-0.0014 explained_variance=0.1447 kl_approx=26.5847 loss_critic=58799.0195 loss_entropy=0.0000 loss_objective=0.0184 preamble_cbra=18.0000 preamble_cfra=23.0000 preamble_pbra=23.0000 requests_cbra=2359.8777 requests_pbra=2795.9893 success_rate=0.7968 success_total_mean=5457.9419
2025-11-18 16:16:12.227 | INFO     | __main__:_log_metrics:20 - iter=0054 reward=4215.4771 ESS=0.9182 acb_factor_mean=0.4997 clip_fraction=0.0859 collision_rate=0.2149 collision_total_mean=1518.9143 entropy=0.0048 explained_variance=0.5542 kl_approx=45.8337 loss_critic=50285.2461 loss_entropy=-0.0000 loss_objective=0.0339 preamble_cbra=22.0000 preamble_cfra=23.0000 preamble_pbra=19.0000 requests_cbra=2231.2227 requests_pbra=2995.3394 success_rate=0.7851 success_total_mean=5549.2944
2025-11-18 16:16:18.112 | INFO     | __main__:_log_metrics:20 - iter=0055 reward=4337.3916 ESS=0.9609 acb_factor_mean=0.5006 clip_fraction=0.0391 collision_rate=0.1925 collision_total_mean=1347.1403 entropy=0.0001 explained_variance=0.4962 kl_approx=12.3640 loss_critic=53887.5898 loss_entropy=-0.0000 loss_objective=-0.0010 preamble_cbra=25.0000 preamble_cfra=25.0000 preamble_pbra=13.0000 requests_cbra=2072.2605 requests_pbra=2992.7649 success_rate=0.8075 success_total_mean=5651.5361
2025-11-18 16:16:23.854 | INFO     | __main__:_log_metrics:20 - iter=0056 reward=4709.8716 ESS=0.9922 acb_factor_mean=0.4961 clip_fraction=0.0078 collision_rate=0.1688 collision_total_mean=1216.6990 entropy=-0.0013 explained_variance=0.2179 kl_approx=0.5780 loss_critic=59483.3594 loss_entropy=0.0000 loss_objective=-0.0006 preamble_cbra=18.0000 preamble_cfra=27.0000 preamble_pbra=19.0000 requests_cbra=2203.7842 requests_pbra=2717.4951 success_rate=0.8312 success_total_mean=5992.4038
2025-11-18 16:16:28.819 | INFO     | __main__:_log_metrics:20 - iter=0057 reward=4822.9175 ESS=0.8750 acb_factor_mean=0.4935 clip_fraction=0.1250 collision_rate=0.1633 collision_total_mean=1180.8289 entropy=0.0000 explained_variance=-0.3347 kl_approx=63.6108 loss_critic=67528.9375 loss_entropy=-0.0000 loss_objective=0.0180 preamble_cbra=16.0000 preamble_cfra=26.0000 preamble_pbra=22.0000 requests_cbra=2222.0159 requests_pbra=2641.3389 success_rate=0.8367 success_total_mean=6052.2324
2025-11-18 16:16:34.268 | INFO     | __main__:_log_metrics:20 - iter=0058 reward=4141.9873 ESS=0.9609 acb_factor_mean=0.4988 clip_fraction=0.0391 collision_rate=0.2046 collision_total_mean=1359.9718 entropy=0.0000 explained_variance=0.5610 kl_approx=6.5420 loss_critic=51499.1133 loss_entropy=-0.0000 loss_objective=0.0140 preamble_cbra=33.0000 preamble_cfra=20.0000 preamble_pbra=11.0000 requests_cbra=1957.7583 requests_pbra=3102.8052 success_rate=0.7954 success_total_mean=5286.3076
2025-11-18 16:16:39.748 | INFO     | __main__:_log_metrics:20 - iter=0059 reward=4478.6982 ESS=0.9609 acb_factor_mean=0.4970 clip_fraction=0.0391 collision_rate=0.1895 collision_total_mean=1326.3564 entropy=0.0000 explained_variance=0.5938 kl_approx=13.5205 loss_critic=47391.2422 loss_entropy=-0.0000 loss_objective=0.0246 preamble_cbra=30.0000 preamble_cfra=22.0000 preamble_pbra=12.0000 requests_cbra=2121.3860 requests_pbra=3182.0574 success_rate=0.8105 success_total_mean=5672.6592
2025-11-18 16:16:45.011 | INFO     | __main__:_log_metrics:20 - iter=0060 reward=4541.4478 ESS=0.9609 acb_factor_mean=0.5003 clip_fraction=0.0391 collision_rate=0.1676 collision_total_mean=1172.6368 entropy=-0.0886 explained_variance=-0.0998 kl_approx=2.2450 loss_critic=62407.2266 loss_entropy=0.0009 loss_objective=0.0012 preamble_cbra=26.0000 preamble_cfra=25.0000 preamble_pbra=13.0000 requests_cbra=2017.2831 requests_pbra=2927.7822 success_rate=0.8324 success_total_mean=5822.3652
2025-11-18 16:16:50.434 | INFO     | __main__:_log_metrics:20 - iter=0061 reward=4575.8657 ESS=0.8906 acb_factor_mean=0.5070 clip_fraction=0.1094 collision_rate=0.1489 collision_total_mean=1013.8928 entropy=0.0000 explained_variance=-0.2612 kl_approx=39.2534 loss_critic=54142.2266 loss_entropy=-0.0000 loss_objective=0.0295 preamble_cbra=23.0000 preamble_cfra=25.0000 preamble_pbra=16.0000 requests_cbra=1956.4500 requests_pbra=2683.9385 success_rate=0.8511 success_total_mean=5794.6978
2025-11-18 16:16:55.524 | INFO     | __main__:_log_metrics:20 - iter=0062 reward=4440.6416 ESS=0.9523 acb_factor_mean=0.4989 clip_fraction=0.0547 collision_rate=0.1686 collision_total_mean=1179.1031 entropy=-0.0011 explained_variance=-1.1310 kl_approx=17.9496 loss_critic=65427.3789 loss_entropy=0.0000 loss_objective=0.0188 preamble_cbra=22.0000 preamble_cfra=28.0000 preamble_pbra=14.0000 requests_cbra=1947.4995 requests_pbra=2752.9077 success_rate=0.8314 success_total_mean=5815.5303
2025-11-18 16:17:00.731 | INFO     | __main__:_log_metrics:20 - iter=0063 reward=4662.1753 ESS=0.8672 acb_factor_mean=0.5048 clip_fraction=0.1328 collision_rate=0.1622 collision_total_mean=1167.1691 entropy=0.0002 explained_variance=-0.2160 kl_approx=68.8504 loss_critic=54282.8125 loss_entropy=-0.0000 loss_objective=0.0234 preamble_cbra=26.0000 preamble_cfra=28.0000 preamble_pbra=10.0000 requests_cbra=1772.6550 requests_pbra=2799.3623 success_rate=0.8378 success_total_mean=6030.2319
2025-11-18 16:17:06.178 | INFO     | __main__:_log_metrics:20 - iter=0064 reward=4504.9893 ESS=0.9282 acb_factor_mean=0.4942 clip_fraction=0.0781 collision_rate=0.1710 collision_total_mean=1150.7446 entropy=0.0053 explained_variance=0.1248 kl_approx=21.9809 loss_critic=62841.3555 loss_entropy=-0.0001 loss_objective=0.0105 preamble_cbra=33.0000 preamble_cfra=21.0000 preamble_pbra=10.0000 requests_cbra=1853.3733 requests_pbra=2934.5525 success_rate=0.8290 success_total_mean=5577.3931
2025-11-18 16:17:12.220 | INFO     | __main__:_log_metrics:20 - iter=0065 reward=4482.3208 ESS=0.9844 acb_factor_mean=0.5044 clip_fraction=0.0156 collision_rate=0.1797 collision_total_mean=1231.8445 entropy=0.0000 explained_variance=0.0724 kl_approx=1.2284 loss_critic=54988.3594 loss_entropy=-0.0000 loss_objective=-0.0006 preamble_cbra=30.0000 preamble_cfra=21.0000 preamble_pbra=13.0000 requests_cbra=2001.1111 requests_pbra=2975.5598 success_rate=0.8203 success_total_mean=5623.3975
2025-11-18 16:17:18.998 | INFO     | __main__:_log_metrics:20 - iter=0066 reward=4686.4292 ESS=0.9453 acb_factor_mean=0.4932 clip_fraction=0.0547 collision_rate=0.1626 collision_total_mean=1124.5728 entropy=0.0000 explained_variance=-0.1866 kl_approx=30.3586 loss_critic=60308.2227 loss_entropy=-0.0000 loss_objective=0.0177 preamble_cbra=29.0000 preamble_cfra=23.0000 preamble_pbra=12.0000 requests_cbra=1957.8611 requests_pbra=2955.7817 success_rate=0.8374 success_total_mean=5793.1758
2025-11-18 16:17:26.274 | INFO     | __main__:_log_metrics:20 - iter=0067 reward=4537.4224 ESS=0.9531 acb_factor_mean=0.4991 clip_fraction=0.0469 collision_rate=0.1751 collision_total_mean=1189.5809 entropy=0.0000 explained_variance=-0.6050 kl_approx=11.2388 loss_critic=64905.9805 loss_entropy=-0.0000 loss_objective=-0.0039 preamble_cbra=32.0000 preamble_cfra=20.0000 preamble_pbra=12.0000 requests_cbra=2026.4495 requests_pbra=3148.3022 success_rate=0.8249 success_total_mean=5603.0566
2025-11-18 16:17:33.235 | INFO     | __main__:_log_metrics:20 - iter=0068 reward=4669.7188 ESS=0.9766 acb_factor_mean=0.4974 clip_fraction=0.0234 collision_rate=0.1601 collision_total_mean=1085.8763 entropy=0.0001 explained_variance=-0.1026 kl_approx=4.5002 loss_critic=66729.9453 loss_entropy=-0.0000 loss_objective=0.0084 preamble_cbra=30.0000 preamble_cfra=21.0000 preamble_pbra=13.0000 requests_cbra=1980.5688 requests_pbra=2940.6272 success_rate=0.8399 success_total_mean=5698.0210
2025-11-18 16:17:40.453 | INFO     | __main__:_log_metrics:20 - iter=0069 reward=4527.0293 ESS=0.9375 acb_factor_mean=0.5057 clip_fraction=0.0625 collision_rate=0.1665 collision_total_mean=1095.0735 entropy=0.0000 explained_variance=0.2229 kl_approx=14.9394 loss_critic=57315.8867 loss_entropy=-0.0000 loss_objective=0.0222 preamble_cbra=33.0000 preamble_cfra=18.0000 preamble_pbra=12.0000 requests_cbra=1951.9360 requests_pbra=2990.4209 success_rate=0.8335 success_total_mean=5482.7588
2025-11-18 16:17:47.640 | INFO     | __main__:_log_metrics:20 - iter=0070 reward=4204.8848 ESS=0.9297 acb_factor_mean=0.5048 clip_fraction=0.0703 collision_rate=0.1740 collision_total_mean=1080.8435 entropy=0.0000 explained_variance=-0.0498 kl_approx=31.0125 loss_critic=66063.0703 loss_entropy=-0.0000 loss_objective=0.0081 preamble_cbra=35.0000 preamble_cfra=18.0000 preamble_pbra=11.0000 requests_cbra=1796.1284 requests_pbra=2837.0017 success_rate=0.8260 success_total_mean=5129.3525
2025-11-18 16:17:54.316 | INFO     | __main__:_log_metrics:20 - iter=0071 reward=4428.1050 ESS=0.9297 acb_factor_mean=0.5006 clip_fraction=0.0703 collision_rate=0.1860 collision_total_mean=1262.0173 entropy=0.0002 explained_variance=-0.2388 kl_approx=19.5643 loss_critic=67861.3672 loss_entropy=-0.0000 loss_objective=0.0344 preamble_cbra=32.0000 preamble_cfra=20.0000 preamble_pbra=12.0000 requests_cbra=1991.6036 requests_pbra=3121.7024 success_rate=0.8140 success_total_mean=5522.0620
2025-11-18 16:18:00.894 | INFO     | __main__:_log_metrics:20 - iter=0072 reward=4673.6421 ESS=0.9297 acb_factor_mean=0.5015 clip_fraction=0.0703 collision_rate=0.1572 collision_total_mean=1060.2419 entropy=0.0000 explained_variance=-0.0991 kl_approx=19.8760 loss_critic=65821.6953 loss_entropy=-0.0000 loss_objective=0.0089 preamble_cbra=32.0000 preamble_cfra=21.0000 preamble_pbra=11.0000 requests_cbra=1878.5555 requests_pbra=2931.0168 success_rate=0.8428 success_total_mean=5682.6484
2025-11-18 16:18:07.830 | INFO     | __main__:_log_metrics:20 - iter=0073 reward=4488.4824 ESS=0.9766 acb_factor_mean=0.4972 clip_fraction=0.0234 collision_rate=0.1398 collision_total_mean=861.4868 entropy=0.0000 explained_variance=-0.2182 kl_approx=4.6034 loss_critic=63232.3125 loss_entropy=-0.0000 loss_objective=0.0049 preamble_cbra=32.0000 preamble_cfra=17.0000 preamble_pbra=15.0000 requests_cbra=1819.6992 requests_pbra=2659.9380 success_rate=0.8602 success_total_mean=5302.7378
2025-11-18 16:18:13.581 | INFO     | __main__:_log_metrics:20 - iter=0074 reward=4494.4302 ESS=0.9137 acb_factor_mean=0.5006 clip_fraction=0.0938 collision_rate=0.1395 collision_total_mean=868.2594 entropy=-0.0036 explained_variance=-0.5230 kl_approx=49.2796 loss_critic=68528.5547 loss_entropy=0.0000 loss_objective=0.0349 preamble_cbra=27.0000 preamble_cfra=19.0000 preamble_pbra=19.0000 requests_cbra=1866.6873 requests_pbra=2529.3074 success_rate=0.8605 success_total_mean=5355.0107
2025-11-18 16:18:18.919 | INFO     | __main__:_log_metrics:20 - iter=0075 reward=4642.9004 ESS=0.8906 acb_factor_mean=0.5007 clip_fraction=0.1094 collision_rate=0.1516 collision_total_mean=1009.8456 entropy=0.0000 explained_variance=-0.1856 kl_approx=96.6615 loss_critic=65497.1328 loss_entropy=-0.0000 loss_objective=0.0301 preamble_cbra=22.0000 preamble_cfra=21.0000 preamble_pbra=21.0000 requests_cbra=2133.2134 requests_pbra=2698.1160 success_rate=0.8484 success_total_mean=5653.0942
2025-11-18 16:18:23.633 | INFO     | __main__:_log_metrics:20 - iter=0076 reward=4785.3125 ESS=0.8828 acb_factor_mean=0.5015 clip_fraction=0.1172 collision_rate=0.1181 collision_total_mean=735.8681 entropy=0.0000 explained_variance=-0.7588 kl_approx=79.9770 loss_critic=71592.7969 loss_entropy=-0.0000 loss_objective=0.0507 preamble_cbra=24.0000 preamble_cfra=17.0000 preamble_pbra=23.0000 requests_cbra=1953.1294 requests_pbra=2462.4441 success_rate=0.8819 success_total_mean=5493.0908
2025-11-18 16:18:28.421 | INFO     | __main__:_log_metrics:20 - iter=0077 reward=3521.8428 ESS=0.8750 acb_factor_mean=0.5093 clip_fraction=0.1250 collision_rate=0.1879 collision_total_mean=957.7445 entropy=0.0000 explained_variance=0.4282 kl_approx=45.7263 loss_critic=60551.5000 loss_entropy=-0.0000 loss_objective=0.0436 preamble_cbra=19.0000 preamble_cfra=9.0000 preamble_pbra=36.0000 requests_cbra=2379.0486 requests_pbra=2432.3645 success_rate=0.8121 success_total_mean=4138.6367
2025-11-18 16:18:33.106 | INFO     | __main__:_log_metrics:20 - iter=0078 reward=4699.5430 ESS=0.9844 acb_factor_mean=0.4999 clip_fraction=0.0156 collision_rate=0.1186 collision_total_mean=720.0306 entropy=0.0001 explained_variance=-0.2518 kl_approx=3.6248 loss_critic=67123.0156 loss_entropy=-0.0000 loss_objective=-0.0016 preamble_cbra=26.0000 preamble_cfra=16.0000 preamble_pbra=22.0000 requests_cbra=1933.0681 requests_pbra=2501.4875 success_rate=0.8814 success_total_mean=5350.5278
2025-11-18 16:18:37.849 | INFO     | __main__:_log_metrics:20 - iter=0079 reward=3985.6016 ESS=0.9453 acb_factor_mean=0.5039 clip_fraction=0.0547 collision_rate=0.1667 collision_total_mean=945.0008 entropy=0.0000 explained_variance=0.4539 kl_approx=28.3526 loss_critic=60870.0117 loss_entropy=-0.0000 loss_objective=0.0250 preamble_cbra=18.0000 preamble_cfra=14.0000 preamble_pbra=32.0000 requests_cbra=2228.6238 requests_pbra=2478.7466 success_rate=0.8333 success_total_mean=4723.9854
2025-11-18 16:18:42.448 | INFO     | __main__:_log_metrics:20 - iter=0080 reward=4223.5933 ESS=0.8359 acb_factor_mean=0.4905 clip_fraction=0.1641 collision_rate=0.1348 collision_total_mean=763.8018 entropy=0.0000 explained_variance=0.2068 kl_approx=95.0661 loss_critic=56741.9492 loss_entropy=-0.0000 loss_objective=0.0661 preamble_cbra=27.0000 preamble_cfra=15.0000 preamble_pbra=22.0000 requests_cbra=1907.8137 requests_pbra=2451.1707 success_rate=0.8652 success_total_mean=4903.6025
2025-11-18 16:18:47.056 | INFO     | __main__:_log_metrics:20 - iter=0081 reward=3804.8232 ESS=0.9844 acb_factor_mean=0.4968 clip_fraction=0.0156 collision_rate=0.1618 collision_total_mean=850.8491 entropy=-0.0030 explained_variance=0.5081 kl_approx=2.2809 loss_critic=51073.9883 loss_entropy=0.0000 loss_objective=-0.0037 preamble_cbra=19.0000 preamble_cfra=11.0000 preamble_pbra=34.0000 requests_cbra=2172.8901 requests_pbra=2378.0068 success_rate=0.8382 success_total_mean=4407.8965
2025-11-18 16:18:51.572 | INFO     | __main__:_log_metrics:20 - iter=0082 reward=3986.9180 ESS=0.9766 acb_factor_mean=0.4985 clip_fraction=0.0234 collision_rate=0.1510 collision_total_mean=823.4191 entropy=0.0000 explained_variance=0.2710 kl_approx=1.6731 loss_critic=59101.5234 loss_entropy=-0.0000 loss_objective=0.0085 preamble_cbra=22.0000 preamble_cfra=12.0000 preamble_pbra=30.0000 requests_cbra=2092.1348 requests_pbra=2368.5247 success_rate=0.8490 success_total_mean=4630.0034
2025-11-18 16:18:56.100 | INFO     | __main__:_log_metrics:20 - iter=0083 reward=3638.8408 ESS=0.9219 acb_factor_mean=0.4963 clip_fraction=0.0781 collision_rate=0.1897 collision_total_mean=1010.0156 entropy=0.0000 explained_variance=0.6280 kl_approx=40.2154 loss_critic=52030.4531 loss_entropy=-0.0000 loss_objective=0.0409 preamble_cbra=18.0000 preamble_cfra=10.0000 preamble_pbra=35.0000 requests_cbra=2334.4072 requests_pbra=2457.3911 success_rate=0.8103 success_total_mean=4313.3765
2025-11-18 16:19:00.772 | INFO     | __main__:_log_metrics:20 - iter=0084 reward=4369.8867 ESS=0.9687 acb_factor_mean=0.5026 clip_fraction=0.0312 collision_rate=0.1605 collision_total_mean=981.8139 entropy=0.0000 explained_variance=0.4097 kl_approx=12.0024 loss_critic=65623.5781 loss_entropy=-0.0000 loss_objective=0.0105 preamble_cbra=21.0000 preamble_cfra=15.0000 preamble_pbra=29.0000 requests_cbra=2276.5857 requests_pbra=2611.5400 success_rate=0.8395 success_total_mean=5135.5488
2025-11-18 16:19:05.528 | INFO     | __main__:_log_metrics:20 - iter=0085 reward=4487.9243 ESS=0.9688 acb_factor_mean=0.4971 clip_fraction=0.0312 collision_rate=0.1506 collision_total_mean=935.6909 entropy=0.0000 explained_variance=0.4457 kl_approx=12.9896 loss_critic=62213.5039 loss_entropy=-0.0000 loss_objective=0.0218 preamble_cbra=21.0000 preamble_cfra=16.0000 preamble_pbra=27.0000 requests_cbra=2213.3313 requests_pbra=2612.4167 success_rate=0.8494 success_total_mean=5277.7871
2025-11-18 16:19:10.190 | INFO     | __main__:_log_metrics:20 - iter=0086 reward=3941.5400 ESS=0.9595 acb_factor_mean=0.5022 clip_fraction=0.0469 collision_rate=0.1799 collision_total_mean=1033.2966 entropy=-0.0054 explained_variance=0.5484 kl_approx=7.7413 loss_critic=58867.0781 loss_entropy=0.0001 loss_objective=0.0292 preamble_cbra=19.0000 preamble_cfra=12.0000 preamble_pbra=33.0000 requests_cbra=2337.5662 requests_pbra=2545.6768 success_rate=0.8201 success_total_mean=4711.6885
2025-11-18 16:19:15.169 | INFO     | __main__:_log_metrics:20 - iter=0087 reward=4342.1001 ESS=0.9922 acb_factor_mean=0.4947 clip_fraction=0.0078 collision_rate=0.1499 collision_total_mean=900.7382 entropy=0.0000 explained_variance=0.4321 kl_approx=1.6778 loss_critic=65412.1953 loss_entropy=-0.0000 loss_objective=0.0004 preamble_cbra=20.0000 preamble_cfra=15.0000 preamble_pbra=29.0000 requests_cbra=2187.3076 requests_pbra=2543.8538 success_rate=0.8501 success_total_mean=5109.7817
2025-11-18 16:19:20.285 | INFO     | __main__:_log_metrics:20 - iter=0088 reward=4182.7603 ESS=0.9453 acb_factor_mean=0.5015 clip_fraction=0.0547 collision_rate=0.1468 collision_total_mean=841.5392 entropy=0.0000 explained_variance=0.5875 kl_approx=16.2952 loss_critic=57508.1406 loss_entropy=-0.0000 loss_objective=0.0399 preamble_cbra=18.0000 preamble_cfra=14.0000 preamble_pbra=32.0000 requests_cbra=2139.2126 requests_pbra=2362.9229 success_rate=0.8532 success_total_mean=4889.7251
2025-11-18 16:19:24.899 | INFO     | __main__:_log_metrics:20 - iter=0089 reward=3922.4434 ESS=0.8516 acb_factor_mean=0.4962 clip_fraction=0.1484 collision_rate=0.1626 collision_total_mean=889.7470 entropy=0.0000 explained_variance=0.5469 kl_approx=138.1350 loss_critic=59179.7578 loss_entropy=-0.0000 loss_objective=0.0774 preamble_cbra=19.0000 preamble_cfra=13.0000 preamble_pbra=32.0000 requests_cbra=2150.8718 requests_pbra=2325.0547 success_rate=0.8374 success_total_mean=4581.0205
2025-11-18 16:19:29.616 | INFO     | __main__:_log_metrics:20 - iter=0090 reward=4433.9658 ESS=0.8983 acb_factor_mean=0.4972 clip_fraction=0.1016 collision_rate=0.1540 collision_total_mean=963.0339 entropy=-0.0086 explained_variance=0.1171 kl_approx=121.7415 loss_critic=68499.1953 loss_entropy=0.0001 loss_objective=0.0203 preamble_cbra=17.0000 preamble_cfra=18.0000 preamble_pbra=29.0000 requests_cbra=2202.2395 requests_pbra=2475.1636 success_rate=0.8460 success_total_mean=5289.2261
2025-11-18 16:19:34.476 | INFO     | __main__:_log_metrics:20 - iter=0091 reward=4433.8623 ESS=0.9297 acb_factor_mean=0.5001 clip_fraction=0.0703 collision_rate=0.1699 collision_total_mean=1123.0090 entropy=-0.0028 explained_variance=0.4419 kl_approx=35.2052 loss_critic=57722.4219 loss_entropy=0.0000 loss_objective=0.0012 preamble_cbra=18.0000 preamble_cfra=21.0000 preamble_pbra=25.0000 requests_cbra=2229.3232 requests_pbra=2605.0515 success_rate=0.8301 success_total_mean=5485.1592
2025-11-18 16:19:39.471 | INFO     | __main__:_log_metrics:20 - iter=0092 reward=4185.7554 ESS=0.9687 acb_factor_mean=0.4947 clip_fraction=0.0312 collision_rate=0.1813 collision_total_mean=1184.9470 entropy=-0.0069 explained_variance=0.6626 kl_approx=12.7747 loss_critic=58757.2969 loss_entropy=0.0001 loss_objective=-0.0012 preamble_cbra=15.0000 preamble_cfra=22.0000 preamble_pbra=27.0000 requests_cbra=2293.9214 requests_pbra=2593.0039 success_rate=0.8187 success_total_mean=5349.4102
2025-11-18 16:19:44.450 | INFO     | __main__:_log_metrics:20 - iter=0093 reward=4231.8306 ESS=0.9766 acb_factor_mean=0.4936 clip_fraction=0.0234 collision_rate=0.1864 collision_total_mean=1194.3401 entropy=0.0000 explained_variance=0.4648 kl_approx=2.6296 loss_critic=56490.4102 loss_entropy=-0.0000 loss_objective=-0.0019 preamble_cbra=15.0000 preamble_cfra=19.0000 preamble_pbra=30.0000 requests_cbra=2426.0840 requests_pbra=2647.1504 success_rate=0.8136 success_total_mean=5211.9258
2025-11-18 16:19:49.722 | INFO     | __main__:_log_metrics:20 - iter=0094 reward=4335.5303 ESS=0.9764 acb_factor_mean=0.5015 clip_fraction=0.0234 collision_rate=0.1945 collision_total_mean=1325.6245 entropy=-0.0058 explained_variance=0.7313 kl_approx=5.6849 loss_critic=53026.8008 loss_entropy=0.0001 loss_objective=-0.0019 preamble_cbra=18.0000 preamble_cfra=22.0000 preamble_pbra=24.0000 requests_cbra=2394.4785 requests_pbra=2795.3159 success_rate=0.8055 success_total_mean=5489.7466
2025-11-18 16:19:54.936 | INFO     | __main__:_log_metrics:20 - iter=0095 reward=4362.2075 ESS=0.9297 acb_factor_mean=0.4988 clip_fraction=0.0703 collision_rate=0.1812 collision_total_mean=1212.9409 entropy=0.0000 explained_variance=0.5953 kl_approx=34.1235 loss_critic=55771.1953 loss_entropy=-0.0000 loss_objective=0.0059 preamble_cbra=15.0000 preamble_cfra=21.0000 preamble_pbra=28.0000 requests_cbra=2451.8296 requests_pbra=2694.3167 success_rate=0.8188 success_total_mean=5482.5957
2025-11-18 16:20:00.322 | INFO     | __main__:_log_metrics:20 - iter=0096 reward=3970.8984 ESS=0.8750 acb_factor_mean=0.4972 clip_fraction=0.1250 collision_rate=0.2010 collision_total_mean=1297.0780 entropy=-0.0644 explained_variance=0.6351 kl_approx=120.9531 loss_critic=51585.8438 loss_entropy=0.0006 loss_objective=0.0673 preamble_cbra=13.0000 preamble_cfra=21.0000 preamble_pbra=30.0000 requests_cbra=2460.1094 requests_pbra=2551.9253 success_rate=0.7990 success_total_mean=5156.5205
2025-11-18 16:20:05.607 | INFO     | __main__:_log_metrics:20 - iter=0097 reward=4718.6416 ESS=0.9469 acb_factor_mean=0.4921 clip_fraction=0.0625 collision_rate=0.1489 collision_total_mean=1017.3661 entropy=-0.0889 explained_variance=0.3472 kl_approx=11.1579 loss_critic=51988.3906 loss_entropy=0.0009 loss_objective=0.0035 preamble_cbra=16.0000 preamble_cfra=23.0000 preamble_pbra=24.0000 requests_cbra=2166.8706 requests_pbra=2536.5806 success_rate=0.8511 success_total_mean=5814.2568
2025-11-18 16:20:10.842 | INFO     | __main__:_log_metrics:20 - iter=0098 reward=5087.7236 ESS=0.9653 acb_factor_mean=0.4909 clip_fraction=0.0469 collision_rate=0.1518 collision_total_mean=1094.8020 entropy=-0.0655 explained_variance=-0.0832 kl_approx=6.6527 loss_critic=64111.3945 loss_entropy=0.0007 loss_objective=0.0209 preamble_cbra=22.0000 preamble_cfra=23.0000 preamble_pbra=19.0000 requests_cbra=2169.8350 requests_pbra=2802.2046 success_rate=0.8482 success_total_mean=6118.1255
2025-11-18 16:20:18.341 | INFO     | __main__:_log_metrics:20 - iter=0099 reward=4651.8843 ESS=0.9687 acb_factor_mean=0.4979 clip_fraction=0.0312 collision_rate=0.1670 collision_total_mean=1136.9302 entropy=-0.0302 explained_variance=0.3359 kl_approx=11.9883 loss_critic=62173.1367 loss_entropy=0.0003 loss_objective=-0.0066 preamble_cbra=19.0000 preamble_cfra=20.0000 preamble_pbra=25.0000 requests_cbra=2344.1484 requests_pbra=2733.0908 success_rate=0.8330 success_total_mean=5672.4951
2025-11-18 16:43:06.358 | INFO     | __main__:<module>:18 - Logger initialized (level=INFO, file=logs/train.log)
2025-11-18 16:43:06.359 | INFO     | __main__:<module>:45 - env_config SatelliteMACEnvConfig(num_slots_per_step=160, decision_horizon=256, history_len=4, simulator_config=MACSimulatorConfig(regions=(RegionTrafficProfile(name='urban', area_weight=0.4, cbra_density=1.2, pbra_density=1.5, handover_intensity=0.8, scheduling_period=160, noise_scale=0.2, cox_intensity_mean=1.6, cox_intensity_variance=0.7, cox_grid=(10, 10), region_bounds=(-2.0, 2.0, -2.0, 2.0), batch_mean=12.0, batch_std=0.6, residence_time_mean=8.0), RegionTrafficProfile(name='suburban', area_weight=0.35, cbra_density=0.8, pbra_density=0.9, handover_intensity=0.5, scheduling_period=200, noise_scale=0.15, cox_intensity_mean=1.2, cox_intensity_variance=0.5, cox_grid=(8, 8), region_bounds=(-1.5, 1.5, -1.5, 1.5), batch_mean=8.0, batch_std=0.5, residence_time_mean=6.0), RegionTrafficProfile(name='rural', area_weight=0.25, cbra_density=0.3, pbra_density=0.4, handover_intensity=0.2, scheduling_period=320, noise_scale=0.1, cox_intensity_mean=0.9, cox_intensity_variance=0.3, cox_grid=(6, 6), region_bounds=(-1.0, 1.0, -1.0, 1.0), batch_mean=4.0, batch_std=0.4, residence_time_mean=4.5)), history_size=10, protocol_count=4, preamble_subset_count=8, total_preambles=64, base_preamble_split=(24, 24, 16), reward_weights={'throughput': 1.0, 'collision': -0.5, 'cfra_mse': -1}, region_transition_matrix=None, coverage_patches=None, coverage_drift_radius=1.0, coverage_cycle_slots=1440.0, coverage_jitter=0.05, coverage_smoothing=0.2, coverage_total_footprint=1.0, backoff_strategy=BackoffStrategyConfig(low=BackoffWindow(min_steps=0, max_steps=4), medium=BackoffWindow(min_steps=1, max_steps=12), high=BackoffWindow(min_steps=6, max_steps=24), collision_threshold_medium=0.05, collision_threshold_high=0.1, max_backlog_steps=48)), preamble_delta_range=3, flatten_observation=True)
2025-11-18 16:43:06.361 | INFO     | __main__:<module>:68 - train_config HPPOConfig(frames_per_batch=4096, mini_batch_size=128, rollout_epochs=8, max_iterations=100, gamma=0.99, gae_lambda=0.95, clip_epsilon=0.2, entropy_coeff=0.01, actor_lr=0.0001, critic_lr=0.0001, device=device(type='cpu'))
2025-11-18 16:43:06.361 | INFO     | __main__:<module>:75 - Config ready | seed=42 frames_per_batch=4096 horizon=256 num_envs=8 backend=parallel parallel=True
2025-11-18 16:43:09.153 | INFO     | __main__:<module>:21 - TorchRL env constructed (observation=torch.Size([8, 72]),  num_envs=8, backend=parallel, parallel=True)
2025-11-18 16:43:09.163 | INFO     | __main__:<module>:22 - Starting notebook PPO run
2025-11-18 16:43:15.840 | INFO     | __main__:_log_metrics:20 - iter=0000 reward=-10963.5352 ESS=0.0671 acb_factor_mean=0.8520 clip_fraction=0.9297 collision_rate=0.8384 collision_total_mean=29582.8633 entropy=-0.7520 explained_variance=0.7431 kl_approx=497.1037 loss_critic=60426.8594 loss_entropy=0.0075 loss_objective=0.2248 preamble_cbra=5.0000 preamble_cfra=48.0000 preamble_pbra=10.0000 requests_cbra=14277.0938 requests_pbra=16675.0117 success_rate=0.1616 success_total_mean=5700.8872
2025-11-18 16:43:21.504 | INFO     | __main__:_log_metrics:20 - iter=0001 reward=3754.9695 ESS=0.4741 acb_factor_mean=0.4195 clip_fraction=0.5938 collision_rate=0.2108 collision_total_mean=1546.9441 entropy=-1.4012 explained_variance=0.0652 kl_approx=139.2918 loss_critic=39892.4922 loss_entropy=0.0140 loss_objective=0.1347 preamble_cbra=6.0000 preamble_cfra=38.0000 preamble_pbra=20.0000 requests_cbra=2577.7798 requests_pbra=2695.0247 success_rate=0.7892 success_total_mean=5792.4556
2025-11-18 16:43:27.405 | INFO     | __main__:_log_metrics:20 - iter=0002 reward=-3013.7727 ESS=0.0150 acb_factor_mean=0.7917 clip_fraction=0.7500 collision_rate=0.7592 collision_total_mean=13676.0322 entropy=-0.8056 explained_variance=0.9665 kl_approx=421.6969 loss_critic=25285.6348 loss_entropy=0.0081 loss_objective=0.0535 preamble_cbra=43.0000 preamble_cfra=17.0000 preamble_pbra=5.0000 requests_cbra=2085.8481 requests_pbra=14187.9961 success_rate=0.2408 success_total_mean=4337.7300
2025-11-18 16:43:33.314 | INFO     | __main__:_log_metrics:20 - iter=0003 reward=1993.5701 ESS=0.1906 acb_factor_mean=0.6050 clip_fraction=0.8281 collision_rate=0.4211 collision_total_mean=3467.5334 entropy=-3.9042 explained_variance=0.7435 kl_approx=147.7735 loss_critic=20293.9258 loss_entropy=0.0390 loss_objective=0.2830 preamble_cbra=30.0000 preamble_cfra=29.0000 preamble_pbra=6.0000 requests_cbra=2311.5200 requests_pbra=4760.1250 success_rate=0.5789 success_total_mean=4766.0068
2025-11-18 16:43:40.528 | INFO     | __main__:_log_metrics:20 - iter=0004 reward=-20896.8574 ESS=0.5837 acb_factor_mean=0.9429 clip_fraction=0.4609 collision_rate=0.8960 collision_total_mean=48417.9961 entropy=-6.5767 explained_variance=0.1661 kl_approx=4562.2773 loss_critic=75838.1797 loss_entropy=0.0658 loss_objective=0.1404 preamble_cbra=5.0000 preamble_cfra=55.0000 preamble_pbra=5.0000 requests_cbra=21464.5273 requests_pbra=27463.9004 success_rate=0.1040 success_total_mean=5620.1074
2025-11-18 16:45:59.579 | INFO     | __main__:<module>:18 - Logger initialized (level=INFO, file=logs/train.log)
2025-11-18 16:45:59.579 | INFO     | __main__:<module>:45 - env_config SatelliteMACEnvConfig(num_slots_per_step=160, decision_horizon=256, history_len=4, simulator_config=MACSimulatorConfig(regions=(RegionTrafficProfile(name='urban', area_weight=0.4, cbra_density=1.2, pbra_density=1.5, handover_intensity=0.8, scheduling_period=160, noise_scale=0.2, cox_intensity_mean=1.6, cox_intensity_variance=0.7, cox_grid=(10, 10), region_bounds=(-2.0, 2.0, -2.0, 2.0), batch_mean=12.0, batch_std=0.6, residence_time_mean=8.0), RegionTrafficProfile(name='suburban', area_weight=0.35, cbra_density=0.8, pbra_density=0.9, handover_intensity=0.5, scheduling_period=200, noise_scale=0.15, cox_intensity_mean=1.2, cox_intensity_variance=0.5, cox_grid=(8, 8), region_bounds=(-1.5, 1.5, -1.5, 1.5), batch_mean=8.0, batch_std=0.5, residence_time_mean=6.0), RegionTrafficProfile(name='rural', area_weight=0.25, cbra_density=0.3, pbra_density=0.4, handover_intensity=0.2, scheduling_period=320, noise_scale=0.1, cox_intensity_mean=0.9, cox_intensity_variance=0.3, cox_grid=(6, 6), region_bounds=(-1.0, 1.0, -1.0, 1.0), batch_mean=4.0, batch_std=0.4, residence_time_mean=4.5)), history_size=10, protocol_count=4, preamble_subset_count=8, total_preambles=64, base_preamble_split=(24, 24, 16), reward_weights={'throughput': 1.0, 'collision': -0.5, 'cfra_mse': -1}, region_transition_matrix=None, coverage_patches=None, coverage_drift_radius=1.0, coverage_cycle_slots=1440.0, coverage_jitter=0.05, coverage_smoothing=0.2, coverage_total_footprint=1.0, backoff_strategy=BackoffStrategyConfig(low=BackoffWindow(min_steps=0, max_steps=4), medium=BackoffWindow(min_steps=1, max_steps=12), high=BackoffWindow(min_steps=6, max_steps=24), collision_threshold_medium=0.05, collision_threshold_high=0.1, max_backlog_steps=48)), preamble_delta_range=3, flatten_observation=True)
2025-11-18 16:45:59.582 | INFO     | __main__:<module>:68 - train_config HPPOConfig(frames_per_batch=4096, mini_batch_size=128, rollout_epochs=8, max_iterations=100, gamma=0.99, gae_lambda=0.95, clip_epsilon=0.2, entropy_coeff=0.01, actor_lr=0.0001, critic_lr=0.0001, device=device(type='cpu'))
2025-11-18 16:45:59.582 | INFO     | __main__:<module>:75 - Config ready | seed=42 frames_per_batch=4096 horizon=256 num_envs=8 backend=parallel parallel=True
2025-11-18 16:46:02.578 | INFO     | __main__:<module>:21 - TorchRL env constructed (observation=torch.Size([8, 72]),  num_envs=8, backend=parallel, parallel=True)
2025-11-18 16:46:02.589 | INFO     | __main__:<module>:22 - Starting notebook PPO run
2025-11-18 16:46:28.705 | INFO     | __main__:<module>:18 - Logger initialized (level=INFO, file=logs/train.log)
2025-11-18 16:46:28.706 | INFO     | __main__:<module>:45 - env_config SatelliteMACEnvConfig(num_slots_per_step=160, decision_horizon=256, history_len=4, simulator_config=MACSimulatorConfig(regions=(RegionTrafficProfile(name='urban', area_weight=0.4, cbra_density=1.2, pbra_density=1.5, handover_intensity=0.8, scheduling_period=160, noise_scale=0.2, cox_intensity_mean=1.6, cox_intensity_variance=0.7, cox_grid=(10, 10), region_bounds=(-2.0, 2.0, -2.0, 2.0), batch_mean=12.0, batch_std=0.6, residence_time_mean=8.0), RegionTrafficProfile(name='suburban', area_weight=0.35, cbra_density=0.8, pbra_density=0.9, handover_intensity=0.5, scheduling_period=200, noise_scale=0.15, cox_intensity_mean=1.2, cox_intensity_variance=0.5, cox_grid=(8, 8), region_bounds=(-1.5, 1.5, -1.5, 1.5), batch_mean=8.0, batch_std=0.5, residence_time_mean=6.0), RegionTrafficProfile(name='rural', area_weight=0.25, cbra_density=0.3, pbra_density=0.4, handover_intensity=0.2, scheduling_period=320, noise_scale=0.1, cox_intensity_mean=0.9, cox_intensity_variance=0.3, cox_grid=(6, 6), region_bounds=(-1.0, 1.0, -1.0, 1.0), batch_mean=4.0, batch_std=0.4, residence_time_mean=4.5)), history_size=10, protocol_count=4, preamble_subset_count=8, total_preambles=64, base_preamble_split=(24, 24, 16), reward_weights={'throughput': 1.0, 'collision': -0.5, 'cfra_mse': -1}, region_transition_matrix=None, coverage_patches=None, coverage_drift_radius=1.0, coverage_cycle_slots=1440.0, coverage_jitter=0.05, coverage_smoothing=0.2, coverage_total_footprint=1.0, backoff_strategy=BackoffStrategyConfig(low=BackoffWindow(min_steps=0, max_steps=4), medium=BackoffWindow(min_steps=1, max_steps=12), high=BackoffWindow(min_steps=6, max_steps=24), collision_threshold_medium=0.05, collision_threshold_high=0.1, max_backlog_steps=48)), preamble_delta_range=3, flatten_observation=True)
2025-11-18 16:46:28.708 | INFO     | __main__:<module>:68 - train_config HPPOConfig(frames_per_batch=4096, mini_batch_size=128, rollout_epochs=8, max_iterations=100, gamma=0.99, gae_lambda=0.95, clip_epsilon=0.2, entropy_coeff=0.01, actor_lr=0.0001, critic_lr=0.0001, device=device(type='cpu'))
2025-11-18 16:46:28.709 | INFO     | __main__:<module>:75 - Config ready | seed=42 frames_per_batch=4096 horizon=256 num_envs=8 backend=parallel parallel=True
2025-11-18 16:46:32.266 | INFO     | __main__:<module>:21 - TorchRL env constructed (observation=torch.Size([8, 72]),  num_envs=8, backend=parallel, parallel=True)
2025-11-18 16:46:32.278 | INFO     | __main__:<module>:22 - Starting notebook PPO run
2025-11-18 16:46:39.546 | INFO     | __main__:_log_metrics:20 - iter=0000 reward=-10963.5352 ESS=0.0671 acb_factor_mean=0.8520 clip_fraction=0.9297 collision_rate=0.8384 collision_total_mean=29582.8633 entropy=-0.7520 explained_variance=0.7431 kl_approx=497.1037 loss_critic=60426.8594 loss_entropy=0.0075 loss_objective=0.2248 preamble_cbra=5.0000 preamble_cfra=48.0000 preamble_pbra=10.0000 requests_cbra=14277.0938 requests_pbra=16675.0117 success_rate=0.1616 success_total_mean=5700.8872
2025-11-18 16:50:31.805 | INFO     | __main__:_load_yaml_config:6 - Loaded configuration from conf\default.yaml
2025-11-18 16:50:31.810 | INFO     | __main__:<module>:18 - Logger initialized (level=INFO, file=logs/train.log)
2025-11-18 16:50:31.811 | INFO     | __main__:<module>:45 - env_config SatelliteMACEnvConfig(num_slots_per_step=160, decision_horizon=256, history_len=4, simulator_config=MACSimulatorConfig(regions=(RegionTrafficProfile(name='urban', area_weight=0.4, cbra_density=1.2, pbra_density=1.5, handover_intensity=0.8, scheduling_period=160, noise_scale=0.2, cox_intensity_mean=1.6, cox_intensity_variance=0.7, cox_grid=(10, 10), region_bounds=(-2.0, 2.0, -2.0, 2.0), batch_mean=12.0, batch_std=0.6, residence_time_mean=8.0), RegionTrafficProfile(name='suburban', area_weight=0.35, cbra_density=0.8, pbra_density=0.9, handover_intensity=0.5, scheduling_period=200, noise_scale=0.15, cox_intensity_mean=1.2, cox_intensity_variance=0.5, cox_grid=(8, 8), region_bounds=(-1.5, 1.5, -1.5, 1.5), batch_mean=8.0, batch_std=0.5, residence_time_mean=6.0), RegionTrafficProfile(name='rural', area_weight=0.25, cbra_density=0.3, pbra_density=0.4, handover_intensity=0.2, scheduling_period=320, noise_scale=0.1, cox_intensity_mean=0.9, cox_intensity_variance=0.3, cox_grid=(6, 6), region_bounds=(-1.0, 1.0, -1.0, 1.0), batch_mean=4.0, batch_std=0.4, residence_time_mean=4.5)), history_size=10, protocol_count=4, preamble_subset_count=8, total_preambles=64, base_preamble_split=(24, 24, 16), reward_weights={'throughput': 1.0, 'collision': -0.5, 'cfra_mse': -1}, region_transition_matrix=None, coverage_patches=None, coverage_drift_radius=1.0, coverage_cycle_slots=1440.0, coverage_jitter=0.05, coverage_smoothing=0.2, coverage_total_footprint=1.0, backoff_strategy=BackoffStrategyConfig(low=BackoffWindow(min_steps=0, max_steps=4), medium=BackoffWindow(min_steps=1, max_steps=12), high=BackoffWindow(min_steps=6, max_steps=24), collision_threshold_medium=0.05, collision_threshold_high=0.1, max_backlog_steps=48)), preamble_delta_range=3, flatten_observation=True)
2025-11-18 16:50:31.811 | INFO     | __main__:<module>:68 - train_config HPPOConfig(frames_per_batch=1024, mini_batch_size=128, rollout_epochs=4, max_iterations=200, gamma=0.99, gae_lambda=0.95, clip_epsilon=0.2, entropy_coeff=0.01, actor_lr=5e-05, critic_lr=5e-05, device=device(type='cpu'))
2025-11-18 16:50:31.813 | INFO     | __main__:<module>:75 - Config ready | seed=42 frames_per_batch=1024 horizon=256 num_envs=8 backend=parallel parallel=True
2025-11-18 16:50:34.731 | INFO     | __main__:<module>:21 - TorchRL env constructed (observation=torch.Size([8, 72]),  num_envs=8, backend=parallel, parallel=True)
2025-11-18 16:50:34.742 | INFO     | __main__:<module>:22 - Starting notebook PPO run
2025-11-18 16:50:36.039 | INFO     | __main__:_log_metrics:20 - iter=0000 reward=501.1428 ESS=0.3593 acb_factor_mean=0.7017 clip_fraction=0.6953 collision_rate=0.5824 collision_total_mean=8691.4023 entropy=-0.7557 explained_variance=0.0863 kl_approx=29.4864 loss_critic=55776.8984 loss_entropy=0.0076 loss_objective=0.0551 preamble_cbra=8.0000 preamble_cfra=43.0000 preamble_pbra=13.0000 requests_cbra=5150.8618 requests_pbra=5919.3481 success_rate=0.4176 success_total_mean=6233.2856
2025-11-18 16:50:37.367 | INFO     | __main__:_log_metrics:20 - iter=0001 reward=1199.6473 ESS=0.6473 acb_factor_mean=0.5243 clip_fraction=0.3750 collision_rate=0.4538 collision_total_mean=4996.9771 entropy=-1.9058 explained_variance=0.0686 kl_approx=9.4154 loss_critic=34681.8906 loss_entropy=0.0191 loss_objective=0.0677 preamble_cbra=4.0000 preamble_cfra=55.0000 preamble_pbra=5.0000 requests_cbra=4716.6729 requests_pbra=5651.2588 success_rate=0.5462 success_total_mean=6013.7539
2025-11-18 16:50:38.613 | INFO     | __main__:_log_metrics:20 - iter=0002 reward=2611.7651 ESS=0.5444 acb_factor_mean=0.4827 clip_fraction=0.4766 collision_rate=0.3044 collision_total_mean=2654.4866 entropy=-1.4430 explained_variance=-0.0006 kl_approx=15.0368 loss_critic=37938.1602 loss_entropy=0.0144 loss_objective=0.1804 preamble_cbra=6.0000 preamble_cfra=52.0000 preamble_pbra=6.0000 requests_cbra=2871.9204 requests_pbra=3512.6206 success_rate=0.6956 success_total_mean=6064.4824
2025-11-18 16:50:39.831 | INFO     | __main__:_log_metrics:20 - iter=0003 reward=2022.0466 ESS=0.5057 acb_factor_mean=0.4473 clip_fraction=0.4453 collision_rate=0.3299 collision_total_mean=2670.3450 entropy=-1.2264 explained_variance=-0.0734 kl_approx=11.4225 loss_critic=35236.1602 loss_entropy=0.0123 loss_objective=0.0691 preamble_cbra=11.0000 preamble_cfra=50.0000 preamble_pbra=2.0000 requests_cbra=2534.0635 requests_pbra=3982.3259 success_rate=0.6701 success_total_mean=5425.1416
2025-11-18 16:50:40.961 | INFO     | __main__:_log_metrics:20 - iter=0004 reward=3702.4868 ESS=0.8668 acb_factor_mean=0.3534 clip_fraction=0.1797 collision_rate=0.1620 collision_total_mean=1174.1134 entropy=-1.3904 explained_variance=-0.0005 kl_approx=5.1574 loss_critic=47996.0859 loss_entropy=0.0139 loss_objective=0.0274 preamble_cbra=8.0000 preamble_cfra=50.0000 preamble_pbra=6.0000 requests_cbra=2163.7583 requests_pbra=2759.4302 success_rate=0.8380 success_total_mean=6072.5898
2025-11-18 16:50:42.258 | INFO     | __main__:_log_metrics:20 - iter=0005 reward=2896.1816 ESS=0.8613 acb_factor_mean=0.3697 clip_fraction=0.1875 collision_rate=0.2012 collision_total_mean=1398.7518 entropy=-1.3257 explained_variance=0.0610 kl_approx=1.8738 loss_critic=35498.9453 loss_entropy=0.0133 loss_objective=0.0595 preamble_cbra=10.0000 preamble_cfra=50.0000 preamble_pbra=4.0000 requests_cbra=2109.2412 requests_pbra=2888.5488 success_rate=0.7988 success_total_mean=5553.3408
2025-11-18 16:50:43.584 | INFO     | __main__:_log_metrics:20 - iter=0006 reward=3835.9922 ESS=0.7748 acb_factor_mean=0.3510 clip_fraction=0.2812 collision_rate=0.1606 collision_total_mean=1175.0363 entropy=-1.6054 explained_variance=-0.4125 kl_approx=2.1733 loss_critic=46102.7695 loss_entropy=0.0161 loss_objective=0.0665 preamble_cbra=10.0000 preamble_cfra=49.0000 preamble_pbra=5.0000 requests_cbra=2059.4443 requests_pbra=2773.2632 success_rate=0.8394 success_total_mean=6139.9297
2025-11-18 16:50:44.898 | INFO     | __main__:_log_metrics:20 - iter=0007 reward=2942.6040 ESS=0.9022 acb_factor_mean=0.3366 clip_fraction=0.1562 collision_rate=0.1741 collision_total_mean=1206.3789 entropy=-1.5534 explained_variance=-0.8453 kl_approx=1.0140 loss_critic=42068.8047 loss_entropy=0.0155 loss_objective=0.0162 preamble_cbra=7.0000 preamble_cfra=55.0000 preamble_pbra=3.0000 requests_cbra=2152.1184 requests_pbra=2873.3486 success_rate=0.8259 success_total_mean=5721.6323
2025-11-18 16:50:46.128 | INFO     | __main__:_log_metrics:20 - iter=0008 reward=3534.1641 ESS=0.5893 acb_factor_mean=0.3456 clip_fraction=0.2500 collision_rate=0.1645 collision_total_mean=1167.7927 entropy=-1.3825 explained_variance=-0.7976 kl_approx=6.4768 loss_critic=53174.8789 loss_entropy=0.0138 loss_objective=0.0231 preamble_cbra=10.0000 preamble_cfra=49.0000 preamble_pbra=6.0000 requests_cbra=2034.5144 requests_pbra=2652.0127 success_rate=0.8355 success_total_mean=5933.2241
2025-11-18 16:50:47.284 | INFO     | __main__:_log_metrics:20 - iter=0009 reward=4232.0684 ESS=0.9376 acb_factor_mean=0.3783 clip_fraction=0.1250 collision_rate=0.1561 collision_total_mean=1064.5774 entropy=-0.8743 explained_variance=-0.2981 kl_approx=0.7272 loss_critic=52005.2617 loss_entropy=0.0087 loss_objective=0.0000 preamble_cbra=25.0000 preamble_cfra=34.0000 preamble_pbra=5.0000 requests_cbra=1940.3656 requests_pbra=2921.8733 success_rate=0.8439 success_total_mean=5756.0010
2025-11-18 16:50:48.440 | INFO     | __main__:_log_metrics:20 - iter=0010 reward=4475.9727 ESS=0.8434 acb_factor_mean=0.3681 clip_fraction=0.1484 collision_rate=0.1281 collision_total_mean=958.3063 entropy=-0.8624 explained_variance=-2.4060 kl_approx=1.5957 loss_critic=70518.8906 loss_entropy=0.0086 loss_objective=0.0089 preamble_cbra=11.0000 preamble_cfra=45.0000 preamble_pbra=8.0000 requests_cbra=2099.9600 requests_pbra=2754.5735 success_rate=0.8719 success_total_mean=6523.2686
2025-11-18 16:50:49.570 | INFO     | __main__:_log_metrics:20 - iter=0011 reward=4672.7896 ESS=0.8639 acb_factor_mean=0.4029 clip_fraction=0.1484 collision_rate=0.1466 collision_total_mean=1016.3988 entropy=-0.7623 explained_variance=-0.7028 kl_approx=0.4761 loss_critic=59336.4766 loss_entropy=0.0076 loss_objective=0.0237 preamble_cbra=25.0000 preamble_cfra=32.0000 preamble_pbra=7.0000 requests_cbra=1833.9857 requests_pbra=2712.0002 success_rate=0.8534 success_total_mean=5915.5078
2025-11-18 16:50:50.711 | INFO     | __main__:_log_metrics:20 - iter=0012 reward=4297.6870 ESS=0.8846 acb_factor_mean=0.3984 clip_fraction=0.1953 collision_rate=0.1571 collision_total_mean=1097.2020 entropy=-0.8657 explained_variance=-0.5430 kl_approx=2.7250 loss_critic=72089.2422 loss_entropy=0.0087 loss_objective=0.0031 preamble_cbra=14.0000 preamble_cfra=38.0000 preamble_pbra=12.0000 requests_cbra=2088.5391 requests_pbra=2612.3291 success_rate=0.8429 success_total_mean=5886.5439
2025-11-18 16:50:51.963 | INFO     | __main__:_log_metrics:20 - iter=0013 reward=3237.8833 ESS=0.9036 acb_factor_mean=0.4148 clip_fraction=0.1250 collision_rate=0.1880 collision_total_mean=1335.6648 entropy=-0.9395 explained_variance=-0.3481 kl_approx=4.7906 loss_critic=64881.9688 loss_entropy=0.0094 loss_objective=0.0177 preamble_cbra=12.0000 preamble_cfra=46.0000 preamble_pbra=6.0000 requests_cbra=2036.0494 requests_pbra=2651.8762 success_rate=0.8120 success_total_mean=5769.5049
2025-11-18 16:50:53.108 | INFO     | __main__:_log_metrics:20 - iter=0014 reward=3581.4165 ESS=0.7028 acb_factor_mean=0.3978 clip_fraction=0.2109 collision_rate=0.1594 collision_total_mean=1117.4896 entropy=-0.9959 explained_variance=-0.4359 kl_approx=4.8642 loss_critic=65616.3906 loss_entropy=0.0100 loss_objective=0.0212 preamble_cbra=9.0000 preamble_cfra=45.0000 preamble_pbra=10.0000 requests_cbra=1989.6631 requests_pbra=2361.9116 success_rate=0.8406 success_total_mean=5893.0767
2025-11-18 16:50:54.149 | INFO     | __main__:_log_metrics:20 - iter=0015 reward=3995.3032 ESS=0.7594 acb_factor_mean=0.4059 clip_fraction=0.1719 collision_rate=0.1485 collision_total_mean=924.1196 entropy=-0.8173 explained_variance=-0.3700 kl_approx=0.4999 loss_critic=64703.9297 loss_entropy=0.0082 loss_objective=0.0321 preamble_cbra=25.0000 preamble_cfra=27.0000 preamble_pbra=12.0000 requests_cbra=1912.7576 requests_pbra=2680.5752 success_rate=0.8515 success_total_mean=5297.7070
2025-11-18 16:50:55.219 | INFO     | __main__:_log_metrics:20 - iter=0016 reward=5047.5347 ESS=0.9317 acb_factor_mean=0.4348 clip_fraction=0.1016 collision_rate=0.1290 collision_total_mean=909.2576 entropy=-0.6939 explained_variance=-1.0119 kl_approx=0.3579 loss_critic=77356.5938 loss_entropy=0.0069 loss_objective=0.0108 preamble_cbra=21.0000 preamble_cfra=27.0000 preamble_pbra=16.0000 requests_cbra=2014.7142 requests_pbra=2596.8135 success_rate=0.8710 success_total_mean=6141.7656
2025-11-18 16:50:56.302 | INFO     | __main__:_log_metrics:20 - iter=0017 reward=4048.2815 ESS=0.8574 acb_factor_mean=0.4040 clip_fraction=0.1406 collision_rate=0.1436 collision_total_mean=805.1668 entropy=-0.8069 explained_variance=-0.3225 kl_approx=0.7231 loss_critic=72988.6875 loss_entropy=0.0081 loss_objective=0.0189 preamble_cbra=35.0000 preamble_cfra=16.0000 preamble_pbra=14.0000 requests_cbra=1850.2893 requests_pbra=2737.9075 success_rate=0.8564 success_total_mean=4802.6846
2025-11-18 16:50:57.300 | INFO     | __main__:_log_metrics:20 - iter=0018 reward=4738.1826 ESS=0.3808 acb_factor_mean=0.4228 clip_fraction=0.2500 collision_rate=0.1007 collision_total_mean=634.4194 entropy=-0.5132 explained_variance=-0.7390 kl_approx=4.2581 loss_critic=80363.4219 loss_entropy=0.0051 loss_objective=0.0308 preamble_cbra=22.0000 preamble_cfra=22.0000 preamble_pbra=20.0000 requests_cbra=1814.7321 requests_pbra=2325.3809 success_rate=0.8993 success_total_mean=5668.4585
2025-11-18 16:50:58.358 | INFO     | __main__:_log_metrics:20 - iter=0019 reward=3313.8379 ESS=0.8075 acb_factor_mean=0.4537 clip_fraction=0.2031 collision_rate=0.1971 collision_total_mean=989.9363 entropy=-0.4359 explained_variance=0.1367 kl_approx=7.3242 loss_critic=45533.8594 loss_entropy=0.0044 loss_objective=0.0162 preamble_cbra=42.0000 preamble_cfra=10.0000 preamble_pbra=11.0000 requests_cbra=1781.5565 requests_pbra=2888.2007 success_rate=0.8029 success_total_mean=4031.6875
2025-11-18 16:50:59.415 | INFO     | __main__:_log_metrics:20 - iter=0020 reward=3707.8989 ESS=0.7080 acb_factor_mean=0.4558 clip_fraction=0.2344 collision_rate=0.1756 collision_total_mean=902.3512 entropy=-0.3750 explained_variance=-0.0897 kl_approx=17.2532 loss_critic=50413.2227 loss_entropy=0.0037 loss_objective=0.0040 preamble_cbra=42.0000 preamble_cfra=8.0000 preamble_pbra=14.0000 requests_cbra=1911.2761 requests_pbra=2895.6555 success_rate=0.8244 success_total_mean=4235.6338
2025-11-18 16:51:00.541 | INFO     | __main__:_log_metrics:20 - iter=0021 reward=3127.0283 ESS=0.9433 acb_factor_mean=0.4690 clip_fraction=0.0781 collision_rate=0.2537 collision_total_mean=1302.4978 entropy=-0.1325 explained_variance=0.1901 kl_approx=1.6959 loss_critic=59984.0000 loss_entropy=0.0013 loss_objective=-0.0107 preamble_cbra=48.0000 preamble_cfra=6.0000 preamble_pbra=9.0000 requests_cbra=1898.4658 requests_pbra=3477.6670 success_rate=0.7463 success_total_mean=3831.2168
2025-11-18 16:51:01.550 | INFO     | __main__:_log_metrics:20 - iter=0022 reward=5058.0620 ESS=0.8736 acb_factor_mean=0.4546 clip_fraction=0.1719 collision_rate=0.1214 collision_total_mean=775.6670 entropy=-0.3038 explained_variance=-1.3291 kl_approx=3.9379 loss_critic=94952.9844 loss_entropy=0.0030 loss_objective=0.0413 preamble_cbra=33.0000 preamble_cfra=14.0000 preamble_pbra=17.0000 requests_cbra=2044.9514 requests_pbra=2858.1118 success_rate=0.8786 success_total_mean=5611.9551
2025-11-18 16:51:02.571 | INFO     | __main__:_log_metrics:20 - iter=0023 reward=4212.2471 ESS=0.9664 acb_factor_mean=0.4438 clip_fraction=0.0859 collision_rate=0.1550 collision_total_mean=916.8459 entropy=-0.4263 explained_variance=-1.4826 kl_approx=0.3403 loss_critic=69798.8359 loss_entropy=0.0043 loss_objective=0.0089 preamble_cbra=37.0000 preamble_cfra=14.0000 preamble_pbra=12.0000 requests_cbra=1929.6838 requests_pbra=2969.7798 success_rate=0.8450 success_total_mean=4997.3911
2025-11-18 16:51:03.642 | INFO     | __main__:_log_metrics:20 - iter=0024 reward=4585.9766 ESS=0.9634 acb_factor_mean=0.4332 clip_fraction=0.0547 collision_rate=0.1609 collision_total_mean=1133.9685 entropy=-0.5462 explained_variance=-0.6774 kl_approx=0.2641 loss_critic=92727.8984 loss_entropy=0.0055 loss_objective=-0.0149 preamble_cbra=24.0000 preamble_cfra=29.0000 preamble_pbra=11.0000 requests_cbra=2010.2002 requests_pbra=2825.4189 success_rate=0.8391 success_total_mean=5914.6885
2025-11-18 16:51:04.787 | INFO     | __main__:_log_metrics:20 - iter=0025 reward=4789.2153 ESS=0.9559 acb_factor_mean=0.4453 clip_fraction=0.0625 collision_rate=0.1546 collision_total_mean=1022.4000 entropy=-0.3641 explained_variance=-0.8791 kl_approx=0.9392 loss_critic=80048.5703 loss_entropy=0.0036 loss_objective=0.0052 preamble_cbra=33.0000 preamble_cfra=17.0000 preamble_pbra=13.0000 requests_cbra=2122.1201 requests_pbra=3249.4106 success_rate=0.8454 success_total_mean=5592.4053
2025-11-18 16:51:05.835 | INFO     | __main__:_log_metrics:20 - iter=0026 reward=4760.0938 ESS=0.8636 acb_factor_mean=0.4524 clip_fraction=0.1641 collision_rate=0.1272 collision_total_mean=824.3619 entropy=-0.6944 explained_variance=-0.4973 kl_approx=4.4853 loss_critic=74216.0312 loss_entropy=0.0069 loss_objective=0.0145 preamble_cbra=22.0000 preamble_cfra=21.0000 preamble_pbra=21.0000 requests_cbra=2011.9966 requests_pbra=2584.4243 success_rate=0.8728 success_total_mean=5657.5537
2025-11-18 16:51:06.957 | INFO     | __main__:_log_metrics:20 - iter=0027 reward=5293.5308 ESS=0.8418 acb_factor_mean=0.4339 clip_fraction=0.1562 collision_rate=0.1331 collision_total_mean=961.1219 entropy=-0.3791 explained_variance=-1.4951 kl_approx=4.7553 loss_critic=100091.4297 loss_entropy=0.0038 loss_objective=-0.0014 preamble_cbra=16.0000 preamble_cfra=25.0000 preamble_pbra=22.0000 requests_cbra=2168.3252 requests_pbra=2602.5200 success_rate=0.8669 success_total_mean=6257.6660
2025-11-18 16:51:08.094 | INFO     | __main__:_log_metrics:20 - iter=0028 reward=4726.3218 ESS=0.9636 acb_factor_mean=0.4539 clip_fraction=0.0469 collision_rate=0.1474 collision_total_mean=1040.5607 entropy=-0.4193 explained_variance=-0.7827 kl_approx=0.9973 loss_critic=84194.3828 loss_entropy=0.0042 loss_objective=-0.0007 preamble_cbra=20.0000 preamble_cfra=28.0000 preamble_pbra=16.0000 requests_cbra=2059.8860 requests_pbra=2708.2004 success_rate=0.8526 success_total_mean=6019.0107
2025-11-18 16:51:09.223 | INFO     | __main__:_log_metrics:20 - iter=0029 reward=4568.6401 ESS=0.7987 acb_factor_mean=0.4586 clip_fraction=0.1797 collision_rate=0.1439 collision_total_mean=976.4675 entropy=-0.3788 explained_variance=-0.3576 kl_approx=4.1827 loss_critic=70405.3594 loss_entropy=0.0038 loss_objective=0.0528 preamble_cbra=25.0000 preamble_cfra=27.0000 preamble_pbra=12.0000 requests_cbra=1868.2867 requests_pbra=2712.9797 success_rate=0.8561 success_total_mean=5808.5752
2025-11-18 16:51:10.278 | INFO     | __main__:_log_metrics:20 - iter=0030 reward=4900.5645 ESS=0.9033 acb_factor_mean=0.4471 clip_fraction=0.1172 collision_rate=0.1190 collision_total_mean=811.6266 entropy=-0.3622 explained_variance=-0.2514 kl_approx=1.2941 loss_critic=89951.6562 loss_entropy=0.0036 loss_objective=0.0160 preamble_cbra=22.0000 preamble_cfra=28.0000 preamble_pbra=14.0000 requests_cbra=1884.1794 requests_pbra=2553.3906 success_rate=0.8810 success_total_mean=6007.6602
2025-11-18 16:51:11.420 | INFO     | __main__:_log_metrics:20 - iter=0031 reward=4287.0723 ESS=0.6691 acb_factor_mean=0.4798 clip_fraction=0.1328 collision_rate=0.1806 collision_total_mean=1138.6139 entropy=-0.3327 explained_variance=-0.4431 kl_approx=0.9459 loss_critic=62559.4648 loss_entropy=0.0033 loss_objective=0.0063 preamble_cbra=36.0000 preamble_cfra=18.0000 preamble_pbra=10.0000 requests_cbra=1880.6814 requests_pbra=3100.7612 success_rate=0.8194 success_total_mean=5166.2969
2025-11-18 16:51:12.527 | INFO     | __main__:_log_metrics:20 - iter=0032 reward=5099.3604 ESS=0.7400 acb_factor_mean=0.4686 clip_fraction=0.1406 collision_rate=0.1342 collision_total_mean=942.7320 entropy=-0.2521 explained_variance=-0.8783 kl_approx=2.1643 loss_critic=88664.9766 loss_entropy=0.0025 loss_objective=0.0139 preamble_cbra=26.0000 preamble_cfra=22.0000 preamble_pbra=15.0000 requests_cbra=1993.8654 requests_pbra=2765.1748 success_rate=0.8658 success_total_mean=6082.5039
2025-11-18 16:51:13.690 | INFO     | __main__:_log_metrics:20 - iter=0033 reward=3930.9717 ESS=0.9570 acb_factor_mean=0.4956 clip_fraction=0.0625 collision_rate=0.1873 collision_total_mean=1075.2546 entropy=-0.2151 explained_variance=0.0564 kl_approx=1.2491 loss_critic=53941.1641 loss_entropy=0.0022 loss_objective=-0.0065 preamble_cbra=42.0000 preamble_cfra=13.0000 preamble_pbra=9.0000 requests_cbra=1589.9104 requests_pbra=2789.0007 success_rate=0.8127 success_total_mean=4664.7812
2025-11-18 16:51:14.744 | INFO     | __main__:_log_metrics:20 - iter=0034 reward=4341.5923 ESS=0.9593 acb_factor_mean=0.4647 clip_fraction=0.0547 collision_rate=0.1545 collision_total_mean=956.8154 entropy=-0.1954 explained_variance=-0.4398 kl_approx=3.3449 loss_critic=75560.1953 loss_entropy=0.0020 loss_objective=0.0013 preamble_cbra=34.0000 preamble_cfra=18.0000 preamble_pbra=11.0000 requests_cbra=1813.0234 requests_pbra=2804.6045 success_rate=0.8455 success_total_mean=5238.0625
2025-11-18 16:51:15.842 | INFO     | __main__:_log_metrics:20 - iter=0035 reward=3056.3623 ESS=0.9346 acb_factor_mean=0.4861 clip_fraction=0.0859 collision_rate=0.2554 collision_total_mean=1324.0405 entropy=-0.1178 explained_variance=0.3105 kl_approx=1.5062 loss_critic=44335.6055 loss_entropy=0.0012 loss_objective=0.0422 preamble_cbra=48.0000 preamble_cfra=9.0000 preamble_pbra=7.0000 requests_cbra=1812.6704 requests_pbra=3295.8411 success_rate=0.7446 success_total_mean=3859.6521
2025-11-18 16:51:16.911 | INFO     | __main__:_log_metrics:20 - iter=0036 reward=4235.3271 ESS=0.9667 acb_factor_mean=0.4679 clip_fraction=0.0391 collision_rate=0.1734 collision_total_mean=1074.1426 entropy=-0.3156 explained_variance=-0.5249 kl_approx=0.8373 loss_critic=79207.3672 loss_entropy=0.0032 loss_objective=-0.0162 preamble_cbra=38.0000 preamble_cfra=16.0000 preamble_pbra=10.0000 requests_cbra=1820.7103 requests_pbra=2755.4814 success_rate=0.8266 success_total_mean=5120.9727
2025-11-18 16:51:18.239 | INFO     | __main__:_log_metrics:20 - iter=0037 reward=1875.7083 ESS=0.9521 acb_factor_mean=0.4804 clip_fraction=0.0547 collision_rate=0.4009 collision_total_mean=1949.8140 entropy=-0.0702 explained_variance=0.1697 kl_approx=1.0369 loss_critic=32379.9688 loss_entropy=0.0007 loss_objective=0.0120 preamble_cbra=55.0000 preamble_cfra=5.0000 preamble_pbra=3.0000 requests_cbra=1903.0068 requests_pbra=4027.0618 success_rate=0.5991 success_total_mean=2914.3433
2025-11-18 16:51:22.648 | INFO     | __main__:_log_metrics:20 - iter=0038 reward=4300.6680 ESS=0.8971 acb_factor_mean=0.4598 clip_fraction=0.0547 collision_rate=0.1844 collision_total_mean=1229.8683 entropy=-0.2997 explained_variance=0.2941 kl_approx=0.7880 loss_critic=65417.2930 loss_entropy=0.0030 loss_objective=-0.0030 preamble_cbra=33.0000 preamble_cfra=22.0000 preamble_pbra=9.0000 requests_cbra=1932.6019 requests_pbra=3165.3640 success_rate=0.8156 success_total_mean=5441.1455
2025-11-18 16:51:26.879 | INFO     | __main__:_log_metrics:20 - iter=0039 reward=3040.8330 ESS=0.9601 acb_factor_mean=0.4927 clip_fraction=0.0938 collision_rate=0.2497 collision_total_mean=1281.5068 entropy=-0.1486 explained_variance=0.4885 kl_approx=0.1587 loss_critic=40006.9805 loss_entropy=0.0015 loss_objective=0.0008 preamble_cbra=48.0000 preamble_cfra=10.0000 preamble_pbra=6.0000 requests_cbra=1633.6631 requests_pbra=3093.0127 success_rate=0.7503 success_total_mean=3850.9077
2025-11-18 16:51:30.634 | INFO     | __main__:_log_metrics:20 - iter=0040 reward=4285.9150 ESS=0.8346 acb_factor_mean=0.4584 clip_fraction=0.1562 collision_rate=0.1672 collision_total_mean=1118.5829 entropy=-0.4010 explained_variance=-0.4791 kl_approx=4.4715 loss_critic=70904.7266 loss_entropy=0.0040 loss_objective=0.0070 preamble_cbra=32.0000 preamble_cfra=23.0000 preamble_pbra=9.0000 requests_cbra=1871.8970 requests_pbra=2937.8169 success_rate=0.8328 success_total_mean=5570.0854
2025-11-18 16:51:34.780 | INFO     | __main__:_log_metrics:20 - iter=0041 reward=2557.2390 ESS=0.9399 acb_factor_mean=0.4819 clip_fraction=0.0703 collision_rate=0.3113 collision_total_mean=1606.0076 entropy=-0.1462 explained_variance=0.0694 kl_approx=2.2760 loss_critic=41717.3477 loss_entropy=0.0015 loss_objective=0.0195 preamble_cbra=50.0000 preamble_cfra=10.0000 preamble_pbra=4.0000 requests_cbra=1721.6957 requests_pbra=3590.3525 success_rate=0.6887 success_total_mean=3552.3823
2025-11-18 16:51:38.676 | INFO     | __main__:_log_metrics:20 - iter=0042 reward=4389.1802 ESS=0.8356 acb_factor_mean=0.4809 clip_fraction=0.1562 collision_rate=0.1823 collision_total_mean=1196.4036 entropy=-0.2731 explained_variance=0.2596 kl_approx=19.0668 loss_critic=54374.2188 loss_entropy=0.0027 loss_objective=0.0242 preamble_cbra=37.0000 preamble_cfra=18.0000 preamble_pbra=9.0000 requests_cbra=1835.9441 requests_pbra=3035.7310 success_rate=0.8177 success_total_mean=5367.7754
2025-11-18 16:51:42.931 | INFO     | __main__:_log_metrics:20 - iter=0043 reward=1608.2617 ESS=0.9001 acb_factor_mean=0.4923 clip_fraction=0.0547 collision_rate=0.4330 collision_total_mean=1998.0713 entropy=-0.0691 explained_variance=-1.0680 kl_approx=0.3380 loss_critic=30090.3809 loss_entropy=0.0007 loss_objective=0.0681 preamble_cbra=59.0000 preamble_cfra=3.0000 preamble_pbra=2.0000 requests_cbra=1704.8583 requests_pbra=3980.7542 success_rate=0.5670 success_total_mean=2616.2200
2025-11-18 16:51:46.531 | INFO     | __main__:_log_metrics:20 - iter=0044 reward=3619.6860 ESS=0.9371 acb_factor_mean=0.4865 clip_fraction=0.0703 collision_rate=0.2286 collision_total_mean=1366.0000 entropy=-0.0481 explained_variance=0.1882 kl_approx=1.8813 loss_critic=44902.2109 loss_entropy=0.0005 loss_objective=-0.0108 preamble_cbra=41.0000 preamble_cfra=15.0000 preamble_pbra=8.0000 requests_cbra=1753.1140 requests_pbra=3045.5361 success_rate=0.7714 success_total_mean=4608.6162
2025-11-18 16:51:50.812 | INFO     | __main__:_log_metrics:20 - iter=0045 reward=1533.9037 ESS=0.9836 acb_factor_mean=0.5040 clip_fraction=0.0234 collision_rate=0.4469 collision_total_mean=2097.2925 entropy=0.0000 explained_variance=-0.4222 kl_approx=0.1814 loss_critic=21799.8203 loss_entropy=-0.0000 loss_objective=0.0006 preamble_cbra=59.0000 preamble_cfra=3.0000 preamble_pbra=1.0000 requests_cbra=1763.2634 requests_pbra=4094.6934 success_rate=0.5531 success_total_mean=2595.3301
2025-11-18 16:51:54.708 | INFO     | __main__:_log_metrics:20 - iter=0046 reward=4071.8406 ESS=0.9534 acb_factor_mean=0.4710 clip_fraction=0.0703 collision_rate=0.1913 collision_total_mean=1180.5367 entropy=-0.1844 explained_variance=0.4226 kl_approx=1.6447 loss_critic=51991.2852 loss_entropy=0.0018 loss_objective=-0.0047 preamble_cbra=40.0000 preamble_cfra=17.0000 preamble_pbra=7.0000 requests_cbra=1740.8732 requests_pbra=2873.9128 success_rate=0.8087 success_total_mean=4991.1807
2025-11-18 16:51:58.913 | INFO     | __main__:_log_metrics:20 - iter=0047 reward=1426.6228 ESS=1.0000 acb_factor_mean=0.4977 clip_fraction=0.0000 collision_rate=0.4581 collision_total_mean=2109.0278 entropy=-0.0880 explained_variance=-1.0272 kl_approx=-0.0003 loss_critic=25272.8691 loss_entropy=0.0009 loss_objective=-0.0004 preamble_cbra=60.0000 preamble_cfra=3.0000 preamble_pbra=1.0000 requests_cbra=1857.2820 requests_pbra=4206.0762 success_rate=0.5419 success_total_mean=2494.3960
2025-11-18 16:52:02.813 | INFO     | __main__:_log_metrics:20 - iter=0048 reward=3482.6152 ESS=0.9695 acb_factor_mean=0.4657 clip_fraction=0.0391 collision_rate=0.2305 collision_total_mean=1341.3677 entropy=-0.1045 explained_variance=0.4247 kl_approx=0.1392 loss_critic=41333.9609 loss_entropy=0.0010 loss_objective=-0.0028 preamble_cbra=43.0000 preamble_cfra=14.0000 preamble_pbra=7.0000 requests_cbra=1830.4404 requests_pbra=3166.7031 success_rate=0.7695 success_total_mean=4478.8979
2025-11-18 16:52:06.760 | INFO     | __main__:_log_metrics:20 - iter=0049 reward=1332.4067 ESS=0.9304 acb_factor_mean=0.4957 clip_fraction=0.0703 collision_rate=0.4407 collision_total_mean=1740.6688 entropy=0.0025 explained_variance=-1.7949 kl_approx=3.0318 loss_critic=21287.9648 loss_entropy=-0.0000 loss_objective=0.0051 preamble_cbra=61.0000 preamble_cfra=3.0000 preamble_pbra=1.0000 requests_cbra=1494.3667 requests_pbra=3569.1816 success_rate=0.5593 success_total_mean=2209.4563
2025-11-18 16:52:10.810 | INFO     | __main__:_log_metrics:20 - iter=0050 reward=3534.8857 ESS=0.9616 acb_factor_mean=0.4590 clip_fraction=0.0625 collision_rate=0.2185 collision_total_mean=1353.9543 entropy=-0.2738 explained_variance=0.1271 kl_approx=0.3347 loss_critic=46057.7109 loss_entropy=0.0027 loss_objective=0.0018 preamble_cbra=35.0000 preamble_cfra=23.0000 preamble_pbra=5.0000 requests_cbra=1783.1740 requests_pbra=3032.7659 success_rate=0.7815 success_total_mean=4843.3574
2025-11-18 16:52:14.540 | INFO     | __main__:_log_metrics:20 - iter=0051 reward=995.8411 ESS=0.9888 acb_factor_mean=0.5051 clip_fraction=0.0156 collision_rate=0.5097 collision_total_mean=2167.8560 entropy=-0.0387 explained_variance=-0.3503 kl_approx=0.2323 loss_critic=20497.1758 loss_entropy=0.0004 loss_objective=0.0111 preamble_cbra=61.0000 preamble_cfra=2.0000 preamble_pbra=0.0000 requests_cbra=1685.8043 requests_pbra=4142.3525 success_rate=0.4903 success_total_mean=2085.5325
2025-11-18 16:52:18.610 | INFO     | __main__:_log_metrics:20 - iter=0052 reward=3851.7773 ESS=0.9184 acb_factor_mean=0.4526 clip_fraction=0.1016 collision_rate=0.2001 collision_total_mean=1288.9075 entropy=-0.2328 explained_variance=0.0614 kl_approx=4.0734 loss_critic=49898.3047 loss_entropy=0.0023 loss_objective=-0.0007 preamble_cbra=33.0000 preamble_cfra=25.0000 preamble_pbra=6.0000 requests_cbra=1835.7512 requests_pbra=3028.3198 success_rate=0.7999 success_total_mean=5153.4170
2025-11-18 16:52:22.919 | INFO     | __main__:_log_metrics:20 - iter=0053 reward=1932.8901 ESS=0.9746 acb_factor_mean=0.5040 clip_fraction=0.0391 collision_rate=0.4072 collision_total_mean=2108.8906 entropy=-0.1770 explained_variance=0.5629 kl_approx=0.5193 loss_critic=31851.7930 loss_entropy=0.0018 loss_objective=-0.0108 preamble_cbra=57.0000 preamble_cfra=5.0000 preamble_pbra=2.0000 requests_cbra=1869.1770 requests_pbra=4240.8174 success_rate=0.5928 success_total_mean=3070.1602
2025-11-18 16:52:26.971 | INFO     | __main__:_log_metrics:20 - iter=0054 reward=4375.6284 ESS=0.9053 acb_factor_mean=0.4694 clip_fraction=0.1484 collision_rate=0.1942 collision_total_mean=1381.5691 entropy=-0.1631 explained_variance=-0.5260 kl_approx=7.8503 loss_critic=62231.6484 loss_entropy=0.0016 loss_objective=-0.0026 preamble_cbra=30.0000 preamble_cfra=27.0000 preamble_pbra=6.0000 requests_cbra=1787.7634 requests_pbra=2945.9568 success_rate=0.8058 success_total_mean=5731.0537
2025-11-18 16:52:30.777 | INFO     | __main__:_log_metrics:20 - iter=0055 reward=1440.3348 ESS=0.9698 acb_factor_mean=0.4985 clip_fraction=0.0547 collision_rate=0.4413 collision_total_mean=1905.7483 entropy=-0.0428 explained_variance=-0.1246 kl_approx=1.1608 loss_critic=23250.7617 loss_entropy=0.0004 loss_objective=-0.0008 preamble_cbra=60.0000 preamble_cfra=3.0000 preamble_pbra=1.0000 requests_cbra=1602.7546 requests_pbra=3855.3608 success_rate=0.5587 success_total_mean=2412.3284
2025-11-18 16:52:34.735 | INFO     | __main__:_log_metrics:20 - iter=0056 reward=3710.6484 ESS=0.8878 acb_factor_mean=0.4791 clip_fraction=0.1328 collision_rate=0.2478 collision_total_mean=1737.5835 entropy=-0.2721 explained_variance=0.3403 kl_approx=10.7514 loss_critic=41816.2656 loss_entropy=0.0027 loss_objective=0.0403 preamble_cbra=36.0000 preamble_cfra=22.0000 preamble_pbra=6.0000 requests_cbra=2013.5790 requests_pbra=3624.5769 success_rate=0.7522 success_total_mean=5273.3618
2025-11-18 16:52:38.759 | INFO     | __main__:_log_metrics:20 - iter=0057 reward=1358.1152 ESS=0.9843 acb_factor_mean=0.4980 clip_fraction=0.0156 collision_rate=0.4946 collision_total_mean=2614.3711 entropy=-0.0219 explained_variance=-1.0526 kl_approx=0.4585 loss_critic=23037.1758 loss_entropy=0.0002 loss_objective=-0.0021 preamble_cbra=60.0000 preamble_cfra=3.0000 preamble_pbra=1.0000 requests_cbra=2072.4507 requests_pbra=4980.7085 success_rate=0.5054 success_total_mean=2671.3728
2025-11-18 16:52:42.596 | INFO     | __main__:_log_metrics:20 - iter=0058 reward=3722.0271 ESS=0.9200 acb_factor_mean=0.4695 clip_fraction=0.1016 collision_rate=0.2423 collision_total_mean=1745.0391 entropy=-0.2052 explained_variance=0.0026 kl_approx=4.8514 loss_critic=51703.7852 loss_entropy=0.0021 loss_objective=0.0203 preamble_cbra=28.0000 preamble_cfra=28.0000 preamble_pbra=8.0000 requests_cbra=2129.7485 requests_pbra=3382.4009 success_rate=0.7577 success_total_mean=5456.9023
2025-11-18 16:52:46.652 | INFO     | __main__:_log_metrics:20 - iter=0059 reward=1951.9922 ESS=0.9692 acb_factor_mean=0.4924 clip_fraction=0.0312 collision_rate=0.3817 collision_total_mean=1832.9580 entropy=-0.0486 explained_variance=0.5432 kl_approx=0.6149 loss_critic=26914.2383 loss_entropy=0.0005 loss_objective=0.0133 preamble_cbra=56.0000 preamble_cfra=6.0000 preamble_pbra=2.0000 requests_cbra=1727.4858 requests_pbra=3836.9026 success_rate=0.6183 success_total_mean=2969.2327
2025-11-18 16:52:50.928 | INFO     | __main__:_log_metrics:20 - iter=0060 reward=3982.0173 ESS=0.9582 acb_factor_mean=0.4763 clip_fraction=0.0547 collision_rate=0.2580 collision_total_mean=1993.9327 entropy=-0.1993 explained_variance=0.0929 kl_approx=1.1620 loss_critic=50826.5938 loss_entropy=0.0020 loss_objective=0.0102 preamble_cbra=27.0000 preamble_cfra=29.0000 preamble_pbra=7.0000 requests_cbra=2220.1953 requests_pbra=3534.4814 success_rate=0.7420 success_total_mean=5735.9312
2025-11-18 16:52:55.358 | INFO     | __main__:_log_metrics:20 - iter=0061 reward=1660.6415 ESS=0.9768 acb_factor_mean=0.4945 clip_fraction=0.0234 collision_rate=0.4320 collision_total_mean=2061.3450 entropy=-0.0556 explained_variance=-0.8344 kl_approx=0.1746 loss_critic=21605.2930 loss_entropy=0.0006 loss_objective=-0.0041 preamble_cbra=59.0000 preamble_cfra=4.0000 preamble_pbra=1.0000 requests_cbra=1764.6877 requests_pbra=4207.8594 success_rate=0.5680 success_total_mean=2709.9075
2025-11-18 16:52:56.846 | INFO     | __main__:_log_metrics:20 - iter=0062 reward=4141.4033 ESS=0.8010 acb_factor_mean=0.4672 clip_fraction=0.2031 collision_rate=0.2192 collision_total_mean=1634.7670 entropy=-0.1168 explained_variance=-0.0038 kl_approx=20.5333 loss_critic=53230.8086 loss_entropy=0.0012 loss_objective=0.0142 preamble_cbra=24.0000 preamble_cfra=32.0000 preamble_pbra=8.0000 requests_cbra=2179.9797 requests_pbra=3216.0085 success_rate=0.7808 success_total_mean=5824.7524
2025-11-18 16:52:57.957 | INFO     | __main__:_log_metrics:20 - iter=0063 reward=2670.9580 ESS=0.8031 acb_factor_mean=0.4920 clip_fraction=0.2031 collision_rate=0.3342 collision_total_mean=1909.5164 entropy=-0.0596 explained_variance=0.4857 kl_approx=21.6807 loss_critic=34591.1602 loss_entropy=0.0006 loss_objective=0.0353 preamble_cbra=51.0000 preamble_cfra=12.0000 preamble_pbra=1.0000 requests_cbra=1749.6000 requests_pbra=3870.8228 success_rate=0.6658 success_total_mean=3803.3247
2025-11-18 16:52:59.099 | INFO     | __main__:_log_metrics:20 - iter=0064 reward=4621.9355 ESS=0.8920 acb_factor_mean=0.4617 clip_fraction=0.1641 collision_rate=0.2332 collision_total_mean=1983.8856 entropy=-0.3453 explained_variance=-0.9702 kl_approx=4.8515 loss_critic=55916.1953 loss_entropy=0.0035 loss_objective=0.0170 preamble_cbra=24.0000 preamble_cfra=36.0000 preamble_pbra=4.0000 requests_cbra=2128.1450 requests_pbra=3664.5234 success_rate=0.7668 success_total_mean=6522.5562
2025-11-18 16:53:00.232 | INFO     | __main__:_log_metrics:20 - iter=0065 reward=2188.5601 ESS=0.9250 acb_factor_mean=0.4956 clip_fraction=0.0859 collision_rate=0.3597 collision_total_mean=1797.1921 entropy=-0.0655 explained_variance=-0.1798 kl_approx=1.8952 loss_critic=29881.9258 loss_entropy=0.0007 loss_objective=0.0353 preamble_cbra=56.0000 preamble_cfra=7.0000 preamble_pbra=1.0000 requests_cbra=1575.2457 requests_pbra=3595.5437 success_rate=0.6403 success_total_mean=3199.1494
2025-11-18 16:53:01.402 | INFO     | __main__:_log_metrics:20 - iter=0066 reward=3485.2251 ESS=0.0695 acb_factor_mean=0.4829 clip_fraction=0.1250 collision_rate=0.2498 collision_total_mean=1970.1260 entropy=-0.2805 explained_variance=-0.8735 kl_approx=2.2606 loss_critic=55724.8594 loss_entropy=0.0028 loss_objective=0.0104 preamble_cbra=16.0000 preamble_cfra=43.0000 preamble_pbra=5.0000 requests_cbra=2216.4087 requests_pbra=3224.6523 success_rate=0.7502 success_total_mean=5916.5078
2025-11-18 16:53:02.453 | INFO     | __main__:_log_metrics:20 - iter=0067 reward=2697.7354 ESS=0.9214 acb_factor_mean=0.4988 clip_fraction=0.0859 collision_rate=0.3508 collision_total_mean=2221.1060 entropy=-0.1583 explained_variance=0.4350 kl_approx=0.8077 loss_critic=35168.9609 loss_entropy=0.0016 loss_objective=0.0156 preamble_cbra=48.0000 preamble_cfra=15.0000 preamble_pbra=1.0000 requests_cbra=1819.2955 requests_pbra=4168.8740 success_rate=0.6492 success_total_mean=4110.2798
2025-11-18 16:53:03.586 | INFO     | __main__:_log_metrics:20 - iter=0068 reward=4272.5142 ESS=0.9485 acb_factor_mean=0.4867 clip_fraction=0.0703 collision_rate=0.2739 collision_total_mean=2599.3079 entropy=-0.2114 explained_variance=-1.1511 kl_approx=2.4940 loss_critic=51063.0859 loss_entropy=0.0021 loss_objective=0.0071 preamble_cbra=18.0000 preamble_cfra=42.0000 preamble_pbra=4.0000 requests_cbra=2497.9907 requests_pbra=4031.0549 success_rate=0.7261 success_total_mean=6889.2617
2025-11-18 16:53:04.728 | INFO     | __main__:_log_metrics:20 - iter=0069 reward=3388.5730 ESS=0.9191 acb_factor_mean=0.5139 clip_fraction=0.1016 collision_rate=0.2917 collision_total_mean=2236.5007 entropy=-0.2512 explained_variance=0.4794 kl_approx=5.4618 loss_critic=41704.5312 loss_entropy=0.0025 loss_objective=0.0278 preamble_cbra=34.0000 preamble_cfra=29.0000 preamble_pbra=1.0000 requests_cbra=1852.8397 requests_pbra=3902.6543 success_rate=0.7083 success_total_mean=5431.8721
2025-11-18 16:53:05.935 | INFO     | __main__:_log_metrics:20 - iter=0070 reward=3241.4561 ESS=0.9672 acb_factor_mean=0.4755 clip_fraction=0.0391 collision_rate=0.2661 collision_total_mean=2088.9336 entropy=-0.1708 explained_variance=-0.4696 kl_approx=1.1653 loss_critic=49541.2500 loss_entropy=0.0017 loss_objective=-0.0073 preamble_cbra=16.0000 preamble_cfra=42.0000 preamble_pbra=6.0000 requests_cbra=2310.5894 requests_pbra=3278.9678 success_rate=0.7339 success_total_mean=5762.3555
2025-11-18 16:53:07.036 | INFO     | __main__:_log_metrics:20 - iter=0071 reward=2796.6785 ESS=0.8273 acb_factor_mean=0.5122 clip_fraction=0.0391 collision_rate=0.3284 collision_total_mean=2210.0508 entropy=-0.1958 explained_variance=0.4768 kl_approx=0.4871 loss_critic=41613.4922 loss_entropy=0.0020 loss_objective=0.0103 preamble_cbra=42.0000 preamble_cfra=21.0000 preamble_pbra=1.0000 requests_cbra=1830.3477 requests_pbra=4116.7217 success_rate=0.6716 success_total_mean=4518.8062
2025-11-18 16:53:08.251 | INFO     | __main__:_log_metrics:20 - iter=0072 reward=3343.8750 ESS=0.7614 acb_factor_mean=0.4815 clip_fraction=0.2656 collision_rate=0.2848 collision_total_mean=2323.8484 entropy=-0.2523 explained_variance=-0.5954 kl_approx=18.1558 loss_critic=46255.1172 loss_entropy=0.0025 loss_objective=0.0536 preamble_cbra=17.0000 preamble_cfra=42.0000 preamble_pbra=5.0000 requests_cbra=2442.8174 requests_pbra=3531.5215 success_rate=0.7152 success_total_mean=5836.0171
2025-11-18 16:53:09.466 | INFO     | __main__:_log_metrics:20 - iter=0073 reward=2287.4836 ESS=0.9030 acb_factor_mean=0.4914 clip_fraction=0.1172 collision_rate=0.3270 collision_total_mean=2106.2974 entropy=-0.1743 explained_variance=0.3131 kl_approx=8.1672 loss_critic=42068.9531 loss_entropy=0.0017 loss_objective=0.0045 preamble_cbra=35.0000 preamble_cfra=28.0000 preamble_pbra=2.0000 requests_cbra=1937.5219 requests_pbra=3689.8381 success_rate=0.6730 success_total_mean=4334.4639
2025-11-18 16:53:10.660 | INFO     | __main__:_log_metrics:20 - iter=0074 reward=3156.5364 ESS=0.7930 acb_factor_mean=0.4667 clip_fraction=0.2500 collision_rate=0.2682 collision_total_mean=2173.6235 entropy=-0.3809 explained_variance=-0.4352 kl_approx=10.5382 loss_critic=54932.6289 loss_entropy=0.0038 loss_objective=0.0843 preamble_cbra=4.0000 preamble_cfra=45.0000 preamble_pbra=15.0000 requests_cbra=2861.1060 requests_pbra=2915.7524 success_rate=0.7318 success_total_mean=5929.5723
2025-11-18 16:53:11.937 | INFO     | __main__:_log_metrics:20 - iter=0075 reward=3157.7458 ESS=0.8239 acb_factor_mean=0.4371 clip_fraction=0.2578 collision_rate=0.2688 collision_total_mean=2245.4114 entropy=-0.9317 explained_variance=-0.8280 kl_approx=14.6632 loss_critic=53861.9727 loss_entropy=0.0093 loss_objective=0.0489 preamble_cbra=2.0000 preamble_cfra=48.0000 preamble_pbra=14.0000 requests_cbra=3068.1997 requests_pbra=3153.1831 success_rate=0.7312 success_total_mean=6107.0337
2025-11-18 16:53:13.119 | INFO     | __main__:_log_metrics:20 - iter=0076 reward=3900.7498 ESS=0.8655 acb_factor_mean=0.4463 clip_fraction=0.1875 collision_rate=0.2167 collision_total_mean=1678.2186 entropy=-0.5128 explained_variance=-0.6628 kl_approx=3.8605 loss_critic=62148.8633 loss_entropy=0.0051 loss_objective=0.0284 preamble_cbra=4.0000 preamble_cfra=41.0000 preamble_pbra=19.0000 requests_cbra=2674.6870 requests_pbra=2589.2354 success_rate=0.7833 success_total_mean=6064.7319
2025-11-18 16:53:14.299 | INFO     | __main__:_log_metrics:20 - iter=0077 reward=2914.3093 ESS=0.7630 acb_factor_mean=0.4142 clip_fraction=0.2891 collision_rate=0.2384 collision_total_mean=1831.1814 entropy=-1.2113 explained_variance=-0.7720 kl_approx=116.7361 loss_critic=39482.3438 loss_entropy=0.0121 loss_objective=0.0294 preamble_cbra=2.0000 preamble_cfra=51.0000 preamble_pbra=11.0000 requests_cbra=2581.6294 requests_pbra=2697.3560 success_rate=0.7616 success_total_mean=5851.4980
2025-11-18 16:53:15.490 | INFO     | __main__:_log_metrics:20 - iter=0078 reward=3489.3562 ESS=0.7824 acb_factor_mean=0.4652 clip_fraction=0.2578 collision_rate=0.2607 collision_total_mean=2166.6365 entropy=-0.4105 explained_variance=-1.2079 kl_approx=12.2135 loss_critic=47597.1641 loss_entropy=0.0041 loss_objective=0.0294 preamble_cbra=3.0000 preamble_cfra=42.0000 preamble_pbra=20.0000 requests_cbra=2892.6294 requests_pbra=2874.7180 success_rate=0.7393 success_total_mean=6142.6396
2025-11-18 16:53:16.784 | INFO     | __main__:_log_metrics:20 - iter=0079 reward=1975.2852 ESS=0.8247 acb_factor_mean=0.5057 clip_fraction=0.1875 collision_rate=0.3372 collision_total_mean=2840.5991 entropy=-0.1704 explained_variance=-0.2205 kl_approx=16.2528 loss_critic=50041.9180 loss_entropy=0.0017 loss_objective=0.0531 preamble_cbra=1.0000 preamble_cfra=48.0000 preamble_pbra=15.0000 requests_cbra=3221.9292 requests_pbra=3250.2913 success_rate=0.6628 success_total_mean=5584.3750
2025-11-18 16:53:17.793 | INFO     | __main__:_log_metrics:20 - iter=0080 reward=4981.2480 ESS=0.9910 acb_factor_mean=0.4675 clip_fraction=0.0156 collision_rate=0.2120 collision_total_mean=1661.3462 entropy=-0.1081 explained_variance=-1.2574 kl_approx=0.5024 loss_critic=67342.1562 loss_entropy=0.0011 loss_objective=-0.0015 preamble_cbra=3.0000 preamble_cfra=23.0000 preamble_pbra=39.0000 requests_cbra=3087.4314 requests_pbra=2464.4785 success_rate=0.7880 success_total_mean=6175.1689
2025-11-18 16:53:18.899 | INFO     | __main__:_log_metrics:20 - iter=0081 reward=4136.3120 ESS=0.8277 acb_factor_mean=0.4843 clip_fraction=0.1641 collision_rate=0.2529 collision_total_mean=2068.2346 entropy=-0.4079 explained_variance=-0.1140 kl_approx=9.6247 loss_critic=62021.3750 loss_entropy=0.0041 loss_objective=0.0401 preamble_cbra=1.0000 preamble_cfra=34.0000 preamble_pbra=30.0000 requests_cbra=3422.8660 requests_pbra=2604.9893 success_rate=0.7471 success_total_mean=6109.3296
2025-11-18 16:53:19.924 | INFO     | __main__:_log_metrics:20 - iter=0082 reward=4529.4082 ESS=0.8572 acb_factor_mean=0.4132 clip_fraction=0.2031 collision_rate=0.1675 collision_total_mean=1123.6565 entropy=-0.6581 explained_variance=-1.4676 kl_approx=3.7299 loss_critic=72436.9766 loss_entropy=0.0066 loss_objective=0.0147 preamble_cbra=3.0000 preamble_cfra=24.0000 preamble_pbra=37.0000 requests_cbra=2548.1860 requests_pbra=2228.6384 success_rate=0.8325 success_total_mean=5585.9854
2025-11-18 16:53:20.997 | INFO     | __main__:_log_metrics:20 - iter=0083 reward=4295.6260 ESS=0.8842 acb_factor_mean=0.4496 clip_fraction=0.1406 collision_rate=0.2363 collision_total_mean=1907.3628 entropy=-0.4337 explained_variance=-0.6809 kl_approx=7.5037 loss_critic=63764.0430 loss_entropy=0.0043 loss_objective=0.0489 preamble_cbra=1.0000 preamble_cfra=32.0000 preamble_pbra=31.0000 requests_cbra=3266.8267 requests_pbra=2570.2017 success_rate=0.7637 success_total_mean=6164.4023
2025-11-18 16:53:22.022 | INFO     | __main__:_log_metrics:20 - iter=0084 reward=4549.3555 ESS=0.8786 acb_factor_mean=0.4435 clip_fraction=0.1172 collision_rate=0.2027 collision_total_mean=1458.9277 entropy=-0.2937 explained_variance=-1.4152 kl_approx=17.1109 loss_critic=70139.0703 loss_entropy=0.0029 loss_objective=-0.0080 preamble_cbra=2.0000 preamble_cfra=24.0000 preamble_pbra=38.0000 requests_cbra=2665.7930 requests_pbra=2284.6389 success_rate=0.7973 success_total_mean=5740.2217
2025-11-18 16:53:23.244 | INFO     | __main__:_log_metrics:20 - iter=0085 reward=3153.2866 ESS=0.9278 acb_factor_mean=0.4642 clip_fraction=0.0859 collision_rate=0.2889 collision_total_mean=2396.7681 entropy=-0.4311 explained_variance=-0.2112 kl_approx=0.9499 loss_critic=55706.8945 loss_entropy=0.0043 loss_objective=0.0284 preamble_cbra=2.0000 preamble_cfra=44.0000 preamble_pbra=18.0000 requests_cbra=3050.2717 requests_pbra=2984.0857 success_rate=0.7111 success_total_mean=5900.5786
2025-11-18 16:53:24.458 | INFO     | __main__:_log_metrics:20 - iter=0086 reward=4168.5264 ESS=0.9339 acb_factor_mean=0.4495 clip_fraction=0.0859 collision_rate=0.2400 collision_total_mean=1999.7845 entropy=-0.4254 explained_variance=-0.6382 kl_approx=6.1241 loss_critic=71683.6875 loss_entropy=0.0043 loss_objective=0.0113 preamble_cbra=3.0000 preamble_cfra=39.0000 preamble_pbra=22.0000 requests_cbra=2807.4341 requests_pbra=2792.3848 success_rate=0.7600 success_total_mean=6332.1357
2025-11-18 16:53:25.863 | INFO     | __main__:_log_metrics:20 - iter=0087 reward=3145.9575 ESS=0.9350 acb_factor_mean=0.4509 clip_fraction=0.0781 collision_rate=0.2878 collision_total_mean=2400.1890 entropy=-0.3143 explained_variance=-0.5878 kl_approx=2.7505 loss_critic=56733.3203 loss_entropy=0.0031 loss_objective=-0.0010 preamble_cbra=2.0000 preamble_cfra=47.0000 preamble_pbra=15.0000 requests_cbra=2933.2344 requests_pbra=3228.6348 success_rate=0.7122 success_total_mean=5940.0801
2025-11-18 16:53:27.081 | INFO     | __main__:_log_metrics:20 - iter=0088 reward=3024.9214 ESS=0.8782 acb_factor_mean=0.4160 clip_fraction=0.1641 collision_rate=0.2000 collision_total_mean=1453.4130 entropy=-0.6765 explained_variance=-1.3564 kl_approx=4.5642 loss_critic=52316.8125 loss_entropy=0.0068 loss_objective=0.0416 preamble_cbra=3.0000 preamble_cfra=50.0000 preamble_pbra=11.0000 requests_cbra=2281.3201 requests_pbra=2475.7056 success_rate=0.8000 success_total_mean=5812.4707
2025-11-18 16:53:28.385 | INFO     | __main__:_log_metrics:20 - iter=0089 reward=2575.6980 ESS=0.8578 acb_factor_mean=0.4068 clip_fraction=0.1953 collision_rate=0.2731 collision_total_mean=2239.3022 entropy=-0.8115 explained_variance=-0.9963 kl_approx=9.1246 loss_critic=47478.4609 loss_entropy=0.0081 loss_objective=0.0746 preamble_cbra=2.0000 preamble_cfra=57.0000 preamble_pbra=4.0000 requests_cbra=2667.1177 requests_pbra=3172.5981 success_rate=0.7269 success_total_mean=5961.3882
2025-11-18 16:53:29.566 | INFO     | __main__:_log_metrics:20 - iter=0090 reward=3563.2151 ESS=0.9361 acb_factor_mean=0.4345 clip_fraction=0.1016 collision_rate=0.2259 collision_total_mean=1766.1047 entropy=-0.5697 explained_variance=-0.4642 kl_approx=2.5495 loss_critic=63691.5273 loss_entropy=0.0057 loss_objective=-0.0058 preamble_cbra=4.0000 preamble_cfra=41.0000 preamble_pbra=19.0000 requests_cbra=2749.3047 requests_pbra=2784.2122 success_rate=0.7741 success_total_mean=6051.8696
2025-11-18 16:53:30.786 | INFO     | __main__:_log_metrics:20 - iter=0091 reward=4020.4116 ESS=0.9054 acb_factor_mean=0.4601 clip_fraction=0.1016 collision_rate=0.2567 collision_total_mean=2066.0459 entropy=-0.2868 explained_variance=0.5980 kl_approx=8.2168 loss_critic=40823.7070 loss_entropy=0.0029 loss_objective=0.0675 preamble_cbra=22.0000 preamble_cfra=33.0000 preamble_pbra=9.0000 requests_cbra=2619.8132 requests_pbra=3687.4238 success_rate=0.7433 success_total_mean=5981.3979
2025-11-18 16:53:31.859 | INFO     | __main__:_log_metrics:20 - iter=0092 reward=3964.4854 ESS=0.9160 acb_factor_mean=0.3998 clip_fraction=0.1172 collision_rate=0.1589 collision_total_mean=1045.1229 entropy=-0.8105 explained_variance=-0.8947 kl_approx=1.9261 loss_critic=60067.9023 loss_entropy=0.0081 loss_objective=0.0377 preamble_cbra=5.0000 preamble_cfra=33.0000 preamble_pbra=26.0000 requests_cbra=2153.6887 requests_pbra=2124.8108 success_rate=0.8411 success_total_mean=5531.5361
2025-11-18 16:53:32.982 | INFO     | __main__:_log_metrics:20 - iter=0093 reward=3978.8943 ESS=0.9143 acb_factor_mean=0.4251 clip_fraction=0.1016 collision_rate=0.2276 collision_total_mean=1690.1191 entropy=-0.5669 explained_variance=0.6096 kl_approx=2.5772 loss_critic=49423.0703 loss_entropy=0.0057 loss_objective=0.0278 preamble_cbra=15.0000 preamble_cfra=34.0000 preamble_pbra=15.0000 requests_cbra=2564.2944 requests_pbra=3140.6462 success_rate=0.7724 success_total_mean=5734.4478
2025-11-18 16:53:34.157 | INFO     | __main__:_log_metrics:20 - iter=0094 reward=4406.8530 ESS=0.9024 acb_factor_mean=0.4140 clip_fraction=0.1250 collision_rate=0.2016 collision_total_mean=1550.3204 entropy=-0.5631 explained_variance=-0.2359 kl_approx=4.4213 loss_critic=70136.0078 loss_entropy=0.0056 loss_objective=0.0408 preamble_cbra=10.0000 preamble_cfra=36.0000 preamble_pbra=18.0000 requests_cbra=2477.5608 requests_pbra=2780.1235 success_rate=0.7984 success_total_mean=6141.4531
2025-11-18 16:53:35.331 | INFO     | __main__:_log_metrics:20 - iter=0095 reward=3101.5859 ESS=0.8671 acb_factor_mean=0.4651 clip_fraction=0.0703 collision_rate=0.3065 collision_total_mean=2139.2966 entropy=-0.1995 explained_variance=0.6709 kl_approx=1.6249 loss_critic=45522.0078 loss_entropy=0.0020 loss_objective=0.0005 preamble_cbra=36.0000 preamble_cfra=25.0000 preamble_pbra=4.0000 requests_cbra=2306.8765 requests_pbra=3926.4868 success_rate=0.6935 success_total_mean=4840.2812
2025-11-18 16:53:36.473 | INFO     | __main__:_log_metrics:20 - iter=0096 reward=4065.4617 ESS=0.9360 acb_factor_mean=0.4597 clip_fraction=0.0859 collision_rate=0.2421 collision_total_mean=1899.3206 entropy=-0.1308 explained_variance=0.3170 kl_approx=3.2036 loss_critic=57015.6211 loss_entropy=0.0013 loss_objective=0.0006 preamble_cbra=19.0000 preamble_cfra=32.0000 preamble_pbra=13.0000 requests_cbra=2501.0400 requests_pbra=3206.4351 success_rate=0.7579 success_total_mean=5944.5127
2025-11-18 16:53:37.506 | INFO     | __main__:_log_metrics:20 - iter=0097 reward=1567.7169 ESS=0.8812 acb_factor_mean=0.4876 clip_fraction=0.1250 collision_rate=0.4229 collision_total_mean=2019.3528 entropy=0.0092 explained_variance=0.8314 kl_approx=6.4198 loss_critic=21603.4062 loss_entropy=-0.0001 loss_objective=0.0065 preamble_cbra=53.0000 preamble_cfra=8.0000 preamble_pbra=3.0000 requests_cbra=1865.5745 requests_pbra=3875.1843 success_rate=0.5771 success_total_mean=2755.2236
2025-11-18 16:53:38.619 | INFO     | __main__:_log_metrics:20 - iter=0098 reward=4271.0098 ESS=0.7532 acb_factor_mean=0.4282 clip_fraction=0.0938 collision_rate=0.2030 collision_total_mean=1497.7798 entropy=-0.3450 explained_variance=0.2494 kl_approx=1.3855 loss_critic=53681.9336 loss_entropy=0.0035 loss_objective=0.0270 preamble_cbra=13.0000 preamble_cfra=32.0000 preamble_pbra=20.0000 requests_cbra=2379.5793 requests_pbra=2660.2896 success_rate=0.7970 success_total_mean=5880.0898
2025-11-18 16:53:39.705 | INFO     | __main__:_log_metrics:20 - iter=0099 reward=1994.4148 ESS=0.8125 acb_factor_mean=0.5005 clip_fraction=0.1875 collision_rate=0.4085 collision_total_mean=2288.3557 entropy=-0.0317 explained_variance=0.8094 kl_approx=57.0508 loss_critic=27150.3066 loss_entropy=0.0003 loss_objective=0.0184 preamble_cbra=49.0000 preamble_cfra=10.0000 preamble_pbra=4.0000 requests_cbra=2171.0398 requests_pbra=4291.0908 success_rate=0.5915 success_total_mean=3312.8201
2025-11-18 16:53:40.809 | INFO     | __main__:_log_metrics:20 - iter=0100 reward=4060.8872 ESS=0.2128 acb_factor_mean=0.4425 clip_fraction=0.2031 collision_rate=0.2042 collision_total_mean=1539.2937 entropy=-0.3343 explained_variance=-0.6645 kl_approx=8.9689 loss_critic=60798.0039 loss_entropy=0.0033 loss_objective=0.0265 preamble_cbra=9.0000 preamble_cfra=36.0000 preamble_pbra=19.0000 requests_cbra=2445.2615 requests_pbra=2540.2532 success_rate=0.7958 success_total_mean=5997.3188
2025-11-18 16:53:42.132 | INFO     | __main__:_log_metrics:20 - iter=0101 reward=3925.7029 ESS=0.9262 acb_factor_mean=0.4753 clip_fraction=0.0781 collision_rate=0.2668 collision_total_mean=2210.8530 entropy=-0.2718 explained_variance=0.4559 kl_approx=12.4476 loss_critic=41175.5273 loss_entropy=0.0027 loss_objective=0.0407 preamble_cbra=17.0000 preamble_cfra=37.0000 preamble_pbra=10.0000 requests_cbra=2737.9873 requests_pbra=3554.8750 success_rate=0.7332 success_total_mean=6076.8594
2025-11-18 16:53:43.238 | INFO     | __main__:_log_metrics:20 - iter=0102 reward=4916.8896 ESS=0.9230 acb_factor_mean=0.4397 clip_fraction=0.0781 collision_rate=0.1784 collision_total_mean=1357.6910 entropy=-0.1197 explained_variance=-0.2226 kl_approx=5.2326 loss_critic=57471.3789 loss_entropy=0.0012 loss_objective=0.0153 preamble_cbra=7.0000 preamble_cfra=30.0000 preamble_pbra=27.0000 requests_cbra=2508.8674 requests_pbra=2365.4497 success_rate=0.8216 success_total_mean=6254.3442
2025-11-18 16:53:44.390 | INFO     | __main__:_log_metrics:20 - iter=0103 reward=2716.0059 ESS=0.9512 acb_factor_mean=0.5094 clip_fraction=0.0547 collision_rate=0.3259 collision_total_mean=1991.8158 entropy=-0.1416 explained_variance=0.7015 kl_approx=1.7693 loss_critic=36589.3281 loss_entropy=0.0014 loss_objective=-0.0091 preamble_cbra=45.0000 preamble_cfra=16.0000 preamble_pbra=3.0000 requests_cbra=1900.8203 requests_pbra=3608.0698 success_rate=0.6741 success_total_mean=4119.5049
2025-11-18 16:53:45.520 | INFO     | __main__:_log_metrics:20 - iter=0104 reward=4432.4399 ESS=0.9555 acb_factor_mean=0.4499 clip_fraction=0.0703 collision_rate=0.2098 collision_total_mean=1630.8293 entropy=-0.2685 explained_variance=-1.0389 kl_approx=0.3644 loss_critic=67917.5078 loss_entropy=0.0027 loss_objective=-0.0183 preamble_cbra=7.0000 preamble_cfra=31.0000 preamble_pbra=26.0000 requests_cbra=2896.0181 requests_pbra=2683.6416 success_rate=0.7902 success_total_mean=6142.0830
2025-11-18 16:53:46.737 | INFO     | __main__:_log_metrics:20 - iter=0105 reward=3469.5322 ESS=0.9227 acb_factor_mean=0.4670 clip_fraction=0.1172 collision_rate=0.2273 collision_total_mean=1635.7117 entropy=-0.3803 explained_variance=0.3776 kl_approx=5.2926 loss_critic=46794.5312 loss_entropy=0.0038 loss_objective=0.0059 preamble_cbra=22.0000 preamble_cfra=37.0000 preamble_pbra=5.0000 requests_cbra=1952.5962 requests_pbra=3080.3999 success_rate=0.7727 success_total_mean=5560.1240
2025-11-18 16:53:47.928 | INFO     | __main__:_log_metrics:20 - iter=0106 reward=4010.9397 ESS=0.9677 acb_factor_mean=0.4610 clip_fraction=0.0391 collision_rate=0.2285 collision_total_mean=1705.1669 entropy=-0.2350 explained_variance=-0.3683 kl_approx=1.6771 loss_critic=69214.8438 loss_entropy=0.0023 loss_objective=0.0203 preamble_cbra=11.0000 preamble_cfra=31.0000 preamble_pbra=22.0000 requests_cbra=2540.1240 requests_pbra=2719.7256 success_rate=0.7715 success_total_mean=5756.6562
2025-11-18 16:53:49.015 | INFO     | __main__:_log_metrics:20 - iter=0107 reward=3510.8809 ESS=0.8510 acb_factor_mean=0.4775 clip_fraction=0.1641 collision_rate=0.2378 collision_total_mean=1543.8599 entropy=-0.2292 explained_variance=0.6670 kl_approx=22.5608 loss_critic=54616.2344 loss_entropy=0.0023 loss_objective=0.0314 preamble_cbra=28.0000 preamble_cfra=23.0000 preamble_pbra=13.0000 requests_cbra=2116.3076 requests_pbra=2907.6287 success_rate=0.7622 success_total_mean=4949.2129
2025-11-18 16:53:50.102 | INFO     | __main__:_log_metrics:20 - iter=0108 reward=3966.7061 ESS=0.9579 acb_factor_mean=0.4571 clip_fraction=0.0547 collision_rate=0.2301 collision_total_mean=1796.5409 entropy=-0.3669 explained_variance=-1.2504 kl_approx=0.2986 loss_critic=67579.9766 loss_entropy=0.0037 loss_objective=0.0168 preamble_cbra=11.0000 preamble_cfra=37.0000 preamble_pbra=16.0000 requests_cbra=2573.2856 requests_pbra=2977.1462 success_rate=0.7699 success_total_mean=6011.3335
2025-11-18 16:53:51.215 | INFO     | __main__:_log_metrics:20 - iter=0109 reward=2620.3857 ESS=0.8121 acb_factor_mean=0.4860 clip_fraction=0.0859 collision_rate=0.3324 collision_total_mean=2209.1440 entropy=-0.0812 explained_variance=0.5748 kl_approx=7.1085 loss_critic=35944.3672 loss_entropy=0.0008 loss_objective=0.0078 preamble_cbra=40.0000 preamble_cfra=22.0000 preamble_pbra=2.0000 requests_cbra=1986.4333 requests_pbra=3980.7368 success_rate=0.6676 success_total_mean=4437.4038
2025-11-18 16:53:52.328 | INFO     | __main__:_log_metrics:20 - iter=0110 reward=3990.4683 ESS=0.9826 acb_factor_mean=0.4651 clip_fraction=0.0312 collision_rate=0.2474 collision_total_mean=2028.9907 entropy=-0.2512 explained_variance=-0.7111 kl_approx=0.8585 loss_critic=50734.7539 loss_entropy=0.0025 loss_objective=-0.0059 preamble_cbra=11.0000 preamble_cfra=39.0000 preamble_pbra=14.0000 requests_cbra=2636.6553 requests_pbra=3219.6089 success_rate=0.7526 success_total_mean=6171.1772
2025-11-18 16:53:53.466 | INFO     | __main__:_log_metrics:20 - iter=0111 reward=3720.5171 ESS=0.8891 acb_factor_mean=0.5088 clip_fraction=0.0469 collision_rate=0.3065 collision_total_mean=2556.6445 entropy=-0.1429 explained_variance=0.5005 kl_approx=3.3543 loss_critic=38390.0430 loss_entropy=0.0014 loss_objective=0.0067 preamble_cbra=33.0000 preamble_cfra=29.0000 preamble_pbra=2.0000 requests_cbra=2200.7954 requests_pbra=4373.0615 success_rate=0.6935 success_total_mean=5784.2568
2025-11-18 16:53:54.618 | INFO     | __main__:_log_metrics:20 - iter=0112 reward=3778.9407 ESS=0.9381 acb_factor_mean=0.4423 clip_fraction=0.1094 collision_rate=0.2371 collision_total_mean=1897.5828 entropy=-0.2102 explained_variance=-1.8153 kl_approx=1.8259 loss_critic=53336.9297 loss_entropy=0.0021 loss_objective=-0.0121 preamble_cbra=10.0000 preamble_cfra=43.0000 preamble_pbra=10.0000 requests_cbra=2469.4136 requests_pbra=3134.3384 success_rate=0.7629 success_total_mean=6106.8057
2025-11-18 16:53:55.819 | INFO     | __main__:_log_metrics:20 - iter=0113 reward=3521.1943 ESS=0.9530 acb_factor_mean=0.5077 clip_fraction=0.0469 collision_rate=0.2756 collision_total_mean=2132.7751 entropy=-0.0502 explained_variance=0.3518 kl_approx=1.7285 loss_critic=40622.1016 loss_entropy=0.0005 loss_objective=0.0025 preamble_cbra=28.0000 preamble_cfra=33.0000 preamble_pbra=2.0000 requests_cbra=1886.7622 requests_pbra=3770.9338 success_rate=0.7244 success_total_mean=5605.9492
2025-11-18 16:53:57.000 | INFO     | __main__:_log_metrics:20 - iter=0114 reward=4047.3726 ESS=0.8435 acb_factor_mean=0.4756 clip_fraction=0.1484 collision_rate=0.2553 collision_total_mean=2177.7483 entropy=-0.0531 explained_variance=-0.0103 kl_approx=22.4148 loss_critic=51616.3789 loss_entropy=0.0005 loss_objective=0.0025 preamble_cbra=13.0000 preamble_cfra=39.0000 preamble_pbra=11.0000 requests_cbra=2699.6853 requests_pbra=3386.5046 success_rate=0.7447 success_total_mean=6352.6396
2025-11-18 16:53:58.122 | INFO     | __main__:_log_metrics:20 - iter=0115 reward=2914.4451 ESS=0.8645 acb_factor_mean=0.4825 clip_fraction=0.1641 collision_rate=0.2834 collision_total_mean=1874.6106 entropy=-0.2031 explained_variance=0.2083 kl_approx=12.6117 loss_critic=48859.2773 loss_entropy=0.0020 loss_objective=0.0469 preamble_cbra=33.0000 preamble_cfra=27.0000 preamble_pbra=4.0000 requests_cbra=1935.2040 requests_pbra=3710.8130 success_rate=0.7166 success_total_mean=4740.6875
2025-11-18 16:53:59.292 | INFO     | __main__:_log_metrics:20 - iter=0116 reward=3949.0923 ESS=0.9290 acb_factor_mean=0.4991 clip_fraction=0.0781 collision_rate=0.2579 collision_total_mean=2109.1897 entropy=-0.1603 explained_variance=-0.7965 kl_approx=3.6536 loss_critic=49120.6406 loss_entropy=0.0016 loss_objective=0.0123 preamble_cbra=14.0000 preamble_cfra=36.0000 preamble_pbra=14.0000 requests_cbra=2647.9995 requests_pbra=3300.0935 success_rate=0.7421 success_total_mean=6068.1104
2025-11-18 16:54:00.495 | INFO     | __main__:_log_metrics:20 - iter=0117 reward=4668.9805 ESS=0.9350 acb_factor_mean=0.4784 clip_fraction=0.0781 collision_rate=0.2219 collision_total_mean=1783.5015 entropy=0.0047 explained_variance=-0.1516 kl_approx=3.0973 loss_critic=54486.1133 loss_entropy=-0.0000 loss_objective=0.0120 preamble_cbra=18.0000 preamble_cfra=28.0000 preamble_pbra=18.0000 requests_cbra=2606.4902 requests_pbra=3264.2617 success_rate=0.7781 success_total_mean=6252.1387
2025-11-18 16:54:01.627 | INFO     | __main__:_log_metrics:20 - iter=0118 reward=4993.8330 ESS=0.7583 acb_factor_mean=0.4878 clip_fraction=0.1406 collision_rate=0.2045 collision_total_mean=1643.5200 entropy=-0.0926 explained_variance=-0.4375 kl_approx=4.1550 loss_critic=63236.0078 loss_entropy=0.0009 loss_objective=0.0209 preamble_cbra=5.0000 preamble_cfra=27.0000 preamble_pbra=32.0000 requests_cbra=2925.1101 requests_pbra=2547.3533 success_rate=0.7955 success_total_mean=6391.3745
2025-11-18 16:54:02.683 | INFO     | __main__:_log_metrics:20 - iter=0119 reward=4446.7373 ESS=0.9327 acb_factor_mean=0.4712 clip_fraction=0.0781 collision_rate=0.2045 collision_total_mean=1484.0050 entropy=-0.1542 explained_variance=-0.2227 kl_approx=2.0509 loss_critic=61886.3711 loss_entropy=0.0015 loss_objective=0.0163 preamble_cbra=4.0000 preamble_cfra=24.0000 preamble_pbra=37.0000 requests_cbra=2932.8298 requests_pbra=2494.5449 success_rate=0.7955 success_total_mean=5771.9258
2025-11-18 16:54:03.806 | INFO     | __main__:_log_metrics:20 - iter=0120 reward=3962.5183 ESS=0.7969 acb_factor_mean=0.4671 clip_fraction=0.2188 collision_rate=0.2141 collision_total_mean=1572.6118 entropy=-0.2314 explained_variance=-0.6650 kl_approx=31.5297 loss_critic=58727.2539 loss_entropy=0.0023 loss_objective=0.0344 preamble_cbra=7.0000 preamble_cfra=29.0000 preamble_pbra=27.0000 requests_cbra=2641.5349 requests_pbra=2676.3779 success_rate=0.7859 success_total_mean=5774.2471
2025-11-18 16:54:04.986 | INFO     | __main__:_log_metrics:20 - iter=0121 reward=3493.6763 ESS=0.7420 acb_factor_mean=0.4886 clip_fraction=0.1094 collision_rate=0.2689 collision_total_mean=2208.1611 entropy=-0.1181 explained_variance=-0.7953 kl_approx=4.0860 loss_critic=47914.1328 loss_entropy=0.0012 loss_objective=0.0209 preamble_cbra=7.0000 preamble_cfra=43.0000 preamble_pbra=14.0000 requests_cbra=2808.6721 requests_pbra=3141.4253 success_rate=0.7311 success_total_mean=6002.8770
2025-11-18 16:54:06.147 | INFO     | __main__:_log_metrics:20 - iter=0122 reward=4422.3188 ESS=0.9467 acb_factor_mean=0.4713 clip_fraction=0.0781 collision_rate=0.2126 collision_total_mean=1704.5288 entropy=-0.1405 explained_variance=-1.1688 kl_approx=1.6157 loss_critic=56981.2383 loss_entropy=0.0014 loss_objective=0.0047 preamble_cbra=6.0000 preamble_cfra=37.0000 preamble_pbra=21.0000 requests_cbra=2610.8372 requests_pbra=2624.0276 success_rate=0.7874 success_total_mean=6313.5537
2025-11-18 16:54:07.368 | INFO     | __main__:_log_metrics:20 - iter=0123 reward=4047.5154 ESS=0.8947 acb_factor_mean=0.4903 clip_fraction=0.1250 collision_rate=0.2837 collision_total_mean=2626.3799 entropy=-0.0813 explained_variance=-1.2260 kl_approx=9.4724 loss_critic=63300.6250 loss_entropy=0.0008 loss_objective=0.0164 preamble_cbra=12.0000 preamble_cfra=43.0000 preamble_pbra=8.0000 requests_cbra=2898.0740 requests_pbra=3939.7100 success_rate=0.7163 success_total_mean=6630.8584
2025-11-18 16:54:08.648 | INFO     | __main__:_log_metrics:20 - iter=0124 reward=4262.7695 ESS=0.7944 acb_factor_mean=0.4671 clip_fraction=0.2188 collision_rate=0.2200 collision_total_mean=1875.8525 entropy=-0.0463 explained_variance=-0.6950 kl_approx=21.7801 loss_critic=51323.9844 loss_entropy=0.0005 loss_objective=0.0261 preamble_cbra=5.0000 preamble_cfra=45.0000 preamble_pbra=14.0000 requests_cbra=2814.3203 requests_pbra=2902.1575 success_rate=0.7800 success_total_mean=6652.2124
2025-11-18 16:54:10.074 | INFO     | __main__:_log_metrics:20 - iter=0125 reward=2162.0176 ESS=0.9524 acb_factor_mean=0.4890 clip_fraction=0.0547 collision_rate=0.3272 collision_total_mean=2804.8535 entropy=-0.1162 explained_variance=-0.2607 kl_approx=1.8550 loss_critic=41692.6328 loss_entropy=0.0012 loss_objective=0.0135 preamble_cbra=5.0000 preamble_cfra=55.0000 preamble_pbra=4.0000 requests_cbra=2783.5239 requests_pbra=3738.5430 success_rate=0.6728 success_total_mean=5767.4932
2025-11-18 16:54:11.378 | INFO     | __main__:_log_metrics:20 - iter=0126 reward=2932.2754 ESS=0.9216 acb_factor_mean=0.4796 clip_fraction=0.0781 collision_rate=0.2682 collision_total_mean=2179.1790 entropy=-0.1211 explained_variance=-1.1762 kl_approx=2.9212 loss_critic=51488.8438 loss_entropy=0.0012 loss_objective=0.0362 preamble_cbra=5.0000 preamble_cfra=50.0000 preamble_pbra=9.0000 requests_cbra=2709.1797 requests_pbra=3111.5469 success_rate=0.7318 success_total_mean=5945.0674
2025-11-18 16:54:12.867 | INFO     | __main__:_log_metrics:20 - iter=0127 reward=1792.3992 ESS=0.9222 acb_factor_mean=0.5206 clip_fraction=0.0781 collision_rate=0.3411 collision_total_mean=3014.2627 entropy=-0.0865 explained_variance=-0.9890 kl_approx=5.0473 loss_critic=44581.4961 loss_entropy=0.0009 loss_objective=0.0369 preamble_cbra=5.0000 preamble_cfra=56.0000 preamble_pbra=3.0000 requests_cbra=2792.9185 requests_pbra=3811.6843 success_rate=0.6589 success_total_mean=5823.1973
2025-11-18 16:54:14.264 | INFO     | __main__:_log_metrics:20 - iter=0128 reward=2647.2849 ESS=0.9528 acb_factor_mean=0.4868 clip_fraction=0.0547 collision_rate=0.3011 collision_total_mean=2643.8760 entropy=-0.0053 explained_variance=-1.5550 kl_approx=4.4537 loss_critic=51309.1016 loss_entropy=0.0001 loss_objective=0.0126 preamble_cbra=4.0000 preamble_cfra=52.0000 preamble_pbra=8.0000 requests_cbra=3028.4812 requests_pbra=3513.4966 success_rate=0.6989 success_total_mean=6138.0415
2025-11-18 16:54:15.817 | INFO     | __main__:_log_metrics:20 - iter=0129 reward=2370.0540 ESS=0.9387 acb_factor_mean=0.4843 clip_fraction=0.0703 collision_rate=0.3257 collision_total_mean=2937.9565 entropy=-0.0278 explained_variance=-1.0102 kl_approx=1.1106 loss_critic=35124.9258 loss_entropy=0.0003 loss_objective=0.0284 preamble_cbra=4.0000 preamble_cfra=58.0000 preamble_pbra=3.0000 requests_cbra=2999.7014 requests_pbra=3907.7786 success_rate=0.6743 success_total_mean=6081.6650
2025-11-18 16:54:17.208 | INFO     | __main__:_log_metrics:20 - iter=0130 reward=3116.4563 ESS=0.8420 acb_factor_mean=0.4989 clip_fraction=0.1641 collision_rate=0.2853 collision_total_mean=2380.2319 entropy=-0.1035 explained_variance=-2.4764 kl_approx=12.8158 loss_critic=54015.3359 loss_entropy=0.0010 loss_objective=0.0250 preamble_cbra=3.0000 preamble_cfra=47.0000 preamble_pbra=13.0000 requests_cbra=2942.1777 requests_pbra=3058.7041 success_rate=0.7147 success_total_mean=5962.1152
2025-11-18 16:54:18.817 | INFO     | __main__:_log_metrics:20 - iter=0131 reward=2498.4695 ESS=0.9010 acb_factor_mean=0.5215 clip_fraction=0.1016 collision_rate=0.3486 collision_total_mean=3277.1333 entropy=0.0042 explained_variance=-0.6965 kl_approx=7.9252 loss_critic=45918.8984 loss_entropy=-0.0000 loss_objective=0.0283 preamble_cbra=4.0000 preamble_cfra=53.0000 preamble_pbra=7.0000 requests_cbra=3202.7722 requests_pbra=4072.7117 success_rate=0.6514 success_total_mean=6124.3447
2025-11-18 16:54:20.148 | INFO     | __main__:_log_metrics:20 - iter=0132 reward=4730.6484 ESS=0.7477 acb_factor_mean=0.5036 clip_fraction=0.2578 collision_rate=0.2408 collision_total_mean=2130.1367 entropy=-0.0327 explained_variance=-0.6710 kl_approx=83.9485 loss_critic=52056.3164 loss_entropy=0.0003 loss_objective=0.0536 preamble_cbra=2.0000 preamble_cfra=33.0000 preamble_pbra=28.0000 requests_cbra=3134.5244 requests_pbra=2649.2026 success_rate=0.7592 success_total_mean=6717.0566
2025-11-18 16:54:21.689 | INFO     | __main__:_log_metrics:20 - iter=0133 reward=2717.9336 ESS=0.9450 acb_factor_mean=0.4872 clip_fraction=0.0547 collision_rate=0.2955 collision_total_mean=2445.6572 entropy=-0.0348 explained_variance=-0.0240 kl_approx=4.8894 loss_critic=43389.3828 loss_entropy=0.0003 loss_objective=0.0406 preamble_cbra=4.0000 preamble_cfra=49.0000 preamble_pbra=10.0000 requests_cbra=2800.9783 requests_pbra=3133.6895 success_rate=0.7045 success_total_mean=5832.0527
2025-11-18 16:54:23.063 | INFO     | __main__:_log_metrics:20 - iter=0134 reward=3397.2356 ESS=0.7978 acb_factor_mean=0.5097 clip_fraction=0.2031 collision_rate=0.2840 collision_total_mean=2455.1702 entropy=0.0001 explained_variance=-1.1316 kl_approx=30.1196 loss_critic=43100.4727 loss_entropy=-0.0000 loss_objective=0.0274 preamble_cbra=6.0000 preamble_cfra=45.0000 preamble_pbra=13.0000 requests_cbra=2833.3882 requests_pbra=3204.8643 success_rate=0.7160 success_total_mean=6188.8926
2025-11-18 16:54:24.643 | INFO     | __main__:_log_metrics:20 - iter=0135 reward=1780.1887 ESS=0.8189 acb_factor_mean=0.5096 clip_fraction=0.1875 collision_rate=0.3481 collision_total_mean=2975.4248 entropy=-0.0311 explained_variance=-1.2588 kl_approx=50.7926 loss_critic=38694.2422 loss_entropy=0.0003 loss_objective=0.0640 preamble_cbra=6.0000 preamble_cfra=56.0000 preamble_pbra=3.0000 requests_cbra=2752.9573 requests_pbra=3819.8896 success_rate=0.6519 success_total_mean=5571.4321
2025-11-18 16:54:29.249 | INFO     | __main__:<module>:18 - Logger initialized (level=INFO, file=logs/train.log)
2025-11-18 16:54:29.250 | INFO     | __main__:<module>:45 - env_config SatelliteMACEnvConfig(num_slots_per_step=160, decision_horizon=256, history_len=4, simulator_config=MACSimulatorConfig(regions=(RegionTrafficProfile(name='urban', area_weight=0.4, cbra_density=1.2, pbra_density=1.5, handover_intensity=0.8, scheduling_period=160, noise_scale=0.2, cox_intensity_mean=1.6, cox_intensity_variance=0.7, cox_grid=(10, 10), region_bounds=(-2.0, 2.0, -2.0, 2.0), batch_mean=12.0, batch_std=0.6, residence_time_mean=8.0), RegionTrafficProfile(name='suburban', area_weight=0.35, cbra_density=0.8, pbra_density=0.9, handover_intensity=0.5, scheduling_period=200, noise_scale=0.15, cox_intensity_mean=1.2, cox_intensity_variance=0.5, cox_grid=(8, 8), region_bounds=(-1.5, 1.5, -1.5, 1.5), batch_mean=8.0, batch_std=0.5, residence_time_mean=6.0), RegionTrafficProfile(name='rural', area_weight=0.25, cbra_density=0.3, pbra_density=0.4, handover_intensity=0.2, scheduling_period=320, noise_scale=0.1, cox_intensity_mean=0.9, cox_intensity_variance=0.3, cox_grid=(6, 6), region_bounds=(-1.0, 1.0, -1.0, 1.0), batch_mean=4.0, batch_std=0.4, residence_time_mean=4.5)), history_size=10, protocol_count=4, preamble_subset_count=8, total_preambles=64, base_preamble_split=(24, 24, 16), reward_weights={'throughput': 1.0, 'collision': -0.5, 'cfra_mse': -1}, region_transition_matrix=None, coverage_patches=None, coverage_drift_radius=1.0, coverage_cycle_slots=1440.0, coverage_jitter=0.05, coverage_smoothing=0.2, coverage_total_footprint=1.0, backoff_strategy=BackoffStrategyConfig(low=BackoffWindow(min_steps=0, max_steps=4), medium=BackoffWindow(min_steps=1, max_steps=12), high=BackoffWindow(min_steps=6, max_steps=24), collision_threshold_medium=0.05, collision_threshold_high=0.1, max_backlog_steps=48)), preamble_delta_range=3, flatten_observation=True)
2025-11-18 16:54:29.252 | INFO     | __main__:<module>:68 - train_config HPPOConfig(frames_per_batch=4096, mini_batch_size=128, rollout_epochs=4, max_iterations=200, gamma=0.99, gae_lambda=0.95, clip_epsilon=0.2, entropy_coeff=0.01, actor_lr=5e-05, critic_lr=5e-05, device=device(type='cpu'))
2025-11-18 16:54:29.253 | INFO     | __main__:<module>:75 - Config ready | seed=42 frames_per_batch=4096 horizon=256 num_envs=8 backend=parallel parallel=True
2025-11-18 16:54:32.339 | INFO     | __main__:<module>:21 - TorchRL env constructed (observation=torch.Size([8, 72]),  num_envs=8, backend=parallel, parallel=True)
2025-11-18 16:54:32.350 | INFO     | __main__:<module>:22 - Starting notebook PPO run
2025-11-18 16:54:38.519 | INFO     | __main__:_log_metrics:20 - iter=0000 reward=-10963.5352 ESS=0.2791 acb_factor_mean=0.8520 clip_fraction=0.8047 collision_rate=0.8384 collision_total_mean=29582.8633 entropy=-1.4991 explained_variance=0.6210 kl_approx=163.9462 loss_critic=121509.8984 loss_entropy=0.0150 loss_objective=0.0900 preamble_cbra=5.0000 preamble_cfra=48.0000 preamble_pbra=10.0000 requests_cbra=14277.0938 requests_pbra=16675.0117 success_rate=0.1616 success_total_mean=5700.8872
2025-11-18 16:54:44.620 | INFO     | __main__:_log_metrics:20 - iter=0001 reward=-3454.7427 ESS=0.2625 acb_factor_mean=0.8585 clip_fraction=0.8047 collision_rate=0.7263 collision_total_mean=17619.0996 entropy=-0.6111 explained_variance=0.8383 kl_approx=23.4671 loss_critic=45114.2500 loss_entropy=0.0061 loss_objective=0.1365 preamble_cbra=4.0000 preamble_cfra=40.0000 preamble_pbra=20.0000 requests_cbra=13634.1963 requests_pbra=6488.9092 success_rate=0.2737 success_total_mean=6640.2119
2025-11-18 16:54:49.713 | INFO     | __main__:_log_metrics:20 - iter=0002 reward=4234.1880 ESS=0.2931 acb_factor_mean=0.5322 clip_fraction=0.7344 collision_rate=0.2443 collision_total_mean=2030.2612 entropy=-1.7739 explained_variance=-0.5527 kl_approx=75.4131 loss_critic=37389.0430 loss_entropy=0.0177 loss_objective=0.1400 preamble_cbra=9.0000 preamble_cfra=35.0000 preamble_pbra=20.0000 requests_cbra=2884.6409 requests_pbra=2877.9756 success_rate=0.7557 success_total_mean=6281.7803
2025-11-18 16:54:54.198 | INFO     | __main__:_log_metrics:20 - iter=0003 reward=3397.2646 ESS=0.6909 acb_factor_mean=0.5922 clip_fraction=0.3125 collision_rate=0.2457 collision_total_mean=1341.8154 entropy=-0.7285 explained_variance=0.3066 kl_approx=36.2942 loss_critic=30418.8184 loss_entropy=0.0073 loss_objective=0.0294 preamble_cbra=15.0000 preamble_cfra=6.0000 preamble_pbra=42.0000 requests_cbra=2568.4006 requests_pbra=2423.3223 success_rate=0.7543 success_total_mean=4120.3657
2025-11-18 16:54:58.813 | INFO     | __main__:_log_metrics:20 - iter=0004 reward=2694.2898 ESS=0.8443 acb_factor_mean=0.5639 clip_fraction=0.1328 collision_rate=0.2966 collision_total_mean=1477.0540 entropy=-0.6299 explained_variance=0.4884 kl_approx=2.8601 loss_critic=30790.7246 loss_entropy=0.0063 loss_objective=-0.0063 preamble_cbra=10.0000 preamble_cfra=6.0000 preamble_pbra=48.0000 requests_cbra=2800.4695 requests_pbra=2301.0901 success_rate=0.7034 success_total_mean=3502.9868
2025-11-18 16:55:03.336 | INFO     | __main__:_log_metrics:20 - iter=0005 reward=2743.3940 ESS=0.8982 acb_factor_mean=0.5698 clip_fraction=0.1562 collision_rate=0.2707 collision_total_mean=1264.9958 entropy=-0.4362 explained_variance=0.5110 kl_approx=2.1749 loss_critic=34853.7031 loss_entropy=0.0044 loss_objective=0.0086 preamble_cbra=13.0000 preamble_cfra=4.0000 preamble_pbra=47.0000 requests_cbra=2576.3574 requests_pbra=2359.3916 success_rate=0.7293 success_total_mean=3408.1189
2025-11-18 16:55:07.843 | INFO     | __main__:_log_metrics:20 - iter=0006 reward=3003.8201 ESS=0.7190 acb_factor_mean=0.5667 clip_fraction=0.3516 collision_rate=0.2557 collision_total_mean=1260.6335 entropy=-0.5693 explained_variance=0.5041 kl_approx=41.6679 loss_critic=40441.0469 loss_entropy=0.0057 loss_objective=0.0365 preamble_cbra=13.0000 preamble_cfra=5.0000 preamble_pbra=46.0000 requests_cbra=2580.4656 requests_pbra=2296.0857 success_rate=0.7443 success_total_mean=3668.8469
2025-11-18 16:55:12.555 | INFO     | __main__:_log_metrics:20 - iter=0007 reward=3660.1670 ESS=0.7512 acb_factor_mean=0.5931 clip_fraction=0.1953 collision_rate=0.2387 collision_total_mean=1379.2783 entropy=-0.7032 explained_variance=0.1528 kl_approx=5.2183 loss_critic=46841.6016 loss_entropy=0.0070 loss_objective=0.1188 preamble_cbra=14.0000 preamble_cfra=6.0000 preamble_pbra=44.0000 requests_cbra=2633.1887 requests_pbra=2527.7561 success_rate=0.7613 success_total_mean=4398.2910
2025-11-18 16:55:17.188 | INFO     | __main__:_log_metrics:20 - iter=0008 reward=3208.0420 ESS=0.8248 acb_factor_mean=0.5543 clip_fraction=0.2344 collision_rate=0.2667 collision_total_mean=1449.2930 entropy=-0.3556 explained_variance=0.6704 kl_approx=8.2968 loss_critic=32715.7344 loss_entropy=0.0036 loss_objective=0.0637 preamble_cbra=8.0000 preamble_cfra=6.0000 preamble_pbra=50.0000 requests_cbra=2880.7593 requests_pbra=2288.4937 success_rate=0.7333 success_total_mean=3985.8672
2025-11-18 16:55:21.758 | INFO     | __main__:_log_metrics:20 - iter=0009 reward=3049.7974 ESS=0.8388 acb_factor_mean=0.5417 clip_fraction=0.1875 collision_rate=0.2559 collision_total_mean=1290.4771 entropy=-0.0339 explained_variance=0.3212 kl_approx=6.1972 loss_critic=45465.9570 loss_entropy=0.0003 loss_objective=-0.0001 preamble_cbra=9.0000 preamble_cfra=6.0000 preamble_pbra=48.0000 requests_cbra=2667.2471 requests_pbra=2259.3862 success_rate=0.7441 success_total_mean=3752.9380
2025-11-18 16:55:26.486 | INFO     | __main__:_log_metrics:20 - iter=0010 reward=3623.6592 ESS=0.7913 acb_factor_mean=0.5154 clip_fraction=0.2109 collision_rate=0.2576 collision_total_mean=1589.1860 entropy=-0.0694 explained_variance=0.4499 kl_approx=16.2426 loss_critic=45227.2617 loss_entropy=0.0007 loss_objective=0.0307 preamble_cbra=6.0000 preamble_cfra=11.0000 preamble_pbra=47.0000 requests_cbra=3046.2937 requests_pbra=2351.6760 success_rate=0.7424 success_total_mean=4579.8931
2025-11-18 16:55:31.207 | INFO     | __main__:_log_metrics:20 - iter=0011 reward=3423.7820 ESS=0.8705 acb_factor_mean=0.5091 clip_fraction=0.1406 collision_rate=0.2627 collision_total_mean=1568.9922 entropy=-0.0909 explained_variance=0.4840 kl_approx=15.5306 loss_critic=42723.8008 loss_entropy=0.0009 loss_objective=0.0172 preamble_cbra=6.0000 preamble_cfra=12.0000 preamble_pbra=46.0000 requests_cbra=2975.7031 requests_pbra=2403.8447 success_rate=0.7373 success_total_mean=4403.3877
2025-11-18 16:55:36.177 | INFO     | __main__:_log_metrics:20 - iter=0012 reward=4493.5366 ESS=0.8900 acb_factor_mean=0.5201 clip_fraction=0.1328 collision_rate=0.2182 collision_total_mean=1681.6921 entropy=-0.2395 explained_variance=-0.6365 kl_approx=5.6082 loss_critic=71000.9297 loss_entropy=0.0024 loss_objective=0.0623 preamble_cbra=5.0000 preamble_cfra=27.0000 preamble_pbra=31.0000 requests_cbra=2893.2671 requests_pbra=2440.2908 success_rate=0.7818 success_total_mean=6024.8833
2025-11-18 16:55:41.067 | INFO     | __main__:_log_metrics:20 - iter=0013 reward=3849.7925 ESS=0.8979 acb_factor_mean=0.5185 clip_fraction=0.1094 collision_rate=0.2590 collision_total_mean=1749.8541 entropy=-0.0535 explained_variance=0.2930 kl_approx=3.8944 loss_critic=52000.9180 loss_entropy=0.0005 loss_objective=0.0229 preamble_cbra=4.0000 preamble_cfra=16.0000 preamble_pbra=44.0000 requests_cbra=3111.9919 requests_pbra=2345.4646 success_rate=0.7410 success_total_mean=5007.1572
2025-11-18 16:55:46.281 | INFO     | __main__:_log_metrics:20 - iter=0014 reward=4616.1855 ESS=0.9012 acb_factor_mean=0.5214 clip_fraction=0.1016 collision_rate=0.2391 collision_total_mean=1919.1145 entropy=-0.0651 explained_variance=-0.6676 kl_approx=4.6278 loss_critic=65408.1953 loss_entropy=0.0007 loss_objective=0.0168 preamble_cbra=6.0000 preamble_cfra=25.0000 preamble_pbra=34.0000 requests_cbra=3152.0010 requests_pbra=2639.3096 success_rate=0.7609 success_total_mean=6108.7275
2025-11-18 16:55:51.452 | INFO     | __main__:_log_metrics:20 - iter=0015 reward=4143.8433 ESS=0.8388 acb_factor_mean=0.5359 clip_fraction=0.1875 collision_rate=0.2304 collision_total_mean=1785.2086 entropy=-0.2055 explained_variance=-0.2550 kl_approx=15.5734 loss_critic=58901.9219 loss_entropy=0.0021 loss_objective=0.0122 preamble_cbra=7.0000 preamble_cfra=32.0000 preamble_pbra=25.0000 requests_cbra=2764.0669 requests_pbra=2485.8164 success_rate=0.7696 success_total_mean=5962.0059
2025-11-18 16:55:56.708 | INFO     | __main__:_log_metrics:20 - iter=0016 reward=4596.1694 ESS=0.3600 acb_factor_mean=0.5228 clip_fraction=0.6406 collision_rate=0.2158 collision_total_mean=1702.4097 entropy=0.0537 explained_variance=-0.1858 kl_approx=416.8328 loss_critic=58436.4727 loss_entropy=-0.0005 loss_objective=0.0951 preamble_cbra=5.0000 preamble_cfra=29.0000 preamble_pbra=30.0000 requests_cbra=2901.8538 requests_pbra=2536.2415 success_rate=0.7842 success_total_mean=6185.1270
2025-11-18 16:56:01.304 | INFO     | __main__:_log_metrics:20 - iter=0017 reward=2458.8911 ESS=0.8821 acb_factor_mean=0.5122 clip_fraction=0.1250 collision_rate=0.2712 collision_total_mean=1133.4355 entropy=-0.1073 explained_variance=-0.4598 kl_approx=3.9300 loss_critic=40146.8633 loss_entropy=0.0011 loss_objective=0.0251 preamble_cbra=49.0000 preamble_cfra=4.0000 preamble_pbra=11.0000 requests_cbra=1768.0759 requests_pbra=3047.7251 success_rate=0.7288 success_total_mean=3046.2788
2025-11-18 16:56:06.309 | INFO     | __main__:_log_metrics:20 - iter=0018 reward=2204.5745 ESS=0.5976 acb_factor_mean=0.5163 clip_fraction=0.1719 collision_rate=0.3232 collision_total_mean=1400.0742 entropy=-0.0574 explained_variance=-0.2601 kl_approx=8.7370 loss_critic=39148.6328 loss_entropy=0.0006 loss_objective=0.0170 preamble_cbra=52.0000 preamble_cfra=4.0000 preamble_pbra=8.0000 requests_cbra=1793.6094 requests_pbra=3375.4854 success_rate=0.6768 success_total_mean=2931.5610
2025-11-18 16:56:11.026 | INFO     | __main__:_log_metrics:20 - iter=0019 reward=2353.9465 ESS=0.9269 acb_factor_mean=0.5191 clip_fraction=0.0938 collision_rate=0.2837 collision_total_mean=1169.0562 entropy=-0.1483 explained_variance=-0.1183 kl_approx=3.2239 loss_critic=32732.5820 loss_entropy=0.0015 loss_objective=0.0100 preamble_cbra=50.0000 preamble_cfra=3.0000 preamble_pbra=10.0000 requests_cbra=1707.1849 requests_pbra=3029.8584 success_rate=0.7163 success_total_mean=2952.2549
2025-11-18 16:56:15.453 | INFO     | __main__:_log_metrics:20 - iter=0020 reward=2560.3281 ESS=0.9154 acb_factor_mean=0.5200 clip_fraction=0.1016 collision_rate=0.2618 collision_total_mean=1111.5110 entropy=-0.1310 explained_variance=-0.0444 kl_approx=1.8963 loss_critic=36682.1523 loss_entropy=0.0013 loss_objective=0.0179 preamble_cbra=49.0000 preamble_cfra=4.0000 preamble_pbra=11.0000 requests_cbra=1738.2893 requests_pbra=2961.1787 success_rate=0.7382 success_total_mean=3134.8306
2025-11-18 16:56:20.162 | INFO     | __main__:_log_metrics:20 - iter=0021 reward=2346.2139 ESS=0.4165 acb_factor_mean=0.5130 clip_fraction=0.1094 collision_rate=0.2877 collision_total_mean=1198.1157 entropy=-0.0125 explained_variance=-0.4482 kl_approx=1.3483 loss_critic=34149.8477 loss_entropy=0.0001 loss_objective=0.0064 preamble_cbra=51.0000 preamble_cfra=3.0000 preamble_pbra=10.0000 requests_cbra=1712.3309 requests_pbra=3097.7458 success_rate=0.7123 success_total_mean=2966.9211
2025-11-18 16:56:24.761 | INFO     | __main__:_log_metrics:20 - iter=0022 reward=2650.3560 ESS=0.6629 acb_factor_mean=0.5053 clip_fraction=0.0781 collision_rate=0.2484 collision_total_mean=1069.7549 entropy=0.0090 explained_variance=-0.2383 kl_approx=1.2307 loss_critic=36616.0117 loss_entropy=-0.0001 loss_objective=0.0269 preamble_cbra=49.0000 preamble_cfra=5.0000 preamble_pbra=10.0000 requests_cbra=1678.5682 requests_pbra=2948.3872 success_rate=0.7516 success_total_mean=3236.4209
2025-11-18 16:56:38.518 | INFO     | __main__:_log_metrics:20 - iter=0023 reward=2870.2397 ESS=0.9422 acb_factor_mean=0.5064 clip_fraction=0.0781 collision_rate=0.2307 collision_total_mean=1019.9481 entropy=0.0044 explained_variance=0.0138 kl_approx=3.0766 loss_critic=38452.1875 loss_entropy=-0.0000 loss_objective=0.0194 preamble_cbra=49.0000 preamble_cfra=4.0000 preamble_pbra=11.0000 requests_cbra=1814.5178 requests_pbra=3038.9587 success_rate=0.7693 success_total_mean=3401.7886
2025-11-18 16:56:42.705 | INFO     | __main__:_log_metrics:20 - iter=0024 reward=2742.3516 ESS=0.9364 acb_factor_mean=0.5020 clip_fraction=0.0781 collision_rate=0.2238 collision_total_mean=933.5131 entropy=-0.0305 explained_variance=-0.8122 kl_approx=3.6621 loss_critic=41426.4258 loss_entropy=0.0003 loss_objective=0.0064 preamble_cbra=47.0000 preamble_cfra=4.0000 preamble_pbra=13.0000 requests_cbra=1721.9863 requests_pbra=2843.7812 success_rate=0.7762 success_total_mean=3237.1172
2025-11-18 16:56:47.014 | INFO     | __main__:_log_metrics:20 - iter=0025 reward=2640.0166 ESS=0.9696 acb_factor_mean=0.4941 clip_fraction=0.0312 collision_rate=0.2313 collision_total_mean=941.8777 entropy=0.0021 explained_variance=-1.2647 kl_approx=0.5907 loss_critic=43367.2656 loss_entropy=-0.0000 loss_objective=-0.0005 preamble_cbra=48.0000 preamble_cfra=4.0000 preamble_pbra=12.0000 requests_cbra=1820.2723 requests_pbra=2972.0693 success_rate=0.7687 success_total_mean=3129.3625
2025-11-18 16:56:51.511 | INFO     | __main__:_log_metrics:20 - iter=0026 reward=2698.4985 ESS=0.8942 acb_factor_mean=0.4991 clip_fraction=0.0469 collision_rate=0.2253 collision_total_mean=923.8130 entropy=0.0314 explained_variance=-0.3886 kl_approx=0.9092 loss_critic=34639.5898 loss_entropy=-0.0003 loss_objective=0.0142 preamble_cbra=47.0000 preamble_cfra=3.0000 preamble_pbra=13.0000 requests_cbra=1828.4474 requests_pbra=2961.5903 success_rate=0.7747 success_total_mean=3175.6711
2025-11-18 16:56:55.993 | INFO     | __main__:_log_metrics:20 - iter=0027 reward=2742.7356 ESS=0.9458 acb_factor_mean=0.5012 clip_fraction=0.0547 collision_rate=0.2196 collision_total_mean=905.7586 entropy=0.0095 explained_variance=-0.1270 kl_approx=1.9658 loss_critic=34113.1406 loss_entropy=-0.0001 loss_objective=-0.0047 preamble_cbra=47.0000 preamble_cfra=4.0000 preamble_pbra=13.0000 requests_cbra=1791.4166 requests_pbra=2900.4919 success_rate=0.7804 success_total_mean=3218.9253
2025-11-18 16:57:00.575 | INFO     | __main__:_log_metrics:20 - iter=0028 reward=2916.5796 ESS=0.6933 acb_factor_mean=0.4974 clip_fraction=0.1094 collision_rate=0.1892 collision_total_mean=777.6160 entropy=0.0037 explained_variance=-0.3821 kl_approx=7.8804 loss_critic=44165.5781 loss_entropy=-0.0000 loss_objective=0.0325 preamble_cbra=45.0000 preamble_cfra=4.0000 preamble_pbra=15.0000 requests_cbra=1768.6692 requests_pbra=2764.3167 success_rate=0.8108 success_total_mean=3332.4446
2025-11-18 16:57:05.196 | INFO     | __main__:_log_metrics:20 - iter=0029 reward=3052.6514 ESS=0.9220 acb_factor_mean=0.5022 clip_fraction=0.0781 collision_rate=0.1889 collision_total_mean=811.8056 entropy=0.0319 explained_variance=-0.6162 kl_approx=1.0543 loss_critic=41184.5391 loss_entropy=-0.0003 loss_objective=0.0050 preamble_cbra=47.0000 preamble_cfra=5.0000 preamble_pbra=13.0000 requests_cbra=1700.1675 requests_pbra=2719.5100 success_rate=0.8111 success_total_mean=3486.3340
2025-11-18 16:57:09.579 | INFO     | __main__:_log_metrics:20 - iter=0030 reward=3161.7961 ESS=0.9446 acb_factor_mean=0.4994 clip_fraction=0.0625 collision_rate=0.1817 collision_total_mean=797.5784 entropy=0.0007 explained_variance=-0.3470 kl_approx=2.2744 loss_critic=40414.3867 loss_entropy=-0.0000 loss_objective=0.0137 preamble_cbra=43.0000 preamble_cfra=5.0000 preamble_pbra=16.0000 requests_cbra=1827.3621 requests_pbra=2816.8213 success_rate=0.8183 success_total_mean=3591.8887
2025-11-18 16:57:14.059 | INFO     | __main__:_log_metrics:20 - iter=0031 reward=3123.2837 ESS=0.9471 acb_factor_mean=0.5055 clip_fraction=0.0625 collision_rate=0.1993 collision_total_mean=895.6648 entropy=-0.0111 explained_variance=-1.2014 kl_approx=0.5062 loss_critic=52043.1641 loss_entropy=0.0001 loss_objective=0.0286 preamble_cbra=44.0000 preamble_cfra=4.0000 preamble_pbra=16.0000 requests_cbra=1878.2097 requests_pbra=2903.3123 success_rate=0.8007 success_total_mean=3598.3022
2025-11-18 16:57:24.547 | INFO     | __main__:_log_metrics:20 - iter=0032 reward=3172.4348 ESS=0.9246 acb_factor_mean=0.5004 clip_fraction=0.0859 collision_rate=0.1691 collision_total_mean=723.7014 entropy=-0.0714 explained_variance=-0.4472 kl_approx=1.0088 loss_critic=44206.7188 loss_entropy=0.0007 loss_objective=0.0307 preamble_cbra=43.0000 preamble_cfra=4.0000 preamble_pbra=17.0000 requests_cbra=1779.3998 requests_pbra=2657.7251 success_rate=0.8309 success_total_mean=3557.1904
2025-11-18 16:57:38.214 | INFO     | __main__:_log_metrics:20 - iter=0033 reward=3389.1213 ESS=0.9293 acb_factor_mean=0.5053 clip_fraction=0.0781 collision_rate=0.1651 collision_total_mean=749.0708 entropy=-0.0220 explained_variance=-1.1067 kl_approx=2.9090 loss_critic=45164.4297 loss_entropy=0.0002 loss_objective=0.0027 preamble_cbra=42.0000 preamble_cfra=5.0000 preamble_pbra=18.0000 requests_cbra=1876.0601 requests_pbra=2824.4619 success_rate=0.8349 success_total_mean=3788.8140
2025-11-18 16:57:52.431 | INFO     | __main__:_log_metrics:20 - iter=0034 reward=3050.6401 ESS=0.8631 acb_factor_mean=0.5004 clip_fraction=0.0859 collision_rate=0.1860 collision_total_mean=795.5220 entropy=-0.0080 explained_variance=-0.1507 kl_approx=1.0128 loss_critic=43691.7188 loss_entropy=0.0001 loss_objective=0.0127 preamble_cbra=43.0000 preamble_cfra=5.0000 preamble_pbra=16.0000 requests_cbra=1756.6394 requests_pbra=2724.8328 success_rate=0.8140 success_total_mean=3482.0730
2025-11-18 16:58:06.710 | INFO     | __main__:_log_metrics:20 - iter=0035 reward=3025.8457 ESS=0.9458 acb_factor_mean=0.5036 clip_fraction=0.0547 collision_rate=0.2067 collision_total_mean=913.5950 entropy=0.0054 explained_variance=-0.6726 kl_approx=1.2549 loss_critic=43146.9531 loss_entropy=-0.0001 loss_objective=0.0198 preamble_cbra=44.0000 preamble_cfra=4.0000 preamble_pbra=15.0000 requests_cbra=1874.9954 requests_pbra=2938.1975 success_rate=0.7933 success_total_mean=3506.2778
2025-11-18 16:58:20.756 | INFO     | __main__:_log_metrics:20 - iter=0036 reward=3080.9302 ESS=0.9330 acb_factor_mean=0.4970 clip_fraction=0.0703 collision_rate=0.1967 collision_total_mean=866.8213 entropy=0.0044 explained_variance=-0.3671 kl_approx=2.0125 loss_critic=38581.4961 loss_entropy=-0.0000 loss_objective=0.0065 preamble_cbra=45.0000 preamble_cfra=4.0000 preamble_pbra=14.0000 requests_cbra=1816.0859 requests_pbra=2870.1162 success_rate=0.8033 success_total_mean=3539.8354
2025-11-18 16:58:35.135 | INFO     | __main__:_log_metrics:20 - iter=0037 reward=3139.8594 ESS=0.8583 acb_factor_mean=0.5048 clip_fraction=0.1484 collision_rate=0.2004 collision_total_mean=910.2689 entropy=0.0037 explained_variance=0.0402 kl_approx=24.9065 loss_critic=36687.1523 loss_entropy=-0.0000 loss_objective=0.0396 preamble_cbra=45.0000 preamble_cfra=5.0000 preamble_pbra=14.0000 requests_cbra=1817.3202 requests_pbra=2871.9885 success_rate=0.7996 success_total_mean=3631.8618
2025-11-18 16:58:48.880 | INFO     | __main__:_log_metrics:20 - iter=0038 reward=3098.0979 ESS=0.9457 acb_factor_mean=0.5008 clip_fraction=0.0547 collision_rate=0.1837 collision_total_mean=793.5038 entropy=0.0051 explained_variance=-0.7107 kl_approx=3.9689 loss_critic=47759.0117 loss_entropy=-0.0001 loss_objective=-0.0008 preamble_cbra=44.0000 preamble_cfra=5.0000 preamble_pbra=15.0000 requests_cbra=1741.0928 requests_pbra=2726.4460 success_rate=0.8163 success_total_mean=3526.1458
2025-11-18 16:59:02.892 | INFO     | __main__:_log_metrics:20 - iter=0039 reward=2885.4785 ESS=0.8937 acb_factor_mean=0.4979 clip_fraction=0.1094 collision_rate=0.1897 collision_total_mean=770.1155 entropy=0.0302 explained_variance=-0.6263 kl_approx=4.0118 loss_critic=39961.4727 loss_entropy=-0.0003 loss_objective=0.0091 preamble_cbra=45.0000 preamble_cfra=4.0000 preamble_pbra=15.0000 requests_cbra=1794.0376 requests_pbra=2756.2407 success_rate=0.8103 success_total_mean=3289.4148
2025-11-18 16:59:16.334 | INFO     | __main__:_log_metrics:20 - iter=0040 reward=3031.1492 ESS=0.9525 acb_factor_mean=0.4960 clip_fraction=0.0234 collision_rate=0.1877 collision_total_mean=798.7812 entropy=0.0336 explained_variance=-0.5499 kl_approx=0.2684 loss_critic=42718.1875 loss_entropy=-0.0003 loss_objective=0.0067 preamble_cbra=44.0000 preamble_cfra=4.0000 preamble_pbra=16.0000 requests_cbra=1822.5767 requests_pbra=2747.6064 success_rate=0.8123 success_total_mean=3456.9182
2025-11-18 16:59:30.296 | INFO     | __main__:_log_metrics:20 - iter=0041 reward=3087.3000 ESS=0.8626 acb_factor_mean=0.5013 clip_fraction=0.1406 collision_rate=0.1748 collision_total_mean=738.0648 entropy=0.0281 explained_variance=0.1735 kl_approx=8.5235 loss_critic=38812.2969 loss_entropy=-0.0003 loss_objective=0.0093 preamble_cbra=42.0000 preamble_cfra=4.0000 preamble_pbra=17.0000 requests_cbra=1790.0326 requests_pbra=2673.4705 success_rate=0.8252 success_total_mean=3483.6021
2025-11-18 16:59:44.110 | INFO     | __main__:_log_metrics:20 - iter=0042 reward=3237.7515 ESS=0.8640 acb_factor_mean=0.4993 clip_fraction=0.0703 collision_rate=0.1738 collision_total_mean=768.2925 entropy=0.0164 explained_variance=-0.4986 kl_approx=1.4293 loss_critic=42600.9023 loss_entropy=-0.0002 loss_objective=0.0030 preamble_cbra=45.0000 preamble_cfra=5.0000 preamble_pbra=15.0000 requests_cbra=1787.6692 requests_pbra=2764.7471 success_rate=0.8262 success_total_mean=3652.2139
2025-11-18 16:59:57.948 | INFO     | __main__:_log_metrics:20 - iter=0043 reward=3500.6702 ESS=0.8919 acb_factor_mean=0.5056 clip_fraction=0.1094 collision_rate=0.1796 collision_total_mean=870.4238 entropy=0.0024 explained_variance=-1.8481 kl_approx=32.0695 loss_critic=48691.2617 loss_entropy=-0.0000 loss_objective=0.0413 preamble_cbra=43.0000 preamble_cfra=5.0000 preamble_pbra=16.0000 requests_cbra=1856.3391 requests_pbra=2867.9597 success_rate=0.8204 success_total_mean=3975.1812
2025-11-18 17:00:11.325 | INFO     | __main__:_log_metrics:20 - iter=0044 reward=3778.3501 ESS=0.9610 acb_factor_mean=0.4995 clip_fraction=0.0391 collision_rate=0.1506 collision_total_mean=747.9111 entropy=0.0024 explained_variance=-0.7281 kl_approx=1.1272 loss_critic=56021.5977 loss_entropy=-0.0000 loss_objective=0.0088 preamble_cbra=41.0000 preamble_cfra=7.0000 preamble_pbra=16.0000 requests_cbra=1755.2135 requests_pbra=2713.9248 success_rate=0.8494 success_total_mean=4217.2280
2025-11-18 17:00:25.108 | INFO     | __main__:_log_metrics:20 - iter=0045 reward=4078.6758 ESS=0.9076 acb_factor_mean=0.4954 clip_fraction=0.0938 collision_rate=0.1400 collision_total_mean=736.8867 entropy=0.0313 explained_variance=-1.2412 kl_approx=5.1335 loss_critic=59591.1875 loss_entropy=-0.0003 loss_objective=0.0265 preamble_cbra=40.0000 preamble_cfra=8.0000 preamble_pbra=16.0000 requests_cbra=1779.4330 requests_pbra=2684.4209 success_rate=0.8600 success_total_mean=4526.9707
2025-11-18 17:00:39.104 | INFO     | __main__:_log_metrics:20 - iter=0046 reward=4049.7764 ESS=0.9135 acb_factor_mean=0.4962 clip_fraction=0.0938 collision_rate=0.1731 collision_total_mean=965.9695 entropy=0.0001 explained_variance=-0.8861 kl_approx=12.7246 loss_critic=56478.3359 loss_entropy=-0.0000 loss_objective=0.0034 preamble_cbra=43.0000 preamble_cfra=9.0000 preamble_pbra=13.0000 requests_cbra=1837.4253 requests_pbra=2969.4451 success_rate=0.8269 success_total_mean=4615.9980
2025-11-18 17:00:53.773 | INFO     | __main__:_log_metrics:20 - iter=0047 reward=3804.1357 ESS=0.9300 acb_factor_mean=0.5020 clip_fraction=0.0703 collision_rate=0.1859 collision_total_mean=995.8350 entropy=0.0327 explained_variance=-0.4065 kl_approx=2.8264 loss_critic=53192.6875 loss_entropy=-0.0003 loss_objective=0.0171 preamble_cbra=44.0000 preamble_cfra=7.0000 preamble_pbra=13.0000 requests_cbra=1836.0339 requests_pbra=3002.7939 success_rate=0.8141 success_total_mean=4360.4209
2025-11-18 17:01:08.101 | INFO     | __main__:_log_metrics:20 - iter=0048 reward=4231.6230 ESS=0.9300 acb_factor_mean=0.5010 clip_fraction=0.0781 collision_rate=0.1764 collision_total_mean=1039.2087 entropy=-0.0025 explained_variance=-1.4528 kl_approx=3.1288 loss_critic=64434.7383 loss_entropy=0.0000 loss_objective=0.0108 preamble_cbra=42.0000 preamble_cfra=9.0000 preamble_pbra=13.0000 requests_cbra=1906.3126 requests_pbra=3089.8013 success_rate=0.8236 success_total_mean=4850.6831
2025-11-18 17:01:22.002 | INFO     | __main__:_log_metrics:20 - iter=0049 reward=4120.6919 ESS=0.7853 acb_factor_mean=0.5078 clip_fraction=0.2188 collision_rate=0.1924 collision_total_mean=1139.3029 entropy=0.0086 explained_variance=-0.3781 kl_approx=15.7195 loss_critic=60338.2500 loss_entropy=-0.0001 loss_objective=0.0348 preamble_cbra=44.0000 preamble_cfra=9.0000 preamble_pbra=11.0000 requests_cbra=1851.3503 requests_pbra=3180.5618 success_rate=0.8076 success_total_mean=4781.7080
2025-11-18 17:01:36.557 | INFO     | __main__:_log_metrics:20 - iter=0050 reward=4625.9229 ESS=0.8828 acb_factor_mean=0.5007 clip_fraction=0.1172 collision_rate=0.1656 collision_total_mean=1058.2959 entropy=-0.0281 explained_variance=-0.4398 kl_approx=16.4520 loss_critic=58182.9453 loss_entropy=0.0003 loss_objective=0.0188 preamble_cbra=40.0000 preamble_cfra=13.0000 preamble_pbra=11.0000 requests_cbra=1781.7263 requests_pbra=2964.7930 success_rate=0.8344 success_total_mean=5333.9229
2025-11-18 17:01:52.632 | INFO     | __main__:_log_metrics:20 - iter=0051 reward=5093.6797 ESS=0.8988 acb_factor_mean=0.5117 clip_fraction=0.1016 collision_rate=0.1675 collision_total_mean=1309.5950 entropy=0.0507 explained_variance=-2.3912 kl_approx=10.2669 loss_critic=68997.6797 loss_entropy=-0.0005 loss_objective=0.0121 preamble_cbra=22.0000 preamble_cfra=30.0000 preamble_pbra=12.0000 requests_cbra=2086.1868 requests_pbra=2866.0991 success_rate=0.8325 success_total_mean=6508.6616
2025-11-18 17:02:08.656 | INFO     | __main__:_log_metrics:20 - iter=0052 reward=5475.0767 ESS=0.8675 acb_factor_mean=0.5043 clip_fraction=0.1328 collision_rate=0.1655 collision_total_mean=1341.6184 entropy=-0.0617 explained_variance=-1.0043 kl_approx=40.8218 loss_critic=78011.1719 loss_entropy=0.0006 loss_objective=0.0561 preamble_cbra=22.0000 preamble_cfra=27.0000 preamble_pbra=14.0000 requests_cbra=2225.6685 requests_pbra=2965.3359 success_rate=0.8345 success_total_mean=6765.7715
2025-11-18 17:02:24.389 | INFO     | __main__:_log_metrics:20 - iter=0053 reward=5220.0889 ESS=0.9449 acb_factor_mean=0.4984 clip_fraction=0.0625 collision_rate=0.1622 collision_total_mean=1252.8765 entropy=-0.0246 explained_variance=-0.6638 kl_approx=10.5968 loss_critic=69635.1094 loss_entropy=0.0002 loss_objective=0.0022 preamble_cbra=17.0000 preamble_cfra=28.0000 preamble_pbra=19.0000 requests_cbra=2350.9893 requests_pbra=2650.0342 success_rate=0.8378 success_total_mean=6470.3047
2025-11-18 17:02:40.118 | INFO     | __main__:_log_metrics:20 - iter=0054 reward=5234.4170 ESS=0.9340 acb_factor_mean=0.5022 clip_fraction=0.0703 collision_rate=0.1691 collision_total_mean=1304.8788 entropy=-0.0198 explained_variance=-0.6883 kl_approx=5.3809 loss_critic=74218.6875 loss_entropy=0.0002 loss_objective=0.0372 preamble_cbra=21.0000 preamble_cfra=25.0000 preamble_pbra=17.0000 requests_cbra=2299.7422 requests_pbra=2745.4270 success_rate=0.8309 success_total_mean=6413.8223
2025-11-18 17:02:55.376 | INFO     | __main__:_log_metrics:20 - iter=0055 reward=4717.4058 ESS=0.8756 acb_factor_mean=0.5050 clip_fraction=0.1250 collision_rate=0.1962 collision_total_mean=1451.9036 entropy=0.0024 explained_variance=-0.2490 kl_approx=14.9825 loss_critic=68176.1953 loss_entropy=-0.0000 loss_objective=0.0198 preamble_cbra=11.0000 preamble_cfra=23.0000 preamble_pbra=31.0000 requests_cbra=2717.9604 requests_pbra=2498.2063 success_rate=0.8038 success_total_mean=5946.6230
2025-11-18 17:03:10.991 | INFO     | __main__:_log_metrics:20 - iter=0056 reward=5303.6543 ESS=0.9409 acb_factor_mean=0.5037 clip_fraction=0.0625 collision_rate=0.1750 collision_total_mean=1362.7343 entropy=0.0295 explained_variance=-0.6894 kl_approx=3.3021 loss_critic=71583.0625 loss_entropy=-0.0003 loss_objective=-0.0101 preamble_cbra=18.0000 preamble_cfra=23.0000 preamble_pbra=23.0000 requests_cbra=2582.3340 requests_pbra=2857.8730 success_rate=0.8250 success_total_mean=6424.0112
2025-11-18 17:03:26.692 | INFO     | __main__:_log_metrics:20 - iter=0057 reward=5236.4795 ESS=0.9512 acb_factor_mean=0.5004 clip_fraction=0.0547 collision_rate=0.1704 collision_total_mean=1324.4490 entropy=0.0058 explained_variance=-0.5811 kl_approx=4.5753 loss_critic=73344.0156 loss_entropy=-0.0001 loss_objective=-0.0108 preamble_cbra=16.0000 preamble_cfra=26.0000 preamble_pbra=22.0000 requests_cbra=2405.5466 requests_pbra=2653.1924 success_rate=0.8296 success_total_mean=6448.4434
2025-11-18 17:03:42.674 | INFO     | __main__:_log_metrics:20 - iter=0058 reward=5058.4517 ESS=0.9143 acb_factor_mean=0.5004 clip_fraction=0.0859 collision_rate=0.1727 collision_total_mean=1366.7771 entropy=0.0006 explained_variance=-0.5013 kl_approx=6.5782 loss_critic=75681.6641 loss_entropy=-0.0000 loss_objective=0.0231 preamble_cbra=12.0000 preamble_cfra=32.0000 preamble_pbra=20.0000 requests_cbra=2405.9570 requests_pbra=2581.7458 success_rate=0.8273 success_total_mean=6548.3389
2025-11-18 17:03:57.841 | INFO     | __main__:_log_metrics:20 - iter=0059 reward=5064.4028 ESS=0.9238 acb_factor_mean=0.5044 clip_fraction=0.0781 collision_rate=0.1604 collision_total_mean=1145.9200 entropy=0.0031 explained_variance=-0.8769 kl_approx=9.8144 loss_critic=71962.7422 loss_entropy=-0.0000 loss_objective=0.0144 preamble_cbra=27.0000 preamble_cfra=20.0000 preamble_pbra=17.0000 requests_cbra=2092.9985 requests_pbra=2707.1106 success_rate=0.8396 success_total_mean=6000.4253
2025-11-18 17:04:13.467 | INFO     | __main__:_log_metrics:20 - iter=0060 reward=5001.1055 ESS=0.8831 acb_factor_mean=0.4973 clip_fraction=0.1172 collision_rate=0.1804 collision_total_mean=1432.1141 entropy=0.0349 explained_variance=-1.6364 kl_approx=12.8690 loss_critic=78652.3594 loss_entropy=-0.0003 loss_objective=0.0096 preamble_cbra=15.0000 preamble_cfra=30.0000 preamble_pbra=19.0000 requests_cbra=2508.5244 requests_pbra=2751.6836 success_rate=0.8196 success_total_mean=6504.9282
2025-11-18 17:04:30.632 | INFO     | __main__:_log_metrics:20 - iter=0061 reward=4337.9761 ESS=0.8718 acb_factor_mean=0.4976 clip_fraction=0.1328 collision_rate=0.2199 collision_total_mean=1777.1925 entropy=0.0015 explained_variance=-1.2276 kl_approx=17.4383 loss_critic=71247.2422 loss_entropy=-0.0000 loss_objective=0.0273 preamble_cbra=6.0000 preamble_cfra=36.0000 preamble_pbra=22.0000 requests_cbra=2895.1836 requests_pbra=2682.9155 success_rate=0.7801 success_total_mean=6302.8877
2025-11-18 17:04:47.082 | INFO     | __main__:_log_metrics:20 - iter=0062 reward=4537.1670 ESS=0.9185 acb_factor_mean=0.4998 clip_fraction=0.0938 collision_rate=0.2007 collision_total_mean=1580.4125 entropy=0.0007 explained_variance=-1.6404 kl_approx=8.8029 loss_critic=73867.5469 loss_entropy=-0.0000 loss_objective=0.0051 preamble_cbra=6.0000 preamble_cfra=34.0000 preamble_pbra=24.0000 requests_cbra=2740.7913 requests_pbra=2404.9626 success_rate=0.7993 success_total_mean=6294.7666
2025-11-18 17:05:06.525 | INFO     | __main__:_log_metrics:20 - iter=0063 reward=4610.6465 ESS=0.9219 acb_factor_mean=0.5013 clip_fraction=0.0781 collision_rate=0.2183 collision_total_mean=1722.9792 entropy=0.0248 explained_variance=-0.9098 kl_approx=12.2327 loss_critic=76706.4219 loss_entropy=-0.0002 loss_objective=0.0277 preamble_cbra=6.0000 preamble_cfra=29.0000 preamble_pbra=29.0000 requests_cbra=2964.0784 requests_pbra=2591.1426 success_rate=0.7817 success_total_mean=6170.2305
2025-11-18 17:05:21.054 | INFO     | __main__:_log_metrics:20 - iter=0064 reward=4629.3154 ESS=0.9451 acb_factor_mean=0.4896 clip_fraction=0.0547 collision_rate=0.2146 collision_total_mean=1781.2410 entropy=0.0556 explained_variance=-1.4154 kl_approx=13.9113 loss_critic=63228.4180 loss_entropy=-0.0006 loss_objective=0.0017 preamble_cbra=6.0000 preamble_cfra=36.0000 preamble_pbra=22.0000 requests_cbra=2925.5469 requests_pbra=2701.8594 success_rate=0.7854 success_total_mean=6517.2485
2025-11-18 17:05:26.004 | INFO     | __main__:_log_metrics:20 - iter=0065 reward=4143.6841 ESS=0.9634 acb_factor_mean=0.5019 clip_fraction=0.0469 collision_rate=0.2306 collision_total_mean=1899.4211 entropy=0.0043 explained_variance=-2.9060 kl_approx=2.0898 loss_critic=67651.8125 loss_entropy=-0.0000 loss_objective=0.0256 preamble_cbra=7.0000 preamble_cfra=41.0000 preamble_pbra=16.0000 requests_cbra=2807.6562 requests_pbra=2695.6753 success_rate=0.7694 success_total_mean=6335.8892
2025-11-18 17:05:31.020 | INFO     | __main__:_log_metrics:20 - iter=0066 reward=4077.1460 ESS=0.9473 acb_factor_mean=0.4971 clip_fraction=0.0547 collision_rate=0.2206 collision_total_mean=1775.4583 entropy=0.0058 explained_variance=-1.3707 kl_approx=6.1772 loss_critic=65768.7188 loss_entropy=-0.0001 loss_objective=0.0130 preamble_cbra=8.0000 preamble_cfra=42.0000 preamble_pbra=15.0000 requests_cbra=2703.3882 requests_pbra=2730.8865 success_rate=0.7794 success_total_mean=6273.0200
2025-11-18 17:05:36.086 | INFO     | __main__:_log_metrics:20 - iter=0067 reward=4399.7354 ESS=0.9349 acb_factor_mean=0.4990 clip_fraction=0.0703 collision_rate=0.2129 collision_total_mean=1755.1389 entropy=0.0260 explained_variance=-0.7723 kl_approx=5.9156 loss_critic=60541.5938 loss_entropy=-0.0003 loss_objective=0.0436 preamble_cbra=9.0000 preamble_cfra=39.0000 preamble_pbra=15.0000 requests_cbra=2714.3804 requests_pbra=2827.6682 success_rate=0.7871 success_total_mean=6487.0811
2025-11-18 17:05:44.994 | INFO     | __main__:_log_metrics:20 - iter=0068 reward=4238.2949 ESS=0.9609 acb_factor_mean=0.5076 clip_fraction=0.0391 collision_rate=0.2366 collision_total_mean=1972.9055 entropy=0.0276 explained_variance=-1.0318 kl_approx=3.1617 loss_critic=66477.9531 loss_entropy=-0.0003 loss_objective=0.0068 preamble_cbra=7.0000 preamble_cfra=39.0000 preamble_pbra=18.0000 requests_cbra=2907.1318 requests_pbra=2802.6106 success_rate=0.7634 success_total_mean=6364.9600
2025-11-18 17:06:01.395 | INFO     | __main__:_log_metrics:20 - iter=0069 reward=4598.8511 ESS=0.9609 acb_factor_mean=0.4906 clip_fraction=0.0391 collision_rate=0.2057 collision_total_mean=1700.9136 entropy=0.0008 explained_variance=-1.6467 kl_approx=4.4443 loss_critic=68132.5703 loss_entropy=-0.0000 loss_objective=-0.0003 preamble_cbra=8.0000 preamble_cfra=39.0000 preamble_pbra=17.0000 requests_cbra=2732.3213 requests_pbra=2739.6436 success_rate=0.7943 success_total_mean=6569.1851
2025-11-18 17:06:17.123 | INFO     | __main__:_log_metrics:20 - iter=0070 reward=4623.5869 ESS=0.9588 acb_factor_mean=0.4982 clip_fraction=0.0469 collision_rate=0.2056 collision_total_mean=1663.6575 entropy=0.0007 explained_variance=-0.4376 kl_approx=2.4903 loss_critic=58025.6250 loss_entropy=-0.0000 loss_objective=-0.0027 preamble_cbra=11.0000 preamble_cfra=35.0000 preamble_pbra=18.0000 requests_cbra=2639.6460 requests_pbra=2784.2163 success_rate=0.7944 success_total_mean=6429.2871
2025-11-18 17:06:25.791 | INFO     | __main__:_log_metrics:20 - iter=0071 reward=4865.8452 ESS=0.9453 acb_factor_mean=0.5011 clip_fraction=0.0547 collision_rate=0.1968 collision_total_mean=1563.5149 entropy=0.0000 explained_variance=-0.4632 kl_approx=3.8514 loss_critic=66525.7422 loss_entropy=-0.0000 loss_objective=0.0144 preamble_cbra=16.0000 preamble_cfra=29.0000 preamble_pbra=19.0000 requests_cbra=2539.2175 requests_pbra=2892.2954 success_rate=0.8032 success_total_mean=6382.6206
2025-11-18 17:06:30.328 | INFO     | __main__:_log_metrics:20 - iter=0072 reward=4899.6909 ESS=0.9473 acb_factor_mean=0.5010 clip_fraction=0.0625 collision_rate=0.1929 collision_total_mean=1514.5139 entropy=0.0104 explained_variance=-0.7992 kl_approx=5.5278 loss_critic=65464.8438 loss_entropy=-0.0001 loss_objective=0.0069 preamble_cbra=18.0000 preamble_cfra=28.0000 preamble_pbra=18.0000 requests_cbra=2507.8955 requests_pbra=2740.1316 success_rate=0.8071 success_total_mean=6336.0791
2025-11-18 17:06:35.089 | INFO     | __main__:_log_metrics:20 - iter=0073 reward=4529.8101 ESS=0.8998 acb_factor_mean=0.4966 clip_fraction=0.1016 collision_rate=0.1992 collision_total_mean=1570.4286 entropy=0.0274 explained_variance=-1.1017 kl_approx=32.1138 loss_critic=62699.6484 loss_entropy=-0.0003 loss_objective=0.0191 preamble_cbra=15.0000 preamble_cfra=34.0000 preamble_pbra=15.0000 requests_cbra=2435.7070 requests_pbra=2783.6743 success_rate=0.8008 success_total_mean=6311.5098
2025-11-18 17:06:39.815 | INFO     | __main__:_log_metrics:20 - iter=0074 reward=4623.4893 ESS=0.9450 acb_factor_mean=0.4969 clip_fraction=0.0625 collision_rate=0.2067 collision_total_mean=1690.0989 entropy=0.0043 explained_variance=-0.9334 kl_approx=10.5595 loss_critic=57853.5312 loss_entropy=-0.0000 loss_objective=0.0202 preamble_cbra=8.0000 preamble_cfra=37.0000 preamble_pbra=19.0000 requests_cbra=2709.3906 requests_pbra=2655.4319 success_rate=0.7933 success_total_mean=6488.2344
2025-11-18 17:06:45.363 | INFO     | __main__:_log_metrics:20 - iter=0075 reward=4682.2183 ESS=0.8979 acb_factor_mean=0.5068 clip_fraction=0.1094 collision_rate=0.2297 collision_total_mean=1988.0190 entropy=0.0519 explained_variance=-1.5598 kl_approx=7.8089 loss_critic=60366.5547 loss_entropy=-0.0005 loss_objective=0.0016 preamble_cbra=6.0000 preamble_cfra=36.0000 preamble_pbra=22.0000 requests_cbra=3074.6538 requests_pbra=2812.1091 success_rate=0.7703 success_total_mean=6667.8828
2025-11-18 17:06:55.574 | INFO     | __main__:_log_metrics:20 - iter=0076 reward=4282.1475 ESS=0.8906 acb_factor_mean=0.5029 clip_fraction=0.1094 collision_rate=0.2368 collision_total_mean=1993.3115 entropy=0.0000 explained_variance=-0.8953 kl_approx=16.7546 loss_critic=65998.3438 loss_entropy=-0.0000 loss_objective=0.0088 preamble_cbra=6.0000 preamble_cfra=38.0000 preamble_pbra=19.0000 requests_cbra=2962.2153 requests_pbra=2849.0967 success_rate=0.7632 success_total_mean=6425.3730
2025-11-18 17:07:00.438 | INFO     | __main__:_log_metrics:20 - iter=0077 reward=4369.2700 ESS=0.9453 acb_factor_mean=0.5034 clip_fraction=0.0547 collision_rate=0.2148 collision_total_mean=1756.1221 entropy=0.0479 explained_variance=-2.9038 kl_approx=7.7165 loss_critic=67140.7969 loss_entropy=-0.0005 loss_objective=0.0008 preamble_cbra=10.0000 preamble_cfra=39.0000 preamble_pbra=15.0000 requests_cbra=2600.3997 requests_pbra=2781.8701 success_rate=0.7852 success_total_mean=6418.9834
2025-11-18 17:07:05.445 | INFO     | __main__:_log_metrics:20 - iter=0078 reward=4059.0237 ESS=0.9141 acb_factor_mean=0.5043 clip_fraction=0.0859 collision_rate=0.2375 collision_total_mean=1977.1870 entropy=0.0012 explained_variance=-0.9378 kl_approx=7.3791 loss_critic=59884.2500 loss_entropy=-0.0000 loss_objective=0.0231 preamble_cbra=10.0000 preamble_cfra=42.0000 preamble_pbra=12.0000 requests_cbra=2633.1340 requests_pbra=3052.1599 success_rate=0.7625 success_total_mean=6349.1216
2025-11-18 17:07:10.761 | INFO     | __main__:_log_metrics:20 - iter=0079 reward=3967.9062 ESS=0.9687 acb_factor_mean=0.5102 clip_fraction=0.0312 collision_rate=0.2287 collision_total_mean=1831.2705 entropy=0.0213 explained_variance=-0.6104 kl_approx=4.4897 loss_critic=58635.3867 loss_entropy=-0.0002 loss_objective=0.0193 preamble_cbra=11.0000 preamble_cfra=41.0000 preamble_pbra=13.0000 requests_cbra=2574.1699 requests_pbra=2839.4292 success_rate=0.7713 success_total_mean=6176.6631
2025-11-18 17:07:26.609 | INFO     | __main__:_log_metrics:20 - iter=0080 reward=4199.6245 ESS=0.9231 acb_factor_mean=0.4973 clip_fraction=0.0781 collision_rate=0.2160 collision_total_mean=1733.6750 entropy=0.0026 explained_variance=-1.3238 kl_approx=9.7321 loss_critic=65959.5000 loss_entropy=-0.0000 loss_objective=0.0655 preamble_cbra=12.0000 preamble_cfra=40.0000 preamble_pbra=11.0000 requests_cbra=2415.5762 requests_pbra=2874.2388 success_rate=0.7840 success_total_mean=6292.4497
2025-11-18 17:07:44.968 | INFO     | __main__:_log_metrics:20 - iter=0081 reward=3910.2183 ESS=0.9297 acb_factor_mean=0.4992 clip_fraction=0.0703 collision_rate=0.2469 collision_total_mean=2086.2717 entropy=0.0000 explained_variance=-0.9549 kl_approx=4.7134 loss_critic=58631.5703 loss_entropy=-0.0000 loss_objective=-0.0052 preamble_cbra=9.0000 preamble_cfra=44.0000 preamble_pbra=11.0000 requests_cbra=2765.8452 requests_pbra=3094.4712 success_rate=0.7531 success_total_mean=6363.0312
2025-11-18 17:08:03.452 | INFO     | __main__:_log_metrics:20 - iter=0082 reward=4041.0305 ESS=0.9228 acb_factor_mean=0.5042 clip_fraction=0.0859 collision_rate=0.2591 collision_total_mean=2322.6445 entropy=0.0073 explained_variance=-1.5948 kl_approx=12.1587 loss_critic=52482.7812 loss_entropy=-0.0001 loss_objective=-0.0046 preamble_cbra=7.0000 preamble_cfra=46.0000 preamble_pbra=11.0000 requests_cbra=2988.4363 requests_pbra=3191.8208 success_rate=0.7409 success_total_mean=6643.2412
2025-11-18 17:08:20.978 | INFO     | __main__:_log_metrics:20 - iter=0083 reward=3951.6572 ESS=0.9843 acb_factor_mean=0.4904 clip_fraction=0.0156 collision_rate=0.2250 collision_total_mean=1828.7693 entropy=0.0492 explained_variance=-0.9914 kl_approx=0.7263 loss_critic=55893.3438 loss_entropy=-0.0005 loss_objective=-0.0061 preamble_cbra=11.0000 preamble_cfra=43.0000 preamble_pbra=10.0000 requests_cbra=2517.4287 requests_pbra=2962.8115 success_rate=0.7750 success_total_mean=6299.1001
2025-11-18 17:08:40.068 | INFO     | __main__:_log_metrics:20 - iter=0084 reward=3744.9578 ESS=0.9609 acb_factor_mean=0.5036 clip_fraction=0.0391 collision_rate=0.2403 collision_total_mean=1960.7805 entropy=0.0501 explained_variance=-1.5062 kl_approx=4.1129 loss_critic=51244.1445 loss_entropy=-0.0005 loss_objective=-0.0006 preamble_cbra=12.0000 preamble_cfra=43.0000 preamble_pbra=9.0000 requests_cbra=2512.3979 requests_pbra=3047.3154 success_rate=0.7597 success_total_mean=6200.2085
2025-11-18 17:08:58.577 | INFO     | __main__:_log_metrics:20 - iter=0085 reward=4095.5339 ESS=0.9531 acb_factor_mean=0.4981 clip_fraction=0.0469 collision_rate=0.2416 collision_total_mean=2069.4141 entropy=0.0450 explained_variance=-1.2249 kl_approx=6.6703 loss_critic=57842.0664 loss_entropy=-0.0004 loss_objective=0.0130 preamble_cbra=10.0000 preamble_cfra=43.0000 preamble_pbra=10.0000 requests_cbra=2667.9844 requests_pbra=3180.2205 success_rate=0.7584 success_total_mean=6496.5625
2025-11-18 17:09:17.790 | INFO     | __main__:_log_metrics:20 - iter=0086 reward=3806.3867 ESS=0.8867 acb_factor_mean=0.5046 clip_fraction=0.1172 collision_rate=0.2481 collision_total_mean=2056.2683 entropy=0.0000 explained_variance=-1.1853 kl_approx=20.4746 loss_critic=53739.6367 loss_entropy=-0.0000 loss_objective=0.0163 preamble_cbra=11.0000 preamble_cfra=43.0000 preamble_pbra=9.0000 requests_cbra=2600.5571 requests_pbra=3173.5442 success_rate=0.7519 success_total_mean=6230.5439
2025-11-18 17:09:37.687 | INFO     | __main__:_log_metrics:20 - iter=0087 reward=4937.9077 ESS=0.9141 acb_factor_mean=0.5030 clip_fraction=0.0859 collision_rate=0.1992 collision_total_mean=1614.1288 entropy=0.0539 explained_variance=-0.6639 kl_approx=4.7710 loss_critic=53406.8203 loss_entropy=-0.0005 loss_objective=0.0343 preamble_cbra=26.0000 preamble_cfra=29.0000 preamble_pbra=9.0000 requests_cbra=2168.9089 requests_pbra=3289.1812 success_rate=0.8008 success_total_mean=6487.8159
2025-11-18 17:09:43.594 | INFO     | __main__:_log_metrics:20 - iter=0088 reward=4721.1123 ESS=0.9375 acb_factor_mean=0.4981 clip_fraction=0.0625 collision_rate=0.2218 collision_total_mean=1880.3977 entropy=0.0000 explained_variance=-0.4330 kl_approx=11.5985 loss_critic=53739.6172 loss_entropy=-0.0000 loss_objective=0.0217 preamble_cbra=21.0000 preamble_cfra=35.0000 preamble_pbra=8.0000 requests_cbra=2335.3462 requests_pbra=3352.5928 success_rate=0.7782 success_total_mean=6595.6909
2025-11-18 17:09:48.127 | INFO     | __main__:_log_metrics:20 - iter=0089 reward=5010.1313 ESS=0.9330 acb_factor_mean=0.4984 clip_fraction=0.0703 collision_rate=0.1945 collision_total_mean=1540.4015 entropy=0.0219 explained_variance=-1.2115 kl_approx=2.6323 loss_critic=69422.4766 loss_entropy=-0.0002 loss_objective=0.0159 preamble_cbra=28.0000 preamble_cfra=27.0000 preamble_pbra=9.0000 requests_cbra=2115.5171 requests_pbra=3234.7627 success_rate=0.8055 success_total_mean=6378.0713
2025-11-18 17:09:52.629 | INFO     | __main__:_log_metrics:20 - iter=0090 reward=4834.5166 ESS=0.9531 acb_factor_mean=0.5003 clip_fraction=0.0469 collision_rate=0.1878 collision_total_mean=1373.6927 entropy=0.0247 explained_variance=-0.6917 kl_approx=4.8138 loss_critic=68435.9766 loss_entropy=-0.0002 loss_objective=0.0090 preamble_cbra=34.0000 preamble_cfra=21.0000 preamble_pbra=9.0000 requests_cbra=1958.5049 requests_pbra=3093.7925 success_rate=0.8122 success_total_mean=5942.3125
2025-11-18 17:09:57.323 | INFO     | __main__:_log_metrics:20 - iter=0091 reward=4994.2036 ESS=0.8281 acb_factor_mean=0.5021 clip_fraction=0.1719 collision_rate=0.1961 collision_total_mean=1502.0138 entropy=0.0237 explained_variance=-1.0479 kl_approx=46.3969 loss_critic=71426.9375 loss_entropy=-0.0002 loss_objective=0.0381 preamble_cbra=34.0000 preamble_cfra=22.0000 preamble_pbra=9.0000 requests_cbra=2041.0757 requests_pbra=3265.6440 success_rate=0.8039 success_total_mean=6156.3125
2025-11-18 17:10:01.785 | INFO     | __main__:_log_metrics:20 - iter=0092 reward=4874.5024 ESS=0.9761 acb_factor_mean=0.4984 clip_fraction=0.0312 collision_rate=0.1745 collision_total_mean=1280.2927 entropy=0.0045 explained_variance=-0.1181 kl_approx=1.1757 loss_critic=59109.9297 loss_entropy=-0.0000 loss_objective=0.0002 preamble_cbra=30.0000 preamble_cfra=24.0000 preamble_pbra=10.0000 requests_cbra=1967.0369 requests_pbra=2927.6035 success_rate=0.8255 success_total_mean=6056.2969
2025-11-18 17:10:06.463 | INFO     | __main__:_log_metrics:20 - iter=0093 reward=5067.0825 ESS=0.9374 acb_factor_mean=0.4926 clip_fraction=0.0625 collision_rate=0.1737 collision_total_mean=1321.7463 entropy=0.0234 explained_variance=-1.5769 kl_approx=6.9075 loss_critic=74471.5938 loss_entropy=-0.0002 loss_objective=0.0323 preamble_cbra=30.0000 preamble_cfra=25.0000 preamble_pbra=10.0000 requests_cbra=2057.1411 requests_pbra=3102.3584 success_rate=0.8263 success_total_mean=6286.4702
2025-11-18 17:10:11.310 | INFO     | __main__:_log_metrics:20 - iter=0094 reward=5189.6655 ESS=0.5402 acb_factor_mean=0.4931 clip_fraction=0.1953 collision_rate=0.1627 collision_total_mean=1171.2783 entropy=0.0916 explained_variance=-1.1673 kl_approx=97.3281 loss_critic=83845.7422 loss_entropy=-0.0009 loss_objective=0.0168 preamble_cbra=35.0000 preamble_cfra=17.0000 preamble_pbra=12.0000 requests_cbra=2039.1913 requests_pbra=3063.7368 success_rate=0.8373 success_total_mean=6026.5649
2025-11-18 17:10:15.950 | INFO     | __main__:_log_metrics:20 - iter=0095 reward=3932.2742 ESS=0.8903 acb_factor_mean=0.5014 clip_fraction=0.0781 collision_rate=0.1883 collision_total_mean=1049.3828 entropy=0.0000 explained_variance=-0.4010 kl_approx=16.3553 loss_critic=59421.9141 loss_entropy=-0.0000 loss_objective=0.0285 preamble_cbra=45.0000 preamble_cfra=8.0000 preamble_pbra=11.0000 requests_cbra=1845.2893 requests_pbra=3073.7959 success_rate=0.8117 success_total_mean=4524.3115
2025-11-18 17:10:20.294 | INFO     | __main__:_log_metrics:20 - iter=0096 reward=3686.2327 ESS=0.9609 acb_factor_mean=0.4978 clip_fraction=0.0391 collision_rate=0.1635 collision_total_mean=808.5063 entropy=0.0020 explained_variance=-0.5033 kl_approx=1.5335 loss_critic=60964.8047 loss_entropy=-0.0000 loss_objective=0.0034 preamble_cbra=43.0000 preamble_cfra=6.0000 preamble_pbra=15.0000 requests_cbra=1793.9917 requests_pbra=2771.5945 success_rate=0.8365 success_total_mean=4135.4170
2025-11-18 17:10:24.496 | INFO     | __main__:_log_metrics:20 - iter=0097 reward=3529.1057 ESS=0.9938 acb_factor_mean=0.5002 clip_fraction=0.0078 collision_rate=0.1667 collision_total_mean=792.6740 entropy=0.0543 explained_variance=-0.5431 kl_approx=0.0174 loss_critic=53042.9961 loss_entropy=-0.0005 loss_objective=-0.0008 preamble_cbra=43.0000 preamble_cfra=6.0000 preamble_pbra=16.0000 requests_cbra=1858.0415 requests_pbra=2780.3010 success_rate=0.8333 success_total_mean=3963.4385
2025-11-18 17:10:28.602 | INFO     | __main__:_log_metrics:20 - iter=0098 reward=3343.1045 ESS=0.9970 acb_factor_mean=0.4982 clip_fraction=0.0156 collision_rate=0.1585 collision_total_mean=700.4254 entropy=0.0278 explained_variance=-0.7051 kl_approx=0.0029 loss_critic=54292.4141 loss_entropy=-0.0003 loss_objective=-0.0071 preamble_cbra=43.0000 preamble_cfra=5.0000 preamble_pbra=16.0000 requests_cbra=1758.7808 requests_pbra=2655.7241 success_rate=0.8415 success_total_mean=3719.7710
2025-11-18 17:10:32.692 | INFO     | __main__:_log_metrics:20 - iter=0099 reward=3514.5525 ESS=0.9994 acb_factor_mean=0.4990 clip_fraction=0.0078 collision_rate=0.1727 collision_total_mean=825.9006 entropy=0.0288 explained_variance=-0.4913 kl_approx=0.0016 loss_critic=52251.3555 loss_entropy=-0.0003 loss_objective=0.0013 preamble_cbra=42.0000 preamble_cfra=5.0000 preamble_pbra=17.0000 requests_cbra=1895.0789 requests_pbra=2825.7549 success_rate=0.8273 success_total_mean=3955.7393
2025-11-18 17:10:36.664 | INFO     | __main__:_log_metrics:20 - iter=0100 reward=3438.1379 ESS=0.9764 acb_factor_mean=0.5038 clip_fraction=0.0234 collision_rate=0.1683 collision_total_mean=781.6927 entropy=0.0193 explained_variance=-1.3862 kl_approx=2.6222 loss_critic=53363.1055 loss_entropy=-0.0002 loss_objective=0.0050 preamble_cbra=42.0000 preamble_cfra=5.0000 preamble_pbra=18.0000 requests_cbra=1911.4646 requests_pbra=2843.0056 success_rate=0.8317 success_total_mean=3861.6436
2025-11-18 17:10:41.107 | INFO     | __main__:_log_metrics:20 - iter=0101 reward=3572.2302 ESS=1.0000 acb_factor_mean=0.4994 clip_fraction=0.0000 collision_rate=0.1685 collision_total_mean=811.6340 entropy=0.0014 explained_variance=-0.2612 kl_approx=0.0003 loss_critic=58461.1133 loss_entropy=-0.0000 loss_objective=-0.0002 preamble_cbra=44.0000 preamble_cfra=5.0000 preamble_pbra=15.0000 requests_cbra=1807.9739 requests_pbra=2763.0366 success_rate=0.8315 success_total_mean=4004.1558
2025-11-18 17:10:45.726 | INFO     | __main__:_log_metrics:20 - iter=0102 reward=3652.3984 ESS=0.9533 acb_factor_mean=0.5002 clip_fraction=0.0469 collision_rate=0.1742 collision_total_mean=873.8895 entropy=0.0258 explained_variance=-1.1996 kl_approx=3.5012 loss_critic=69392.9531 loss_entropy=-0.0003 loss_objective=0.0124 preamble_cbra=40.0000 preamble_cfra=6.0000 preamble_pbra=17.0000 requests_cbra=1857.1833 requests_pbra=2781.9102 success_rate=0.8258 success_total_mean=4143.1821
2025-11-18 17:10:50.126 | INFO     | __main__:_log_metrics:20 - iter=0103 reward=3571.8394 ESS=0.9765 acb_factor_mean=0.5041 clip_fraction=0.0234 collision_rate=0.1678 collision_total_mean=813.7875 entropy=0.0000 explained_variance=-1.0271 kl_approx=1.6362 loss_critic=56269.5156 loss_entropy=-0.0000 loss_objective=0.0026 preamble_cbra=44.0000 preamble_cfra=6.0000 preamble_pbra=14.0000 requests_cbra=1756.3878 requests_pbra=2719.2249 success_rate=0.8322 success_total_mean=4034.7170
2025-11-18 17:10:54.231 | INFO     | __main__:_log_metrics:20 - iter=0104 reward=3470.3997 ESS=0.9777 acb_factor_mean=0.5011 clip_fraction=0.0234 collision_rate=0.1684 collision_total_mean=789.1139 entropy=0.0021 explained_variance=0.1740 kl_approx=0.8220 loss_critic=47448.5859 loss_entropy=-0.0000 loss_objective=0.0188 preamble_cbra=43.0000 preamble_cfra=5.0000 preamble_pbra=16.0000 requests_cbra=1817.9508 requests_pbra=2772.5061 success_rate=0.8316 success_total_mean=3895.5786
2025-11-18 17:10:58.355 | INFO     | __main__:_log_metrics:20 - iter=0105 reward=3562.1294 ESS=0.9531 acb_factor_mean=0.4993 clip_fraction=0.0469 collision_rate=0.1520 collision_total_mean=707.3585 entropy=0.0001 explained_variance=-0.0672 kl_approx=4.0004 loss_critic=54044.3594 loss_entropy=-0.0000 loss_objective=0.0029 preamble_cbra=42.0000 preamble_cfra=5.0000 preamble_pbra=16.0000 requests_cbra=1749.8219 requests_pbra=2623.1624 success_rate=0.8480 success_total_mean=3947.2800
2025-11-18 17:11:02.680 | INFO     | __main__:_log_metrics:20 - iter=0106 reward=3949.6279 ESS=0.9137 acb_factor_mean=0.5004 clip_fraction=0.0938 collision_rate=0.1598 collision_total_mean=841.2086 entropy=0.0475 explained_variance=-0.8684 kl_approx=17.7575 loss_critic=58229.4844 loss_entropy=-0.0005 loss_objective=0.0023 preamble_cbra=41.0000 preamble_cfra=7.0000 preamble_pbra=16.0000 requests_cbra=1850.5719 requests_pbra=2803.7639 success_rate=0.8402 success_total_mean=4421.7495
2025-11-18 17:11:07.551 | INFO     | __main__:_log_metrics:20 - iter=0107 reward=4490.5801 ESS=0.9453 acb_factor_mean=0.5011 clip_fraction=0.0547 collision_rate=0.1652 collision_total_mean=1032.9099 entropy=0.0011 explained_variance=-0.2195 kl_approx=6.8461 loss_critic=59705.7578 loss_entropy=-0.0000 loss_objective=0.0007 preamble_cbra=39.0000 preamble_cfra=14.0000 preamble_pbra=11.0000 requests_cbra=1832.8705 requests_pbra=2868.4805 success_rate=0.8348 success_total_mean=5219.4961
2025-11-18 17:11:11.860 | INFO     | __main__:_log_metrics:20 - iter=0108 reward=4509.4551 ESS=0.9761 acb_factor_mean=0.5046 clip_fraction=0.0312 collision_rate=0.1559 collision_total_mean=949.0246 entropy=0.0375 explained_variance=-0.3812 kl_approx=0.9221 loss_critic=67425.1250 loss_entropy=-0.0004 loss_objective=-0.0006 preamble_cbra=40.0000 preamble_cfra=12.0000 preamble_pbra=12.0000 requests_cbra=1780.3615 requests_pbra=2766.8831 success_rate=0.8441 success_total_mean=5138.2100
2025-11-18 17:11:16.508 | INFO     | __main__:_log_metrics:20 - iter=0109 reward=4560.4087 ESS=0.9684 acb_factor_mean=0.5044 clip_fraction=0.0391 collision_rate=0.1568 collision_total_mean=959.8561 entropy=0.0030 explained_variance=-0.6382 kl_approx=2.4761 loss_critic=69552.8984 loss_entropy=-0.0000 loss_objective=-0.0049 preamble_cbra=40.0000 preamble_cfra=11.0000 preamble_pbra=13.0000 requests_cbra=1844.4888 requests_pbra=2906.3652 success_rate=0.8432 success_total_mean=5162.5967
2025-11-18 17:11:20.966 | INFO     | __main__:_log_metrics:20 - iter=0110 reward=4382.4390 ESS=0.9355 acb_factor_mean=0.4936 clip_fraction=0.0703 collision_rate=0.1648 collision_total_mean=996.0069 entropy=0.0067 explained_variance=-0.3572 kl_approx=6.4394 loss_critic=61355.8125 loss_entropy=-0.0001 loss_objective=0.0228 preamble_cbra=40.0000 preamble_cfra=12.0000 preamble_pbra=12.0000 requests_cbra=1840.3538 requests_pbra=2878.3721 success_rate=0.8352 success_total_mean=5048.8096
2025-11-18 17:11:25.551 | INFO     | __main__:_log_metrics:20 - iter=0111 reward=4828.0771 ESS=0.9678 acb_factor_mean=0.5080 clip_fraction=0.0391 collision_rate=0.1682 collision_total_mean=1150.1719 entropy=0.0064 explained_variance=-0.3782 kl_approx=1.5870 loss_critic=62309.5312 loss_entropy=-0.0001 loss_objective=0.0069 preamble_cbra=37.0000 preamble_cfra=17.0000 preamble_pbra=10.0000 requests_cbra=1856.7971 requests_pbra=2997.6340 success_rate=0.8318 success_total_mean=5686.3950
2025-11-18 17:11:30.147 | INFO     | __main__:_log_metrics:20 - iter=0112 reward=4816.9634 ESS=0.9673 acb_factor_mean=0.4976 clip_fraction=0.0391 collision_rate=0.1718 collision_total_mean=1210.9095 entropy=0.0053 explained_variance=-0.4023 kl_approx=5.4616 loss_critic=65111.8438 loss_entropy=-0.0001 loss_objective=0.0075 preamble_cbra=35.0000 preamble_cfra=20.0000 preamble_pbra=9.0000 requests_cbra=1841.5247 requests_pbra=2963.1340 success_rate=0.8282 success_total_mean=5839.2295
2025-11-18 17:11:37.947 | INFO     | __main__:_log_metrics:20 - iter=0113 reward=4870.0981 ESS=0.8995 acb_factor_mean=0.4981 clip_fraction=0.1016 collision_rate=0.1707 collision_total_mean=1173.2312 entropy=0.0020 explained_variance=-0.6099 kl_approx=16.3005 loss_critic=67452.8594 loss_entropy=-0.0000 loss_objective=-0.0024 preamble_cbra=37.0000 preamble_cfra=16.0000 preamble_pbra=11.0000 requests_cbra=1868.8832 requests_pbra=3016.9185 success_rate=0.8293 success_total_mean=5700.2700
2025-11-18 17:11:45.007 | INFO     | __main__:_log_metrics:20 - iter=0114 reward=5447.5703 ESS=0.9846 acb_factor_mean=0.5079 clip_fraction=0.0156 collision_rate=0.1734 collision_total_mean=1372.2520 entropy=0.0005 explained_variance=-1.0758 kl_approx=0.0872 loss_critic=68871.4141 loss_entropy=-0.0000 loss_objective=0.0033 preamble_cbra=31.0000 preamble_cfra=22.0000 preamble_pbra=11.0000 requests_cbra=2131.0676 requests_pbra=3194.4131 success_rate=0.8266 success_total_mean=6543.0146
2025-11-18 17:11:50.096 | INFO     | __main__:_log_metrics:20 - iter=0115 reward=5116.7705 ESS=0.9297 acb_factor_mean=0.4978 clip_fraction=0.0703 collision_rate=0.1663 collision_total_mean=1266.7085 entropy=0.0000 explained_variance=-0.2480 kl_approx=10.2864 loss_critic=66657.1406 loss_entropy=-0.0000 loss_objective=0.0574 preamble_cbra=28.0000 preamble_cfra=27.0000 preamble_pbra=10.0000 requests_cbra=2020.4963 requests_pbra=3042.6228 success_rate=0.8337 success_total_mean=6350.0347
2025-11-18 17:11:55.751 | INFO     | __main__:_log_metrics:20 - iter=0116 reward=4290.5796 ESS=0.9687 acb_factor_mean=0.5065 clip_fraction=0.0312 collision_rate=0.2120 collision_total_mean=1728.2537 entropy=0.0000 explained_variance=-1.7099 kl_approx=1.5568 loss_critic=61990.9961 loss_entropy=-0.0000 loss_objective=0.0088 preamble_cbra=14.0000 preamble_cfra=41.0000 preamble_pbra=9.0000 requests_cbra=2295.2285 requests_pbra=3008.6738 success_rate=0.7880 success_total_mean=6422.8408
2025-11-18 17:12:01.349 | INFO     | __main__:_log_metrics:20 - iter=0117 reward=4397.2861 ESS=0.9219 acb_factor_mean=0.4993 clip_fraction=0.0781 collision_rate=0.2322 collision_total_mean=2058.5901 entropy=0.0263 explained_variance=-1.8675 kl_approx=12.5484 loss_critic=60649.2109 loss_entropy=-0.0003 loss_objective=0.0224 preamble_cbra=11.0000 preamble_cfra=43.0000 preamble_pbra=10.0000 requests_cbra=2747.0698 requests_pbra=3350.9805 success_rate=0.7678 success_total_mean=6805.7290
2025-11-18 17:12:06.735 | INFO     | __main__:_log_metrics:20 - iter=0118 reward=3555.8408 ESS=0.9531 acb_factor_mean=0.4974 clip_fraction=0.0469 collision_rate=0.2354 collision_total_mean=1902.6570 entropy=0.0235 explained_variance=-1.4126 kl_approx=3.8983 loss_critic=67240.7656 loss_entropy=-0.0002 loss_objective=0.0357 preamble_cbra=8.0000 preamble_cfra=46.0000 preamble_pbra=9.0000 requests_cbra=2483.8953 requests_pbra=2930.1079 success_rate=0.7646 success_total_mean=6180.6523
2025-11-18 17:12:12.470 | INFO     | __main__:_log_metrics:20 - iter=0119 reward=3691.0273 ESS=0.9453 acb_factor_mean=0.4984 clip_fraction=0.0547 collision_rate=0.2434 collision_total_mean=2027.5336 entropy=0.0000 explained_variance=-1.4352 kl_approx=6.6649 loss_critic=60012.6406 loss_entropy=-0.0000 loss_objective=0.0048 preamble_cbra=7.0000 preamble_cfra=47.0000 preamble_pbra=10.0000 requests_cbra=2696.6089 requests_pbra=3040.7305 success_rate=0.7566 success_total_mean=6302.4023
2025-11-18 17:12:17.554 | INFO     | __main__:_load_yaml_config:6 - Loaded configuration from conf\default.yaml
2025-11-18 17:12:17.559 | INFO     | __main__:<module>:18 - Logger initialized (level=INFO, file=logs/train.log)
2025-11-18 17:12:17.559 | INFO     | __main__:<module>:45 - env_config SatelliteMACEnvConfig(num_slots_per_step=160, decision_horizon=256, history_len=4, simulator_config=MACSimulatorConfig(regions=(RegionTrafficProfile(name='urban', area_weight=0.4, cbra_density=1.2, pbra_density=1.5, handover_intensity=0.8, scheduling_period=160, noise_scale=0.2, cox_intensity_mean=1.6, cox_intensity_variance=0.7, cox_grid=(10, 10), region_bounds=(-2.0, 2.0, -2.0, 2.0), batch_mean=12.0, batch_std=0.6, residence_time_mean=8.0), RegionTrafficProfile(name='suburban', area_weight=0.35, cbra_density=0.8, pbra_density=0.9, handover_intensity=0.5, scheduling_period=200, noise_scale=0.15, cox_intensity_mean=1.2, cox_intensity_variance=0.5, cox_grid=(8, 8), region_bounds=(-1.5, 1.5, -1.5, 1.5), batch_mean=8.0, batch_std=0.5, residence_time_mean=6.0), RegionTrafficProfile(name='rural', area_weight=0.25, cbra_density=0.3, pbra_density=0.4, handover_intensity=0.2, scheduling_period=320, noise_scale=0.1, cox_intensity_mean=0.9, cox_intensity_variance=0.3, cox_grid=(6, 6), region_bounds=(-1.0, 1.0, -1.0, 1.0), batch_mean=4.0, batch_std=0.4, residence_time_mean=4.5)), history_size=10, protocol_count=4, preamble_subset_count=8, total_preambles=64, base_preamble_split=(24, 24, 16), reward_weights={'throughput': 1.0, 'collision': -0.5, 'cfra_mse': -1}, region_transition_matrix=None, coverage_patches=None, coverage_drift_radius=1.0, coverage_cycle_slots=1440.0, coverage_jitter=0.05, coverage_smoothing=0.2, coverage_total_footprint=1.0, backoff_strategy=BackoffStrategyConfig(low=BackoffWindow(min_steps=0, max_steps=4), medium=BackoffWindow(min_steps=1, max_steps=12), high=BackoffWindow(min_steps=6, max_steps=24), collision_threshold_medium=0.05, collision_threshold_high=0.1, max_backlog_steps=48)), preamble_delta_range=2, flatten_observation=True)
2025-11-18 17:12:17.562 | INFO     | __main__:<module>:68 - train_config HPPOConfig(frames_per_batch=4096, mini_batch_size=128, rollout_epochs=4, max_iterations=200, gamma=0.99, gae_lambda=0.95, clip_epsilon=0.2, entropy_coeff=0.01, actor_lr=5e-05, critic_lr=5e-05, device=device(type='cpu'))
2025-11-18 17:12:17.563 | INFO     | __main__:<module>:75 - Config ready | seed=42 frames_per_batch=4096 horizon=256 num_envs=8 backend=parallel parallel=True
2025-11-18 17:12:23.097 | INFO     | __main__:<module>:21 - TorchRL env constructed (observation=torch.Size([8, 72]),  num_envs=8, backend=parallel, parallel=True)
2025-11-18 17:12:25.378 | INFO     | __main__:<module>:22 - Starting notebook PPO run
2025-11-18 17:12:29.718 | INFO     | __main__:_log_metrics:20 - iter=0000 reward=1381.2716 ESS=0.6820 acb_factor_mean=0.4800 clip_fraction=0.4062 collision_rate=0.3725 collision_total_mean=1169.8901 entropy=-0.9161 explained_variance=-0.6066 kl_approx=26.8482 loss_critic=10103.1826 loss_entropy=0.0092 loss_objective=0.0963 preamble_cbra=6.0000 preamble_cfra=2.0000 preamble_pbra=57.0000 requests_cbra=2694.7632 requests_pbra=2203.6919 success_rate=0.6275 success_total_mean=1971.1045
2025-11-18 17:12:34.278 | INFO     | __main__:_log_metrics:20 - iter=0001 reward=1198.6592 ESS=0.5818 acb_factor_mean=0.5048 clip_fraction=0.4688 collision_rate=0.4134 collision_total_mean=1308.0693 entropy=-0.8760 explained_variance=-0.7861 kl_approx=84.4810 loss_critic=11094.8047 loss_entropy=0.0088 loss_objective=0.0021 preamble_cbra=6.0000 preamble_cfra=1.0000 preamble_pbra=57.0000 requests_cbra=2762.1069 requests_pbra=2133.6147 success_rate=0.5866 success_total_mean=1856.4233
2025-11-18 17:12:38.687 | INFO     | __main__:_log_metrics:20 - iter=0002 reward=1555.9258 ESS=0.8135 acb_factor_mean=0.5146 clip_fraction=0.2266 collision_rate=0.3695 collision_total_mean=1293.0808 entropy=-0.7909 explained_variance=-0.5690 kl_approx=4.6083 loss_critic=13828.5332 loss_entropy=0.0079 loss_objective=0.0998 preamble_cbra=7.0000 preamble_cfra=2.0000 preamble_pbra=56.0000 requests_cbra=2822.3101 requests_pbra=2227.3062 success_rate=0.6305 success_total_mean=2206.2598
2025-11-18 17:12:42.983 | INFO     | __main__:_log_metrics:20 - iter=0003 reward=1845.7017 ESS=0.7003 acb_factor_mean=0.5173 clip_fraction=0.3594 collision_rate=0.3098 collision_total_mean=1070.6737 entropy=-1.5303 explained_variance=-0.6558 kl_approx=6.4242 loss_critic=17611.0938 loss_entropy=0.0153 loss_objective=0.1163 preamble_cbra=13.0000 preamble_cfra=2.0000 preamble_pbra=49.0000 requests_cbra=2419.6113 requests_pbra=2245.8606 success_rate=0.6902 success_total_mean=2385.8628
2025-11-18 17:12:47.279 | INFO     | __main__:_log_metrics:20 - iter=0004 reward=1847.1193 ESS=0.7701 acb_factor_mean=0.5445 clip_fraction=0.2500 collision_rate=0.3542 collision_total_mean=1400.2034 entropy=-0.9593 explained_variance=0.0783 kl_approx=26.8853 loss_critic=18309.4902 loss_entropy=0.0096 loss_objective=0.0472 preamble_cbra=10.0000 preamble_cfra=2.0000 preamble_pbra=52.0000 requests_cbra=2870.1094 requests_pbra=2417.6912 success_rate=0.6458 success_total_mean=2553.0381
2025-11-18 17:12:51.620 | INFO     | __main__:_log_metrics:20 - iter=0005 reward=1758.9956 ESS=0.8234 acb_factor_mean=0.5510 clip_fraction=0.1953 collision_rate=0.3841 collision_total_mean=1603.5164 entropy=-0.7037 explained_variance=0.0806 kl_approx=15.3059 loss_critic=23628.6484 loss_entropy=0.0070 loss_objective=0.0471 preamble_cbra=5.0000 preamble_cfra=3.0000 preamble_pbra=56.0000 requests_cbra=3101.4185 requests_pbra=2224.7002 success_rate=0.6159 success_total_mean=2571.3525
2025-11-18 17:12:56.026 | INFO     | __main__:_log_metrics:20 - iter=0006 reward=2487.3484 ESS=0.4436 acb_factor_mean=0.5567 clip_fraction=0.3750 collision_rate=0.3201 collision_total_mean=1540.9186 entropy=-0.3024 explained_variance=0.0925 kl_approx=12.7098 loss_critic=28477.6934 loss_entropy=0.0030 loss_objective=0.0784 preamble_cbra=7.0000 preamble_cfra=4.0000 preamble_pbra=53.0000 requests_cbra=3052.7424 requests_pbra=2354.6453 success_rate=0.6799 success_total_mean=3272.9292
2025-11-18 17:13:00.525 | INFO     | __main__:_log_metrics:20 - iter=0007 reward=3265.3848 ESS=0.8969 acb_factor_mean=0.4994 clip_fraction=0.1250 collision_rate=0.2494 collision_total_mean=1315.7737 entropy=-0.1590 explained_variance=-0.5874 kl_approx=2.8004 loss_critic=46610.1406 loss_entropy=0.0016 loss_objective=0.0245 preamble_cbra=5.0000 preamble_cfra=6.0000 preamble_pbra=53.0000 requests_cbra=2923.3730 requests_pbra=2247.6206 success_rate=0.7506 success_total_mean=3959.4622
2025-11-18 17:13:04.992 | INFO     | __main__:_log_metrics:20 - iter=0008 reward=3604.7773 ESS=0.8110 acb_factor_mean=0.4982 clip_fraction=0.1953 collision_rate=0.2418 collision_total_mean=1388.2927 entropy=-0.1420 explained_variance=-0.1948 kl_approx=30.5017 loss_critic=44542.5625 loss_entropy=0.0014 loss_objective=0.0437 preamble_cbra=6.0000 preamble_cfra=8.0000 preamble_pbra=51.0000 requests_cbra=2914.0176 requests_pbra=2245.1077 success_rate=0.7582 success_total_mean=4352.5840
2025-11-18 17:13:09.707 | INFO     | __main__:_log_metrics:20 - iter=0009 reward=3844.3809 ESS=0.8650 acb_factor_mean=0.4984 clip_fraction=0.1406 collision_rate=0.2362 collision_total_mean=1442.3081 entropy=-0.1340 explained_variance=-0.6263 kl_approx=13.2402 loss_critic=48415.2734 loss_entropy=0.0013 loss_objective=0.0633 preamble_cbra=4.0000 preamble_cfra=10.0000 preamble_pbra=50.0000 requests_cbra=2935.7419 requests_pbra=2131.4822 success_rate=0.7638 success_total_mean=4663.9590
2025-11-18 17:13:14.305 | INFO     | __main__:_log_metrics:20 - iter=0010 reward=3829.4070 ESS=0.8691 acb_factor_mean=0.4995 clip_fraction=0.1562 collision_rate=0.2434 collision_total_mean=1511.5531 entropy=-0.0009 explained_variance=-0.0358 kl_approx=8.0473 loss_critic=50503.5391 loss_entropy=0.0000 loss_objective=0.0039 preamble_cbra=3.0000 preamble_cfra=10.0000 preamble_pbra=51.0000 requests_cbra=2976.4038 requests_pbra=2136.8726 success_rate=0.7566 success_total_mean=4699.2358
2025-11-18 17:13:18.870 | INFO     | __main__:_log_metrics:20 - iter=0011 reward=3746.0864 ESS=0.9141 acb_factor_mean=0.5031 clip_fraction=0.0938 collision_rate=0.2659 collision_total_mean=1704.4214 entropy=-0.1292 explained_variance=-0.5811 kl_approx=4.0464 loss_critic=54340.3281 loss_entropy=0.0013 loss_objective=0.0110 preamble_cbra=2.0000 preamble_cfra=10.0000 preamble_pbra=51.0000 requests_cbra=3254.1196 requests_pbra=2291.5225 success_rate=0.7341 success_total_mean=4706.2773
2025-11-18 17:13:23.303 | INFO     | __main__:_log_metrics:20 - iter=0012 reward=3969.2161 ESS=0.8277 acb_factor_mean=0.5040 clip_fraction=0.1875 collision_rate=0.2383 collision_total_mean=1526.8052 entropy=-0.0350 explained_variance=-0.0101 kl_approx=23.3145 loss_critic=57952.5234 loss_entropy=0.0004 loss_objective=0.0210 preamble_cbra=3.0000 preamble_cfra=12.0000 preamble_pbra=50.0000 requests_cbra=2981.7646 requests_pbra=2122.5430 success_rate=0.7617 success_total_mean=4879.9648
2025-11-18 17:13:28.155 | INFO     | __main__:_log_metrics:20 - iter=0013 reward=4572.7393 ESS=0.8824 acb_factor_mean=0.5009 clip_fraction=0.1484 collision_rate=0.2182 collision_total_mean=1723.6838 entropy=-0.1661 explained_variance=-0.6348 kl_approx=3.0956 loss_critic=60217.5781 loss_entropy=0.0017 loss_objective=0.0750 preamble_cbra=3.0000 preamble_cfra=30.0000 preamble_pbra=31.0000 requests_cbra=2930.5176 requests_pbra=2323.4946 success_rate=0.7818 success_total_mean=6177.2520
2025-11-18 17:13:33.322 | INFO     | __main__:_log_metrics:20 - iter=0014 reward=4232.9688 ESS=0.8316 acb_factor_mean=0.4976 clip_fraction=0.1797 collision_rate=0.2301 collision_total_mean=1915.1609 entropy=-0.1155 explained_variance=-0.4046 kl_approx=21.6815 loss_critic=63616.3086 loss_entropy=0.0012 loss_objective=0.0369 preamble_cbra=5.0000 preamble_cfra=39.0000 preamble_pbra=20.0000 requests_cbra=2903.7905 requests_pbra=2717.1777 success_rate=0.7699 success_total_mean=6408.7632
2025-11-18 17:13:38.047 | INFO     | __main__:_log_metrics:20 - iter=0015 reward=4841.9976 ESS=0.7318 acb_factor_mean=0.4998 clip_fraction=0.1641 collision_rate=0.2199 collision_total_mean=1736.7568 entropy=-0.0102 explained_variance=-0.3219 kl_approx=10.5818 loss_critic=58670.5078 loss_entropy=0.0001 loss_objective=0.0344 preamble_cbra=3.0000 preamble_cfra=23.0000 preamble_pbra=39.0000 requests_cbra=3171.1890 requests_pbra=2387.8254 success_rate=0.7801 success_total_mean=6159.3887
2025-11-18 17:13:43.396 | INFO     | __main__:_log_metrics:20 - iter=0016 reward=4001.2495 ESS=0.8620 acb_factor_mean=0.4949 clip_fraction=0.1406 collision_rate=0.2463 collision_total_mean=2084.4958 entropy=-0.0841 explained_variance=-0.4118 kl_approx=11.3059 loss_critic=61551.4961 loss_entropy=0.0008 loss_objective=0.0504 preamble_cbra=4.0000 preamble_cfra=41.0000 preamble_pbra=19.0000 requests_cbra=3056.2949 requests_pbra=2875.6829 success_rate=0.7537 success_total_mean=6378.5176
2025-11-18 17:13:48.585 | INFO     | __main__:_log_metrics:20 - iter=0017 reward=3955.4910 ESS=0.8839 acb_factor_mean=0.5021 clip_fraction=0.1328 collision_rate=0.2496 collision_total_mean=2082.3694 entropy=0.0033 explained_variance=0.0792 kl_approx=3.9571 loss_critic=49506.4492 loss_entropy=-0.0000 loss_objective=0.0291 preamble_cbra=4.0000 preamble_cfra=39.0000 preamble_pbra=20.0000 requests_cbra=2976.5532 requests_pbra=2741.7146 success_rate=0.7504 success_total_mean=6259.0513
2025-11-18 17:13:53.712 | INFO     | __main__:_log_metrics:20 - iter=0018 reward=4474.6743 ESS=0.8826 acb_factor_mean=0.4947 clip_fraction=0.1172 collision_rate=0.2472 collision_total_mean=2090.7397 entropy=-0.0286 explained_variance=-0.2998 kl_approx=10.2438 loss_critic=60911.8320 loss_entropy=0.0003 loss_objective=0.0309 preamble_cbra=4.0000 preamble_cfra=32.0000 preamble_pbra=28.0000 requests_cbra=3247.1265 requests_pbra=2801.6953 success_rate=0.7528 success_total_mean=6368.0732
2025-11-18 17:13:58.741 | INFO     | __main__:_log_metrics:20 - iter=0019 reward=4459.7891 ESS=0.8416 acb_factor_mean=0.5026 clip_fraction=0.1562 collision_rate=0.2152 collision_total_mean=1731.5481 entropy=-0.1215 explained_variance=-1.1745 kl_approx=12.8368 loss_critic=68771.8203 loss_entropy=0.0012 loss_objective=0.0168 preamble_cbra=5.0000 preamble_cfra=35.0000 preamble_pbra=24.0000 requests_cbra=2845.5754 requests_pbra=2575.2100 success_rate=0.7848 success_total_mean=6314.6694
2025-11-18 17:14:04.017 | INFO     | __main__:_log_metrics:20 - iter=0020 reward=3888.1733 ESS=0.6288 acb_factor_mean=0.4968 clip_fraction=0.3828 collision_rate=0.2546 collision_total_mean=2145.6155 entropy=-0.2130 explained_variance=-1.2480 kl_approx=147.2509 loss_critic=61222.3828 loss_entropy=0.0021 loss_objective=0.0529 preamble_cbra=6.0000 preamble_cfra=42.0000 preamble_pbra=16.0000 requests_cbra=2848.0674 requests_pbra=3062.3962 success_rate=0.7454 success_total_mean=6283.3818
2025-11-18 17:14:09.110 | INFO     | __main__:_log_metrics:20 - iter=0021 reward=4323.5020 ESS=0.8769 acb_factor_mean=0.5038 clip_fraction=0.1250 collision_rate=0.2243 collision_total_mean=1841.1981 entropy=-0.0602 explained_variance=-0.6100 kl_approx=12.3594 loss_critic=53378.1367 loss_entropy=0.0006 loss_objective=0.0303 preamble_cbra=4.0000 preamble_cfra=38.0000 preamble_pbra=22.0000 requests_cbra=2846.2539 requests_pbra=2556.2939 success_rate=0.7757 success_total_mean=6366.3281
2025-11-18 17:14:14.405 | INFO     | __main__:_log_metrics:20 - iter=0022 reward=4452.5728 ESS=0.6084 acb_factor_mean=0.5164 clip_fraction=0.3984 collision_rate=0.2366 collision_total_mean=2005.0648 entropy=-0.0673 explained_variance=-0.2846 kl_approx=199.9948 loss_critic=53977.9688 loss_entropy=0.0007 loss_objective=0.0919 preamble_cbra=4.0000 preamble_cfra=37.0000 preamble_pbra=24.0000 requests_cbra=2993.2178 requests_pbra=2626.4580 success_rate=0.7634 success_total_mean=6468.9785
2025-11-18 17:14:19.198 | INFO     | __main__:_log_metrics:20 - iter=0023 reward=2925.7456 ESS=0.9219 acb_factor_mean=0.5035 clip_fraction=0.0859 collision_rate=0.2990 collision_total_mean=1690.1248 entropy=-0.0187 explained_variance=0.0816 kl_approx=2.6037 loss_critic=60992.8398 loss_entropy=0.0002 loss_objective=0.0249 preamble_cbra=2.0000 preamble_cfra=11.0000 preamble_pbra=51.0000 requests_cbra=3193.7861 requests_pbra=2248.5845 success_rate=0.7010 success_total_mean=3962.0889
2025-11-18 17:14:24.038 | INFO     | __main__:_log_metrics:20 - iter=0024 reward=3161.0522 ESS=0.9453 acb_factor_mean=0.5112 clip_fraction=0.0547 collision_rate=0.2930 collision_total_mean=1795.2891 entropy=0.0015 explained_variance=0.2516 kl_approx=3.7189 loss_critic=64458.9453 loss_entropy=-0.0000 loss_objective=0.0063 preamble_cbra=2.0000 preamble_cfra=14.0000 preamble_pbra=48.0000 requests_cbra=3235.9590 requests_pbra=2324.5427 success_rate=0.7070 success_total_mean=4330.9331
2025-11-18 17:14:29.243 | INFO     | __main__:_log_metrics:20 - iter=0025 reward=3044.4502 ESS=0.9602 acb_factor_mean=0.5038 clip_fraction=0.0469 collision_rate=0.2870 collision_total_mean=1644.6748 entropy=-0.0945 explained_variance=-0.0208 kl_approx=2.4043 loss_critic=62336.1914 loss_entropy=0.0009 loss_objective=-0.0031 preamble_cbra=2.0000 preamble_cfra=12.0000 preamble_pbra=50.0000 requests_cbra=3128.1421 requests_pbra=2194.4668 success_rate=0.7130 success_total_mean=4085.8242
2025-11-18 17:14:34.449 | INFO     | __main__:_log_metrics:20 - iter=0026 reward=2785.3357 ESS=0.9219 acb_factor_mean=0.5029 clip_fraction=0.0859 collision_rate=0.2989 collision_total_mean=1629.3031 entropy=-0.0227 explained_variance=0.4043 kl_approx=7.3802 loss_critic=45295.7070 loss_entropy=0.0002 loss_objective=0.0445 preamble_cbra=2.0000 preamble_cfra=11.0000 preamble_pbra=51.0000 requests_cbra=3110.3486 requests_pbra=2187.1321 success_rate=0.7011 success_total_mean=3821.0200
2025-11-18 17:14:39.298 | INFO     | __main__:_log_metrics:20 - iter=0027 reward=2769.5193 ESS=0.9200 acb_factor_mean=0.5083 clip_fraction=0.0859 collision_rate=0.3141 collision_total_mean=1761.6262 entropy=-0.1054 explained_variance=0.4940 kl_approx=6.4887 loss_critic=43303.2266 loss_entropy=0.0011 loss_objective=0.0414 preamble_cbra=2.0000 preamble_cfra=11.0000 preamble_pbra=51.0000 requests_cbra=3309.6260 requests_pbra=2334.7373 success_rate=0.6859 success_total_mean=3847.0139
2025-11-18 17:14:44.226 | INFO     | __main__:_log_metrics:20 - iter=0028 reward=2654.6309 ESS=0.8488 acb_factor_mean=0.5160 clip_fraction=0.1484 collision_rate=0.3299 collision_total_mean=1865.6672 entropy=-0.2567 explained_variance=0.3337 kl_approx=16.5906 loss_critic=46576.5859 loss_entropy=0.0026 loss_objective=0.0085 preamble_cbra=2.0000 preamble_cfra=11.0000 preamble_pbra=51.0000 requests_cbra=3342.4204 requests_pbra=2388.4998 success_rate=0.6701 success_total_mean=3788.7671
2025-11-18 17:14:49.395 | INFO     | __main__:_log_metrics:20 - iter=0029 reward=3158.8892 ESS=0.9593 acb_factor_mean=0.5254 clip_fraction=0.0547 collision_rate=0.2989 collision_total_mean=1812.2451 entropy=-0.0771 explained_variance=0.6673 kl_approx=2.7939 loss_critic=34600.1953 loss_entropy=0.0008 loss_objective=-0.0005 preamble_cbra=2.0000 preamble_cfra=11.0000 preamble_pbra=51.0000 requests_cbra=3261.0483 requests_pbra=2246.8503 success_rate=0.7011 success_total_mean=4249.9473
2025-11-18 17:14:54.336 | INFO     | __main__:_log_metrics:20 - iter=0030 reward=2539.4170 ESS=0.3376 acb_factor_mean=0.5135 clip_fraction=0.1406 collision_rate=0.3240 collision_total_mean=1724.2734 entropy=-0.1650 explained_variance=0.5345 kl_approx=20.5726 loss_critic=33555.2422 loss_entropy=0.0017 loss_objective=0.1958 preamble_cbra=2.0000 preamble_cfra=10.0000 preamble_pbra=52.0000 requests_cbra=3231.5186 requests_pbra=2263.3652 success_rate=0.6760 success_total_mean=3597.0903
2025-11-18 17:14:59.012 | INFO     | __main__:_log_metrics:20 - iter=0031 reward=2669.1626 ESS=0.5502 acb_factor_mean=0.5322 clip_fraction=0.4766 collision_rate=0.3146 collision_total_mean=1654.6144 entropy=-0.1255 explained_variance=0.4092 kl_approx=264.3601 loss_critic=45392.3047 loss_entropy=0.0013 loss_objective=0.0832 preamble_cbra=4.0000 preamble_cfra=8.0000 preamble_pbra=53.0000 requests_cbra=3020.7627 requests_pbra=2186.2546 success_rate=0.6854 success_total_mean=3605.0256
2025-11-18 17:15:03.710 | INFO     | __main__:_log_metrics:20 - iter=0032 reward=4844.9189 ESS=0.9031 acb_factor_mean=0.5472 clip_fraction=0.1172 collision_rate=0.2180 collision_total_mean=1803.9082 entropy=-0.3827 explained_variance=-1.3658 kl_approx=8.7976 loss_critic=53412.7891 loss_entropy=0.0038 loss_objective=0.0081 preamble_cbra=6.0000 preamble_cfra=30.0000 preamble_pbra=28.0000 requests_cbra=2950.3540 requests_pbra=2581.3672 success_rate=0.7820 success_total_mean=6471.4565
2025-11-18 17:15:08.762 | INFO     | __main__:_log_metrics:20 - iter=0033 reward=4383.0596 ESS=0.8475 acb_factor_mean=0.5399 clip_fraction=0.1641 collision_rate=0.2472 collision_total_mean=2129.6399 entropy=-0.2592 explained_variance=-1.3709 kl_approx=15.6832 loss_critic=59770.7578 loss_entropy=0.0026 loss_objective=0.0654 preamble_cbra=4.0000 preamble_cfra=37.0000 preamble_pbra=23.0000 requests_cbra=3187.7500 requests_pbra=2779.5864 success_rate=0.7528 success_total_mean=6485.2954
2025-11-18 17:15:14.257 | INFO     | __main__:_log_metrics:20 - iter=0034 reward=4066.5288 ESS=0.9250 acb_factor_mean=0.5318 clip_fraction=0.0938 collision_rate=0.2451 collision_total_mean=2088.7063 entropy=-0.2211 explained_variance=-1.0391 kl_approx=4.8173 loss_critic=52439.4766 loss_entropy=0.0022 loss_objective=0.0145 preamble_cbra=5.0000 preamble_cfra=42.0000 preamble_pbra=17.0000 requests_cbra=2847.6553 requests_pbra=2850.2456 success_rate=0.7549 success_total_mean=6432.4263
2025-11-18 17:15:19.471 | INFO     | __main__:_log_metrics:20 - iter=0035 reward=4151.3687 ESS=0.9523 acb_factor_mean=0.5322 clip_fraction=0.0625 collision_rate=0.2457 collision_total_mean=2118.6443 entropy=-0.3147 explained_variance=-0.6428 kl_approx=2.2502 loss_critic=58378.5312 loss_entropy=0.0031 loss_objective=0.0267 preamble_cbra=6.0000 preamble_cfra=42.0000 preamble_pbra=16.0000 requests_cbra=2816.9875 requests_pbra=2955.8167 success_rate=0.7543 success_total_mean=6505.0815
2025-11-18 17:15:24.846 | INFO     | __main__:_log_metrics:20 - iter=0036 reward=3831.3564 ESS=0.9322 acb_factor_mean=0.5390 clip_fraction=0.0625 collision_rate=0.2384 collision_total_mean=1976.8435 entropy=-0.2318 explained_variance=-1.0785 kl_approx=1.8505 loss_critic=58172.3359 loss_entropy=0.0023 loss_objective=0.0053 preamble_cbra=6.0000 preamble_cfra=43.0000 preamble_pbra=15.0000 requests_cbra=2730.6777 requests_pbra=2768.6436 success_rate=0.7616 success_total_mean=6316.8853
2025-11-18 17:15:30.694 | INFO     | __main__:_log_metrics:20 - iter=0037 reward=3949.2610 ESS=0.8133 acb_factor_mean=0.5269 clip_fraction=0.2109 collision_rate=0.2450 collision_total_mean=2069.3699 entropy=-0.1950 explained_variance=-1.1140 kl_approx=17.1438 loss_critic=54130.1055 loss_entropy=0.0019 loss_objective=0.0285 preamble_cbra=6.0000 preamble_cfra=43.0000 preamble_pbra=15.0000 requests_cbra=2824.4014 requests_pbra=2947.5061 success_rate=0.7550 success_total_mean=6376.9736
2025-11-18 17:15:36.978 | INFO     | __main__:_log_metrics:20 - iter=0038 reward=3637.3152 ESS=0.9135 acb_factor_mean=0.5305 clip_fraction=0.0938 collision_rate=0.2652 collision_total_mean=2273.3706 entropy=-0.2796 explained_variance=-1.5915 kl_approx=4.9250 loss_critic=61539.3438 loss_entropy=0.0028 loss_objective=0.0217 preamble_cbra=5.0000 preamble_cfra=45.0000 preamble_pbra=13.0000 requests_cbra=2913.9578 requests_pbra=3030.8711 success_rate=0.7348 success_total_mean=6300.1260
2025-11-18 17:15:43.231 | INFO     | __main__:_log_metrics:20 - iter=0039 reward=3834.8081 ESS=0.9107 acb_factor_mean=0.5235 clip_fraction=0.1016 collision_rate=0.2626 collision_total_mean=2317.6528 entropy=-0.1174 explained_variance=-0.9843 kl_approx=4.6139 loss_critic=52301.1445 loss_entropy=0.0012 loss_objective=0.0017 preamble_cbra=5.0000 preamble_cfra=47.0000 preamble_pbra=12.0000 requests_cbra=3024.1587 requests_pbra=3139.8999 success_rate=0.7374 success_total_mean=6507.1528
2025-11-18 17:15:49.330 | INFO     | __main__:_log_metrics:20 - iter=0040 reward=3503.8494 ESS=0.8979 acb_factor_mean=0.5257 clip_fraction=0.1016 collision_rate=0.2511 collision_total_mean=2122.6777 entropy=-0.1273 explained_variance=-2.1016 kl_approx=8.2581 loss_critic=58778.8516 loss_entropy=0.0013 loss_objective=0.0399 preamble_cbra=5.0000 preamble_cfra=48.0000 preamble_pbra=10.0000 requests_cbra=2659.0686 requests_pbra=2987.5659 success_rate=0.7489 success_total_mean=6330.1426
2025-11-18 17:15:55.002 | INFO     | __main__:_log_metrics:20 - iter=0041 reward=3876.2383 ESS=0.8666 acb_factor_mean=0.5317 clip_fraction=0.1406 collision_rate=0.2598 collision_total_mean=2298.2109 entropy=-0.3497 explained_variance=-0.9082 kl_approx=6.4118 loss_critic=48431.1211 loss_entropy=0.0035 loss_objective=0.0491 preamble_cbra=7.0000 preamble_cfra=46.0000 preamble_pbra=10.0000 requests_cbra=2811.5034 requests_pbra=3338.7195 success_rate=0.7402 success_total_mean=6549.1177
2025-11-18 17:16:00.255 | INFO     | __main__:_log_metrics:20 - iter=0042 reward=3928.7444 ESS=0.8397 acb_factor_mean=0.5340 clip_fraction=0.1875 collision_rate=0.2302 collision_total_mean=1932.2621 entropy=-0.1360 explained_variance=-2.2340 kl_approx=9.7872 loss_critic=55684.8281 loss_entropy=0.0014 loss_objective=0.0167 preamble_cbra=6.0000 preamble_cfra=45.0000 preamble_pbra=13.0000 requests_cbra=2637.5747 requests_pbra=2880.0664 success_rate=0.7698 success_total_mean=6462.6084
2025-11-18 17:16:05.603 | INFO     | __main__:_log_metrics:20 - iter=0043 reward=3785.1677 ESS=0.8120 acb_factor_mean=0.5084 clip_fraction=0.1875 collision_rate=0.2430 collision_total_mean=2047.8414 entropy=-0.1770 explained_variance=-0.8438 kl_approx=29.2048 loss_critic=50820.3281 loss_entropy=0.0018 loss_objective=0.0472 preamble_cbra=5.0000 preamble_cfra=47.0000 preamble_pbra=12.0000 requests_cbra=2825.7019 requests_pbra=2941.3860 success_rate=0.7570 success_total_mean=6378.7603
2025-11-18 17:16:11.084 | INFO     | __main__:_log_metrics:20 - iter=0044 reward=3386.6030 ESS=0.8253 acb_factor_mean=0.5130 clip_fraction=0.1797 collision_rate=0.2804 collision_total_mean=2472.4500 entropy=-0.0323 explained_variance=-1.6391 kl_approx=30.2253 loss_critic=55075.2734 loss_entropy=0.0003 loss_objective=0.0157 preamble_cbra=6.0000 preamble_cfra=49.0000 preamble_pbra=9.0000 requests_cbra=2843.1233 requests_pbra=3430.1150 success_rate=0.7196 success_total_mean=6345.7397
2025-11-18 17:16:16.750 | INFO     | __main__:_log_metrics:20 - iter=0045 reward=3221.4363 ESS=0.2573 acb_factor_mean=0.5170 clip_fraction=0.0859 collision_rate=0.2943 collision_total_mean=2627.8369 entropy=-0.1622 explained_variance=-0.7345 kl_approx=1.5717 loss_critic=50080.8359 loss_entropy=0.0016 loss_objective=0.1135 preamble_cbra=8.0000 preamble_cfra=50.0000 preamble_pbra=6.0000 requests_cbra=2699.2344 requests_pbra=3739.0601 success_rate=0.7057 success_total_mean=6301.2783
2025-11-18 17:16:22.846 | INFO     | __main__:_log_metrics:20 - iter=0046 reward=2958.3979 ESS=0.9455 acb_factor_mean=0.5062 clip_fraction=0.0547 collision_rate=0.2996 collision_total_mean=2644.0098 entropy=-0.0437 explained_variance=-1.1075 kl_approx=3.5349 loss_critic=51768.2695 loss_entropy=0.0004 loss_objective=0.0160 preamble_cbra=8.0000 preamble_cfra=51.0000 preamble_pbra=5.0000 requests_cbra=2642.6682 requests_pbra=3764.0801 success_rate=0.7004 success_total_mean=6181.9600
2025-11-18 17:16:28.843 | INFO     | __main__:_log_metrics:20 - iter=0047 reward=3217.9961 ESS=0.8869 acb_factor_mean=0.5178 clip_fraction=0.1250 collision_rate=0.3003 collision_total_mean=2744.3044 entropy=-0.1444 explained_variance=-0.7387 kl_approx=11.6710 loss_critic=48282.2031 loss_entropy=0.0014 loss_objective=0.0300 preamble_cbra=8.0000 preamble_cfra=51.0000 preamble_pbra=5.0000 requests_cbra=2739.6316 requests_pbra=3899.0078 success_rate=0.6997 success_total_mean=6393.9297
2025-11-18 17:16:35.234 | INFO     | __main__:_log_metrics:20 - iter=0048 reward=3343.7527 ESS=0.8732 acb_factor_mean=0.5138 clip_fraction=0.0547 collision_rate=0.2864 collision_total_mean=2561.3464 entropy=-0.0203 explained_variance=-0.5513 kl_approx=1.8893 loss_critic=42055.4453 loss_entropy=0.0002 loss_objective=0.0185 preamble_cbra=8.0000 preamble_cfra=51.0000 preamble_pbra=6.0000 requests_cbra=2646.9917 requests_pbra=3607.1738 success_rate=0.7136 success_total_mean=6382.0703
2025-11-18 17:16:41.126 | INFO     | __main__:_log_metrics:20 - iter=0049 reward=3558.9248 ESS=0.8884 acb_factor_mean=0.5094 clip_fraction=0.1172 collision_rate=0.2678 collision_total_mean=2317.9944 entropy=0.0142 explained_variance=-1.0175 kl_approx=10.7774 loss_critic=50644.3477 loss_entropy=-0.0001 loss_objective=-0.0029 preamble_cbra=7.0000 preamble_cfra=50.0000 preamble_pbra=7.0000 requests_cbra=2614.7012 requests_pbra=3428.3147 success_rate=0.7322 success_total_mean=6338.8960
2025-11-18 17:16:46.633 | INFO     | __main__:_log_metrics:20 - iter=0050 reward=2855.0862 ESS=0.9375 acb_factor_mean=0.5089 clip_fraction=0.0703 collision_rate=0.2974 collision_total_mean=2584.4695 entropy=-0.0489 explained_variance=-0.4234 kl_approx=2.2473 loss_critic=45596.2188 loss_entropy=0.0005 loss_objective=0.0154 preamble_cbra=7.0000 preamble_cfra=52.0000 preamble_pbra=5.0000 requests_cbra=2627.6777 requests_pbra=3557.3862 success_rate=0.7026 success_total_mean=6105.4053
2025-11-18 17:16:52.147 | INFO     | __main__:_log_metrics:20 - iter=0051 reward=2968.4275 ESS=0.9213 acb_factor_mean=0.5136 clip_fraction=0.0859 collision_rate=0.3049 collision_total_mean=2752.5698 entropy=-0.0813 explained_variance=-0.4541 kl_approx=11.6118 loss_critic=46244.1641 loss_entropy=0.0008 loss_objective=0.0088 preamble_cbra=7.0000 preamble_cfra=52.0000 preamble_pbra=5.0000 requests_cbra=2781.8406 requests_pbra=3801.0647 success_rate=0.6951 success_total_mean=6275.8291
2025-11-18 17:16:58.699 | INFO     | __main__:_log_metrics:20 - iter=0052 reward=2969.9329 ESS=0.9892 acb_factor_mean=0.5139 clip_fraction=0.0156 collision_rate=0.3151 collision_total_mean=2920.1128 entropy=-0.0871 explained_variance=-0.6583 kl_approx=0.3773 loss_critic=48713.6914 loss_entropy=0.0009 loss_objective=0.0052 preamble_cbra=7.0000 preamble_cfra=53.0000 preamble_pbra=4.0000 requests_cbra=2799.4236 requests_pbra=3909.4258 success_rate=0.6849 success_total_mean=6345.7568
2025-11-18 17:17:04.230 | INFO     | __main__:_log_metrics:20 - iter=0053 reward=2659.9163 ESS=0.9342 acb_factor_mean=0.4986 clip_fraction=0.0703 collision_rate=0.3012 collision_total_mean=2602.6421 entropy=-0.0400 explained_variance=-0.4954 kl_approx=6.9310 loss_critic=41034.9219 loss_entropy=0.0004 loss_objective=0.0019 preamble_cbra=6.0000 preamble_cfra=54.0000 preamble_pbra=4.0000 requests_cbra=2648.0515 requests_pbra=3548.8564 success_rate=0.6988 success_total_mean=6039.3853
2025-11-18 17:17:09.880 | INFO     | __main__:_log_metrics:20 - iter=0054 reward=2852.3572 ESS=0.7980 acb_factor_mean=0.5136 clip_fraction=0.2109 collision_rate=0.3018 collision_total_mean=2618.7012 entropy=-0.0821 explained_variance=-0.7843 kl_approx=81.0206 loss_critic=44666.9414 loss_entropy=0.0008 loss_objective=0.0497 preamble_cbra=8.0000 preamble_cfra=51.0000 preamble_pbra=4.0000 requests_cbra=2538.8552 requests_pbra=3655.4924 success_rate=0.6982 success_total_mean=6058.3892
2025-11-18 17:17:15.072 | INFO     | __main__:_log_metrics:20 - iter=0055 reward=4118.9541 ESS=0.9384 acb_factor_mean=0.5127 clip_fraction=0.0625 collision_rate=0.2402 collision_total_mean=2012.0415 entropy=-0.1057 explained_variance=-0.5435 kl_approx=6.5498 loss_critic=48059.9961 loss_entropy=0.0011 loss_objective=0.0137 preamble_cbra=15.0000 preamble_cfra=40.0000 preamble_pbra=9.0000 requests_cbra=2382.1196 requests_pbra=3438.1973 success_rate=0.7598 success_total_mean=6363.8672
2025-11-18 17:17:20.330 | INFO     | __main__:_log_metrics:20 - iter=0056 reward=4028.1069 ESS=0.9218 acb_factor_mean=0.5109 clip_fraction=0.0781 collision_rate=0.2468 collision_total_mean=2098.6099 entropy=-0.0304 explained_variance=-0.9993 kl_approx=6.0485 loss_critic=55464.2617 loss_entropy=0.0003 loss_objective=0.0400 preamble_cbra=12.0000 preamble_cfra=43.0000 preamble_pbra=9.0000 requests_cbra=2426.4143 requests_pbra=3404.0608 success_rate=0.7532 success_total_mean=6403.6406
2025-11-18 17:17:25.966 | INFO     | __main__:_log_metrics:20 - iter=0057 reward=3689.2588 ESS=0.9062 acb_factor_mean=0.5089 clip_fraction=0.0938 collision_rate=0.2503 collision_total_mean=2076.3481 entropy=-0.1430 explained_variance=-1.6063 kl_approx=7.4170 loss_critic=55588.0742 loss_entropy=0.0014 loss_objective=0.0078 preamble_cbra=11.0000 preamble_cfra=44.0000 preamble_pbra=9.0000 requests_cbra=2450.2886 requests_pbra=3311.8984 success_rate=0.7497 success_total_mean=6217.7500
2025-11-18 17:17:31.190 | INFO     | __main__:_log_metrics:20 - iter=0058 reward=4372.1650 ESS=0.9485 acb_factor_mean=0.5125 clip_fraction=0.0547 collision_rate=0.2319 collision_total_mean=2007.7241 entropy=-0.2525 explained_variance=-0.8059 kl_approx=3.2039 loss_critic=50057.3047 loss_entropy=0.0025 loss_objective=0.0150 preamble_cbra=12.0000 preamble_cfra=42.0000 preamble_pbra=10.0000 requests_cbra=2439.6238 requests_pbra=3391.1895 success_rate=0.7681 success_total_mean=6651.5488
2025-11-18 17:17:36.371 | INFO     | __main__:_log_metrics:20 - iter=0059 reward=4418.3701 ESS=0.8980 acb_factor_mean=0.5202 clip_fraction=0.1094 collision_rate=0.2232 collision_total_mean=1896.1069 entropy=-0.0231 explained_variance=-2.1704 kl_approx=10.9209 loss_critic=56275.6484 loss_entropy=0.0002 loss_objective=-0.0173 preamble_cbra=13.0000 preamble_cfra=40.0000 preamble_pbra=12.0000 requests_cbra=2431.5767 requests_pbra=3236.1067 success_rate=0.7768 success_total_mean=6599.9697
2025-11-18 17:17:41.740 | INFO     | __main__:_log_metrics:20 - iter=0060 reward=4710.4502 ESS=0.5618 acb_factor_mean=0.5200 clip_fraction=0.0859 collision_rate=0.1901 collision_total_mean=1504.6842 entropy=-0.3083 explained_variance=-0.5817 kl_approx=1.9823 loss_critic=58002.0156 loss_entropy=0.0031 loss_objective=0.0025 preamble_cbra=15.0000 preamble_cfra=34.0000 preamble_pbra=15.0000 requests_cbra=2230.0627 requests_pbra=2909.7278 success_rate=0.8099 success_total_mean=6412.5503
2025-11-18 17:17:47.346 | INFO     | __main__:_log_metrics:20 - iter=0061 reward=4705.3848 ESS=0.9216 acb_factor_mean=0.5187 clip_fraction=0.0781 collision_rate=0.1838 collision_total_mean=1426.1644 entropy=-0.1850 explained_variance=-1.8784 kl_approx=6.5568 loss_critic=70103.5625 loss_entropy=0.0019 loss_objective=0.0071 preamble_cbra=16.0000 preamble_cfra=34.0000 preamble_pbra=14.0000 requests_cbra=2133.0486 requests_pbra=2851.0620 success_rate=0.8162 success_total_mean=6332.7290
2025-11-18 17:17:53.226 | INFO     | __main__:_log_metrics:20 - iter=0062 reward=4650.3442 ESS=0.9232 acb_factor_mean=0.5160 clip_fraction=0.0781 collision_rate=0.1941 collision_total_mean=1568.5090 entropy=-0.0513 explained_variance=-1.6454 kl_approx=3.5008 loss_critic=70657.5312 loss_entropy=0.0005 loss_objective=-0.0011 preamble_cbra=13.0000 preamble_cfra=37.0000 preamble_pbra=14.0000 requests_cbra=2277.3218 requests_pbra=2993.0474 success_rate=0.8059 success_total_mean=6510.6299
2025-11-18 17:17:58.664 | INFO     | __main__:_log_metrics:20 - iter=0063 reward=5172.9736 ESS=0.9636 acb_factor_mean=0.5106 clip_fraction=0.0469 collision_rate=0.1717 collision_total_mean=1412.6980 entropy=-0.0396 explained_variance=-1.8236 kl_approx=0.3418 loss_critic=70471.0312 loss_entropy=0.0004 loss_objective=0.0079 preamble_cbra=15.0000 preamble_cfra=35.0000 preamble_pbra=14.0000 requests_cbra=2242.6794 requests_pbra=2943.9688 success_rate=0.8283 success_total_mean=6814.7715
2025-11-18 17:18:04.301 | INFO     | __main__:_log_metrics:20 - iter=0064 reward=4648.8477 ESS=0.8477 acb_factor_mean=0.5170 clip_fraction=0.1562 collision_rate=0.1868 collision_total_mean=1484.4535 entropy=-0.2245 explained_variance=-1.1338 kl_approx=13.0367 loss_critic=67825.0703 loss_entropy=0.0022 loss_objective=0.0277 preamble_cbra=15.0000 preamble_cfra=36.0000 preamble_pbra=14.0000 requests_cbra=2201.7061 requests_pbra=2929.5652 success_rate=0.8132 success_total_mean=6461.4854
2025-11-18 17:18:09.628 | INFO     | __main__:_log_metrics:20 - iter=0065 reward=4401.7261 ESS=0.9311 acb_factor_mean=0.5173 clip_fraction=0.0703 collision_rate=0.1917 collision_total_mean=1495.7205 entropy=-0.0827 explained_variance=-0.4843 kl_approx=3.4323 loss_critic=58533.8789 loss_entropy=0.0008 loss_objective=0.0027 preamble_cbra=15.0000 preamble_cfra=37.0000 preamble_pbra=12.0000 requests_cbra=2109.0818 requests_pbra=2904.4199 success_rate=0.8083 success_total_mean=6307.3750
2025-11-18 17:18:14.487 | INFO     | __main__:_log_metrics:20 - iter=0066 reward=4827.1973 ESS=0.8575 acb_factor_mean=0.5133 clip_fraction=0.1406 collision_rate=0.1827 collision_total_mean=1477.6614 entropy=-0.0965 explained_variance=-1.1994 kl_approx=5.5057 loss_critic=58541.9453 loss_entropy=0.0010 loss_objective=0.0658 preamble_cbra=12.0000 preamble_cfra=36.0000 preamble_pbra=15.0000 requests_cbra=2290.6165 requests_pbra=2869.0034 success_rate=0.8173 success_total_mean=6608.4082
2025-11-18 17:18:19.424 | INFO     | __main__:_log_metrics:20 - iter=0067 reward=4766.0742 ESS=0.0616 acb_factor_mean=0.5170 clip_fraction=0.0391 collision_rate=0.1872 collision_total_mean=1528.0126 entropy=0.0006 explained_variance=-1.4397 kl_approx=1.0132 loss_critic=59784.8555 loss_entropy=-0.0000 loss_objective=0.4680 preamble_cbra=13.0000 preamble_cfra=37.0000 preamble_pbra=13.0000 requests_cbra=2225.1294 requests_pbra=2961.4282 success_rate=0.8128 success_total_mean=6636.4033
2025-11-18 17:18:24.710 | INFO     | __main__:_log_metrics:20 - iter=0068 reward=5066.4951 ESS=0.9493 acb_factor_mean=0.5167 clip_fraction=0.0547 collision_rate=0.1887 collision_total_mean=1576.7505 entropy=-0.0980 explained_variance=-0.3629 kl_approx=6.8264 loss_critic=68206.7656 loss_entropy=0.0010 loss_objective=0.0052 preamble_cbra=16.0000 preamble_cfra=34.0000 preamble_pbra=14.0000 requests_cbra=2340.6909 requests_pbra=3151.8020 success_rate=0.8113 success_total_mean=6778.6182
2025-11-18 17:18:30.196 | INFO     | __main__:_log_metrics:20 - iter=0069 reward=4735.9551 ESS=0.9113 acb_factor_mean=0.5158 clip_fraction=0.1016 collision_rate=0.1873 collision_total_mean=1451.2875 entropy=-0.0909 explained_variance=-0.7285 kl_approx=9.0413 loss_critic=71486.6094 loss_entropy=0.0009 loss_objective=0.0311 preamble_cbra=17.0000 preamble_cfra=32.0000 preamble_pbra=15.0000 requests_cbra=2212.2764 requests_pbra=2929.0754 success_rate=0.8127 success_total_mean=6296.0430
2025-11-18 17:18:35.780 | INFO     | __main__:_log_metrics:20 - iter=0070 reward=4778.3755 ESS=0.9608 acb_factor_mean=0.5115 clip_fraction=0.0391 collision_rate=0.1900 collision_total_mean=1530.9561 entropy=-0.0158 explained_variance=-1.9585 kl_approx=1.6126 loss_critic=71824.4453 loss_entropy=0.0002 loss_objective=-0.0017 preamble_cbra=10.0000 preamble_cfra=36.0000 preamble_pbra=18.0000 requests_cbra=2392.4351 requests_pbra=2753.7151 success_rate=0.8100 success_total_mean=6528.5059
2025-11-18 17:18:41.387 | INFO     | __main__:_log_metrics:20 - iter=0071 reward=4851.1812 ESS=0.8347 acb_factor_mean=0.5089 clip_fraction=0.1719 collision_rate=0.1864 collision_total_mean=1531.9883 entropy=-0.0105 explained_variance=-1.5297 kl_approx=23.6280 loss_critic=60252.6953 loss_entropy=0.0001 loss_objective=0.0244 preamble_cbra=11.0000 preamble_cfra=38.0000 preamble_pbra=15.0000 requests_cbra=2398.0769 requests_pbra=2852.2715 success_rate=0.8136 success_total_mean=6687.7217
2025-11-18 17:18:46.174 | INFO     | __main__:_log_metrics:20 - iter=0072 reward=5112.5645 ESS=0.9356 acb_factor_mean=0.5071 clip_fraction=0.0703 collision_rate=0.1726 collision_total_mean=1338.9149 entropy=-0.0841 explained_variance=-0.5963 kl_approx=13.3026 loss_critic=77379.7891 loss_entropy=0.0008 loss_objective=0.0194 preamble_cbra=15.0000 preamble_cfra=26.0000 preamble_pbra=22.0000 requests_cbra=2416.0898 requests_pbra=2799.2744 success_rate=0.8274 success_total_mean=6416.4219
2025-11-18 17:18:50.750 | INFO     | __main__:_log_metrics:20 - iter=0073 reward=5246.7012 ESS=0.9488 acb_factor_mean=0.5101 clip_fraction=0.0547 collision_rate=0.1579 collision_total_mean=1194.0686 entropy=0.0037 explained_variance=-1.6842 kl_approx=2.5475 loss_critic=74885.6094 loss_entropy=-0.0000 loss_objective=0.0084 preamble_cbra=15.0000 preamble_cfra=24.0000 preamble_pbra=24.0000 requests_cbra=2313.9526 requests_pbra=2663.1968 success_rate=0.8421 success_total_mean=6369.8657
2025-11-18 17:18:55.302 | INFO     | __main__:_log_metrics:20 - iter=0074 reward=5147.7686 ESS=0.6933 acb_factor_mean=0.5059 clip_fraction=0.3203 collision_rate=0.1663 collision_total_mean=1281.1130 entropy=0.0095 explained_variance=-0.5870 kl_approx=124.0953 loss_critic=63555.6445 loss_entropy=-0.0001 loss_objective=0.1240 preamble_cbra=13.0000 preamble_cfra=28.0000 preamble_pbra=23.0000 requests_cbra=2357.1099 requests_pbra=2679.6030 success_rate=0.8337 success_total_mean=6422.5596
2025-11-18 17:18:59.726 | INFO     | __main__:_log_metrics:20 - iter=0075 reward=4717.0469 ESS=0.9768 acb_factor_mean=0.5042 clip_fraction=0.0234 collision_rate=0.1579 collision_total_mean=1051.1924 entropy=0.0173 explained_variance=0.1280 kl_approx=1.1058 loss_critic=69041.4062 loss_entropy=-0.0002 loss_objective=0.0243 preamble_cbra=25.0000 preamble_cfra=19.0000 preamble_pbra=20.0000 requests_cbra=1970.3108 requests_pbra=2648.2300 success_rate=0.8421 success_total_mean=5608.0293
2025-11-18 17:19:04.030 | INFO     | __main__:_log_metrics:20 - iter=0076 reward=4587.1191 ESS=0.9748 acb_factor_mean=0.5040 clip_fraction=0.0391 collision_rate=0.1781 collision_total_mean=1218.7141 entropy=-0.0352 explained_variance=-0.0121 kl_approx=1.2562 loss_critic=72651.2031 loss_entropy=0.0004 loss_objective=0.0150 preamble_cbra=26.0000 preamble_cfra=21.0000 preamble_pbra=17.0000 requests_cbra=2004.7798 requests_pbra=2874.3774 success_rate=0.8219 success_total_mean=5624.4824
2025-11-18 17:19:08.534 | INFO     | __main__:_log_metrics:20 - iter=0077 reward=3536.5803 ESS=0.9682 acb_factor_mean=0.5044 clip_fraction=0.0391 collision_rate=0.2539 collision_total_mean=1525.4893 entropy=-0.0316 explained_variance=0.5150 kl_approx=10.8138 loss_critic=63991.7852 loss_entropy=0.0003 loss_objective=0.0042 preamble_cbra=38.0000 preamble_cfra=11.0000 preamble_pbra=15.0000 requests_cbra=2060.3259 requests_pbra=3421.0225 success_rate=0.7461 success_total_mean=4483.3052
2025-11-18 17:19:12.997 | INFO     | __main__:_log_metrics:20 - iter=0078 reward=4235.5581 ESS=0.9920 acb_factor_mean=0.5022 clip_fraction=0.0078 collision_rate=0.1960 collision_total_mean=1310.0449 entropy=0.0267 explained_variance=0.6327 kl_approx=0.1270 loss_critic=61583.9258 loss_entropy=-0.0003 loss_objective=0.0060 preamble_cbra=27.0000 preamble_cfra=21.0000 preamble_pbra=16.0000 requests_cbra=2000.0029 requests_pbra=2929.1204 success_rate=0.8040 success_total_mean=5374.3633
2025-11-18 17:19:17.969 | INFO     | __main__:_log_metrics:20 - iter=0079 reward=4050.2283 ESS=0.9802 acb_factor_mean=0.5030 clip_fraction=0.0234 collision_rate=0.2042 collision_total_mean=1321.1488 entropy=0.0059 explained_variance=0.5756 kl_approx=0.3535 loss_critic=63401.4688 loss_entropy=-0.0001 loss_objective=0.0069 preamble_cbra=29.0000 preamble_cfra=20.0000 preamble_pbra=15.0000 requests_cbra=1931.7109 requests_pbra=2990.7385 success_rate=0.7958 success_total_mean=5148.7256
2025-11-18 17:19:22.810 | INFO     | __main__:_log_metrics:20 - iter=0080 reward=3694.9180 ESS=0.8877 acb_factor_mean=0.5100 clip_fraction=0.0703 collision_rate=0.2345 collision_total_mean=1482.6731 entropy=-0.0308 explained_variance=0.4865 kl_approx=0.6424 loss_critic=69094.8281 loss_entropy=0.0003 loss_objective=0.0145 preamble_cbra=33.0000 preamble_cfra=18.0000 preamble_pbra=13.0000 requests_cbra=1942.1531 requests_pbra=3128.3682 success_rate=0.7655 success_total_mean=4840.2290
2025-11-18 17:19:27.295 | INFO     | __main__:_log_metrics:20 - iter=0081 reward=4355.0557 ESS=0.9765 acb_factor_mean=0.5045 clip_fraction=0.0234 collision_rate=0.1907 collision_total_mean=1302.5266 entropy=0.0000 explained_variance=0.6761 kl_approx=5.2639 loss_critic=58664.1836 loss_entropy=-0.0000 loss_objective=0.0103 preamble_cbra=29.0000 preamble_cfra=22.0000 preamble_pbra=13.0000 requests_cbra=1933.3578 requests_pbra=3021.9285 success_rate=0.8093 success_total_mean=5527.5566
2025-11-18 17:19:31.676 | INFO     | __main__:_log_metrics:20 - iter=0082 reward=3723.7507 ESS=0.9764 acb_factor_mean=0.5100 clip_fraction=0.0234 collision_rate=0.2292 collision_total_mean=1392.9883 entropy=-0.0325 explained_variance=0.5897 kl_approx=1.5703 loss_critic=58067.5859 loss_entropy=0.0003 loss_objective=0.0012 preamble_cbra=37.0000 preamble_cfra=15.0000 preamble_pbra=12.0000 requests_cbra=1892.3225 requests_pbra=3179.1060 success_rate=0.7708 success_total_mean=4684.7759
2025-11-18 17:19:36.147 | INFO     | __main__:_log_metrics:20 - iter=0083 reward=3298.1748 ESS=0.9344 acb_factor_mean=0.5080 clip_fraction=0.0781 collision_rate=0.2608 collision_total_mean=1536.8076 entropy=-0.0993 explained_variance=0.7719 kl_approx=6.7499 loss_critic=47023.4531 loss_entropy=0.0010 loss_objective=0.0361 preamble_cbra=38.0000 preamble_cfra=15.0000 preamble_pbra=11.0000 requests_cbra=1897.2231 requests_pbra=3327.6465 success_rate=0.7392 success_total_mean=4356.7681
2025-11-18 17:19:40.307 | INFO     | __main__:_log_metrics:20 - iter=0084 reward=4027.6167 ESS=0.9687 acb_factor_mean=0.5099 clip_fraction=0.0312 collision_rate=0.1957 collision_total_mean=1170.2152 entropy=-0.0010 explained_variance=0.6987 kl_approx=0.8552 loss_critic=52746.6875 loss_entropy=0.0000 loss_objective=0.0082 preamble_cbra=33.0000 preamble_cfra=13.0000 preamble_pbra=18.0000 requests_cbra=1931.6979 requests_pbra=2919.6978 success_rate=0.8043 success_total_mean=4810.0337
2025-11-18 17:19:45.139 | INFO     | __main__:_log_metrics:20 - iter=0085 reward=4921.1421 ESS=0.9175 acb_factor_mean=0.5026 clip_fraction=0.0859 collision_rate=0.1540 collision_total_mean=1053.7380 entropy=-0.0289 explained_variance=0.6577 kl_approx=3.2043 loss_critic=65839.8672 loss_entropy=0.0003 loss_objective=0.0353 preamble_cbra=27.0000 preamble_cfra=19.0000 preamble_pbra=19.0000 requests_cbra=1966.7804 requests_pbra=2759.7412 success_rate=0.8460 success_total_mean=5789.1738
2025-11-18 19:36:33.594 | INFO     | __main__:_load_yaml_config:6 - Loaded configuration from conf\default.yaml
2025-11-18 19:36:33.598 | INFO     | __main__:<module>:18 - Logger initialized (level=INFO, file=logs/train.log)
2025-11-18 19:36:33.599 | INFO     | __main__:<module>:45 - env_config SatelliteMACEnvConfig(num_slots_per_step=160, decision_horizon=256, history_len=4, simulator_config=MACSimulatorConfig(regions=(RegionTrafficProfile(name='urban', area_weight=0.4, cbra_density=1.2, pbra_density=1.5, handover_intensity=0.8, scheduling_period=160, noise_scale=0.2, cox_intensity_mean=1.6, cox_intensity_variance=0.7, cox_grid=(10, 10), region_bounds=(-2.0, 2.0, -2.0, 2.0), batch_mean=12.0, batch_std=0.6, residence_time_mean=8.0), RegionTrafficProfile(name='suburban', area_weight=0.35, cbra_density=0.8, pbra_density=0.9, handover_intensity=0.5, scheduling_period=200, noise_scale=0.15, cox_intensity_mean=1.2, cox_intensity_variance=0.5, cox_grid=(8, 8), region_bounds=(-1.5, 1.5, -1.5, 1.5), batch_mean=8.0, batch_std=0.5, residence_time_mean=6.0), RegionTrafficProfile(name='rural', area_weight=0.25, cbra_density=0.3, pbra_density=0.4, handover_intensity=0.2, scheduling_period=320, noise_scale=0.1, cox_intensity_mean=0.9, cox_intensity_variance=0.3, cox_grid=(6, 6), region_bounds=(-1.0, 1.0, -1.0, 1.0), batch_mean=4.0, batch_std=0.4, residence_time_mean=4.5)), history_size=10, protocol_count=4, preamble_subset_count=8, total_preambles=64, base_preamble_split=(24, 24, 16), reward_weights={'throughput': 1.0, 'collision': -0.5, 'cfra_mse': -1}, region_transition_matrix=None, coverage_patches=None, coverage_drift_radius=1.0, coverage_cycle_slots=1440.0, coverage_jitter=0.05, coverage_smoothing=0.2, coverage_total_footprint=1.0, backoff_strategy=BackoffStrategyConfig(low=BackoffWindow(min_steps=0, max_steps=4), medium=BackoffWindow(min_steps=1, max_steps=12), high=BackoffWindow(min_steps=6, max_steps=24), collision_threshold_medium=0.05, collision_threshold_high=0.1, max_backlog_steps=48)), preamble_delta_range=2, flatten_observation=True)
2025-11-18 19:36:33.599 | INFO     | __main__:<module>:68 - train_config HPPOConfig(frames_per_batch=4096, mini_batch_size=128, rollout_epochs=4, max_iterations=200, gamma=0.99, gae_lambda=0.95, clip_epsilon=0.2, entropy_coeff=0.01, actor_lr=0.0001, critic_lr=5e-05, device=device(type='cpu'))
2025-11-18 19:36:33.601 | INFO     | __main__:<module>:75 - Config ready | seed=42 frames_per_batch=4096 horizon=256 num_envs=8 backend=parallel parallel=True
2025-11-18 19:36:39.370 | INFO     | __main__:<module>:21 - TorchRL env constructed (observation=torch.Size([8, 72]),  num_envs=8, backend=parallel, parallel=True)
2025-11-18 19:36:39.379 | INFO     | __main__:<module>:22 - Starting notebook PPO run
2025-11-18 19:36:43.359 | INFO     | __main__:_log_metrics:20 - iter=0000 reward=1381.2716 ESS=0.5928 acb_factor_mean=0.4800 clip_fraction=0.3438 collision_rate=0.3725 collision_total_mean=1169.8901 entropy=-0.7655 explained_variance=-0.6066 kl_approx=17.6120 loss_critic=10103.1826 loss_entropy=0.0077 loss_objective=0.1443 preamble_cbra=6.0000 preamble_cfra=2.0000 preamble_pbra=57.0000 requests_cbra=2694.7632 requests_pbra=2203.6919 success_rate=0.6275 success_total_mean=1971.1045
2025-11-18 19:36:47.914 | INFO     | __main__:_log_metrics:20 - iter=0001 reward=1286.4810 ESS=0.7729 acb_factor_mean=0.5108 clip_fraction=0.2578 collision_rate=0.4221 collision_total_mean=1484.6868 entropy=-0.3253 explained_variance=-1.1483 kl_approx=13.4961 loss_critic=10786.2871 loss_entropy=0.0033 loss_objective=0.0983 preamble_cbra=5.0000 preamble_cfra=2.0000 preamble_pbra=58.0000 requests_cbra=3048.6318 requests_pbra=2219.8950 success_rate=0.5779 success_total_mean=2032.6434
2025-11-18 19:36:52.475 | INFO     | __main__:_log_metrics:20 - iter=0002 reward=1603.0392 ESS=0.6204 acb_factor_mean=0.5689 clip_fraction=0.4219 collision_rate=0.3733 collision_total_mean=1365.2429 entropy=-0.4689 explained_variance=-0.1674 kl_approx=79.1860 loss_critic=15047.4131 loss_entropy=0.0047 loss_objective=0.0579 preamble_cbra=8.0000 preamble_cfra=2.0000 preamble_pbra=54.0000 requests_cbra=2772.6523 requests_pbra=2186.9163 success_rate=0.6267 success_total_mean=2291.6006
2025-11-18 19:36:56.916 | INFO     | __main__:_log_metrics:20 - iter=0003 reward=2295.9163 ESS=0.0643 acb_factor_mean=0.6300 clip_fraction=0.4453 collision_rate=0.2848 collision_total_mean=1144.1320 entropy=-0.7321 explained_variance=-0.2957 kl_approx=139.4599 loss_critic=21781.2617 loss_entropy=0.0073 loss_objective=0.0061 preamble_cbra=15.0000 preamble_cfra=2.0000 preamble_pbra=47.0000 requests_cbra=2519.6348 requests_pbra=2383.1189 success_rate=0.7152 success_total_mean=2872.7207
2025-11-18 19:37:01.461 | INFO     | __main__:_log_metrics:20 - iter=0004 reward=1664.0793 ESS=0.8967 acb_factor_mean=0.5632 clip_fraction=0.1484 collision_rate=0.3914 collision_total_mean=1590.3821 entropy=-0.1586 explained_variance=0.5283 kl_approx=8.0810 loss_critic=17900.9629 loss_entropy=0.0016 loss_objective=0.0527 preamble_cbra=7.0000 preamble_cfra=2.0000 preamble_pbra=55.0000 requests_cbra=3067.6194 requests_pbra=2284.5066 success_rate=0.6086 success_total_mean=2472.5115
2025-11-18 19:37:05.871 | INFO     | __main__:_log_metrics:20 - iter=0005 reward=2097.3870 ESS=0.8909 acb_factor_mean=0.5281 clip_fraction=0.1250 collision_rate=0.3138 collision_total_mean=1252.3748 entropy=-0.2469 explained_variance=0.6058 kl_approx=8.3415 loss_critic=19587.2695 loss_entropy=0.0025 loss_objective=0.0535 preamble_cbra=9.0000 preamble_cfra=3.0000 preamble_pbra=52.0000 requests_cbra=2720.1946 requests_pbra=2252.8132 success_rate=0.6862 success_total_mean=2738.3413
2025-11-18 19:37:10.191 | INFO     | __main__:_log_metrics:20 - iter=0006 reward=3187.8357 ESS=0.6155 acb_factor_mean=0.5607 clip_fraction=0.3984 collision_rate=0.2028 collision_total_mean=941.4181 entropy=0.0306 explained_variance=0.2428 kl_approx=63.0358 loss_critic=36840.2617 loss_entropy=-0.0003 loss_objective=0.0345 preamble_cbra=15.0000 preamble_cfra=5.0000 preamble_pbra=44.0000 requests_cbra=2352.5435 requests_pbra=2332.6560 success_rate=0.7972 success_total_mean=3700.3438
2025-11-18 19:37:15.838 | INFO     | __main__:_log_metrics:20 - iter=0007 reward=4749.5806 ESS=0.9196 acb_factor_mean=0.5070 clip_fraction=0.0469 collision_rate=0.1179 collision_total_mean=700.4080 entropy=0.0024 explained_variance=-1.1122 kl_approx=3.1230 loss_critic=69153.3750 loss_entropy=-0.0000 loss_objective=0.0254 preamble_cbra=16.0000 preamble_cfra=11.0000 preamble_pbra=36.0000 requests_cbra=2179.5229 requests_pbra=2363.7935 success_rate=0.8821 success_total_mean=5242.3047
2025-11-18 19:37:20.718 | INFO     | __main__:_log_metrics:20 - iter=0008 reward=4502.3823 ESS=0.8672 acb_factor_mean=0.5000 clip_fraction=0.1328 collision_rate=0.1259 collision_total_mean=719.5649 entropy=0.0016 explained_variance=-0.1013 kl_approx=11.5037 loss_critic=62394.3906 loss_entropy=-0.0000 loss_objective=0.0550 preamble_cbra=17.0000 preamble_cfra=11.0000 preamble_pbra=36.0000 requests_cbra=2170.4998 requests_pbra=2418.3132 success_rate=0.8741 success_total_mean=4998.0381
2025-11-18 19:37:25.354 | INFO     | __main__:_log_metrics:20 - iter=0009 reward=4274.2856 ESS=0.8967 acb_factor_mean=0.5031 clip_fraction=0.1250 collision_rate=0.1158 collision_total_mean=610.5404 entropy=-0.0807 explained_variance=-0.7458 kl_approx=12.3130 loss_critic=65528.5625 loss_entropy=0.0008 loss_objective=0.0477 preamble_cbra=21.0000 preamble_cfra=8.0000 preamble_pbra=35.0000 requests_cbra=2079.3174 requests_pbra=2392.6289 success_rate=0.8842 success_total_mean=4663.5044
2025-11-18 19:37:30.061 | INFO     | __main__:_log_metrics:20 - iter=0010 reward=4059.4087 ESS=0.8973 acb_factor_mean=0.5055 clip_fraction=0.1094 collision_rate=0.1138 collision_total_mean=567.9581 entropy=-0.0150 explained_variance=-0.6032 kl_approx=9.5274 loss_critic=68687.9531 loss_entropy=0.0002 loss_objective=0.0280 preamble_cbra=21.0000 preamble_cfra=8.0000 preamble_pbra=35.0000 requests_cbra=1950.5304 requests_pbra=2244.0293 success_rate=0.8862 success_total_mean=4424.2383
2025-11-18 19:37:34.801 | INFO     | __main__:_log_metrics:20 - iter=0011 reward=4247.9355 ESS=0.9532 acb_factor_mean=0.4999 clip_fraction=0.0469 collision_rate=0.1346 collision_total_mean=743.5061 entropy=0.0006 explained_variance=-0.0378 kl_approx=2.0628 loss_critic=58690.3281 loss_entropy=-0.0000 loss_objective=0.0005 preamble_cbra=15.0000 preamble_cfra=11.0000 preamble_pbra=38.0000 requests_cbra=2191.0400 requests_pbra=2334.4209 success_rate=0.8654 success_total_mean=4778.7207
2025-11-18 19:37:39.673 | INFO     | __main__:_log_metrics:20 - iter=0012 reward=4461.1196 ESS=0.8904 acb_factor_mean=0.5035 clip_fraction=0.1094 collision_rate=0.1310 collision_total_mean=764.1871 entropy=0.0239 explained_variance=-0.7659 kl_approx=9.7424 loss_critic=79131.6250 loss_entropy=-0.0002 loss_objective=0.0414 preamble_cbra=14.0000 preamble_cfra=13.0000 preamble_pbra=37.0000 requests_cbra=2207.8015 requests_pbra=2324.4146 success_rate=0.8690 success_total_mean=5071.1240
2025-11-18 19:37:44.386 | INFO     | __main__:_log_metrics:20 - iter=0013 reward=4331.4165 ESS=0.9296 acb_factor_mean=0.4914 clip_fraction=0.0781 collision_rate=0.1051 collision_total_mean=559.8070 entropy=0.0310 explained_variance=-1.0999 kl_approx=2.8921 loss_critic=79686.5156 loss_entropy=-0.0003 loss_objective=0.0083 preamble_cbra=17.0000 preamble_cfra=11.0000 preamble_pbra=36.0000 requests_cbra=2001.4790 requests_pbra=2221.0005 success_rate=0.8949 success_total_mean=4767.7803
2025-11-18 19:37:49.565 | INFO     | __main__:_log_metrics:20 - iter=0014 reward=4642.1318 ESS=0.9035 acb_factor_mean=0.5004 clip_fraction=0.1016 collision_rate=0.1315 collision_total_mean=780.6743 entropy=0.0053 explained_variance=-0.5533 kl_approx=22.7221 loss_critic=69532.4531 loss_entropy=-0.0001 loss_objective=0.0378 preamble_cbra=19.0000 preamble_cfra=11.0000 preamble_pbra=35.0000 requests_cbra=2253.5876 requests_pbra=2516.3110 success_rate=0.8685 success_total_mean=5155.1943
2025-11-18 19:37:54.476 | INFO     | __main__:_log_metrics:20 - iter=0015 reward=4155.5176 ESS=0.7319 acb_factor_mean=0.5011 clip_fraction=0.2734 collision_rate=0.1232 collision_total_mean=644.3098 entropy=0.0003 explained_variance=0.0330 kl_approx=112.4004 loss_critic=58503.8086 loss_entropy=-0.0000 loss_objective=0.0488 preamble_cbra=27.0000 preamble_cfra=9.0000 preamble_pbra=28.0000 requests_cbra=1949.0969 requests_pbra=2452.2671 success_rate=0.8768 success_total_mean=4586.7871
2025-11-18 19:37:59.548 | INFO     | __main__:_log_metrics:20 - iter=0016 reward=5114.4341 ESS=0.8899 acb_factor_mean=0.5029 clip_fraction=0.1172 collision_rate=0.1030 collision_total_mean=647.0458 entropy=-0.0175 explained_variance=-1.2540 kl_approx=16.6220 loss_critic=77878.5156 loss_entropy=0.0002 loss_objective=0.0347 preamble_cbra=23.0000 preamble_cfra=13.0000 preamble_pbra=28.0000 requests_cbra=2038.2947 requests_pbra=2477.9612 success_rate=0.8970 success_total_mean=5633.7217
2025-11-18 19:38:04.602 | INFO     | __main__:_log_metrics:20 - iter=0017 reward=5656.8350 ESS=0.7813 acb_factor_mean=0.4999 clip_fraction=0.2188 collision_rate=0.1150 collision_total_mean=830.3369 entropy=0.0008 explained_variance=-1.0085 kl_approx=71.2391 loss_critic=79191.2500 loss_entropy=-0.0000 loss_objective=0.0451 preamble_cbra=21.0000 preamble_cfra=19.0000 preamble_pbra=24.0000 requests_cbra=2162.2515 requests_pbra=2628.8887 success_rate=0.8850 success_total_mean=6390.3916
2025-11-18 19:38:09.853 | INFO     | __main__:_log_metrics:20 - iter=0018 reward=5421.0615 ESS=0.7655 acb_factor_mean=0.5027 clip_fraction=0.2344 collision_rate=0.1419 collision_total_mean=1082.7671 entropy=0.0225 explained_variance=-0.6427 kl_approx=81.9234 loss_critic=65815.3047 loss_entropy=-0.0002 loss_objective=0.0767 preamble_cbra=9.0000 preamble_cfra=26.0000 preamble_pbra=29.0000 requests_cbra=2395.0825 requests_pbra=2368.6318 success_rate=0.8581 success_total_mean=6550.2046
2025-11-18 19:38:15.347 | INFO     | __main__:_log_metrics:20 - iter=0019 reward=4486.1357 ESS=0.8356 acb_factor_mean=0.5006 clip_fraction=0.1719 collision_rate=0.1982 collision_total_mean=1400.0398 entropy=0.0236 explained_variance=-0.6534 kl_approx=31.4335 loss_critic=69880.5781 loss_entropy=-0.0002 loss_objective=0.0455 preamble_cbra=5.0000 preamble_cfra=22.0000 preamble_pbra=38.0000 requests_cbra=2750.9387 requests_pbra=2225.2297 success_rate=0.8018 success_total_mean=5662.0806
2025-11-18 19:38:20.772 | INFO     | __main__:_log_metrics:20 - iter=0020 reward=4508.6860 ESS=0.8913 acb_factor_mean=0.4979 clip_fraction=0.1094 collision_rate=0.2025 collision_total_mean=1423.7489 entropy=0.0015 explained_variance=0.0608 kl_approx=35.0110 loss_critic=57320.4727 loss_entropy=-0.0000 loss_objective=0.0113 preamble_cbra=6.0000 preamble_cfra=19.0000 preamble_pbra=39.0000 requests_cbra=2819.5835 requests_pbra=2381.9661 success_rate=0.7975 success_total_mean=5608.2168
2025-11-18 19:38:26.214 | INFO     | __main__:_log_metrics:20 - iter=0021 reward=4824.7256 ESS=0.8594 acb_factor_mean=0.5045 clip_fraction=0.1406 collision_rate=0.2070 collision_total_mean=1590.4143 entropy=0.0000 explained_variance=-0.4993 kl_approx=26.3896 loss_critic=64510.3516 loss_entropy=-0.0000 loss_objective=0.0458 preamble_cbra=5.0000 preamble_cfra=23.0000 preamble_pbra=36.0000 requests_cbra=3008.2368 requests_pbra=2415.8320 success_rate=0.7930 success_total_mean=6094.2021
2025-11-18 19:38:31.667 | INFO     | __main__:_log_metrics:20 - iter=0022 reward=3830.3071 ESS=0.9189 acb_factor_mean=0.5011 clip_fraction=0.0859 collision_rate=0.2449 collision_total_mean=1599.2275 entropy=0.0049 explained_variance=0.2205 kl_approx=11.6067 loss_critic=59179.3008 loss_entropy=-0.0000 loss_objective=0.0167 preamble_cbra=4.0000 preamble_cfra=16.0000 preamble_pbra=44.0000 requests_cbra=3024.0503 requests_pbra=2344.7937 success_rate=0.7551 success_total_mean=4930.2036
2025-11-18 19:38:37.087 | INFO     | __main__:_log_metrics:20 - iter=0023 reward=3701.1853 ESS=0.9123 acb_factor_mean=0.5021 clip_fraction=0.1016 collision_rate=0.2391 collision_total_mean=1512.3579 entropy=0.0202 explained_variance=0.2884 kl_approx=8.2012 loss_critic=59027.3477 loss_entropy=-0.0002 loss_objective=0.0001 preamble_cbra=4.0000 preamble_cfra=16.0000 preamble_pbra=44.0000 requests_cbra=2897.4873 requests_pbra=2251.5710 success_rate=0.7609 success_total_mean=4812.3813
2025-11-18 19:38:42.469 | INFO     | __main__:_log_metrics:20 - iter=0024 reward=3934.5745 ESS=0.6982 acb_factor_mean=0.4935 clip_fraction=0.1172 collision_rate=0.2241 collision_total_mean=1413.1855 entropy=0.0041 explained_variance=0.5246 kl_approx=14.0543 loss_critic=54069.2578 loss_entropy=-0.0000 loss_objective=0.0221 preamble_cbra=5.0000 preamble_cfra=14.0000 preamble_pbra=44.0000 requests_cbra=2799.3069 requests_pbra=2293.8438 success_rate=0.7759 success_total_mean=4892.4849
2025-11-18 19:38:47.779 | INFO     | __main__:_log_metrics:20 - iter=0025 reward=4430.8521 ESS=0.8754 acb_factor_mean=0.5001 clip_fraction=0.1250 collision_rate=0.1968 collision_total_mean=1355.6239 entropy=0.0246 explained_variance=0.0477 kl_approx=27.4537 loss_critic=56797.8008 loss_entropy=-0.0002 loss_objective=0.0225 preamble_cbra=5.0000 preamble_cfra=20.0000 preamble_pbra=39.0000 requests_cbra=2801.2881 requests_pbra=2302.6672 success_rate=0.8032 success_total_mean=5531.4375
2025-11-18 19:38:53.222 | INFO     | __main__:_log_metrics:20 - iter=0026 reward=4052.8711 ESS=0.7942 acb_factor_mean=0.5031 clip_fraction=0.1719 collision_rate=0.2185 collision_total_mean=1432.3716 entropy=0.0229 explained_variance=0.4192 kl_approx=59.4524 loss_critic=56446.8125 loss_entropy=-0.0002 loss_objective=0.0428 preamble_cbra=4.0000 preamble_cfra=18.0000 preamble_pbra=41.0000 requests_cbra=2836.0068 requests_pbra=2210.6338 success_rate=0.7815 success_total_mean=5124.5356
2025-11-18 19:38:58.757 | INFO     | __main__:_log_metrics:20 - iter=0027 reward=3733.0000 ESS=0.9605 acb_factor_mean=0.5018 clip_fraction=0.0469 collision_rate=0.2563 collision_total_mean=1705.2849 entropy=0.0515 explained_variance=0.4433 kl_approx=10.0049 loss_critic=53348.1328 loss_entropy=-0.0005 loss_objective=0.0055 preamble_cbra=3.0000 preamble_cfra=17.0000 preamble_pbra=44.0000 requests_cbra=3132.7690 requests_pbra=2321.1963 success_rate=0.7437 success_total_mean=4948.3057
2025-11-18 19:39:04.116 | INFO     | __main__:_log_metrics:20 - iter=0028 reward=3192.9287 ESS=0.9687 acb_factor_mean=0.4981 clip_fraction=0.0312 collision_rate=0.2809 collision_total_mean=1690.2737 entropy=0.0000 explained_variance=0.5932 kl_approx=4.2095 loss_critic=42775.9531 loss_entropy=-0.0000 loss_objective=-0.0073 preamble_cbra=3.0000 preamble_cfra=14.0000 preamble_pbra=47.0000 requests_cbra=3197.1196 requests_pbra=2309.5076 success_rate=0.7191 success_total_mean=4327.8926
2025-11-18 19:39:09.447 | INFO     | __main__:_log_metrics:20 - iter=0029 reward=3360.6550 ESS=0.9687 acb_factor_mean=0.5033 clip_fraction=0.0312 collision_rate=0.2693 collision_total_mean=1638.0269 entropy=0.0000 explained_variance=0.6603 kl_approx=3.0171 loss_critic=41289.8438 loss_entropy=-0.0000 loss_objective=-0.0031 preamble_cbra=3.0000 preamble_cfra=14.0000 preamble_pbra=47.0000 requests_cbra=3145.1292 requests_pbra=2308.6448 success_rate=0.7307 success_total_mean=4444.3438
2025-11-18 19:39:14.761 | INFO     | __main__:_log_metrics:20 - iter=0030 reward=3572.7722 ESS=0.9006 acb_factor_mean=0.5014 clip_fraction=0.1016 collision_rate=0.2473 collision_total_mean=1545.2660 entropy=0.0256 explained_variance=0.5617 kl_approx=13.3540 loss_critic=48646.9453 loss_entropy=-0.0003 loss_objective=0.0458 preamble_cbra=3.0000 preamble_cfra=17.0000 preamble_pbra=43.0000 requests_cbra=2918.6084 requests_pbra=2177.2593 success_rate=0.7527 success_total_mean=4704.5293
2025-11-18 19:39:20.178 | INFO     | __main__:_log_metrics:20 - iter=0031 reward=4138.1465 ESS=0.9766 acb_factor_mean=0.5023 clip_fraction=0.0234 collision_rate=0.2413 collision_total_mean=1718.9901 entropy=-0.0000 explained_variance=0.5838 kl_approx=2.8747 loss_critic=48813.4766 loss_entropy=0.0000 loss_objective=0.0016 preamble_cbra=3.0000 preamble_cfra=20.0000 preamble_pbra=41.0000 requests_cbra=3188.6240 requests_pbra=2342.2847 success_rate=0.7587 success_total_mean=5403.6641
2025-11-18 19:39:25.445 | INFO     | __main__:_log_metrics:20 - iter=0032 reward=4152.8296 ESS=0.8985 acb_factor_mean=0.4932 clip_fraction=0.1016 collision_rate=0.2357 collision_total_mean=1654.9546 entropy=0.0001 explained_variance=0.5464 kl_approx=18.3284 loss_critic=51589.0117 loss_entropy=-0.0000 loss_objective=0.0266 preamble_cbra=3.0000 preamble_cfra=20.0000 preamble_pbra=40.0000 requests_cbra=3105.1138 requests_pbra=2383.4617 success_rate=0.7643 success_total_mean=5365.1357
2025-11-18 19:39:30.682 | INFO     | __main__:_log_metrics:20 - iter=0033 reward=3990.4026 ESS=0.9788 acb_factor_mean=0.4967 clip_fraction=0.0234 collision_rate=0.2321 collision_total_mean=1563.4465 entropy=0.0033 explained_variance=0.6469 kl_approx=1.9764 loss_critic=45177.7148 loss_entropy=-0.0000 loss_objective=-0.0020 preamble_cbra=3.0000 preamble_cfra=19.0000 preamble_pbra=41.0000 requests_cbra=2962.5935 requests_pbra=2275.9766 success_rate=0.7679 success_total_mean=5171.3730
2025-11-18 19:39:36.041 | INFO     | __main__:_log_metrics:20 - iter=0034 reward=4029.4219 ESS=0.9609 acb_factor_mean=0.5041 clip_fraction=0.0391 collision_rate=0.2352 collision_total_mean=1585.9485 entropy=0.0000 explained_variance=0.6033 kl_approx=6.7881 loss_critic=52821.3242 loss_entropy=-0.0000 loss_objective=0.0019 preamble_cbra=4.0000 preamble_cfra=18.0000 preamble_pbra=42.0000 requests_cbra=3002.3064 requests_pbra=2269.5879 success_rate=0.7648 success_total_mean=5158.1890
2025-11-18 19:39:41.547 | INFO     | __main__:_log_metrics:20 - iter=0035 reward=4457.6895 ESS=0.8906 acb_factor_mean=0.4833 clip_fraction=0.1094 collision_rate=0.2139 collision_total_mean=1537.2778 entropy=0.0000 explained_variance=0.6270 kl_approx=38.9215 loss_critic=47142.1562 loss_entropy=-0.0000 loss_objective=0.0523 preamble_cbra=4.0000 preamble_cfra=21.0000 preamble_pbra=39.0000 requests_cbra=2993.2334 requests_pbra=2385.8296 success_rate=0.7861 success_total_mean=5650.0103
2025-11-18 19:39:46.998 | INFO     | __main__:_log_metrics:20 - iter=0036 reward=4353.0391 ESS=0.9704 acb_factor_mean=0.4987 clip_fraction=0.0312 collision_rate=0.2296 collision_total_mean=1677.8657 entropy=0.0403 explained_variance=0.2568 kl_approx=1.4550 loss_critic=60188.2500 loss_entropy=-0.0004 loss_objective=0.0019 preamble_cbra=3.0000 preamble_cfra=21.0000 preamble_pbra=40.0000 requests_cbra=3153.7720 requests_pbra=2410.8643 success_rate=0.7704 success_total_mean=5630.8027
2025-11-18 19:39:52.493 | INFO     | __main__:_log_metrics:20 - iter=0037 reward=4200.1738 ESS=0.9609 acb_factor_mean=0.5045 clip_fraction=0.0391 collision_rate=0.2223 collision_total_mean=1560.4977 entropy=0.0000 explained_variance=0.4271 kl_approx=9.3027 loss_critic=58177.3906 loss_entropy=-0.0000 loss_objective=0.0056 preamble_cbra=4.0000 preamble_cfra=21.0000 preamble_pbra=39.0000 requests_cbra=2923.7007 requests_pbra=2272.6948 success_rate=0.7777 success_total_mean=5458.4761
2025-11-18 19:39:57.846 | INFO     | __main__:_log_metrics:20 - iter=0038 reward=4410.0249 ESS=0.9531 acb_factor_mean=0.4985 clip_fraction=0.0469 collision_rate=0.2202 collision_total_mean=1610.0972 entropy=0.0198 explained_variance=0.5712 kl_approx=6.9909 loss_critic=50692.5508 loss_entropy=-0.0002 loss_objective=-0.0032 preamble_cbra=3.0000 preamble_cfra=22.0000 preamble_pbra=38.0000 requests_cbra=3019.6396 requests_pbra=2275.8618 success_rate=0.7798 success_total_mean=5702.2188
2025-11-18 19:40:03.189 | INFO     | __main__:_log_metrics:20 - iter=0039 reward=3879.0854 ESS=0.9373 acb_factor_mean=0.4995 clip_fraction=0.0625 collision_rate=0.2415 collision_total_mean=1638.5986 entropy=0.0347 explained_variance=0.5790 kl_approx=29.2731 loss_critic=45125.6602 loss_entropy=-0.0003 loss_objective=0.0124 preamble_cbra=3.0000 preamble_cfra=20.0000 preamble_pbra=41.0000 requests_cbra=3064.6855 requests_pbra=2325.8770 success_rate=0.7585 success_total_mean=5147.7119
2025-11-18 19:40:08.636 | INFO     | __main__:_log_metrics:20 - iter=0040 reward=4082.3977 ESS=0.9731 acb_factor_mean=0.5020 clip_fraction=0.0312 collision_rate=0.2371 collision_total_mean=1689.0737 entropy=0.0270 explained_variance=0.4791 kl_approx=5.9319 loss_critic=48937.0430 loss_entropy=-0.0003 loss_objective=0.0075 preamble_cbra=3.0000 preamble_cfra=22.0000 preamble_pbra=39.0000 requests_cbra=3047.7607 requests_pbra=2318.9336 success_rate=0.7629 success_total_mean=5435.0684
2025-11-18 19:40:13.989 | INFO     | __main__:_log_metrics:20 - iter=0041 reward=4090.2144 ESS=0.9139 acb_factor_mean=0.4997 clip_fraction=0.0859 collision_rate=0.2437 collision_total_mean=1755.2273 entropy=0.0417 explained_variance=0.2605 kl_approx=36.0260 loss_critic=58152.9297 loss_entropy=-0.0004 loss_objective=0.0067 preamble_cbra=4.0000 preamble_cfra=21.0000 preamble_pbra=39.0000 requests_cbra=3133.3638 requests_pbra=2388.3530 success_rate=0.7563 success_total_mean=5446.5688
2025-11-18 19:40:19.318 | INFO     | __main__:_log_metrics:20 - iter=0042 reward=4309.0791 ESS=0.8750 acb_factor_mean=0.4964 clip_fraction=0.1250 collision_rate=0.2306 collision_total_mean=1655.8801 entropy=0.0184 explained_variance=0.5053 kl_approx=28.6641 loss_critic=46980.6680 loss_entropy=-0.0002 loss_objective=0.0102 preamble_cbra=4.0000 preamble_cfra=20.0000 preamble_pbra=40.0000 requests_cbra=3118.4702 requests_pbra=2445.2009 success_rate=0.7694 success_total_mean=5524.8828
2025-11-18 19:40:25.039 | INFO     | __main__:_log_metrics:20 - iter=0043 reward=5067.2715 ESS=0.9141 acb_factor_mean=0.4949 clip_fraction=0.0859 collision_rate=0.1875 collision_total_mean=1520.9084 entropy=0.0000 explained_variance=-1.7003 kl_approx=27.3690 loss_critic=56339.0781 loss_entropy=-0.0000 loss_objective=0.0204 preamble_cbra=5.0000 preamble_cfra=32.0000 preamble_pbra=27.0000 requests_cbra=2832.3074 requests_pbra=2399.0725 success_rate=0.8125 success_total_mean=6589.0527
2025-11-18 19:40:30.446 | INFO     | __main__:_log_metrics:20 - iter=0044 reward=4484.3086 ESS=0.9531 acb_factor_mean=0.5017 clip_fraction=0.0469 collision_rate=0.2179 collision_total_mean=1585.7124 entropy=0.0218 explained_variance=0.0257 kl_approx=13.8939 loss_critic=60126.6133 loss_entropy=-0.0002 loss_objective=0.0161 preamble_cbra=4.0000 preamble_cfra=21.0000 preamble_pbra=39.0000 requests_cbra=3010.2061 requests_pbra=2349.2515 success_rate=0.7821 success_total_mean=5690.2427
2025-11-18 19:40:35.946 | INFO     | __main__:_log_metrics:20 - iter=0045 reward=4069.7085 ESS=0.8826 acb_factor_mean=0.4959 clip_fraction=0.1172 collision_rate=0.2320 collision_total_mean=1573.0251 entropy=0.0058 explained_variance=0.5863 kl_approx=54.5594 loss_critic=52854.5703 loss_entropy=-0.0001 loss_objective=0.0096 preamble_cbra=4.0000 preamble_cfra=18.0000 preamble_pbra=42.0000 requests_cbra=3007.8157 requests_pbra=2352.8354 success_rate=0.7680 success_total_mean=5207.8657
2025-11-18 19:40:41.485 | INFO     | __main__:_log_metrics:20 - iter=0046 reward=3908.0857 ESS=0.9453 acb_factor_mean=0.5052 clip_fraction=0.0547 collision_rate=0.2487 collision_total_mean=1686.0548 entropy=0.0000 explained_variance=0.7287 kl_approx=10.8578 loss_critic=42951.2773 loss_entropy=-0.0000 loss_objective=0.0298 preamble_cbra=3.0000 preamble_cfra=17.0000 preamble_pbra=44.0000 requests_cbra=3127.8486 requests_pbra=2346.1765 success_rate=0.7513 success_total_mean=5093.8232
2025-11-18 19:40:47.120 | INFO     | __main__:_log_metrics:20 - iter=0047 reward=3723.7578 ESS=0.9844 acb_factor_mean=0.5042 clip_fraction=0.0156 collision_rate=0.2523 collision_total_mean=1658.6887 entropy=0.0000 explained_variance=0.6494 kl_approx=3.3178 loss_critic=46219.4141 loss_entropy=-0.0000 loss_objective=0.0214 preamble_cbra=3.0000 preamble_cfra=17.0000 preamble_pbra=44.0000 requests_cbra=3127.6775 requests_pbra=2309.2957 success_rate=0.7477 success_total_mean=4916.8237
2025-11-18 19:40:52.623 | INFO     | __main__:_log_metrics:20 - iter=0048 reward=3742.0828 ESS=0.8828 acb_factor_mean=0.5038 clip_fraction=0.1172 collision_rate=0.2559 collision_total_mean=1685.9292 entropy=0.0001 explained_variance=0.7000 kl_approx=45.4420 loss_critic=45782.3867 loss_entropy=-0.0000 loss_objective=0.0289 preamble_cbra=3.0000 preamble_cfra=17.0000 preamble_pbra=44.0000 requests_cbra=3113.1655 requests_pbra=2344.0454 success_rate=0.7441 success_total_mean=4903.3545
2025-11-18 19:40:58.380 | INFO     | __main__:_log_metrics:20 - iter=0049 reward=4761.2817 ESS=0.9531 acb_factor_mean=0.5004 clip_fraction=0.0469 collision_rate=0.2024 collision_total_mean=1610.3246 entropy=0.0001 explained_variance=-1.1214 kl_approx=32.8312 loss_critic=57430.2852 loss_entropy=-0.0000 loss_objective=0.0083 preamble_cbra=4.0000 preamble_cfra=31.0000 preamble_pbra=28.0000 requests_cbra=2898.5637 requests_pbra=2417.4631 success_rate=0.7976 success_total_mean=6347.1709
2025-11-18 19:41:03.977 | INFO     | __main__:_log_metrics:20 - iter=0050 reward=4061.3252 ESS=0.9453 acb_factor_mean=0.5082 clip_fraction=0.0547 collision_rate=0.2298 collision_total_mean=1579.3412 entropy=-0.0553 explained_variance=0.3820 kl_approx=15.0205 loss_critic=49153.4570 loss_entropy=0.0006 loss_objective=0.0285 preamble_cbra=3.0000 preamble_cfra=20.0000 preamble_pbra=41.0000 requests_cbra=2962.2615 requests_pbra=2201.6719 success_rate=0.7702 success_total_mean=5291.9526
2025-11-18 19:41:09.520 | INFO     | __main__:_log_metrics:20 - iter=0051 reward=4072.4766 ESS=0.9609 acb_factor_mean=0.5008 clip_fraction=0.0391 collision_rate=0.2343 collision_total_mean=1584.0138 entropy=0.0000 explained_variance=0.5876 kl_approx=2.0158 loss_critic=48020.2617 loss_entropy=-0.0000 loss_objective=0.0208 preamble_cbra=4.0000 preamble_cfra=17.0000 preamble_pbra=43.0000 requests_cbra=2992.9829 requests_pbra=2348.4573 success_rate=0.7657 success_total_mean=5177.8672
2025-11-18 19:41:14.990 | INFO     | __main__:_log_metrics:20 - iter=0052 reward=3715.3384 ESS=0.8984 acb_factor_mean=0.5040 clip_fraction=0.1016 collision_rate=0.2440 collision_total_mean=1546.4729 entropy=0.0197 explained_variance=0.2628 kl_approx=67.5474 loss_critic=54345.3672 loss_entropy=-0.0002 loss_objective=0.0054 preamble_cbra=4.0000 preamble_cfra=16.0000 preamble_pbra=44.0000 requests_cbra=2931.9392 requests_pbra=2241.0938 success_rate=0.7560 success_total_mean=4791.1221
2025-11-18 19:41:20.525 | INFO     | __main__:_log_metrics:20 - iter=0053 reward=4337.6162 ESS=0.8750 acb_factor_mean=0.4956 clip_fraction=0.1250 collision_rate=0.2257 collision_total_mean=1609.4742 entropy=0.0000 explained_variance=0.4242 kl_approx=29.6939 loss_critic=51999.8203 loss_entropy=-0.0000 loss_objective=0.0437 preamble_cbra=4.0000 preamble_cfra=19.0000 preamble_pbra=41.0000 requests_cbra=3038.0737 requests_pbra=2361.7974 success_rate=0.7743 success_total_mean=5521.1055
2025-11-18 19:41:26.068 | INFO     | __main__:_log_metrics:20 - iter=0054 reward=4346.7964 ESS=0.8906 acb_factor_mean=0.4989 clip_fraction=0.1094 collision_rate=0.2023 collision_total_mean=1360.0481 entropy=0.0066 explained_variance=0.5889 kl_approx=51.1608 loss_critic=48425.8281 loss_entropy=-0.0001 loss_objective=0.0262 preamble_cbra=4.0000 preamble_cfra=19.0000 preamble_pbra=41.0000 requests_cbra=2780.2109 requests_pbra=2171.7859 success_rate=0.7977 success_total_mean=5364.1084
2025-11-18 19:41:31.770 | INFO     | __main__:_log_metrics:20 - iter=0055 reward=4325.5864 ESS=0.9687 acb_factor_mean=0.4944 clip_fraction=0.0312 collision_rate=0.2220 collision_total_mean=1557.5488 entropy=0.0168 explained_variance=0.4891 kl_approx=9.3631 loss_critic=48752.4922 loss_entropy=-0.0002 loss_objective=0.0152 preamble_cbra=3.0000 preamble_cfra=19.0000 preamble_pbra=42.0000 requests_cbra=3009.7349 requests_pbra=2256.9009 success_rate=0.7780 success_total_mean=5460.0098
2025-11-18 19:41:37.521 | INFO     | __main__:_log_metrics:20 - iter=0056 reward=4355.1279 ESS=0.9060 acb_factor_mean=0.4962 clip_fraction=0.0938 collision_rate=0.2284 collision_total_mean=1615.5460 entropy=0.0171 explained_variance=0.4321 kl_approx=20.9958 loss_critic=52143.6758 loss_entropy=-0.0002 loss_objective=-0.0119 preamble_cbra=4.0000 preamble_cfra=17.0000 preamble_pbra=43.0000 requests_cbra=3121.0569 requests_pbra=2389.4265 success_rate=0.7716 success_total_mean=5457.5498
2025-11-18 19:41:43.387 | INFO     | __main__:_log_metrics:20 - iter=0057 reward=4736.2891 ESS=0.9453 acb_factor_mean=0.4944 clip_fraction=0.0547 collision_rate=0.2070 collision_total_mean=1546.7987 entropy=0.0192 explained_variance=0.3247 kl_approx=21.5393 loss_critic=57041.6211 loss_entropy=-0.0002 loss_objective=-0.0002 preamble_cbra=4.0000 preamble_cfra=22.0000 preamble_pbra=39.0000 requests_cbra=3013.5996 requests_pbra=2389.8403 success_rate=0.7930 success_total_mean=5927.2842
2025-11-18 19:41:49.191 | INFO     | __main__:_log_metrics:20 - iter=0058 reward=4092.1047 ESS=0.9297 acb_factor_mean=0.5053 clip_fraction=0.0703 collision_rate=0.2283 collision_total_mean=1520.5535 entropy=0.0001 explained_variance=0.6226 kl_approx=10.7924 loss_critic=50118.9688 loss_entropy=-0.0000 loss_objective=0.0269 preamble_cbra=4.0000 preamble_cfra=16.0000 preamble_pbra=44.0000 requests_cbra=3002.6665 requests_pbra=2236.8149 success_rate=0.7717 success_total_mean=5140.6772
2025-11-18 19:41:54.882 | INFO     | __main__:_log_metrics:20 - iter=0059 reward=3981.0867 ESS=0.9766 acb_factor_mean=0.4967 clip_fraction=0.0234 collision_rate=0.2275 collision_total_mean=1481.6243 entropy=0.0003 explained_variance=0.6020 kl_approx=6.5310 loss_critic=53104.4531 loss_entropy=-0.0000 loss_objective=0.0192 preamble_cbra=4.0000 preamble_cfra=16.0000 preamble_pbra=44.0000 requests_cbra=3022.0706 requests_pbra=2348.0151 success_rate=0.7725 success_total_mean=5030.9839
2025-11-18 19:42:00.459 | INFO     | __main__:_log_metrics:20 - iter=0060 reward=3695.1821 ESS=0.9567 acb_factor_mean=0.5035 clip_fraction=0.0469 collision_rate=0.2365 collision_total_mean=1456.4380 entropy=-0.0121 explained_variance=0.6446 kl_approx=7.5941 loss_critic=47751.5117 loss_entropy=0.0001 loss_objective=0.0218 preamble_cbra=4.0000 preamble_cfra=14.0000 preamble_pbra=45.0000 requests_cbra=2880.7776 requests_pbra=2236.3745 success_rate=0.7635 success_total_mean=4703.0752
2025-11-18 19:42:06.199 | INFO     | __main__:_log_metrics:20 - iter=0061 reward=3628.8594 ESS=0.9531 acb_factor_mean=0.4992 clip_fraction=0.0469 collision_rate=0.2486 collision_total_mean=1549.3833 entropy=0.0172 explained_variance=0.5014 kl_approx=19.9139 loss_critic=50721.0312 loss_entropy=-0.0002 loss_objective=0.0010 preamble_cbra=4.0000 preamble_cfra=15.0000 preamble_pbra=45.0000 requests_cbra=2987.8506 requests_pbra=2319.6650 success_rate=0.7514 success_total_mean=4683.0908
2025-11-18 19:42:11.979 | INFO     | __main__:_log_metrics:20 - iter=0062 reward=3828.3914 ESS=0.9141 acb_factor_mean=0.5010 clip_fraction=0.0859 collision_rate=0.2334 collision_total_mean=1478.0632 entropy=0.0000 explained_variance=0.6740 kl_approx=23.7592 loss_critic=42402.2305 loss_entropy=-0.0000 loss_objective=0.0152 preamble_cbra=4.0000 preamble_cfra=15.0000 preamble_pbra=45.0000 requests_cbra=2918.9104 requests_pbra=2222.1372 success_rate=0.7666 success_total_mean=4854.1992
2025-11-18 19:42:17.534 | INFO     | __main__:_log_metrics:20 - iter=0063 reward=3534.4202 ESS=0.9141 acb_factor_mean=0.4978 clip_fraction=0.0859 collision_rate=0.2626 collision_total_mean=1671.8422 entropy=0.0000 explained_variance=0.7440 kl_approx=36.4777 loss_critic=40574.6211 loss_entropy=-0.0000 loss_objective=0.0212 preamble_cbra=3.0000 preamble_cfra=16.0000 preamble_pbra=45.0000 requests_cbra=3092.0469 requests_pbra=2289.0247 success_rate=0.7374 success_total_mean=4693.8203
2025-11-18 19:42:22.952 | INFO     | __main__:_log_metrics:20 - iter=0064 reward=3794.8450 ESS=0.9685 acb_factor_mean=0.5054 clip_fraction=0.0312 collision_rate=0.2504 collision_total_mean=1679.2394 entropy=0.0037 explained_variance=0.6391 kl_approx=5.9656 loss_critic=43751.9648 loss_entropy=-0.0000 loss_objective=-0.0017 preamble_cbra=3.0000 preamble_cfra=18.0000 preamble_pbra=43.0000 requests_cbra=3108.7073 requests_pbra=2304.0854 success_rate=0.7496 success_total_mean=5026.6050
2025-11-18 19:42:28.406 | INFO     | __main__:_log_metrics:20 - iter=0065 reward=3677.8357 ESS=0.9063 acb_factor_mean=0.4979 clip_fraction=0.0938 collision_rate=0.2501 collision_total_mean=1626.2327 entropy=0.0000 explained_variance=0.7335 kl_approx=41.2116 loss_critic=39166.4961 loss_entropy=-0.0000 loss_objective=0.0327 preamble_cbra=3.0000 preamble_cfra=18.0000 preamble_pbra=43.0000 requests_cbra=3016.7959 requests_pbra=2181.2451 success_rate=0.7499 success_total_mean=4876.7988
2025-11-18 19:42:33.882 | INFO     | __main__:_log_metrics:20 - iter=0066 reward=4462.8872 ESS=0.9844 acb_factor_mean=0.5047 clip_fraction=0.0156 collision_rate=0.2325 collision_total_mean=1726.4344 entropy=0.0000 explained_variance=0.6295 kl_approx=5.0198 loss_critic=41243.5195 loss_entropy=-0.0000 loss_objective=0.0155 preamble_cbra=3.0000 preamble_cfra=20.0000 preamble_pbra=40.0000 requests_cbra=3146.6870 requests_pbra=2357.2192 success_rate=0.7675 success_total_mean=5697.6143
2025-11-18 19:42:39.430 | INFO     | __main__:_log_metrics:20 - iter=0067 reward=4190.9907 ESS=0.7734 acb_factor_mean=0.5020 clip_fraction=0.2266 collision_rate=0.2236 collision_total_mean=1539.3099 entropy=0.0003 explained_variance=0.3594 kl_approx=279.4684 loss_critic=53099.5703 loss_entropy=-0.0000 loss_objective=0.0576 preamble_cbra=4.0000 preamble_cfra=20.0000 preamble_pbra=41.0000 requests_cbra=2924.0020 requests_pbra=2277.3369 success_rate=0.7764 success_total_mean=5346.1577
2025-11-18 19:42:44.979 | INFO     | __main__:_log_metrics:20 - iter=0068 reward=3883.2944 ESS=0.9763 acb_factor_mean=0.4982 clip_fraction=0.0234 collision_rate=0.2254 collision_total_mean=1409.1533 entropy=0.0037 explained_variance=0.5060 kl_approx=3.7809 loss_critic=43855.3516 loss_entropy=-0.0000 loss_objective=-0.0015 preamble_cbra=5.0000 preamble_cfra=14.0000 preamble_pbra=45.0000 requests_cbra=2899.9619 requests_pbra=2323.5090 success_rate=0.7746 success_total_mean=4841.9629
2025-11-18 19:42:50.439 | INFO     | __main__:_log_metrics:20 - iter=0069 reward=3808.8452 ESS=0.9218 acb_factor_mean=0.5028 clip_fraction=0.0781 collision_rate=0.2264 collision_total_mean=1414.2462 entropy=0.0000 explained_variance=0.6116 kl_approx=11.9945 loss_critic=47022.1602 loss_entropy=-0.0000 loss_objective=0.0551 preamble_cbra=5.0000 preamble_cfra=15.0000 preamble_pbra=44.0000 requests_cbra=2838.2051 requests_pbra=2225.0215 success_rate=0.7736 success_total_mean=4833.5601
2025-11-18 19:42:55.968 | INFO     | __main__:_log_metrics:20 - iter=0070 reward=3790.0051 ESS=0.9435 acb_factor_mean=0.5014 clip_fraction=0.0625 collision_rate=0.2296 collision_total_mean=1422.4348 entropy=-0.0348 explained_variance=0.6711 kl_approx=8.1833 loss_critic=46471.1211 loss_entropy=0.0003 loss_objective=0.0125 preamble_cbra=6.0000 preamble_cfra=14.0000 preamble_pbra=44.0000 requests_cbra=2886.0725 requests_pbra=2307.7883 success_rate=0.7704 success_total_mean=4771.7495
2025-11-18 19:43:01.621 | INFO     | __main__:_log_metrics:20 - iter=0071 reward=3999.2148 ESS=0.9373 acb_factor_mean=0.5030 clip_fraction=0.0625 collision_rate=0.2027 collision_total_mean=1253.7083 entropy=0.0202 explained_variance=0.2389 kl_approx=9.9504 loss_critic=63599.1328 loss_entropy=-0.0002 loss_objective=-0.0072 preamble_cbra=6.0000 preamble_cfra=16.0000 preamble_pbra=42.0000 requests_cbra=2641.9321 requests_pbra=2182.7417 success_rate=0.7973 success_total_mean=4932.0054
2025-11-18 19:43:07.227 | INFO     | __main__:_log_metrics:20 - iter=0072 reward=4095.8052 ESS=0.9463 acb_factor_mean=0.4958 clip_fraction=0.0547 collision_rate=0.2044 collision_total_mean=1284.0864 entropy=0.0020 explained_variance=0.4632 kl_approx=16.3925 loss_critic=53224.4062 loss_entropy=-0.0000 loss_objective=0.0353 preamble_cbra=6.0000 preamble_cfra=16.0000 preamble_pbra=42.0000 requests_cbra=2753.5327 requests_pbra=2273.4917 success_rate=0.7956 success_total_mean=4999.6138
2025-11-18 19:43:12.872 | INFO     | __main__:_log_metrics:20 - iter=0073 reward=3949.9863 ESS=0.9609 acb_factor_mean=0.5052 clip_fraction=0.0391 collision_rate=0.2263 collision_total_mean=1453.6780 entropy=0.0000 explained_variance=0.6873 kl_approx=3.7107 loss_critic=39595.7891 loss_entropy=-0.0000 loss_objective=0.0102 preamble_cbra=6.0000 preamble_cfra=16.0000 preamble_pbra=42.0000 requests_cbra=2928.5918 requests_pbra=2369.4116 success_rate=0.7737 success_total_mean=4970.1035
2025-11-18 19:43:18.588 | INFO     | __main__:_log_metrics:20 - iter=0074 reward=3988.7939 ESS=0.9454 acb_factor_mean=0.4996 clip_fraction=0.0547 collision_rate=0.2134 collision_total_mean=1360.0984 entropy=0.0002 explained_variance=0.5752 kl_approx=8.9340 loss_critic=50776.5859 loss_entropy=-0.0000 loss_objective=0.0147 preamble_cbra=6.0000 preamble_cfra=17.0000 preamble_pbra=41.0000 requests_cbra=2799.7261 requests_pbra=2301.7361 success_rate=0.7866 success_total_mean=5014.7319
2025-11-18 19:43:24.345 | INFO     | __main__:_log_metrics:20 - iter=0075 reward=4230.8110 ESS=0.8984 acb_factor_mean=0.4921 clip_fraction=0.1016 collision_rate=0.2048 collision_total_mean=1359.8131 entropy=0.0000 explained_variance=0.5044 kl_approx=35.8386 loss_critic=51387.9844 loss_entropy=-0.0000 loss_objective=0.0150 preamble_cbra=5.0000 preamble_cfra=18.0000 preamble_pbra=40.0000 requests_cbra=2785.0776 requests_pbra=2311.3408 success_rate=0.7952 success_total_mean=5281.0972
2025-11-18 19:43:30.135 | INFO     | __main__:_log_metrics:20 - iter=0076 reward=3944.0166 ESS=0.9297 acb_factor_mean=0.5016 clip_fraction=0.0703 collision_rate=0.2432 collision_total_mean=1637.7712 entropy=0.0203 explained_variance=0.6149 kl_approx=19.5382 loss_critic=45414.3164 loss_entropy=-0.0002 loss_objective=0.0213 preamble_cbra=4.0000 preamble_cfra=17.0000 preamble_pbra=43.0000 requests_cbra=3075.8384 requests_pbra=2396.5100 success_rate=0.7568 success_total_mean=5095.2363
2025-11-18 19:43:35.650 | INFO     | __main__:_log_metrics:20 - iter=0077 reward=4119.3696 ESS=0.9571 acb_factor_mean=0.4999 clip_fraction=0.0469 collision_rate=0.2192 collision_total_mean=1457.6077 entropy=0.0121 explained_variance=0.5115 kl_approx=26.1410 loss_critic=49119.4414 loss_entropy=-0.0001 loss_objective=0.0038 preamble_cbra=5.0000 preamble_cfra=17.0000 preamble_pbra=42.0000 requests_cbra=2864.8022 requests_pbra=2290.1230 success_rate=0.7808 success_total_mean=5192.3867
2025-11-18 19:43:41.109 | INFO     | __main__:_log_metrics:20 - iter=0078 reward=4062.9663 ESS=0.9922 acb_factor_mean=0.4984 clip_fraction=0.0078 collision_rate=0.2187 collision_total_mean=1432.4009 entropy=0.0000 explained_variance=0.6710 kl_approx=4.0810 loss_critic=40493.7188 loss_entropy=-0.0000 loss_objective=-0.0006 preamble_cbra=4.0000 preamble_cfra=18.0000 preamble_pbra=42.0000 requests_cbra=2895.0105 requests_pbra=2283.8101 success_rate=0.7813 success_total_mean=5117.7202
2025-11-18 19:43:46.752 | INFO     | __main__:_log_metrics:20 - iter=0079 reward=3593.9045 ESS=0.8823 acb_factor_mean=0.5033 clip_fraction=0.1250 collision_rate=0.2449 collision_total_mean=1519.8278 entropy=0.0022 explained_variance=0.5821 kl_approx=63.7554 loss_critic=45403.4609 loss_entropy=-0.0000 loss_objective=0.0355 preamble_cbra=3.0000 preamble_cfra=17.0000 preamble_pbra=43.0000 requests_cbra=2858.5359 requests_pbra=2178.6089 success_rate=0.7551 success_total_mean=4684.9854
2025-11-18 19:43:52.205 | INFO     | __main__:_log_metrics:20 - iter=0080 reward=4235.6333 ESS=1.0000 acb_factor_mean=0.5090 clip_fraction=0.0000 collision_rate=0.2292 collision_total_mean=1668.6908 entropy=0.0004 explained_variance=0.6565 kl_approx=0.0000 loss_critic=43462.6328 loss_entropy=-0.0000 loss_objective=0.0000 preamble_cbra=3.0000 preamble_cfra=23.0000 preamble_pbra=38.0000 requests_cbra=3048.5779 requests_pbra=2280.2463 success_rate=0.7708 success_total_mean=5613.0845
2025-11-18 19:43:57.793 | INFO     | __main__:_log_metrics:20 - iter=0081 reward=4459.0278 ESS=0.9292 acb_factor_mean=0.4922 clip_fraction=0.0781 collision_rate=0.2199 collision_total_mean=1616.4923 entropy=0.0100 explained_variance=0.3691 kl_approx=20.9240 loss_critic=59198.6328 loss_entropy=-0.0001 loss_objective=0.0113 preamble_cbra=3.0000 preamble_cfra=22.0000 preamble_pbra=39.0000 requests_cbra=3022.6436 requests_pbra=2390.3008 success_rate=0.7801 success_total_mean=5734.3877
2025-11-18 19:44:03.201 | INFO     | __main__:_log_metrics:20 - iter=0082 reward=4088.7031 ESS=0.9922 acb_factor_mean=0.5006 clip_fraction=0.0078 collision_rate=0.2328 collision_total_mean=1629.3518 entropy=0.0043 explained_variance=-0.0326 kl_approx=0.0743 loss_critic=69068.5781 loss_entropy=-0.0000 loss_objective=0.0012 preamble_cbra=3.0000 preamble_cfra=21.0000 preamble_pbra=40.0000 requests_cbra=3020.5903 requests_pbra=2278.7871 success_rate=0.7672 success_total_mean=5368.4126
2025-11-18 19:44:08.713 | INFO     | __main__:_log_metrics:20 - iter=0083 reward=4093.2241 ESS=0.9062 acb_factor_mean=0.5044 clip_fraction=0.0938 collision_rate=0.2409 collision_total_mean=1715.4556 entropy=0.0004 explained_variance=0.7032 kl_approx=58.4709 loss_critic=39178.1758 loss_entropy=-0.0000 loss_objective=-0.0012 preamble_cbra=3.0000 preamble_cfra=21.0000 preamble_pbra=40.0000 requests_cbra=3141.1797 requests_pbra=2365.7056 success_rate=0.7591 success_total_mean=5406.2207
2025-11-18 19:44:14.472 | INFO     | __main__:_log_metrics:20 - iter=0084 reward=4588.8794 ESS=0.9844 acb_factor_mean=0.5013 clip_fraction=0.0156 collision_rate=0.2087 collision_total_mean=1550.9883 entropy=0.0000 explained_variance=0.5451 kl_approx=3.5584 loss_critic=50860.9766 loss_entropy=-0.0000 loss_objective=0.0076 preamble_cbra=3.0000 preamble_cfra=24.0000 preamble_pbra=37.0000 requests_cbra=2914.1101 requests_pbra=2266.7476 success_rate=0.7913 success_total_mean=5878.9839
2025-11-18 19:44:20.475 | INFO     | __main__:_log_metrics:20 - iter=0085 reward=4665.7080 ESS=0.9588 acb_factor_mean=0.4995 clip_fraction=0.0469 collision_rate=0.2144 collision_total_mean=1630.5184 entropy=0.0201 explained_variance=0.2965 kl_approx=15.2016 loss_critic=46512.8711 loss_entropy=-0.0002 loss_objective=0.0077 preamble_cbra=3.0000 preamble_cfra=24.0000 preamble_pbra=37.0000 requests_cbra=3011.8042 requests_pbra=2368.3750 success_rate=0.7856 success_total_mean=5976.0596
2025-11-18 19:44:26.541 | INFO     | __main__:_log_metrics:20 - iter=0086 reward=4616.0708 ESS=0.8594 acb_factor_mean=0.4976 clip_fraction=0.1406 collision_rate=0.2004 collision_total_mean=1483.1963 entropy=0.0142 explained_variance=-0.1066 kl_approx=111.1037 loss_critic=63753.3008 loss_entropy=-0.0001 loss_objective=0.0117 preamble_cbra=3.0000 preamble_cfra=24.0000 preamble_pbra=36.0000 requests_cbra=2828.3035 requests_pbra=2222.5869 success_rate=0.7996 success_total_mean=5917.0166
2025-11-18 19:44:32.063 | INFO     | __main__:_log_metrics:20 - iter=0087 reward=5142.3975 ESS=0.8203 acb_factor_mean=0.4941 clip_fraction=0.1797 collision_rate=0.2039 collision_total_mean=1692.0339 entropy=0.0187 explained_variance=-1.2426 kl_approx=267.3332 loss_critic=53649.3125 loss_entropy=-0.0002 loss_objective=0.0239 preamble_cbra=4.0000 preamble_cfra=29.0000 preamble_pbra=31.0000 requests_cbra=3027.3276 requests_pbra=2480.8311 success_rate=0.7961 success_total_mean=6606.9722
2025-11-18 19:44:38.146 | INFO     | __main__:_log_metrics:20 - iter=0088 reward=4635.4033 ESS=0.9297 acb_factor_mean=0.4953 clip_fraction=0.0703 collision_rate=0.2077 collision_total_mean=1702.1854 entropy=0.0000 explained_variance=-1.1462 kl_approx=78.9500 loss_critic=50874.3359 loss_entropy=-0.0000 loss_objective=0.0316 preamble_cbra=4.0000 preamble_cfra=37.0000 preamble_pbra=23.0000 requests_cbra=2903.4170 requests_pbra=2453.3672 success_rate=0.7923 success_total_mean=6495.0361
2025-11-18 19:44:44.637 | INFO     | __main__:_log_metrics:20 - iter=0089 reward=4564.0483 ESS=0.9762 acb_factor_mean=0.5048 clip_fraction=0.0312 collision_rate=0.2249 collision_total_mean=1937.4381 entropy=-0.0000 explained_variance=-1.1033 kl_approx=9.1685 loss_critic=53084.4258 loss_entropy=0.0000 loss_objective=-0.0111 preamble_cbra=3.0000 preamble_cfra=41.0000 preamble_pbra=21.0000 requests_cbra=3174.9048 requests_pbra=2626.2998 success_rate=0.7751 success_total_mean=6677.6929
2025-11-18 19:44:50.848 | INFO     | __main__:_log_metrics:20 - iter=0090 reward=4521.3145 ESS=0.9609 acb_factor_mean=0.4930 clip_fraction=0.0391 collision_rate=0.2184 collision_total_mean=1816.6050 entropy=0.0000 explained_variance=-1.0023 kl_approx=15.3356 loss_critic=61311.5156 loss_entropy=-0.0000 loss_objective=0.0146 preamble_cbra=3.0000 preamble_cfra=38.0000 preamble_pbra=23.0000 requests_cbra=3039.9385 requests_pbra=2541.0435 success_rate=0.7816 success_total_mean=6501.2769
2025-11-18 19:44:58.483 | INFO     | __main__:<module>:18 - Logger initialized (level=INFO, file=logs/train.log)
2025-11-18 19:44:58.484 | INFO     | __main__:<module>:45 - env_config SatelliteMACEnvConfig(num_slots_per_step=160, decision_horizon=256, history_len=4, simulator_config=MACSimulatorConfig(regions=(RegionTrafficProfile(name='urban', area_weight=0.4, cbra_density=1.2, pbra_density=1.5, handover_intensity=0.8, scheduling_period=160, noise_scale=0.2, cox_intensity_mean=1.6, cox_intensity_variance=0.7, cox_grid=(10, 10), region_bounds=(-2.0, 2.0, -2.0, 2.0), batch_mean=1000.0, batch_std=0.6, residence_time_mean=20), RegionTrafficProfile(name='suburban', area_weight=0.35, cbra_density=0.8, pbra_density=0.9, handover_intensity=0.5, scheduling_period=200, noise_scale=0.15, cox_intensity_mean=1.2, cox_intensity_variance=0.5, cox_grid=(8, 8), region_bounds=(-1.5, 1.5, -1.5, 1.5), batch_mean=8.0, batch_std=0.5, residence_time_mean=6.0), RegionTrafficProfile(name='rural', area_weight=0.25, cbra_density=0.3, pbra_density=0.4, handover_intensity=0.2, scheduling_period=320, noise_scale=0.1, cox_intensity_mean=0.9, cox_intensity_variance=0.3, cox_grid=(6, 6), region_bounds=(-1.0, 1.0, -1.0, 1.0), batch_mean=4.0, batch_std=0.4, residence_time_mean=4.5)), history_size=10, protocol_count=4, preamble_subset_count=8, total_preambles=64, base_preamble_split=(24, 24, 16), reward_weights={'throughput': 1.0, 'collision': -0.5, 'cfra_mse': -1}, region_transition_matrix=None, coverage_patches=None, coverage_drift_radius=1.0, coverage_cycle_slots=1440.0, coverage_jitter=0.05, coverage_smoothing=0.2, coverage_total_footprint=1.0, backoff_strategy=BackoffStrategyConfig(low=BackoffWindow(min_steps=0, max_steps=4), medium=BackoffWindow(min_steps=1, max_steps=12), high=BackoffWindow(min_steps=6, max_steps=24), collision_threshold_medium=0.05, collision_threshold_high=0.1, max_backlog_steps=48)), preamble_delta_range=2, flatten_observation=True)
2025-11-18 19:44:58.486 | INFO     | __main__:<module>:68 - train_config HPPOConfig(frames_per_batch=4096, mini_batch_size=128, rollout_epochs=4, max_iterations=200, gamma=0.99, gae_lambda=0.95, clip_epsilon=0.2, entropy_coeff=0.01, actor_lr=0.0001, critic_lr=5e-05, device=device(type='cpu'))
2025-11-18 19:44:58.487 | INFO     | __main__:<module>:75 - Config ready | seed=42 frames_per_batch=4096 horizon=256 num_envs=8 backend=parallel parallel=True
2025-11-18 19:45:01.861 | INFO     | __main__:<module>:21 - TorchRL env constructed (observation=torch.Size([8, 72]),  num_envs=8, backend=parallel, parallel=True)
2025-11-18 19:45:01.871 | INFO     | __main__:<module>:22 - Starting notebook PPO run
2025-11-18 19:45:07.124 | INFO     | __main__:_log_metrics:20 - iter=0000 reward=-18979.5020 ESS=0.1733 acb_factor_mean=0.2009 clip_fraction=0.8359 collision_rate=0.9682 collision_total_mean=40619.5391 entropy=-5.9984 explained_variance=-0.1236 kl_approx=10753.4316 loss_critic=309182.7500 loss_entropy=0.0600 loss_objective=0.3595 preamble_cbra=4.0000 preamble_cfra=2.0000 preamble_pbra=59.0000 requests_cbra=119112.4688 requests_pbra=148504.2812 success_rate=0.0318 success_total_mean=1335.4905
2025-11-18 19:45:12.124 | INFO     | __main__:_log_metrics:20 - iter=0001 reward=-10636.6885 ESS=0.5743 acb_factor_mean=0.1062 clip_fraction=0.5078 collision_rate=0.9231 collision_total_mean=25487.3223 entropy=-6.4649 explained_variance=-0.4203 kl_approx=4279.3379 loss_critic=188117.0938 loss_entropy=0.0646 loss_objective=0.1502 preamble_cbra=7.0000 preamble_cfra=4.0000 preamble_pbra=54.0000 requests_cbra=115946.1406 requests_pbra=144671.9531 success_rate=0.0769 success_total_mean=2124.1294
2025-11-18 19:45:17.166 | INFO     | __main__:_log_metrics:20 - iter=0002 reward=-9466.5352 ESS=0.5977 acb_factor_mean=0.0917 clip_fraction=0.4219 collision_rate=0.9144 collision_total_mean=23262.3320 entropy=-6.9233 explained_variance=-0.4910 kl_approx=1032.7881 loss_critic=171713.6094 loss_entropy=0.0692 loss_objective=0.1462 preamble_cbra=7.0000 preamble_cfra=3.0000 preamble_pbra=54.0000 requests_cbra=112014.5234 requests_pbra=139674.6875 success_rate=0.0856 success_total_mean=2179.0332
2025-11-18 19:45:22.351 | INFO     | __main__:_log_metrics:20 - iter=0003 reward=-8827.0615 ESS=0.6444 acb_factor_mean=0.1012 clip_fraction=0.3750 collision_rate=0.9049 collision_total_mean=22317.0469 entropy=-6.7123 explained_variance=-0.5598 kl_approx=1404.8021 loss_critic=153196.8125 loss_entropy=0.0671 loss_objective=0.0493 preamble_cbra=17.0000 preamble_cfra=4.0000 preamble_pbra=44.0000 requests_cbra=115015.1562 requests_pbra=143514.7500 success_rate=0.0951 success_total_mean=2345.7898
2025-11-18 19:45:27.323 | INFO     | __main__:_log_metrics:20 - iter=0004 reward=-6743.8823 ESS=0.6703 acb_factor_mean=0.0795 clip_fraction=0.3281 collision_rate=0.8782 collision_total_mean=18584.7988 entropy=-7.0219 explained_variance=-0.4902 kl_approx=1507.1088 loss_critic=127645.7422 loss_entropy=0.0702 loss_objective=0.0984 preamble_cbra=13.0000 preamble_cfra=5.0000 preamble_pbra=47.0000 requests_cbra=104283.2500 requests_pbra=130160.4141 success_rate=0.1218 success_total_mean=2578.6050
2025-11-18 19:45:32.164 | INFO     | __main__:_log_metrics:20 - iter=0005 reward=-1346.1713 ESS=0.7152 acb_factor_mean=0.0385 clip_fraction=0.3281 collision_rate=0.7624 collision_total_mean=6998.8574 entropy=-5.6612 explained_variance=-0.2492 kl_approx=4820.1021 loss_critic=79361.5469 loss_entropy=0.0566 loss_objective=0.0924 preamble_cbra=3.0000 preamble_cfra=4.0000 preamble_pbra=57.0000 requests_cbra=108950.7500 requests_pbra=135948.4688 success_rate=0.2376 success_total_mean=2180.6724
2025-11-18 19:45:37.031 | INFO     | __main__:_log_metrics:20 - iter=0006 reward=-6280.8774 ESS=0.7465 acb_factor_mean=0.0565 clip_fraction=0.3281 collision_rate=0.8894 collision_total_mean=16648.8652 entropy=-7.0795 explained_variance=-0.3598 kl_approx=1180.6501 loss_critic=101350.1641 loss_entropy=0.0708 loss_objective=0.0452 preamble_cbra=3.0000 preamble_cfra=4.0000 preamble_pbra=57.0000 requests_cbra=111278.5156 requests_pbra=138921.2031 success_rate=0.1106 success_total_mean=2069.5801
2025-11-18 19:45:41.270 | INFO     | __main__:_log_metrics:20 - iter=0007 reward=-2286.2898 ESS=0.7604 acb_factor_mean=0.0417 clip_fraction=0.3203 collision_rate=0.8285 collision_total_mean=7741.5059 entropy=-6.4194 explained_variance=-0.1150 kl_approx=1145.4252 loss_critic=67089.6641 loss_entropy=0.0642 loss_objective=0.0315 preamble_cbra=2.0000 preamble_cfra=3.0000 preamble_pbra=59.0000 requests_cbra=113310.6719 requests_pbra=141478.0156 success_rate=0.1715 success_total_mean=1602.1493
2025-11-18 19:45:45.294 | INFO     | __main__:_log_metrics:20 - iter=0008 reward=-1793.1902 ESS=0.2258 acb_factor_mean=0.0417 clip_fraction=0.1406 collision_rate=0.8270 collision_total_mean=6111.4570 entropy=-6.5554 explained_variance=-0.0169 kl_approx=160.5196 loss_critic=36106.3398 loss_entropy=0.0656 loss_objective=-0.0037 preamble_cbra=2.0000 preamble_cfra=2.0000 preamble_pbra=60.0000 requests_cbra=107246.1484 requests_pbra=133877.7812 success_rate=0.1730 success_total_mean=1278.1106
2025-11-18 19:45:49.411 | INFO     | __main__:_log_metrics:20 - iter=0009 reward=-1519.0184 ESS=0.7611 acb_factor_mean=0.0352 clip_fraction=0.1875 collision_rate=0.8211 collision_total_mean=5348.5508 entropy=-6.4008 explained_variance=0.0026 kl_approx=421.4142 loss_critic=37135.4297 loss_entropy=0.0640 loss_objective=0.0426 preamble_cbra=2.0000 preamble_cfra=2.0000 preamble_pbra=60.0000 requests_cbra=109318.2500 requests_pbra=136457.7812 success_rate=0.1789 success_total_mean=1165.3937
2025-11-18 19:45:53.540 | INFO     | __main__:_log_metrics:20 - iter=0010 reward=-1895.8280 ESS=0.8822 acb_factor_mean=0.0431 clip_fraction=0.1562 collision_rate=0.8501 collision_total_mean=5835.9209 entropy=-6.3681 explained_variance=0.0110 kl_approx=36.7573 loss_critic=29809.6211 loss_entropy=0.0637 loss_objective=0.0058 preamble_cbra=2.0000 preamble_cfra=2.0000 preamble_pbra=60.0000 requests_cbra=110514.0469 requests_pbra=137962.4688 success_rate=0.1499 success_total_mean=1029.3436
2025-11-18 19:45:57.716 | INFO     | __main__:_log_metrics:20 - iter=0011 reward=-2153.4436 ESS=0.3813 acb_factor_mean=0.0397 clip_fraction=0.1562 collision_rate=0.8626 collision_total_mean=6300.6387 entropy=-6.5091 explained_variance=0.0209 kl_approx=1072.5143 loss_critic=31432.9668 loss_entropy=0.0651 loss_objective=0.0341 preamble_cbra=2.0000 preamble_cfra=2.0000 preamble_pbra=60.0000 requests_cbra=102875.6094 requests_pbra=128418.4922 success_rate=0.1374 success_total_mean=1003.6829
2025-11-18 19:46:01.932 | INFO     | __main__:_log_metrics:20 - iter=0012 reward=-2051.3184 ESS=0.9170 acb_factor_mean=0.0506 clip_fraction=0.1016 collision_rate=0.8415 collision_total_mean=6556.7266 entropy=-6.5355 explained_variance=0.0033 kl_approx=79.1189 loss_critic=35058.1016 loss_entropy=0.0654 loss_objective=0.0207 preamble_cbra=2.0000 preamble_cfra=2.0000 preamble_pbra=60.0000 requests_cbra=106710.7344 requests_pbra=133221.1250 success_rate=0.1585 success_total_mean=1235.2380
2025-11-18 19:46:06.161 | INFO     | __main__:_log_metrics:20 - iter=0013 reward=-3548.4517 ESS=0.7199 acb_factor_mean=0.0603 clip_fraction=0.1719 collision_rate=0.8796 collision_total_mean=9740.8066 entropy=-6.1716 explained_variance=0.0197 kl_approx=260.5778 loss_critic=64820.0703 loss_entropy=0.0617 loss_objective=0.0482 preamble_cbra=2.0000 preamble_cfra=2.0000 preamble_pbra=60.0000 requests_cbra=109555.1562 requests_pbra=136767.8438 success_rate=0.1204 success_total_mean=1333.0544
2025-11-18 19:46:10.409 | INFO     | __main__:_log_metrics:20 - iter=0014 reward=-1566.9465 ESS=0.9053 acb_factor_mean=0.0602 clip_fraction=0.1250 collision_rate=0.8052 collision_total_mean=6034.0996 entropy=-6.0870 explained_variance=-0.0103 kl_approx=122.9443 loss_critic=36115.5078 loss_entropy=0.0609 loss_objective=0.0114 preamble_cbra=2.0000 preamble_cfra=2.0000 preamble_pbra=59.0000 requests_cbra=103081.9375 requests_pbra=128661.1406 success_rate=0.1948 success_total_mean=1460.1559
2025-11-18 19:46:14.583 | INFO     | __main__:_log_metrics:20 - iter=0015 reward=-2161.5408 ESS=0.9309 acb_factor_mean=0.0533 clip_fraction=0.0938 collision_rate=0.8427 collision_total_mean=6872.8315 entropy=-5.9129 explained_variance=0.0070 kl_approx=72.7178 loss_critic=41558.9766 loss_entropy=0.0591 loss_objective=0.0076 preamble_cbra=2.0000 preamble_cfra=2.0000 preamble_pbra=60.0000 requests_cbra=108052.8125 requests_pbra=134879.4062 success_rate=0.1573 success_total_mean=1283.2238
2025-11-18 19:46:18.922 | INFO     | __main__:_log_metrics:20 - iter=0016 reward=-2389.1714 ESS=0.9417 acb_factor_mean=0.0642 clip_fraction=0.0938 collision_rate=0.8347 collision_total_mean=7878.5469 entropy=-6.2642 explained_variance=0.0783 kl_approx=75.6983 loss_critic=36035.9453 loss_entropy=0.0626 loss_objective=0.0090 preamble_cbra=2.0000 preamble_cfra=3.0000 preamble_pbra=60.0000 requests_cbra=103166.8906 requests_pbra=128775.8750 success_rate=0.1653 success_total_mean=1560.7856
2025-11-18 19:46:23.576 | INFO     | __main__:_log_metrics:20 - iter=0017 reward=-2765.8311 ESS=0.8722 acb_factor_mean=0.0589 clip_fraction=0.1641 collision_rate=0.8526 collision_total_mean=8423.8506 entropy=-6.4047 explained_variance=0.0020 kl_approx=936.2455 loss_critic=54294.6250 loss_entropy=0.0640 loss_objective=0.0441 preamble_cbra=2.0000 preamble_cfra=2.0000 preamble_pbra=60.0000 requests_cbra=111225.0703 requests_pbra=138876.3594 success_rate=0.1474 success_total_mean=1456.1621
2025-11-18 19:46:27.764 | INFO     | __main__:_log_metrics:20 - iter=0018 reward=-3315.9392 ESS=0.9241 acb_factor_mean=0.0631 clip_fraction=0.1016 collision_rate=0.8584 collision_total_mean=9853.6602 entropy=-5.9553 explained_variance=0.0065 kl_approx=92.9893 loss_critic=65822.5000 loss_entropy=0.0596 loss_objective=0.0134 preamble_cbra=1.0000 preamble_cfra=3.0000 preamble_pbra=60.0000 requests_cbra=106249.3906 requests_pbra=132652.1875 success_rate=0.1416 success_total_mean=1625.3328
2025-11-18 19:46:32.265 | INFO     | __main__:_log_metrics:20 - iter=0019 reward=-4524.9336 ESS=0.8325 acb_factor_mean=0.0678 clip_fraction=0.2031 collision_rate=0.8805 collision_total_mean=12388.5352 entropy=-6.4254 explained_variance=0.0049 kl_approx=341.0338 loss_critic=90892.5625 loss_entropy=0.0643 loss_objective=0.0162 preamble_cbra=2.0000 preamble_cfra=3.0000 preamble_pbra=60.0000 requests_cbra=113079.1250 requests_pbra=141195.5625 success_rate=0.1195 success_total_mean=1681.9827
2025-11-18 19:46:36.685 | INFO     | __main__:_log_metrics:20 - iter=0020 reward=-3644.8782 ESS=0.8648 acb_factor_mean=0.0664 clip_fraction=0.1797 collision_rate=0.8767 collision_total_mean=10105.5947 entropy=-6.2905 explained_variance=0.0639 kl_approx=178.8701 loss_critic=59747.8359 loss_entropy=0.0629 loss_objective=0.0398 preamble_cbra=1.0000 preamble_cfra=2.0000 preamble_pbra=60.0000 requests_cbra=108673.0938 requests_pbra=135664.5469 success_rate=0.1233 success_total_mean=1421.8812
2025-11-18 19:46:41.145 | INFO     | __main__:_log_metrics:20 - iter=0021 reward=-3146.4478 ESS=0.9778 acb_factor_mean=0.0671 clip_fraction=0.0547 collision_rate=0.8643 collision_total_mean=9126.5957 entropy=-5.9080 explained_variance=0.0033 kl_approx=0.5843 loss_critic=48798.0859 loss_entropy=0.0591 loss_objective=0.0151 preamble_cbra=1.0000 preamble_cfra=3.0000 preamble_pbra=60.0000 requests_cbra=105622.9922 requests_pbra=131863.5938 success_rate=0.1357 success_total_mean=1432.4031
2025-11-18 19:46:45.456 | INFO     | __main__:_log_metrics:20 - iter=0022 reward=-4024.8906 ESS=0.7186 acb_factor_mean=0.0631 clip_fraction=0.3438 collision_rate=0.8778 collision_total_mean=11114.3711 entropy=-5.9687 explained_variance=0.1379 kl_approx=2492.2158 loss_critic=73084.3594 loss_entropy=0.0597 loss_objective=0.0702 preamble_cbra=1.0000 preamble_cfra=3.0000 preamble_pbra=60.0000 requests_cbra=119645.4766 requests_pbra=149399.2500 success_rate=0.1222 success_total_mean=1547.1223
2025-11-18 19:46:49.686 | INFO     | __main__:_log_metrics:20 - iter=0023 reward=-2836.3857 ESS=0.7527 acb_factor_mean=0.0607 clip_fraction=0.3125 collision_rate=0.8706 collision_total_mean=8037.9170 entropy=-6.1377 explained_variance=0.0186 kl_approx=1631.7169 loss_critic=54222.8633 loss_entropy=0.0614 loss_objective=0.0420 preamble_cbra=1.0000 preamble_cfra=2.0000 preamble_pbra=61.0000 requests_cbra=108120.6250 requests_pbra=134954.5312 success_rate=0.1294 success_total_mean=1195.1649
2025-11-18 19:46:53.853 | INFO     | __main__:_log_metrics:20 - iter=0024 reward=-2530.5754 ESS=0.8311 acb_factor_mean=0.0556 clip_fraction=0.1953 collision_rate=0.8531 collision_total_mean=7660.6631 entropy=-6.0822 explained_variance=0.0488 kl_approx=850.7823 loss_critic=56225.7031 loss_entropy=0.0608 loss_objective=0.0185 preamble_cbra=1.0000 preamble_cfra=3.0000 preamble_pbra=60.0000 requests_cbra=110226.4688 requests_pbra=137575.3594 success_rate=0.1469 success_total_mean=1318.6333
2025-11-18 19:46:58.052 | INFO     | __main__:_log_metrics:20 - iter=0025 reward=-3169.0840 ESS=0.9566 acb_factor_mean=0.0611 clip_fraction=0.0781 collision_rate=0.8695 collision_total_mean=9001.5928 entropy=-6.6471 explained_variance=0.0046 kl_approx=275.6747 loss_critic=52607.0547 loss_entropy=0.0665 loss_objective=0.0117 preamble_cbra=2.0000 preamble_cfra=3.0000 preamble_pbra=60.0000 requests_cbra=107750.0625 requests_pbra=134511.1875 success_rate=0.1305 success_total_mean=1351.5953
2025-11-18 19:47:02.323 | INFO     | __main__:_log_metrics:20 - iter=0026 reward=-1718.2881 ESS=0.9254 acb_factor_mean=0.0554 clip_fraction=0.0781 collision_rate=0.8326 collision_total_mean=5694.7637 entropy=-6.4078 explained_variance=0.0011 kl_approx=169.3336 loss_critic=38708.8125 loss_entropy=0.0641 loss_objective=0.0072 preamble_cbra=2.0000 preamble_cfra=2.0000 preamble_pbra=60.0000 requests_cbra=112107.5625 requests_pbra=139952.9062 success_rate=0.1674 success_total_mean=1144.6379
2025-11-18 19:47:06.354 | INFO     | __main__:_log_metrics:20 - iter=0027 reward=-2611.5413 ESS=0.6888 acb_factor_mean=0.0579 clip_fraction=0.1953 collision_rate=0.8734 collision_total_mean=7316.7075 entropy=-6.2317 explained_variance=0.0177 kl_approx=289.6407 loss_critic=43616.1016 loss_entropy=0.0623 loss_objective=0.0398 preamble_cbra=2.0000 preamble_cfra=2.0000 preamble_pbra=61.0000 requests_cbra=104766.5234 requests_pbra=130771.4609 success_rate=0.1266 success_total_mean=1060.7365
2025-11-18 19:47:10.490 | INFO     | __main__:_log_metrics:20 - iter=0028 reward=-3307.3848 ESS=0.8658 acb_factor_mean=0.0697 clip_fraction=0.2109 collision_rate=0.8714 collision_total_mean=9325.3623 entropy=-5.6456 explained_variance=0.0305 kl_approx=211.4560 loss_critic=50372.9297 loss_entropy=0.0565 loss_objective=0.0246 preamble_cbra=1.0000 preamble_cfra=3.0000 preamble_pbra=60.0000 requests_cbra=107572.5938 requests_pbra=134262.9844 success_rate=0.1286 success_total_mean=1376.0758
2025-11-18 19:47:14.773 | INFO     | __main__:_log_metrics:20 - iter=0029 reward=-3397.0305 ESS=0.8537 acb_factor_mean=0.0723 clip_fraction=0.2578 collision_rate=0.8488 collision_total_mean=10454.9502 entropy=-5.9708 explained_variance=0.0214 kl_approx=935.2651 loss_critic=81725.7422 loss_entropy=0.0597 loss_objective=0.0195 preamble_cbra=2.0000 preamble_cfra=4.0000 preamble_pbra=59.0000 requests_cbra=115041.1719 requests_pbra=143616.2344 success_rate=0.1512 success_total_mean=1862.0730
2025-11-18 19:47:19.055 | INFO     | __main__:_log_metrics:20 - iter=0030 reward=-4324.9834 ESS=0.9312 acb_factor_mean=0.0737 clip_fraction=0.1016 collision_rate=0.8995 collision_total_mean=11094.3906 entropy=-5.7733 explained_variance=-0.0879 kl_approx=41.9312 loss_critic=58401.4688 loss_entropy=0.0577 loss_objective=0.0288 preamble_cbra=1.0000 preamble_cfra=2.0000 preamble_pbra=60.0000 requests_cbra=108939.6719 requests_pbra=135950.8750 success_rate=0.1005 success_total_mean=1239.9811
2025-11-18 19:47:23.416 | INFO     | __main__:_log_metrics:20 - iter=0031 reward=-4399.3979 ESS=0.6186 acb_factor_mean=0.0943 clip_fraction=0.2188 collision_rate=0.8982 collision_total_mean=11340.0137 entropy=-5.6106 explained_variance=0.0188 kl_approx=215.0931 loss_critic=78440.7031 loss_entropy=0.0561 loss_objective=0.0481 preamble_cbra=1.0000 preamble_cfra=2.0000 preamble_pbra=60.0000 requests_cbra=104637.5938 requests_pbra=130560.2812 success_rate=0.1018 success_total_mean=1284.9092
2025-11-18 19:47:27.670 | INFO     | __main__:_log_metrics:20 - iter=0032 reward=-5420.7471 ESS=0.0690 acb_factor_mean=0.0962 clip_fraction=0.6719 collision_rate=0.9145 collision_total_mean=13302.5615 entropy=-3.2011 explained_variance=-0.0458 kl_approx=1076.6967 loss_critic=84553.3750 loss_entropy=0.0320 loss_objective=0.1929 preamble_cbra=1.0000 preamble_cfra=2.0000 preamble_pbra=61.0000 requests_cbra=110162.3359 requests_pbra=137450.5781 success_rate=0.0855 success_total_mean=1243.4866
2025-11-18 19:47:34.175 | INFO     | __main__:_log_metrics:20 - iter=0033 reward=-81410.4375 ESS=0.5920 acb_factor_mean=0.4559 clip_fraction=0.4219 collision_rate=0.9877 collision_total_mean=166949.8594 entropy=-0.6884 explained_variance=0.1257 kl_approx=13296.5439 loss_critic=621380.2500 loss_entropy=0.0069 loss_objective=0.0785 preamble_cbra=1.0000 preamble_cfra=2.0000 preamble_pbra=61.0000 requests_cbra=171173.4375 requests_pbra=212167.9688 success_rate=0.0123 success_total_mean=2078.4280
2025-11-18 19:47:40.618 | INFO     | __main__:_log_metrics:20 - iter=0034 reward=-95373.2188 ESS=0.6316 acb_factor_mean=0.4631 clip_fraction=0.3750 collision_rate=0.9890 collision_total_mean=195038.5000 entropy=-0.4781 explained_variance=0.0581 kl_approx=15026.7031 loss_critic=974598.8750 loss_entropy=0.0048 loss_objective=0.1113 preamble_cbra=1.0000 preamble_cfra=2.0000 preamble_pbra=61.0000 requests_cbra=191753.0938 requests_pbra=237878.6875 success_rate=0.0110 success_total_mean=2159.7148
2025-11-18 19:47:47.194 | INFO     | __main__:_log_metrics:20 - iter=0035 reward=-94703.0312 ESS=0.9966 acb_factor_mean=0.4651 clip_fraction=0.0078 collision_rate=0.9900 collision_total_mean=193266.8906 entropy=-0.6114 explained_variance=0.0368 kl_approx=-0.0013 loss_critic=1461112.3750 loss_entropy=0.0061 loss_objective=-0.0049 preamble_cbra=2.0000 preamble_cfra=2.0000 preamble_pbra=60.0000 requests_cbra=191211.7031 requests_pbra=237117.6562 success_rate=0.0100 success_total_mean=1942.5721
2025-11-18 19:47:53.899 | INFO     | __main__:_log_metrics:20 - iter=0036 reward=-89649.2656 ESS=0.9754 acb_factor_mean=0.4467 clip_fraction=0.0312 collision_rate=0.9898 collision_total_mean=183030.6875 entropy=-1.4532 explained_variance=-0.0370 kl_approx=49.6655 loss_critic=1293394.3750 loss_entropy=0.0145 loss_objective=0.0196 preamble_cbra=2.0000 preamble_cfra=2.0000 preamble_pbra=60.0000 requests_cbra=188493.7344 requests_pbra=233745.3125 success_rate=0.0102 success_total_mean=1883.9031
2025-11-18 19:48:00.372 | INFO     | __main__:_log_metrics:20 - iter=0037 reward=-80451.6016 ESS=0.7864 acb_factor_mean=0.4333 clip_fraction=0.1641 collision_rate=0.9875 collision_total_mean=165036.3906 entropy=-1.0615 explained_variance=0.3720 kl_approx=3083.6882 loss_critic=1149401.0000 loss_entropy=0.0106 loss_objective=0.0495 preamble_cbra=1.0000 preamble_cfra=2.0000 preamble_pbra=60.0000 requests_cbra=174727.8750 requests_pbra=216255.3438 success_rate=0.0125 success_total_mean=2082.2153
2025-11-18 19:48:06.852 | INFO     | __main__:_log_metrics:20 - iter=0038 reward=-100593.4297 ESS=0.9647 acb_factor_mean=0.4713 clip_fraction=0.0391 collision_rate=0.9745 collision_total_mean=212056.3750 entropy=-0.2141 explained_variance=0.3901 kl_approx=72.5410 loss_critic=1982728.5000 loss_entropy=0.0021 loss_objective=0.0044 preamble_cbra=2.0000 preamble_cfra=13.0000 preamble_pbra=50.0000 requests_cbra=201280.4375 requests_pbra=250823.9062 success_rate=0.0255 success_total_mean=5556.0928
2025-11-18 19:48:13.842 | INFO     | __main__:_log_metrics:20 - iter=0039 reward=-98790.4688 ESS=0.9996 acb_factor_mean=0.4937 clip_fraction=0.0000 collision_rate=0.9736 collision_total_mean=208670.4531 entropy=-0.2908 explained_variance=0.1371 kl_approx=0.0004 loss_critic=1639171.8750 loss_entropy=0.0029 loss_objective=-0.0013 preamble_cbra=2.0000 preamble_cfra=14.0000 preamble_pbra=49.0000 requests_cbra=191904.0156 requests_pbra=238658.7969 success_rate=0.0264 success_total_mean=5668.6499
2025-11-18 19:48:20.618 | INFO     | __main__:_log_metrics:20 - iter=0040 reward=-113124.0781 ESS=0.9419 acb_factor_mean=0.4822 clip_fraction=0.0703 collision_rate=0.9775 collision_total_mean=236895.9062 entropy=-0.3220 explained_variance=0.3402 kl_approx=576.3572 loss_critic=1688882.5000 loss_entropy=0.0032 loss_objective=0.0010 preamble_cbra=2.0000 preamble_cfra=12.0000 preamble_pbra=50.0000 requests_cbra=214659.0938 requests_pbra=266844.8750 success_rate=0.0225 success_total_mean=5443.5967
2025-11-18 19:48:27.599 | INFO     | __main__:_log_metrics:20 - iter=0041 reward=-95236.1719 ESS=0.9687 acb_factor_mean=0.4940 clip_fraction=0.0312 collision_rate=0.9611 collision_total_mean=206324.4688 entropy=-0.1805 explained_variance=0.0499 kl_approx=194.0928 loss_critic=1897911.8750 loss_entropy=0.0018 loss_objective=0.0226 preamble_cbra=2.0000 preamble_cfra=25.0000 preamble_pbra=38.0000 requests_cbra=189955.2969 requests_pbra=236986.6562 success_rate=0.0389 success_total_mean=8356.2090
2025-11-18 19:48:34.384 | INFO     | __main__:_log_metrics:20 - iter=0042 reward=-98967.2578 ESS=0.9291 acb_factor_mean=0.4765 clip_fraction=0.0781 collision_rate=0.9688 collision_total_mean=211076.6562 entropy=0.0193 explained_variance=-0.0370 kl_approx=75.0002 loss_critic=2003243.7500 loss_entropy=-0.0002 loss_objective=0.0059 preamble_cbra=2.0000 preamble_cfra=18.0000 preamble_pbra=44.0000 requests_cbra=201332.9219 requests_pbra=250434.5625 success_rate=0.0312 success_total_mean=6801.2764
2025-11-18 19:48:41.252 | INFO     | __main__:_log_metrics:20 - iter=0043 reward=-99749.7578 ESS=0.9922 acb_factor_mean=0.4960 clip_fraction=0.0078 collision_rate=0.9561 collision_total_mean=218213.8125 entropy=0.0000 explained_variance=-0.0940 kl_approx=3.0679 loss_critic=1958828.3750 loss_entropy=-0.0000 loss_objective=0.0003 preamble_cbra=2.0000 preamble_cfra=31.0000 preamble_pbra=32.0000 requests_cbra=195716.0312 requests_pbra=244538.3281 success_rate=0.0439 success_total_mean=10010.5869
2025-11-18 19:48:48.138 | INFO     | __main__:_log_metrics:20 - iter=0044 reward=-104331.6016 ESS=0.9922 acb_factor_mean=0.5000 clip_fraction=0.0078 collision_rate=0.9557 collision_total_mean=228180.7188 entropy=0.0193 explained_variance=-0.2761 kl_approx=14.2909 loss_critic=2241393.2500 loss_entropy=-0.0002 loss_objective=-0.0010 preamble_cbra=2.0000 preamble_cfra=34.0000 preamble_pbra=29.0000 requests_cbra=199810.1719 requests_pbra=249585.3594 success_rate=0.0443 success_total_mean=10587.5869
2025-11-18 19:48:54.979 | INFO     | __main__:_log_metrics:20 - iter=0045 reward=-105731.1328 ESS=1.0000 acb_factor_mean=0.5021 clip_fraction=0.0000 collision_rate=0.9607 collision_total_mean=229091.5938 entropy=0.0000 explained_variance=0.2588 kl_approx=0.0000 loss_critic=2079182.2500 loss_entropy=-0.0000 loss_objective=0.0000 preamble_cbra=2.0000 preamble_cfra=28.0000 preamble_pbra=34.0000 requests_cbra=202197.2812 requests_pbra=251939.1562 success_rate=0.0393 success_total_mean=9363.8984
2025-11-18 19:49:02.076 | INFO     | __main__:_log_metrics:20 - iter=0046 reward=-101943.1094 ESS=0.9922 acb_factor_mean=0.5039 clip_fraction=0.0078 collision_rate=0.9601 collision_total_mean=221100.7656 entropy=0.0000 explained_variance=0.1630 kl_approx=21.7182 loss_critic=1737658.1250 loss_entropy=-0.0000 loss_objective=-0.0020 preamble_cbra=2.0000 preamble_cfra=28.0000 preamble_pbra=34.0000 requests_cbra=194849.1250 requests_pbra=243030.6562 success_rate=0.0399 success_total_mean=9191.9219
2025-11-18 19:49:08.860 | INFO     | __main__:_log_metrics:20 - iter=0047 reward=-113030.0469 ESS=1.0000 acb_factor_mean=0.4998 clip_fraction=0.0000 collision_rate=0.9671 collision_total_mean=241770.9062 entropy=0.0000 explained_variance=0.1763 kl_approx=0.0000 loss_critic=1787512.6250 loss_entropy=0.0000 loss_objective=-0.0000 preamble_cbra=2.0000 preamble_cfra=23.0000 preamble_pbra=39.0000 requests_cbra=213260.4062 requests_pbra=266014.9375 success_rate=0.0329 success_total_mean=8221.6924
2025-11-18 19:49:15.596 | INFO     | __main__:_log_metrics:20 - iter=0048 reward=-103792.3750 ESS=0.9922 acb_factor_mean=0.5126 clip_fraction=0.0078 collision_rate=0.9721 collision_total_mean=219817.8750 entropy=0.0000 explained_variance=-0.4090 kl_approx=0.0567 loss_critic=1730725.1250 loss_entropy=-0.0000 loss_objective=-0.0014 preamble_cbra=2.0000 preamble_cfra=17.0000 preamble_pbra=46.0000 requests_cbra=190498.8125 requests_pbra=237063.2188 success_rate=0.0279 success_total_mean=6317.4302
2025-11-18 19:49:22.576 | INFO     | __main__:_log_metrics:20 - iter=0049 reward=-100661.2656 ESS=0.9800 acb_factor_mean=0.5055 clip_fraction=0.0156 collision_rate=0.9737 collision_total_mean=212457.3125 entropy=0.0000 explained_variance=-0.6339 kl_approx=9.1149 loss_critic=2157520.5000 loss_entropy=-0.0000 loss_objective=0.0119 preamble_cbra=2.0000 preamble_cfra=15.0000 preamble_pbra=48.0000 requests_cbra=186732.5312 requests_pbra=232166.0000 success_rate=0.0263 success_total_mean=5735.0391
2025-11-18 19:49:29.394 | INFO     | __main__:_log_metrics:20 - iter=0050 reward=-106098.4844 ESS=0.9609 acb_factor_mean=0.5009 clip_fraction=0.0391 collision_rate=0.9656 collision_total_mean=227725.6562 entropy=0.0001 explained_variance=-0.1741 kl_approx=137.8237 loss_critic=1994177.1250 loss_entropy=-0.0000 loss_objective=-0.0030 preamble_cbra=2.0000 preamble_cfra=23.0000 preamble_pbra=40.0000 requests_cbra=203828.9844 requests_pbra=253825.8750 success_rate=0.0344 success_total_mean=8119.1592
2025-11-18 19:49:36.683 | INFO     | __main__:_log_metrics:20 - iter=0051 reward=-97805.5156 ESS=0.9918 acb_factor_mean=0.5002 clip_fraction=0.0156 collision_rate=0.9571 collision_total_mean=213436.8281 entropy=0.0404 explained_variance=0.2329 kl_approx=106.3251 loss_critic=2024831.3750 loss_entropy=-0.0004 loss_objective=-0.0040 preamble_cbra=2.0000 preamble_cfra=30.0000 preamble_pbra=32.0000 requests_cbra=189971.7812 requests_pbra=236584.9219 success_rate=0.0429 success_total_mean=9562.9668
2025-11-18 19:49:43.943 | INFO     | __main__:_log_metrics:20 - iter=0052 reward=-104092.0469 ESS=0.9766 acb_factor_mean=0.5014 clip_fraction=0.0234 collision_rate=0.9631 collision_total_mean=224412.2188 entropy=0.0000 explained_variance=0.0900 kl_approx=110.3424 loss_critic=2120145.2500 loss_entropy=-0.0000 loss_objective=0.0031 preamble_cbra=2.0000 preamble_cfra=25.0000 preamble_pbra=37.0000 requests_cbra=197033.7344 requests_pbra=245371.2500 success_rate=0.0369 success_total_mean=8591.9199
2025-11-18 19:49:51.297 | INFO     | __main__:_log_metrics:20 - iter=0053 reward=-102385.4297 ESS=1.0000 acb_factor_mean=0.5027 clip_fraction=0.0000 collision_rate=0.9703 collision_total_mean=217609.7344 entropy=0.0000 explained_variance=-0.0531 kl_approx=0.0000 loss_critic=1639993.6250 loss_entropy=-0.0000 loss_objective=0.0000 preamble_cbra=2.0000 preamble_cfra=18.0000 preamble_pbra=44.0000 requests_cbra=195957.4375 requests_pbra=243860.1250 success_rate=0.0297 success_total_mean=6660.8340
2025-11-18 19:49:58.501 | INFO     | __main__:_log_metrics:20 - iter=0054 reward=-108950.1641 ESS=1.0000 acb_factor_mean=0.4974 clip_fraction=0.0000 collision_rate=0.9703 collision_total_mean=231611.8438 entropy=0.0000 explained_variance=-0.0409 kl_approx=0.0000 loss_critic=1910095.3750 loss_entropy=0.0000 loss_objective=-0.0000 preamble_cbra=2.0000 preamble_cfra=19.0000 preamble_pbra=44.0000 requests_cbra=205659.6250 requests_pbra=256553.6250 success_rate=0.0297 success_total_mean=7100.1460
2025-11-18 19:50:05.591 | INFO     | __main__:_log_metrics:20 - iter=0055 reward=-111767.1641 ESS=1.0000 acb_factor_mean=0.5016 clip_fraction=0.0000 collision_rate=0.9728 collision_total_mean=236367.8750 entropy=0.0000 explained_variance=0.1300 kl_approx=0.0000 loss_critic=1668601.2500 loss_entropy=0.0000 loss_objective=-0.0000 preamble_cbra=2.0000 preamble_cfra=17.0000 preamble_pbra=46.0000 requests_cbra=209400.4062 requests_pbra=260768.1250 success_rate=0.0272 success_total_mean=6602.6797
2025-11-18 19:50:13.052 | INFO     | __main__:_log_metrics:20 - iter=0056 reward=-106960.9062 ESS=0.9999 acb_factor_mean=0.5076 clip_fraction=0.0000 collision_rate=0.9731 collision_total_mean=226018.5000 entropy=0.0423 explained_variance=-0.2672 kl_approx=0.0004 loss_critic=1960618.2500 loss_entropy=-0.0004 loss_objective=-0.0014 preamble_cbra=2.0000 preamble_cfra=17.0000 preamble_pbra=46.0000 requests_cbra=196317.5312 requests_pbra=244100.8438 success_rate=0.0269 success_total_mean=6240.8789
2025-11-18 19:50:20.348 | INFO     | __main__:_log_metrics:20 - iter=0057 reward=-101348.6562 ESS=0.9922 acb_factor_mean=0.5060 clip_fraction=0.0078 collision_rate=0.9718 collision_total_mean=214797.2344 entropy=0.0132 explained_variance=-0.0213 kl_approx=4.9561 loss_critic=1869242.5000 loss_entropy=-0.0001 loss_objective=0.0128 preamble_cbra=2.0000 preamble_cfra=16.0000 preamble_pbra=46.0000 requests_cbra=190563.5625 requests_pbra=237037.9531 success_rate=0.0282 success_total_mean=6225.3506
2025-11-18 19:50:27.843 | INFO     | __main__:_log_metrics:20 - iter=0058 reward=-100966.0781 ESS=1.0000 acb_factor_mean=0.5002 clip_fraction=0.0000 collision_rate=0.9703 collision_total_mean=214683.3125 entropy=0.0001 explained_variance=-0.2782 kl_approx=0.0000 loss_critic=1559383.7500 loss_entropy=-0.0000 loss_objective=-0.0000 preamble_cbra=2.0000 preamble_cfra=17.0000 preamble_pbra=45.0000 requests_cbra=193766.7344 requests_pbra=241704.6875 success_rate=0.0297 success_total_mean=6576.0269
2025-11-18 19:50:34.790 | INFO     | __main__:_log_metrics:20 - iter=0059 reward=-104738.9062 ESS=0.9922 acb_factor_mean=0.4961 clip_fraction=0.0078 collision_rate=0.9694 collision_total_mean=223093.9531 entropy=0.0000 explained_variance=-0.2848 kl_approx=8.1839 loss_critic=1933103.0000 loss_entropy=-0.0000 loss_objective=0.0009 preamble_cbra=2.0000 preamble_cfra=18.0000 preamble_pbra=44.0000 requests_cbra=203390.0625 requests_pbra=253420.2500 success_rate=0.0306 success_total_mean=7049.8823
2025-11-18 19:50:41.949 | INFO     | __main__:_log_metrics:20 - iter=0060 reward=-105539.7344 ESS=0.9921 acb_factor_mean=0.5005 clip_fraction=0.0078 collision_rate=0.9683 collision_total_mean=225291.5938 entropy=0.0199 explained_variance=0.0500 kl_approx=6.6323 loss_critic=1929827.1250 loss_entropy=-0.0002 loss_objective=-0.0036 preamble_cbra=2.0000 preamble_cfra=20.0000 preamble_pbra=43.0000 requests_cbra=199602.7500 requests_pbra=248265.9062 success_rate=0.0317 success_total_mean=7370.7168
2025-11-18 19:50:49.455 | INFO     | __main__:_log_metrics:20 - iter=0061 reward=-118764.9219 ESS=0.9841 acb_factor_mean=0.5063 clip_fraction=0.0156 collision_rate=0.9766 collision_total_mean=249182.8750 entropy=0.0228 explained_variance=-0.2901 kl_approx=75.5940 loss_critic=1922258.7500 loss_entropy=-0.0002 loss_objective=-0.0041 preamble_cbra=2.0000 preamble_cfra=15.0000 preamble_pbra=48.0000 requests_cbra=220682.4688 requests_pbra=274822.0625 success_rate=0.0234 success_total_mean=5974.8628
2025-11-18 19:50:56.768 | INFO     | __main__:_log_metrics:20 - iter=0062 reward=-108367.8906 ESS=0.9922 acb_factor_mean=0.4999 clip_fraction=0.0078 collision_rate=0.9755 collision_total_mean=227923.9688 entropy=0.0236 explained_variance=-0.1885 kl_approx=131.6633 loss_critic=1853376.5000 loss_entropy=-0.0002 loss_objective=-0.0021 preamble_cbra=2.0000 preamble_cfra=14.0000 preamble_pbra=49.0000 requests_cbra=203609.9062 requests_pbra=253400.6875 success_rate=0.0245 success_total_mean=5718.9800
2025-11-18 19:51:04.148 | INFO     | __main__:_log_metrics:20 - iter=0063 reward=-110688.8516 ESS=0.9764 acb_factor_mean=0.4981 clip_fraction=0.0234 collision_rate=0.9768 collision_total_mean=232143.8750 entropy=0.0119 explained_variance=0.0816 kl_approx=305.5158 loss_critic=1791906.7500 loss_entropy=-0.0001 loss_objective=-0.0065 preamble_cbra=2.0000 preamble_cfra=13.0000 preamble_pbra=49.0000 requests_cbra=204332.7812 requests_pbra=254302.5000 success_rate=0.0232 success_total_mean=5512.9619
2025-11-18 19:51:10.837 | INFO     | __main__:_log_metrics:20 - iter=0064 reward=-103355.9609 ESS=0.9844 acb_factor_mean=0.4975 clip_fraction=0.0156 collision_rate=0.9842 collision_total_mean=213430.3438 entropy=0.0173 explained_variance=-0.3110 kl_approx=88.2207 loss_critic=1674018.0000 loss_entropy=-0.0002 loss_objective=0.0183 preamble_cbra=2.0000 preamble_cfra=6.0000 preamble_pbra=56.0000 requests_cbra=192217.6719 requests_pbra=238998.6875 success_rate=0.0158 success_total_mean=3416.1870
2025-11-18 19:51:17.736 | INFO     | __main__:_log_metrics:20 - iter=0065 reward=-109602.3594 ESS=0.9918 acb_factor_mean=0.5093 clip_fraction=0.0156 collision_rate=0.9807 collision_total_mean=228052.6562 entropy=0.0367 explained_variance=-0.0217 kl_approx=0.8019 loss_critic=1711222.5000 loss_entropy=-0.0004 loss_objective=-0.0031 preamble_cbra=2.0000 preamble_cfra=9.0000 preamble_pbra=53.0000 requests_cbra=201386.5938 requests_pbra=250611.7969 success_rate=0.0193 success_total_mean=4498.9028
2025-11-18 19:51:24.748 | INFO     | __main__:_log_metrics:20 - iter=0066 reward=-109265.7891 ESS=0.9765 acb_factor_mean=0.4967 clip_fraction=0.0234 collision_rate=0.9799 collision_total_mean=227643.1094 entropy=0.0389 explained_variance=-0.1926 kl_approx=4709.0322 loss_critic=1934483.3750 loss_entropy=-0.0004 loss_objective=0.0120 preamble_cbra=2.0000 preamble_cfra=10.0000 preamble_pbra=52.0000 requests_cbra=203079.5312 requests_pbra=252156.6250 success_rate=0.0201 success_total_mean=4664.7842
2025-11-18 19:51:31.986 | INFO     | __main__:_log_metrics:20 - iter=0067 reward=-104434.7031 ESS=0.9922 acb_factor_mean=0.4988 clip_fraction=0.0078 collision_rate=0.9696 collision_total_mean=222345.6875 entropy=0.0000 explained_variance=-0.3683 kl_approx=0.1790 loss_critic=2139333.2500 loss_entropy=-0.0000 loss_objective=-0.0021 preamble_cbra=2.0000 preamble_cfra=19.0000 preamble_pbra=44.0000 requests_cbra=199043.1719 requests_pbra=247838.7812 success_rate=0.0304 success_total_mean=6965.1943
2025-11-18 19:51:39.498 | INFO     | __main__:_log_metrics:20 - iter=0068 reward=-99500.0156 ESS=1.0000 acb_factor_mean=0.4922 clip_fraction=0.0000 collision_rate=0.9689 collision_total_mean=212195.6250 entropy=0.0000 explained_variance=0.0016 kl_approx=0.0000 loss_critic=1883629.5000 loss_entropy=0.0000 loss_objective=-0.0000 preamble_cbra=2.0000 preamble_cfra=18.0000 preamble_pbra=44.0000 requests_cbra=192108.5000 requests_pbra=239443.9062 success_rate=0.0311 success_total_mean=6813.4175
2025-11-18 19:51:47.285 | INFO     | __main__:_log_metrics:20 - iter=0069 reward=-107438.6641 ESS=0.9687 acb_factor_mean=0.5035 clip_fraction=0.0312 collision_rate=0.9708 collision_total_mean=228180.1562 entropy=0.0215 explained_variance=-0.6381 kl_approx=1.4280 loss_critic=2165081.2500 loss_entropy=-0.0002 loss_objective=-0.0113 preamble_cbra=2.0000 preamble_cfra=18.0000 preamble_pbra=44.0000 requests_cbra=203280.3594 requests_pbra=253368.1250 success_rate=0.0292 success_total_mean=6869.6128
2025-11-18 19:51:54.690 | INFO     | __main__:_log_metrics:20 - iter=0070 reward=-99926.0078 ESS=1.0000 acb_factor_mean=0.4978 clip_fraction=0.0000 collision_rate=0.9657 collision_total_mean=214325.8438 entropy=0.0000 explained_variance=-0.3331 kl_approx=0.0000 loss_critic=2085089.8750 loss_entropy=0.0000 loss_objective=0.0000 preamble_cbra=2.0000 preamble_cfra=22.0000 preamble_pbra=40.0000 requests_cbra=194001.7812 requests_pbra=241528.7812 success_rate=0.0343 success_total_mean=7613.3745
2025-11-18 19:52:01.951 | INFO     | __main__:_log_metrics:20 - iter=0071 reward=-109878.0469 ESS=0.9922 acb_factor_mean=0.5051 clip_fraction=0.0078 collision_rate=0.9697 collision_total_mean=233761.2344 entropy=0.0000 explained_variance=-0.4854 kl_approx=0.2612 loss_critic=2271818.2500 loss_entropy=-0.0000 loss_objective=-0.0021 preamble_cbra=2.0000 preamble_cfra=20.0000 preamble_pbra=42.0000 requests_cbra=207136.1875 requests_pbra=258072.2188 success_rate=0.0303 success_total_mean=7314.6807
2025-11-18 19:52:09.247 | INFO     | __main__:_log_metrics:20 - iter=0072 reward=-111646.7266 ESS=1.0000 acb_factor_mean=0.5085 clip_fraction=0.0000 collision_rate=0.9668 collision_total_mean=238797.7500 entropy=0.0000 explained_variance=-0.0231 kl_approx=0.0000 loss_critic=2237785.7500 loss_entropy=0.0000 loss_objective=-0.0000 preamble_cbra=2.0000 preamble_cfra=24.0000 preamble_pbra=38.0000 requests_cbra=206268.0469 requests_pbra=256996.0625 success_rate=0.0332 success_total_mean=8205.8438
2025-11-18 19:52:16.308 | INFO     | __main__:_log_metrics:20 - iter=0073 reward=-107192.9844 ESS=0.9998 acb_factor_mean=0.5068 clip_fraction=0.0000 collision_rate=0.9692 collision_total_mean=228198.2031 entropy=0.0140 explained_variance=-0.5773 kl_approx=0.0013 loss_critic=2246803.0000 loss_entropy=-0.0001 loss_objective=-0.0015 preamble_cbra=2.0000 preamble_cfra=21.0000 preamble_pbra=41.0000 requests_cbra=199639.6875 requests_pbra=248697.0625 success_rate=0.0308 success_total_mean=7241.5928
2025-11-18 19:52:23.595 | INFO     | __main__:_log_metrics:20 - iter=0074 reward=-102299.4141 ESS=1.0000 acb_factor_mean=0.5038 clip_fraction=0.0000 collision_rate=0.9635 collision_total_mean=220497.3438 entropy=0.0176 explained_variance=-0.7417 kl_approx=0.0006 loss_critic=2384911.5000 loss_entropy=-0.0002 loss_objective=-0.0011 preamble_cbra=2.0000 preamble_cfra=24.0000 preamble_pbra=38.0000 requests_cbra=195963.5938 requests_pbra=244241.0469 success_rate=0.0365 success_total_mean=8352.5137
2025-11-18 19:52:30.407 | INFO     | __main__:_log_metrics:20 - iter=0075 reward=-95697.1641 ESS=0.9922 acb_factor_mean=0.4942 clip_fraction=0.0078 collision_rate=0.9578 collision_total_mean=208564.9375 entropy=-0.0454 explained_variance=-0.5978 kl_approx=17.8432 loss_critic=2212963.5000 loss_entropy=0.0005 loss_objective=0.0001 preamble_cbra=2.0000 preamble_cfra=28.0000 preamble_pbra=34.0000 requests_cbra=190851.2188 requests_pbra=237276.1562 success_rate=0.0422 success_total_mean=9185.5791
2025-11-18 19:52:37.635 | INFO     | __main__:_log_metrics:20 - iter=0076 reward=-107122.6562 ESS=0.9844 acb_factor_mean=0.5005 clip_fraction=0.0156 collision_rate=0.9673 collision_total_mean=229087.7656 entropy=0.0000 explained_variance=-0.2126 kl_approx=9.4729 loss_critic=2168182.2500 loss_entropy=0.0000 loss_objective=0.0038 preamble_cbra=2.0000 preamble_cfra=21.0000 preamble_pbra=41.0000 requests_cbra=202950.7031 requests_pbra=252955.0625 success_rate=0.0327 success_total_mean=7746.3809
2025-11-18 19:52:44.971 | INFO     | __main__:_log_metrics:20 - iter=0077 reward=-98982.2891 ESS=1.0000 acb_factor_mean=0.5001 clip_fraction=0.0000 collision_rate=0.9626 collision_total_mean=213663.3750 entropy=0.0000 explained_variance=-0.9102 kl_approx=0.0000 loss_critic=2330287.7500 loss_entropy=0.0000 loss_objective=0.0000 preamble_cbra=2.0000 preamble_cfra=24.0000 preamble_pbra=38.0000 requests_cbra=190510.7188 requests_pbra=237378.4219 success_rate=0.0374 success_total_mean=8289.9746
2025-11-18 19:52:52.274 | INFO     | __main__:_log_metrics:20 - iter=0078 reward=-101318.5234 ESS=1.0000 acb_factor_mean=0.4983 clip_fraction=0.0000 collision_rate=0.9625 collision_total_mean=218734.8438 entropy=0.0000 explained_variance=-0.6495 kl_approx=0.0000 loss_critic=2107508.2500 loss_entropy=0.0000 loss_objective=0.0000 preamble_cbra=2.0000 preamble_cfra=24.0000 preamble_pbra=38.0000 requests_cbra=196316.9375 requests_pbra=244165.2500 success_rate=0.0375 success_total_mean=8516.6865
2025-11-18 19:52:59.389 | INFO     | __main__:_log_metrics:20 - iter=0079 reward=-102510.5547 ESS=1.0000 acb_factor_mean=0.5002 clip_fraction=0.0000 collision_rate=0.9667 collision_total_mean=219414.2344 entropy=0.0213 explained_variance=0.0106 kl_approx=0.0001 loss_critic=1806946.2500 loss_entropy=-0.0002 loss_objective=-0.0001 preamble_cbra=2.0000 preamble_cfra=22.0000 preamble_pbra=41.0000 requests_cbra=199116.6875 requests_pbra=247730.1719 success_rate=0.0333 success_total_mean=7567.1558
2025-11-18 19:53:06.866 | INFO     | __main__:_log_metrics:20 - iter=0080 reward=-104245.5625 ESS=0.9997 acb_factor_mean=0.5012 clip_fraction=0.0000 collision_rate=0.9677 collision_total_mean=222773.1250 entropy=0.0332 explained_variance=-0.7955 kl_approx=0.0021 loss_critic=1827603.0000 loss_entropy=-0.0003 loss_objective=-0.0050 preamble_cbra=2.0000 preamble_cfra=21.0000 preamble_pbra=42.0000 requests_cbra=200227.3750 requests_pbra=249471.4062 success_rate=0.0323 success_total_mean=7432.2295
2025-11-18 19:53:13.842 | INFO     | __main__:_log_metrics:20 - iter=0081 reward=-107207.1016 ESS=1.0000 acb_factor_mean=0.4967 clip_fraction=0.0000 collision_rate=0.9604 collision_total_mean=232233.5312 entropy=0.0000 explained_variance=-0.5744 kl_approx=0.0000 loss_critic=2692732.0000 loss_entropy=-0.0000 loss_objective=-0.0000 preamble_cbra=2.0000 preamble_cfra=29.0000 preamble_pbra=33.0000 requests_cbra=201838.9375 requests_pbra=251413.5312 success_rate=0.0396 success_total_mean=9565.0566
2025-11-18 19:53:20.665 | INFO     | __main__:_log_metrics:20 - iter=0082 reward=-99596.5000 ESS=1.0000 acb_factor_mean=0.4931 clip_fraction=0.0000 collision_rate=0.9617 collision_total_mean=215297.4375 entropy=0.0000 explained_variance=-0.1731 kl_approx=0.0000 loss_critic=2280308.0000 loss_entropy=-0.0000 loss_objective=0.0000 preamble_cbra=2.0000 preamble_cfra=26.0000 preamble_pbra=37.0000 requests_cbra=196087.4062 requests_pbra=244181.5781 success_rate=0.0383 success_total_mean=8577.4531
2025-11-18 19:53:27.432 | INFO     | __main__:_log_metrics:20 - iter=0083 reward=-96429.0625 ESS=1.0000 acb_factor_mean=0.5002 clip_fraction=0.0000 collision_rate=0.9618 collision_total_mean=208500.8125 entropy=0.0000 explained_variance=-0.4594 kl_approx=0.0000 loss_critic=1856074.0000 loss_entropy=0.0000 loss_objective=0.0000 preamble_cbra=2.0000 preamble_cfra=25.0000 preamble_pbra=38.0000 requests_cbra=185478.8594 requests_pbra=231154.9688 success_rate=0.0382 success_total_mean=8276.8828
2025-11-18 19:53:34.477 | INFO     | __main__:_log_metrics:20 - iter=0084 reward=-99697.8438 ESS=0.9922 acb_factor_mean=0.5057 clip_fraction=0.0078 collision_rate=0.9647 collision_total_mean=214304.9531 entropy=0.0000 explained_variance=-0.8586 kl_approx=24.2675 loss_critic=2065671.2500 loss_entropy=0.0000 loss_objective=-0.0000 preamble_cbra=2.0000 preamble_cfra=23.0000 preamble_pbra=39.0000 requests_cbra=191752.8750 requests_pbra=239236.2344 success_rate=0.0353 success_total_mean=7845.7939
2025-11-18 19:53:41.899 | INFO     | __main__:_log_metrics:20 - iter=0085 reward=-100487.2266 ESS=0.9920 acb_factor_mean=0.5012 clip_fraction=0.0078 collision_rate=0.9615 collision_total_mean=217468.1250 entropy=0.0197 explained_variance=-0.7458 kl_approx=213.7906 loss_critic=1962387.2500 loss_entropy=-0.0002 loss_objective=0.0143 preamble_cbra=2.0000 preamble_cfra=25.0000 preamble_pbra=37.0000 requests_cbra=196307.2344 requests_pbra=245018.3281 success_rate=0.0385 success_total_mean=8696.5273
2025-11-18 19:53:49.426 | INFO     | __main__:_log_metrics:20 - iter=0086 reward=-111032.5469 ESS=1.0000 acb_factor_mean=0.4960 clip_fraction=0.0000 collision_rate=0.9669 collision_total_mean=237595.5312 entropy=0.0000 explained_variance=0.2215 kl_approx=0.0000 loss_critic=1689362.3750 loss_entropy=0.0000 loss_objective=-0.0000 preamble_cbra=2.0000 preamble_cfra=22.0000 preamble_pbra=40.0000 requests_cbra=212971.4062 requests_pbra=265300.7500 success_rate=0.0331 success_total_mean=8124.7559
2025-11-18 19:53:57.017 | INFO     | __main__:_log_metrics:20 - iter=0087 reward=-102682.6953 ESS=1.0000 acb_factor_mean=0.4944 clip_fraction=0.0000 collision_rate=0.9671 collision_total_mean=219606.0312 entropy=0.0000 explained_variance=-0.7034 kl_approx=0.0000 loss_critic=1765751.6250 loss_entropy=0.0000 loss_objective=0.0000 preamble_cbra=2.0000 preamble_cfra=22.0000 preamble_pbra=41.0000 requests_cbra=195897.0000 requests_pbra=243876.8281 success_rate=0.0329 success_total_mean=7463.8042
2025-11-18 19:54:04.105 | INFO     | __main__:_log_metrics:20 - iter=0088 reward=-108802.9844 ESS=0.9996 acb_factor_mean=0.5019 clip_fraction=0.0078 collision_rate=0.9687 collision_total_mean=231878.4062 entropy=0.0197 explained_variance=-0.0489 kl_approx=0.0020 loss_critic=1984237.8750 loss_entropy=-0.0002 loss_objective=-0.0025 preamble_cbra=2.0000 preamble_cfra=21.0000 preamble_pbra=41.0000 requests_cbra=205268.8750 requests_pbra=255448.9062 success_rate=0.0313 success_total_mean=7481.2227
2025-11-18 19:54:11.010 | INFO     | __main__:_log_metrics:20 - iter=0089 reward=-96308.4766 ESS=1.0000 acb_factor_mean=0.4968 clip_fraction=0.0000 collision_rate=0.9606 collision_total_mean=208720.4375 entropy=0.0000 explained_variance=-0.5838 kl_approx=0.0000 loss_critic=2099063.2500 loss_entropy=0.0000 loss_objective=-0.0000 preamble_cbra=2.0000 preamble_cfra=26.0000 preamble_pbra=36.0000 requests_cbra=190194.2969 requests_pbra=237059.3125 success_rate=0.0394 success_total_mean=8565.2959
2025-11-18 19:54:17.965 | INFO     | __main__:_log_metrics:20 - iter=0090 reward=-108504.6875 ESS=1.0000 acb_factor_mean=0.5042 clip_fraction=0.0000 collision_rate=0.9649 collision_total_mean=233046.0000 entropy=0.0214 explained_variance=-0.0294 kl_approx=0.0005 loss_critic=2002817.5000 loss_entropy=-0.0002 loss_objective=-0.0008 preamble_cbra=2.0000 preamble_cfra=24.0000 preamble_pbra=38.0000 requests_cbra=206235.5000 requests_pbra=256878.4688 success_rate=0.0351 success_total_mean=8473.7891
2025-11-18 19:54:25.160 | INFO     | __main__:_log_metrics:20 - iter=0091 reward=-105598.0156 ESS=1.0000 acb_factor_mean=0.4923 clip_fraction=0.0000 collision_rate=0.9655 collision_total_mean=226669.1250 entropy=0.0000 explained_variance=-0.2410 kl_approx=0.0000 loss_critic=2070619.5000 loss_entropy=0.0000 loss_objective=0.0000 preamble_cbra=2.0000 preamble_cfra=23.0000 preamble_pbra=39.0000 requests_cbra=205170.6562 requests_pbra=255610.0938 success_rate=0.0345 success_total_mean=8110.6855
2025-11-18 19:54:32.796 | INFO     | __main__:_log_metrics:20 - iter=0092 reward=-113409.6719 ESS=0.9973 acb_factor_mean=0.5073 clip_fraction=0.0078 collision_rate=0.9684 collision_total_mean=241876.3594 entropy=0.0292 explained_variance=-0.1562 kl_approx=0.0071 loss_critic=2054827.7500 loss_entropy=-0.0003 loss_objective=-0.0028 preamble_cbra=2.0000 preamble_cfra=22.0000 preamble_pbra=40.0000 requests_cbra=214216.4062 requests_pbra=267437.5625 success_rate=0.0316 success_total_mean=7901.2651
2025-11-18 19:54:40.229 | INFO     | __main__:_log_metrics:20 - iter=0093 reward=-112186.0234 ESS=1.0000 acb_factor_mean=0.5010 clip_fraction=0.0000 collision_rate=0.9693 collision_total_mean=238860.9062 entropy=0.0000 explained_variance=-0.7325 kl_approx=0.0000 loss_critic=2149538.5000 loss_entropy=-0.0000 loss_objective=0.0000 preamble_cbra=2.0000 preamble_cfra=21.0000 preamble_pbra=42.0000 requests_cbra=209029.6406 requests_pbra=260619.4062 success_rate=0.0307 success_total_mean=7567.6216
2025-11-18 19:54:47.241 | INFO     | __main__:_log_metrics:20 - iter=0094 reward=-101245.5312 ESS=0.9844 acb_factor_mean=0.5040 clip_fraction=0.0156 collision_rate=0.9638 collision_total_mean=218158.1406 entropy=0.0000 explained_variance=-0.1988 kl_approx=77.1851 loss_critic=1719033.5000 loss_entropy=-0.0000 loss_objective=-0.0045 preamble_cbra=2.0000 preamble_cfra=23.0000 preamble_pbra=39.0000 requests_cbra=194444.5938 requests_pbra=241810.3438 success_rate=0.0362 success_total_mean=8198.9961
2025-11-18 19:54:54.187 | INFO     | __main__:_log_metrics:20 - iter=0095 reward=-100378.6250 ESS=0.9840 acb_factor_mean=0.4945 clip_fraction=0.0234 collision_rate=0.9572 collision_total_mean=218942.9219 entropy=-0.0474 explained_variance=-0.6187 kl_approx=111.0992 loss_critic=2460929.5000 loss_entropy=0.0005 loss_objective=-0.0028 preamble_cbra=2.0000 preamble_cfra=30.0000 preamble_pbra=32.0000 requests_cbra=198460.0938 requests_pbra=247583.5469 success_rate=0.0428 success_total_mean=9801.4473
2025-11-18 19:55:01.116 | INFO     | __main__:_log_metrics:20 - iter=0096 reward=-104080.8594 ESS=1.0000 acb_factor_mean=0.5116 clip_fraction=0.0000 collision_rate=0.9498 collision_total_mean=230262.0938 entropy=0.0000 explained_variance=-0.8512 kl_approx=0.0000 loss_critic=2686354.7500 loss_entropy=0.0000 loss_objective=-0.0000 preamble_cbra=2.0000 preamble_cfra=39.0000 preamble_pbra=24.0000 requests_cbra=201345.7969 requests_pbra=250818.5625 success_rate=0.0502 success_total_mean=12168.3926
2025-11-18 19:55:08.160 | INFO     | __main__:_log_metrics:20 - iter=0097 reward=-110816.2812 ESS=1.0000 acb_factor_mean=0.5017 clip_fraction=0.0000 collision_rate=0.9551 collision_total_mean=242682.2031 entropy=0.0000 explained_variance=-0.3264 kl_approx=0.0000 loss_critic=2263392.5000 loss_entropy=0.0000 loss_objective=0.0000 preamble_cbra=2.0000 preamble_cfra=35.0000 preamble_pbra=27.0000 requests_cbra=216406.1250 requests_pbra=269854.8438 success_rate=0.0449 success_total_mean=11417.5625
2025-11-18 19:55:14.845 | INFO     | __main__:_log_metrics:20 - iter=0098 reward=-94213.5938 ESS=0.8997 acb_factor_mean=0.4950 clip_fraction=0.0156 collision_rate=0.9439 collision_total_mean=210878.6875 entropy=-0.0479 explained_variance=-0.5107 kl_approx=10.6430 loss_critic=2627846.0000 loss_entropy=0.0005 loss_objective=-0.0009 preamble_cbra=2.0000 preamble_cfra=42.0000 preamble_pbra=20.0000 requests_cbra=191012.0781 requests_pbra=238424.7500 success_rate=0.0561 success_total_mean=12527.7773
2025-11-18 19:55:21.931 | INFO     | __main__:_log_metrics:20 - iter=0099 reward=-115778.7109 ESS=0.9844 acb_factor_mean=0.5021 clip_fraction=0.0156 collision_rate=0.9611 collision_total_mean=250334.6250 entropy=0.0000 explained_variance=-0.2497 kl_approx=9.6221 loss_critic=2354867.7500 loss_entropy=-0.0000 loss_objective=-0.0037 preamble_cbra=2.0000 preamble_cfra=31.0000 preamble_pbra=31.0000 requests_cbra=219321.1406 requests_pbra=273461.4375 success_rate=0.0389 success_total_mean=10133.9707
2025-11-18 19:55:28.801 | INFO     | __main__:_log_metrics:20 - iter=0100 reward=-100575.8672 ESS=0.9844 acb_factor_mean=0.4962 clip_fraction=0.0156 collision_rate=0.9611 collision_total_mean=217519.9062 entropy=0.0000 explained_variance=-0.1170 kl_approx=11.1628 loss_critic=2053007.5000 loss_entropy=-0.0000 loss_objective=0.0012 preamble_cbra=2.0000 preamble_cfra=27.0000 preamble_pbra=35.0000 requests_cbra=195718.3125 requests_pbra=243841.5938 success_rate=0.0389 success_total_mean=8807.4258
2025-11-18 19:55:35.922 | INFO     | __main__:_log_metrics:20 - iter=0101 reward=-101411.6875 ESS=0.9766 acb_factor_mean=0.4958 clip_fraction=0.0234 collision_rate=0.9602 collision_total_mean=219941.8750 entropy=0.0175 explained_variance=0.2304 kl_approx=104.1223 loss_critic=1930045.2500 loss_entropy=-0.0002 loss_objective=0.0027 preamble_cbra=2.0000 preamble_cfra=28.0000 preamble_pbra=34.0000 requests_cbra=200138.5000 requests_pbra=249475.5469 success_rate=0.0398 success_total_mean=9118.0029
2025-11-18 19:55:43.196 | INFO     | __main__:_log_metrics:20 - iter=0102 reward=-104370.5469 ESS=0.9844 acb_factor_mean=0.5043 clip_fraction=0.0156 collision_rate=0.9608 collision_total_mean=226117.0000 entropy=0.0000 explained_variance=-0.3272 kl_approx=2.9924 loss_critic=2163880.0000 loss_entropy=-0.0000 loss_objective=-0.0041 preamble_cbra=2.0000 preamble_cfra=27.0000 preamble_pbra=34.0000 requests_cbra=202276.4844 requests_pbra=252110.6562 success_rate=0.0392 success_total_mean=9234.2646
2025-11-18 19:55:50.350 | INFO     | __main__:_log_metrics:20 - iter=0103 reward=-103693.6328 ESS=1.0000 acb_factor_mean=0.4973 clip_fraction=0.0000 collision_rate=0.9639 collision_total_mean=223293.8594 entropy=0.0241 explained_variance=-0.3712 kl_approx=0.0005 loss_critic=1921349.2500 loss_entropy=-0.0002 loss_objective=-0.0012 preamble_cbra=2.0000 preamble_cfra=23.0000 preamble_pbra=39.0000 requests_cbra=203936.6250 requests_pbra=253705.7500 success_rate=0.0361 success_total_mean=8352.3730
2025-11-18 19:55:57.598 | INFO     | __main__:_log_metrics:20 - iter=0104 reward=-103702.8750 ESS=1.0000 acb_factor_mean=0.5034 clip_fraction=0.0000 collision_rate=0.9657 collision_total_mean=222463.1875 entropy=0.0000 explained_variance=-0.1047 kl_approx=0.0000 loss_critic=1784393.8750 loss_entropy=-0.0000 loss_objective=0.0000 preamble_cbra=2.0000 preamble_cfra=22.0000 preamble_pbra=40.0000 requests_cbra=199539.8125 requests_pbra=248367.1094 success_rate=0.0343 success_total_mean=7900.5146
2025-11-18 19:56:04.577 | INFO     | __main__:_log_metrics:20 - iter=0105 reward=-101080.4141 ESS=0.9998 acb_factor_mean=0.5036 clip_fraction=0.0000 collision_rate=0.9634 collision_total_mean=217856.5469 entropy=0.0237 explained_variance=-0.7508 kl_approx=0.0017 loss_critic=1818811.5000 loss_entropy=-0.0002 loss_objective=-0.0028 preamble_cbra=2.0000 preamble_cfra=24.0000 preamble_pbra=38.0000 requests_cbra=196326.7031 requests_pbra=244668.6719 success_rate=0.0366 success_total_mean=8286.6904
2025-11-18 19:56:11.587 | INFO     | __main__:_log_metrics:20 - iter=0106 reward=-108139.2656 ESS=0.9918 acb_factor_mean=0.4984 clip_fraction=0.0156 collision_rate=0.9663 collision_total_mean=231680.8438 entropy=0.0842 explained_variance=-0.1267 kl_approx=0.2498 loss_critic=2043023.6250 loss_entropy=-0.0008 loss_objective=-0.0047 preamble_cbra=2.0000 preamble_cfra=23.0000 preamble_pbra=39.0000 requests_cbra=207628.1406 requests_pbra=258719.5938 success_rate=0.0337 success_total_mean=8090.6299
2025-11-18 19:56:18.882 | INFO     | __main__:_log_metrics:20 - iter=0107 reward=-108357.0000 ESS=0.9922 acb_factor_mean=0.4965 clip_fraction=0.0078 collision_rate=0.9656 collision_total_mean=232442.2188 entropy=0.0000 explained_variance=-0.2613 kl_approx=0.1437 loss_critic=1914196.6250 loss_entropy=-0.0000 loss_objective=-0.0014 preamble_cbra=3.0000 preamble_cfra=24.0000 preamble_pbra=37.0000 requests_cbra=207914.9688 requests_pbra=259376.6719 success_rate=0.0344 success_total_mean=8275.4707
2025-11-18 19:56:25.920 | INFO     | __main__:_log_metrics:20 - iter=0108 reward=-104253.1250 ESS=1.0000 acb_factor_mean=0.5015 clip_fraction=0.0000 collision_rate=0.9669 collision_total_mean=223012.9062 entropy=0.0000 explained_variance=-0.4471 kl_approx=0.0000 loss_critic=1899313.0000 loss_entropy=0.0000 loss_objective=-0.0000 preamble_cbra=2.0000 preamble_cfra=22.0000 preamble_pbra=40.0000 requests_cbra=200056.7969 requests_pbra=249207.5000 success_rate=0.0331 success_total_mean=7633.6709
2025-11-18 19:56:32.996 | INFO     | __main__:_log_metrics:20 - iter=0109 reward=-112336.0625 ESS=0.9922 acb_factor_mean=0.4933 clip_fraction=0.0078 collision_rate=0.9737 collision_total_mean=237177.0000 entropy=0.0000 explained_variance=-0.3783 kl_approx=36.9607 loss_critic=1918257.5000 loss_entropy=-0.0000 loss_objective=0.0044 preamble_cbra=2.0000 preamble_cfra=15.0000 preamble_pbra=46.0000 requests_cbra=214123.4062 requests_pbra=266392.1875 success_rate=0.0263 success_total_mean=6409.3237
2025-11-18 19:56:40.088 | INFO     | __main__:_log_metrics:20 - iter=0110 reward=-101052.4375 ESS=0.9818 acb_factor_mean=0.4959 clip_fraction=0.0312 collision_rate=0.9674 collision_total_mean=215997.4219 entropy=-0.0218 explained_variance=-0.4925 kl_approx=94.7553 loss_critic=1725649.2500 loss_entropy=0.0002 loss_objective=-0.0070 preamble_cbra=2.0000 preamble_cfra=20.0000 preamble_pbra=42.0000 requests_cbra=194482.4531 requests_pbra=242281.8594 success_rate=0.0326 success_total_mean=7287.3721
2025-11-18 19:56:47.268 | INFO     | __main__:_log_metrics:20 - iter=0111 reward=-102798.2812 ESS=0.9922 acb_factor_mean=0.4960 clip_fraction=0.0078 collision_rate=0.9753 collision_total_mean=216297.2500 entropy=0.0000 explained_variance=-0.1322 kl_approx=42.9692 loss_critic=1456489.7500 loss_entropy=-0.0000 loss_objective=-0.0010 preamble_cbra=2.0000 preamble_cfra=13.0000 preamble_pbra=49.0000 requests_cbra=195571.2969 requests_pbra=243361.7656 success_rate=0.0247 success_total_mean=5469.7090
2025-11-18 19:56:54.411 | INFO     | __main__:_log_metrics:20 - iter=0112 reward=-107788.1562 ESS=1.0000 acb_factor_mean=0.5095 clip_fraction=0.0000 collision_rate=0.9742 collision_total_mean=227314.9062 entropy=0.0000 explained_variance=-0.1743 kl_approx=0.0000 loss_critic=1619087.2500 loss_entropy=-0.0000 loss_objective=-0.0000 preamble_cbra=2.0000 preamble_cfra=15.0000 preamble_pbra=47.0000 requests_cbra=199164.9219 requests_pbra=247703.4375 success_rate=0.0258 success_total_mean=6016.8682
2025-11-18 19:57:01.667 | INFO     | __main__:_log_metrics:20 - iter=0113 reward=-109100.7812 ESS=0.9824 acb_factor_mean=0.5086 clip_fraction=0.0234 collision_rate=0.9759 collision_total_mean=229240.5938 entropy=0.0161 explained_variance=-0.6470 kl_approx=9.7277 loss_critic=1821943.7500 loss_entropy=-0.0002 loss_objective=0.0004 preamble_cbra=2.0000 preamble_cfra=14.0000 preamble_pbra=48.0000 requests_cbra=198490.1562 requests_pbra=247061.3750 success_rate=0.0241 success_total_mean=5670.1724
2025-11-18 19:57:08.717 | INFO     | __main__:_log_metrics:20 - iter=0114 reward=-105947.7734 ESS=1.0000 acb_factor_mean=0.5042 clip_fraction=0.0000 collision_rate=0.9720 collision_total_mean=224453.4062 entropy=0.0000 explained_variance=-0.2849 kl_approx=0.0000 loss_critic=1732625.7500 loss_entropy=-0.0000 loss_objective=-0.0000 preamble_cbra=2.0000 preamble_cfra=17.0000 preamble_pbra=45.0000 requests_cbra=198354.3906 requests_pbra=247162.2031 success_rate=0.0280 success_total_mean=6468.6396
2025-11-18 19:57:15.703 | INFO     | __main__:_log_metrics:20 - iter=0115 reward=-97298.3281 ESS=0.9841 acb_factor_mean=0.5000 clip_fraction=0.0156 collision_rate=0.9712 collision_total_mean=206444.5625 entropy=0.0193 explained_variance=-0.4400 kl_approx=170.2367 loss_critic=1916998.7500 loss_entropy=-0.0002 loss_objective=0.0076 preamble_cbra=2.0000 preamble_cfra=16.0000 preamble_pbra=46.0000 requests_cbra=183854.3125 requests_pbra=228699.6250 success_rate=0.0288 success_total_mean=6129.7988
2025-11-18 19:57:22.554 | INFO     | __main__:_log_metrics:20 - iter=0116 reward=-109340.3750 ESS=0.9543 acb_factor_mean=0.4981 clip_fraction=0.0547 collision_rate=0.9788 collision_total_mean=228419.0781 entropy=0.0240 explained_variance=-0.2901 kl_approx=320.7664 loss_critic=1686728.0000 loss_entropy=-0.0002 loss_objective=0.0028 preamble_cbra=2.0000 preamble_cfra=11.0000 preamble_pbra=51.0000 requests_cbra=199156.6250 requests_pbra=247289.1250 success_rate=0.0212 success_total_mean=4956.1445
2025-11-18 19:57:29.963 | INFO     | __main__:_log_metrics:20 - iter=0117 reward=-102528.5391 ESS=0.9844 acb_factor_mean=0.5041 clip_fraction=0.0156 collision_rate=0.9697 collision_total_mean=218231.9062 entropy=0.0000 explained_variance=0.0175 kl_approx=42.7141 loss_critic=1753775.1250 loss_entropy=-0.0000 loss_objective=-0.0052 preamble_cbra=2.0000 preamble_cfra=18.0000 preamble_pbra=44.0000 requests_cbra=195259.3438 requests_pbra=243240.5938 success_rate=0.0303 success_total_mean=6816.6396
2025-11-18 19:57:37.193 | INFO     | __main__:_log_metrics:20 - iter=0118 reward=-100228.4844 ESS=0.9837 acb_factor_mean=0.5005 clip_fraction=0.0234 collision_rate=0.9655 collision_total_mean=215256.2188 entropy=0.0224 explained_variance=-0.4544 kl_approx=56.7714 loss_critic=1790785.1250 loss_entropy=-0.0002 loss_objective=-0.0004 preamble_cbra=2.0000 preamble_cfra=21.0000 preamble_pbra=41.0000 requests_cbra=196706.8281 requests_pbra=244822.8125 success_rate=0.0345 success_total_mean=7701.6079
2025-11-18 19:57:44.184 | INFO     | __main__:_log_metrics:20 - iter=0119 reward=-99987.1953 ESS=0.9844 acb_factor_mean=0.5012 clip_fraction=0.0156 collision_rate=0.9637 collision_total_mean=215445.3438 entropy=0.0000 explained_variance=-0.9004 kl_approx=44.7649 loss_critic=2275414.0000 loss_entropy=-0.0000 loss_objective=-0.0025 preamble_cbra=2.0000 preamble_cfra=24.0000 preamble_pbra=38.0000 requests_cbra=195168.4688 requests_pbra=243316.0469 success_rate=0.0363 success_total_mean=8126.5376
2025-11-18 19:57:51.242 | INFO     | __main__:_log_metrics:20 - iter=0120 reward=-99769.5000 ESS=0.5390 acb_factor_mean=0.4979 clip_fraction=0.4609 collision_rate=0.9646 collision_total_mean=214596.0469 entropy=0.0230 explained_variance=-0.1361 kl_approx=33097.0430 loss_critic=1882025.0000 loss_entropy=-0.0002 loss_objective=0.1675 preamble_cbra=2.0000 preamble_cfra=22.0000 preamble_pbra=40.0000 requests_cbra=196634.2969 requests_pbra=244884.7188 success_rate=0.0354 success_total_mean=7871.1016
2025-11-18 19:57:58.154 | INFO     | __main__:_log_metrics:20 - iter=0121 reward=-109495.8828 ESS=0.9999 acb_factor_mean=0.5081 clip_fraction=0.0000 collision_rate=0.9935 collision_total_mean=221861.9375 entropy=0.0148 explained_variance=-0.3275 kl_approx=0.0009 loss_critic=1555986.2500 loss_entropy=-0.0001 loss_objective=-0.0014 preamble_cbra=2.0000 preamble_cfra=2.0000 preamble_pbra=60.0000 requests_cbra=194715.5000 requests_pbra=242043.7344 success_rate=0.0065 success_total_mean=1456.1360
2025-11-18 19:58:05.190 | INFO     | __main__:_log_metrics:20 - iter=0122 reward=-114147.6641 ESS=0.9687 acb_factor_mean=0.4907 clip_fraction=0.0312 collision_rate=0.9933 collision_total_mean=231374.3125 entropy=0.0000 explained_variance=-0.5066 kl_approx=1122.2983 loss_critic=2178531.5000 loss_entropy=-0.0000 loss_objective=0.0194 preamble_cbra=2.0000 preamble_cfra=1.0000 preamble_pbra=60.0000 requests_cbra=210360.3438 requests_pbra=261430.4062 success_rate=0.0067 success_total_mean=1552.2195
2025-11-18 19:58:12.289 | INFO     | __main__:_log_metrics:20 - iter=0123 reward=-115445.8438 ESS=0.9609 acb_factor_mean=0.4993 clip_fraction=0.0391 collision_rate=0.9922 collision_total_mean=234555.9375 entropy=0.0000 explained_variance=-0.1630 kl_approx=106.0206 loss_critic=1879872.0000 loss_entropy=0.0000 loss_objective=0.0349 preamble_cbra=2.0000 preamble_cfra=2.0000 preamble_pbra=60.0000 requests_cbra=208512.9375 requests_pbra=258488.3750 success_rate=0.0078 success_total_mean=1851.2202
2025-11-18 19:58:19.349 | INFO     | __main__:_log_metrics:20 - iter=0124 reward=-106487.4062 ESS=1.0000 acb_factor_mean=0.5010 clip_fraction=0.0000 collision_rate=0.9852 collision_total_mean=219463.5000 entropy=0.0000 explained_variance=-0.0226 kl_approx=0.0000 loss_critic=1796949.8750 loss_entropy=0.0000 loss_objective=0.0000 preamble_cbra=2.0000 preamble_cfra=6.0000 preamble_pbra=56.0000 requests_cbra=196907.2344 requests_pbra=244252.0938 success_rate=0.0148 success_total_mean=3287.4656
2025-11-18 19:58:25.447 | INFO     | __main__:_log_metrics:20 - iter=0125 reward=-111804.0312 ESS=0.9683 acb_factor_mean=0.4986 clip_fraction=0.0391 collision_rate=0.9855 collision_total_mean=230289.6406 entropy=0.0172 explained_variance=-0.0526 kl_approx=339.5381 loss_critic=1939703.3750 loss_entropy=-0.0002 loss_objective=0.0152 preamble_cbra=2.0000 preamble_cfra=6.0000 preamble_pbra=56.0000 requests_cbra=205173.4062 requests_pbra=255058.2188 success_rate=0.0145 success_total_mean=3382.0681
2025-11-18 19:58:32.389 | INFO     | __main__:_log_metrics:20 - iter=0126 reward=-100162.4297 ESS=0.8594 acb_factor_mean=0.5026 clip_fraction=0.1406 collision_rate=0.9740 collision_total_mean=211290.6094 entropy=0.0000 explained_variance=-0.0910 kl_approx=10370.5527 loss_critic=1759283.0000 loss_entropy=-0.0000 loss_objective=0.0201 preamble_cbra=2.0000 preamble_cfra=14.0000 preamble_pbra=48.0000 requests_cbra=188830.7031 requests_pbra=234947.5625 success_rate=0.0260 success_total_mean=5635.9355
2025-11-18 19:58:39.766 | INFO     | __main__:_log_metrics:20 - iter=0127 reward=-106547.7344 ESS=0.5312 acb_factor_mean=0.4980 clip_fraction=0.4688 collision_rate=0.9747 collision_total_mean=224478.2188 entropy=0.0000 explained_variance=-0.4227 kl_approx=33764.3359 loss_critic=1720397.7500 loss_entropy=0.0000 loss_objective=0.1613 preamble_cbra=5.0000 preamble_cfra=14.0000 preamble_pbra=45.0000 requests_cbra=202188.1406 requests_pbra=251639.7031 success_rate=0.0253 success_total_mean=5825.1187
2025-11-18 19:58:46.879 | INFO     | __main__:_log_metrics:20 - iter=0128 reward=-106409.6328 ESS=0.9919 acb_factor_mean=0.4995 clip_fraction=0.0156 collision_rate=0.9732 collision_total_mean=224905.8438 entropy=0.0206 explained_variance=-0.0601 kl_approx=0.6084 loss_critic=2076536.5000 loss_entropy=-0.0002 loss_objective=-0.0054 preamble_cbra=47.0000 preamble_cfra=15.0000 preamble_pbra=2.0000 requests_cbra=201096.2188 requests_pbra=253055.7656 success_rate=0.0268 success_total_mean=6198.3511
2025-11-18 19:58:54.084 | INFO     | __main__:_log_metrics:20 - iter=0129 reward=-93039.4219 ESS=1.0000 acb_factor_mean=0.4923 clip_fraction=0.0000 collision_rate=0.9681 collision_total_mean=198780.0781 entropy=0.0000 explained_variance=-0.6162 kl_approx=0.0000 loss_critic=1803488.1250 loss_entropy=0.0000 loss_objective=-0.0000 preamble_cbra=45.0000 preamble_cfra=17.0000 preamble_pbra=2.0000 requests_cbra=179708.9531 requests_pbra=226391.7812 success_rate=0.0319 success_total_mean=6558.7720
2025-11-18 19:59:01.271 | INFO     | __main__:_log_metrics:20 - iter=0130 reward=-96234.8594 ESS=0.9919 acb_factor_mean=0.5063 clip_fraction=0.0078 collision_rate=0.9722 collision_total_mean=203786.2500 entropy=0.0233 explained_variance=-0.3179 kl_approx=2.0730 loss_critic=1760943.8750 loss_entropy=-0.0002 loss_objective=-0.0048 preamble_cbra=47.0000 preamble_cfra=15.0000 preamble_pbra=2.0000 requests_cbra=182542.9688 requests_pbra=230496.6719 success_rate=0.0278 success_total_mean=5824.0308
2025-11-18 19:59:08.409 | INFO     | __main__:_log_metrics:20 - iter=0131 reward=-100363.1719 ESS=1.0000 acb_factor_mean=0.4933 clip_fraction=0.0000 collision_rate=0.9709 collision_total_mean=213150.2500 entropy=0.0000 explained_variance=0.0195 kl_approx=0.0000 loss_critic=1856130.3750 loss_entropy=0.0000 loss_objective=-0.0000 preamble_cbra=46.0000 preamble_cfra=16.0000 preamble_pbra=2.0000 requests_cbra=190004.9688 requests_pbra=239185.2188 success_rate=0.0291 success_total_mean=6389.9111
2025-11-18 19:59:15.806 | INFO     | __main__:_log_metrics:20 - iter=0132 reward=-97323.8359 ESS=1.0000 acb_factor_mean=0.4997 clip_fraction=0.0000 collision_rate=0.9690 collision_total_mean=207474.4844 entropy=0.0000 explained_variance=-0.1781 kl_approx=0.0000 loss_critic=2098080.0000 loss_entropy=0.0000 loss_objective=-0.0000 preamble_cbra=45.0000 preamble_cfra=17.0000 preamble_pbra=2.0000 requests_cbra=184688.2812 requests_pbra=232304.5000 success_rate=0.0310 success_total_mean=6638.4639
2025-11-18 19:59:23.049 | INFO     | __main__:_log_metrics:20 - iter=0133 reward=-101253.4375 ESS=1.0000 acb_factor_mean=0.4962 clip_fraction=0.0000 collision_rate=0.9695 collision_total_mean=215704.1875 entropy=0.0000 explained_variance=-0.8420 kl_approx=0.0000 loss_critic=1740740.0000 loss_entropy=0.0000 loss_objective=0.0000 preamble_cbra=45.0000 preamble_cfra=17.0000 preamble_pbra=2.0000 requests_cbra=192433.0156 requests_pbra=241941.2656 success_rate=0.0305 success_total_mean=6794.8984
2025-11-18 19:59:30.439 | INFO     | __main__:_log_metrics:20 - iter=0134 reward=-102067.1484 ESS=1.0000 acb_factor_mean=0.4993 clip_fraction=0.0000 collision_rate=0.9709 collision_total_mean=216723.4062 entropy=0.0000 explained_variance=-0.5390 kl_approx=0.0000 loss_critic=2073411.6250 loss_entropy=0.0000 loss_objective=-0.0000 preamble_cbra=45.0000 preamble_cfra=17.0000 preamble_pbra=2.0000 requests_cbra=193976.5625 requests_pbra=243815.3438 success_rate=0.0291 success_total_mean=6494.5205
2025-11-18 19:59:38.067 | INFO     | __main__:_log_metrics:20 - iter=0135 reward=-93080.2891 ESS=0.9922 acb_factor_mean=0.4997 clip_fraction=0.0078 collision_rate=0.9670 collision_total_mean=199331.1875 entropy=0.0000 explained_variance=-0.2768 kl_approx=503.3317 loss_critic=1698092.3750 loss_entropy=-0.0000 loss_objective=-0.0005 preamble_cbra=44.0000 preamble_cfra=18.0000 preamble_pbra=2.0000 requests_cbra=182342.9688 requests_pbra=229452.7812 success_rate=0.0330 success_total_mean=6795.0957
2025-11-18 19:59:45.236 | INFO     | __main__:_log_metrics:20 - iter=0136 reward=-99654.4062 ESS=1.0000 acb_factor_mean=0.5002 clip_fraction=0.0000 collision_rate=0.9691 collision_total_mean=212459.1406 entropy=0.0000 explained_variance=-0.3715 kl_approx=0.0000 loss_critic=1615150.1250 loss_entropy=0.0000 loss_objective=-0.0000 preamble_cbra=45.0000 preamble_cfra=17.0000 preamble_pbra=2.0000 requests_cbra=190468.9375 requests_pbra=239340.5156 success_rate=0.0309 success_total_mean=6770.5479
2025-11-18 19:59:52.636 | INFO     | __main__:_log_metrics:20 - iter=0137 reward=-100762.0781 ESS=1.0000 acb_factor_mean=0.5020 clip_fraction=0.0000 collision_rate=0.9695 collision_total_mean=214632.3594 entropy=0.0000 explained_variance=-0.4793 kl_approx=0.0000 loss_critic=1882232.5000 loss_entropy=-0.0000 loss_objective=-0.0000 preamble_cbra=45.0000 preamble_cfra=17.0000 preamble_pbra=2.0000 requests_cbra=190749.6875 requests_pbra=240033.2969 success_rate=0.0305 success_total_mean=6752.4473
2025-11-18 20:00:00.102 | INFO     | __main__:_log_metrics:20 - iter=0138 reward=-102320.2422 ESS=1.0000 acb_factor_mean=0.4972 clip_fraction=0.0000 collision_rate=0.9707 collision_total_mean=217386.8125 entropy=0.0000 explained_variance=-0.3396 kl_approx=0.0000 loss_critic=1860485.7500 loss_entropy=-0.0000 loss_objective=-0.0000 preamble_cbra=45.0000 preamble_cfra=17.0000 preamble_pbra=2.0000 requests_cbra=193173.5625 requests_pbra=242940.7188 success_rate=0.0293 success_total_mean=6569.8540
2025-11-18 20:00:07.323 | INFO     | __main__:_log_metrics:20 - iter=0139 reward=-99537.9062 ESS=1.0000 acb_factor_mean=0.4984 clip_fraction=0.0000 collision_rate=0.9689 collision_total_mean=212268.9062 entropy=0.0000 explained_variance=0.1027 kl_approx=0.0000 loss_critic=1586202.5000 loss_entropy=0.0000 loss_objective=-0.0000 preamble_cbra=45.0000 preamble_cfra=17.0000 preamble_pbra=2.0000 requests_cbra=190991.7031 requests_pbra=240085.0938 success_rate=0.0311 success_total_mean=6803.1172
2025-11-18 20:00:14.468 | INFO     | __main__:_log_metrics:20 - iter=0140 reward=-106094.5234 ESS=1.0000 acb_factor_mean=0.4980 clip_fraction=0.0000 collision_rate=0.9699 collision_total_mean=225794.2812 entropy=0.0000 explained_variance=-0.1238 kl_approx=0.0000 loss_critic=1874647.1250 loss_entropy=-0.0000 loss_objective=0.0000 preamble_cbra=44.0000 preamble_cfra=18.0000 preamble_pbra=2.0000 requests_cbra=203718.1562 requests_pbra=255954.6250 success_rate=0.0301 success_total_mean=7014.8701
2025-11-18 20:00:21.578 | INFO     | __main__:_log_metrics:20 - iter=0141 reward=-101633.4219 ESS=0.9844 acb_factor_mean=0.4951 clip_fraction=0.0156 collision_rate=0.9690 collision_total_mean=216701.6094 entropy=0.0000 explained_variance=-0.4270 kl_approx=50.6848 loss_critic=2073896.7500 loss_entropy=-0.0000 loss_objective=-0.0000 preamble_cbra=44.0000 preamble_cfra=18.0000 preamble_pbra=2.0000 requests_cbra=195604.6875 requests_pbra=246224.7812 success_rate=0.0310 success_total_mean=6929.2451
2025-11-18 20:00:28.975 | INFO     | __main__:_log_metrics:20 - iter=0142 reward=-109994.3984 ESS=0.9766 acb_factor_mean=0.4998 clip_fraction=0.0234 collision_rate=0.9700 collision_total_mean=233946.3438 entropy=0.0000 explained_variance=-1.0506 kl_approx=60.8338 loss_critic=2262444.7500 loss_entropy=-0.0000 loss_objective=0.0047 preamble_cbra=43.0000 preamble_cfra=19.0000 preamble_pbra=2.0000 requests_cbra=206705.9531 requests_pbra=259966.7031 success_rate=0.0300 success_total_mean=7241.1182
2025-11-18 20:00:36.261 | INFO     | __main__:_log_metrics:20 - iter=0143 reward=-97951.8359 ESS=0.9918 acb_factor_mean=0.4971 clip_fraction=0.0156 collision_rate=0.9635 collision_total_mean=211083.4688 entropy=0.0228 explained_variance=-0.6924 kl_approx=23.4990 loss_critic=2075859.1250 loss_entropy=-0.0002 loss_objective=0.0086 preamble_cbra=39.0000 preamble_cfra=23.0000 preamble_pbra=2.0000 requests_cbra=191324.7188 requests_pbra=240198.0312 success_rate=0.0365 success_total_mean=8000.3770
2025-11-18 20:00:43.917 | INFO     | __main__:_log_metrics:20 - iter=0144 reward=-97529.8906 ESS=0.9922 acb_factor_mean=0.4929 clip_fraction=0.0078 collision_rate=0.9622 collision_total_mean=210803.6562 entropy=0.0000 explained_variance=-0.4567 kl_approx=24.7871 loss_critic=2120911.0000 loss_entropy=-0.0000 loss_objective=-0.0003 preamble_cbra=39.0000 preamble_cfra=24.0000 preamble_pbra=2.0000 requests_cbra=194910.4375 requests_pbra=245297.2812 success_rate=0.0378 success_total_mean=8278.2988
2025-11-18 20:00:51.405 | INFO     | __main__:_log_metrics:20 - iter=0145 reward=-116804.9688 ESS=0.9833 acb_factor_mean=0.5081 clip_fraction=0.0234 collision_rate=0.9716 collision_total_mean=247565.7812 entropy=0.0441 explained_variance=-1.2440 kl_approx=52.9995 loss_critic=2076188.5000 loss_entropy=-0.0004 loss_objective=-0.0046 preamble_cbra=43.0000 preamble_cfra=20.0000 preamble_pbra=2.0000 requests_cbra=216285.0000 requests_pbra=271742.7500 success_rate=0.0284 success_total_mean=7248.8809
2025-11-18 20:00:58.515 | INFO     | __main__:_log_metrics:20 - iter=0146 reward=-110854.1875 ESS=0.9916 acb_factor_mean=0.4966 clip_fraction=0.0156 collision_rate=0.9673 collision_total_mean=237107.3438 entropy=0.0190 explained_variance=-0.6172 kl_approx=4.4123 loss_critic=2043701.7500 loss_entropy=-0.0002 loss_objective=-0.0062 preamble_cbra=41.0000 preamble_cfra=21.0000 preamble_pbra=2.0000 requests_cbra=210166.2812 requests_pbra=264042.5625 success_rate=0.0327 success_total_mean=8003.2295
2025-11-18 20:01:05.559 | INFO     | __main__:_log_metrics:20 - iter=0147 reward=-100698.9688 ESS=0.9766 acb_factor_mean=0.4972 clip_fraction=0.0234 collision_rate=0.9629 collision_total_mean=217130.1250 entropy=0.0000 explained_variance=-0.5831 kl_approx=83.5414 loss_critic=2296912.5000 loss_entropy=-0.0000 loss_objective=0.0009 preamble_cbra=37.0000 preamble_cfra=25.0000 preamble_pbra=2.0000 requests_cbra=194892.4062 requests_pbra=244755.1250 success_rate=0.0371 success_total_mean=8358.0625
2025-11-18 20:01:12.909 | INFO     | __main__:_log_metrics:20 - iter=0148 reward=-98119.5312 ESS=0.9375 acb_factor_mean=0.4952 clip_fraction=0.0625 collision_rate=0.9663 collision_total_mean=210303.9688 entropy=0.0000 explained_variance=0.0590 kl_approx=336.0443 loss_critic=1743871.2500 loss_entropy=-0.0000 loss_objective=0.0070 preamble_cbra=41.0000 preamble_cfra=20.0000 preamble_pbra=2.0000 requests_cbra=188503.2812 requests_pbra=236880.5312 success_rate=0.0337 success_total_mean=7329.3018
2025-11-18 20:01:20.257 | INFO     | __main__:_log_metrics:20 - iter=0149 reward=-105838.7266 ESS=0.9995 acb_factor_mean=0.5024 clip_fraction=0.0078 collision_rate=0.9613 collision_total_mean=229002.8438 entropy=0.0438 explained_variance=-0.7313 kl_approx=0.0026 loss_critic=2544961.2500 loss_entropy=-0.0004 loss_objective=-0.0042 preamble_cbra=34.0000 preamble_cfra=28.0000 preamble_pbra=2.0000 requests_cbra=201090.2188 requests_pbra=252029.5312 success_rate=0.0387 success_total_mean=9215.2646
2025-11-18 20:01:27.622 | INFO     | __main__:_log_metrics:20 - iter=0150 reward=-102654.6562 ESS=0.9921 acb_factor_mean=0.4928 clip_fraction=0.0078 collision_rate=0.9597 collision_total_mean=222813.7031 entropy=0.0232 explained_variance=-0.4440 kl_approx=38.6743 loss_critic=2292338.5000 loss_entropy=-0.0002 loss_objective=-0.0019 preamble_cbra=33.0000 preamble_cfra=29.0000 preamble_pbra=2.0000 requests_cbra=198355.7188 requests_pbra=248707.0469 success_rate=0.0403 success_total_mean=9357.5742
2025-11-18 20:01:35.205 | INFO     | __main__:_log_metrics:20 - iter=0151 reward=-106277.7969 ESS=0.5625 acb_factor_mean=0.4961 clip_fraction=0.4375 collision_rate=0.9602 collision_total_mean=230559.1875 entropy=0.0000 explained_variance=-0.3222 kl_approx=12775.3125 loss_critic=2324378.0000 loss_entropy=-0.0000 loss_objective=0.1015 preamble_cbra=34.0000 preamble_cfra=28.0000 preamble_pbra=2.0000 requests_cbra=205020.3594 requests_pbra=257305.4531 success_rate=0.0398 success_total_mean=9560.7402
2025-11-18 20:01:42.913 | INFO     | __main__:_log_metrics:20 - iter=0152 reward=-105517.5547 ESS=0.8516 acb_factor_mean=0.4986 clip_fraction=0.1484 collision_rate=0.9687 collision_total_mean=225033.0156 entropy=0.0000 explained_variance=0.2613 kl_approx=7290.5083 loss_critic=1620641.5000 loss_entropy=0.0000 loss_objective=0.0265 preamble_cbra=5.0000 preamble_cfra=20.0000 preamble_pbra=39.0000 requests_cbra=199655.9375 requests_pbra=248814.7656 success_rate=0.0313 success_total_mean=7270.1025
2025-11-18 20:01:50.457 | INFO     | __main__:_log_metrics:20 - iter=0153 reward=-96695.9141 ESS=0.9922 acb_factor_mean=0.4950 clip_fraction=0.0078 collision_rate=0.9676 collision_total_mean=206726.5938 entropy=0.0000 explained_variance=-0.9381 kl_approx=3.0713 loss_critic=1909436.8750 loss_entropy=0.0000 loss_objective=0.0109 preamble_cbra=2.0000 preamble_cfra=19.0000 preamble_pbra=42.0000 requests_cbra=186196.8750 requests_pbra=231280.1562 success_rate=0.0324 success_total_mean=6923.5107
2025-11-18 20:01:57.826 | INFO     | __main__:_log_metrics:20 - iter=0154 reward=-106198.8672 ESS=0.9997 acb_factor_mean=0.5029 clip_fraction=0.0078 collision_rate=0.9691 collision_total_mean=226308.7188 entropy=0.0229 explained_variance=-0.1315 kl_approx=0.0018 loss_critic=1667532.5000 loss_entropy=-0.0002 loss_objective=-0.0043 preamble_cbra=2.0000 preamble_cfra=20.0000 preamble_pbra=42.0000 requests_cbra=201862.4688 requests_pbra=251863.3281 success_rate=0.0309 success_total_mean=7214.3813
2025-11-18 20:02:05.036 | INFO     | __main__:_log_metrics:20 - iter=0155 reward=-100836.2656 ESS=1.0000 acb_factor_mean=0.4968 clip_fraction=0.0000 collision_rate=0.9681 collision_total_mean=215283.6094 entropy=0.0000 explained_variance=-0.1513 kl_approx=0.0000 loss_critic=1461226.3750 loss_entropy=0.0000 loss_objective=-0.0000 preamble_cbra=2.0000 preamble_cfra=20.0000 preamble_pbra=42.0000 requests_cbra=194149.8750 requests_pbra=242178.5000 success_rate=0.0319 success_total_mean=7087.6367
2025-11-18 20:02:12.693 | INFO     | __main__:_log_metrics:20 - iter=0156 reward=-100767.7031 ESS=0.9996 acb_factor_mean=0.4964 clip_fraction=0.0078 collision_rate=0.9672 collision_total_mean=215472.6875 entropy=0.0232 explained_variance=-0.5977 kl_approx=0.0021 loss_critic=1827666.2500 loss_entropy=-0.0002 loss_objective=-0.0030 preamble_cbra=2.0000 preamble_cfra=20.0000 preamble_pbra=41.0000 requests_cbra=191204.5938 requests_pbra=238181.7812 success_rate=0.0328 success_total_mean=7306.9380
2025-11-18 20:02:20.209 | INFO     | __main__:_log_metrics:20 - iter=0157 reward=-114728.4141 ESS=0.9922 acb_factor_mean=0.5022 clip_fraction=0.0078 collision_rate=0.9714 collision_total_mean=243265.7812 entropy=0.0000 explained_variance=0.1449 kl_approx=3.8160 loss_critic=1854591.5000 loss_entropy=0.0000 loss_objective=0.0143 preamble_cbra=2.0000 preamble_cfra=19.0000 preamble_pbra=43.0000 requests_cbra=215496.8125 requests_pbra=268727.0312 success_rate=0.0286 success_total_mean=7167.4268
2025-11-18 20:02:27.740 | INFO     | __main__:_log_metrics:20 - iter=0158 reward=-109891.2656 ESS=0.9997 acb_factor_mean=0.5073 clip_fraction=0.0000 collision_rate=0.9691 collision_total_mean=234152.9062 entropy=0.0229 explained_variance=-0.3761 kl_approx=0.0017 loss_critic=1946646.3750 loss_entropy=-0.0002 loss_objective=-0.0042 preamble_cbra=2.0000 preamble_cfra=20.0000 preamble_pbra=42.0000 requests_cbra=206978.7188 requests_pbra=257876.3125 success_rate=0.0309 success_total_mean=7455.0674
2025-11-18 20:02:35.154 | INFO     | __main__:_log_metrics:20 - iter=0159 reward=-112784.8516 ESS=1.0000 acb_factor_mean=0.5074 clip_fraction=0.0000 collision_rate=0.9723 collision_total_mean=238684.2969 entropy=0.0000 explained_variance=-0.0932 kl_approx=0.0000 loss_critic=1700438.8750 loss_entropy=-0.0000 loss_objective=0.0000 preamble_cbra=2.0000 preamble_cfra=18.0000 preamble_pbra=43.0000 requests_cbra=209741.2969 requests_pbra=261147.5000 success_rate=0.0277 success_total_mean=6790.9326
2025-11-18 20:02:42.710 | INFO     | __main__:_log_metrics:20 - iter=0160 reward=-106633.2500 ESS=0.9844 acb_factor_mean=0.4999 clip_fraction=0.0156 collision_rate=0.9676 collision_total_mean=227904.8750 entropy=0.0000 explained_variance=0.0094 kl_approx=1.6216 loss_critic=1657703.5000 loss_entropy=-0.0000 loss_objective=-0.0047 preamble_cbra=2.0000 preamble_cfra=21.0000 preamble_pbra=41.0000 requests_cbra=206861.3906 requests_pbra=257975.3438 success_rate=0.0324 success_total_mean=7622.7144
2025-11-18 20:02:50.298 | INFO     | __main__:_log_metrics:20 - iter=0161 reward=-101531.9375 ESS=1.0000 acb_factor_mean=0.4970 clip_fraction=0.0000 collision_rate=0.9732 collision_total_mean=214578.4688 entropy=0.0000 explained_variance=-0.7717 kl_approx=0.0000 loss_critic=1776613.8750 loss_entropy=-0.0000 loss_objective=0.0000 preamble_cbra=2.0000 preamble_cfra=14.0000 preamble_pbra=48.0000 requests_cbra=196496.9688 requests_pbra=244260.1250 success_rate=0.0268 success_total_mean=5915.2197
2025-11-18 20:02:57.844 | INFO     | __main__:_log_metrics:20 - iter=0162 reward=-112714.1406 ESS=0.9922 acb_factor_mean=0.5011 clip_fraction=0.0078 collision_rate=0.9771 collision_total_mean=236316.0625 entropy=0.0000 explained_variance=-0.0882 kl_approx=1.5445 loss_critic=1739530.2500 loss_entropy=0.0000 loss_objective=0.0005 preamble_cbra=2.0000 preamble_cfra=12.0000 preamble_pbra=50.0000 requests_cbra=212497.4219 requests_pbra=264539.5000 success_rate=0.0229 success_total_mean=5540.1982
2025-11-18 20:03:05.460 | INFO     | __main__:_log_metrics:20 - iter=0163 reward=-111889.3984 ESS=0.9844 acb_factor_mean=0.5028 clip_fraction=0.0156 collision_rate=0.9817 collision_total_mean=232273.0312 entropy=0.0000 explained_variance=-0.3313 kl_approx=175.6077 loss_critic=1773153.6250 loss_entropy=-0.0000 loss_objective=-0.0011 preamble_cbra=2.0000 preamble_cfra=9.0000 preamble_pbra=52.0000 requests_cbra=203365.0000 requests_pbra=252866.5312 success_rate=0.0183 success_total_mean=4323.9160
2025-11-18 20:03:12.887 | INFO     | __main__:_log_metrics:20 - iter=0164 reward=-110732.3516 ESS=0.9993 acb_factor_mean=0.5032 clip_fraction=0.0078 collision_rate=0.9864 collision_total_mean=227677.4062 entropy=0.0207 explained_variance=-0.2895 kl_approx=0.0027 loss_critic=1896918.5000 loss_entropy=-0.0002 loss_objective=-0.0068 preamble_cbra=3.0000 preamble_cfra=5.0000 preamble_pbra=56.0000 requests_cbra=206839.9375 requests_pbra=256944.1719 success_rate=0.0136 success_total_mean=3135.5449
2025-11-18 20:03:20.596 | INFO     | __main__:_log_metrics:20 - iter=0165 reward=-114702.8672 ESS=1.0000 acb_factor_mean=0.4959 clip_fraction=0.0000 collision_rate=0.9865 collision_total_mean=235782.6875 entropy=0.0000 explained_variance=-0.3511 kl_approx=0.0000 loss_critic=2053324.2500 loss_entropy=-0.0000 loss_objective=0.0000 preamble_cbra=3.0000 preamble_cfra=6.0000 preamble_pbra=55.0000 requests_cbra=210684.0000 requests_pbra=261749.8750 success_rate=0.0135 success_total_mean=3227.6753
2025-11-18 20:03:28.209 | INFO     | __main__:_log_metrics:20 - iter=0166 reward=-106931.4453 ESS=1.0000 acb_factor_mean=0.4974 clip_fraction=0.0000 collision_rate=0.9799 collision_total_mean=222840.5625 entropy=0.0000 explained_variance=-0.2079 kl_approx=0.0000 loss_critic=1861182.0000 loss_entropy=0.0000 loss_objective=-0.0000 preamble_cbra=2.0000 preamble_cfra=9.0000 preamble_pbra=52.0000 requests_cbra=198712.7188 requests_pbra=246756.6094 success_rate=0.0201 success_total_mean=4563.3711
2025-11-18 20:03:35.938 | INFO     | __main__:_log_metrics:20 - iter=0167 reward=-112665.6797 ESS=0.9920 acb_factor_mean=0.5071 clip_fraction=0.0078 collision_rate=0.9834 collision_total_mean=233071.5469 entropy=0.0182 explained_variance=0.0216 kl_approx=14.3415 loss_critic=1974039.3750 loss_entropy=-0.0002 loss_objective=-0.0013 preamble_cbra=2.0000 preamble_cfra=8.0000 preamble_pbra=54.0000 requests_cbra=203515.0156 requests_pbra=253019.0312 success_rate=0.0166 success_total_mean=3930.8804
2025-11-18 20:03:43.754 | INFO     | __main__:_log_metrics:20 - iter=0168 reward=-111300.7891 ESS=0.9922 acb_factor_mean=0.5032 clip_fraction=0.0078 collision_rate=0.9835 collision_total_mean=230241.6875 entropy=0.0239 explained_variance=0.0094 kl_approx=0.9227 loss_critic=1756685.8750 loss_entropy=-0.0002 loss_objective=-0.0010 preamble_cbra=2.0000 preamble_cfra=7.0000 preamble_pbra=54.0000 requests_cbra=207119.2500 requests_pbra=258053.2500 success_rate=0.0165 success_total_mean=3867.0991
2025-11-18 20:03:51.246 | INFO     | __main__:_log_metrics:20 - iter=0169 reward=-111879.5703 ESS=0.9687 acb_factor_mean=0.4993 clip_fraction=0.0312 collision_rate=0.9835 collision_total_mean=231407.2188 entropy=0.0000 explained_variance=-0.0378 kl_approx=215.5775 loss_critic=2012379.5000 loss_entropy=0.0000 loss_objective=0.0010 preamble_cbra=2.0000 preamble_cfra=8.0000 preamble_pbra=54.0000 requests_cbra=208821.0000 requests_pbra=259652.0000 success_rate=0.0165 success_total_mean=3887.1941
2025-11-18 20:03:58.615 | INFO     | __main__:_log_metrics:20 - iter=0170 reward=-112883.9766 ESS=0.5547 acb_factor_mean=0.4960 clip_fraction=0.4453 collision_rate=0.9801 collision_total_mean=235150.6719 entropy=0.0246 explained_variance=-0.2417 kl_approx=77867.3125 loss_critic=1878983.2500 loss_entropy=-0.0002 loss_objective=0.1390 preamble_cbra=2.0000 preamble_cfra=10.0000 preamble_pbra=52.0000 requests_cbra=209573.0312 requests_pbra=260847.5000 success_rate=0.0199 success_total_mean=4773.7158
2025-11-18 20:04:05.563 | INFO     | __main__:_log_metrics:20 - iter=0171 reward=-107382.1641 ESS=0.9839 acb_factor_mean=0.5054 clip_fraction=0.0234 collision_rate=0.9930 collision_total_mean=217812.8125 entropy=0.0206 explained_variance=-0.1152 kl_approx=72.4459 loss_critic=1739846.6250 loss_entropy=-0.0002 loss_objective=0.0004 preamble_cbra=2.0000 preamble_cfra=1.0000 preamble_pbra=61.0000 requests_cbra=194418.9688 requests_pbra=240813.1094 success_rate=0.0070 success_total_mean=1528.5035
2025-11-18 20:04:12.319 | INFO     | __main__:_log_metrics:20 - iter=0172 reward=-112233.6797 ESS=0.5462 acb_factor_mean=0.4959 clip_fraction=0.4609 collision_rate=0.9931 collision_total_mean=227598.5000 entropy=0.0222 explained_variance=-0.2543 kl_approx=57039.5938 loss_critic=1848771.5000 loss_entropy=-0.0002 loss_objective=0.1186 preamble_cbra=2.0000 preamble_cfra=1.0000 preamble_pbra=61.0000 requests_cbra=208036.5938 requests_pbra=258150.1562 success_rate=0.0069 success_total_mean=1570.3262
2025-11-18 20:04:18.615 | INFO     | __main__:_log_metrics:20 - iter=0173 reward=-107390.7109 ESS=0.9609 acb_factor_mean=0.4994 clip_fraction=0.0391 collision_rate=0.9910 collision_total_mean=218748.5312 entropy=0.0000 explained_variance=-0.3655 kl_approx=139.5532 loss_critic=1705672.2500 loss_entropy=-0.0000 loss_objective=0.0139 preamble_cbra=1.0000 preamble_cfra=2.0000 preamble_pbra=61.0000 requests_cbra=196803.1406 requests_pbra=244224.5938 success_rate=0.0090 success_total_mean=1989.1128
2025-11-18 20:04:24.514 | INFO     | __main__:_log_metrics:20 - iter=0174 reward=-112020.6328 ESS=0.9990 acb_factor_mean=0.5002 clip_fraction=0.0078 collision_rate=0.9920 collision_total_mean=227711.2500 entropy=0.0172 explained_variance=0.1807 kl_approx=0.0035 loss_critic=1803856.1250 loss_entropy=-0.0002 loss_objective=-0.0051 preamble_cbra=1.0000 preamble_cfra=1.0000 preamble_pbra=61.0000 requests_cbra=202684.3438 requests_pbra=251623.7812 success_rate=0.0080 success_total_mean=1839.5427
2025-11-18 20:04:30.748 | INFO     | __main__:_log_metrics:20 - iter=0175 reward=-101680.3359 ESS=1.0000 acb_factor_mean=0.4931 clip_fraction=0.0000 collision_rate=0.9909 collision_total_mean=207169.5000 entropy=0.0000 explained_variance=-0.9645 kl_approx=0.0000 loss_critic=1811197.2500 loss_entropy=-0.0000 loss_objective=-0.0000 preamble_cbra=2.0000 preamble_cfra=1.0000 preamble_pbra=61.0000 requests_cbra=190808.5625 requests_pbra=236889.7812 success_rate=0.0091 success_total_mean=1909.1122
2025-11-18 20:04:37.448 | INFO     | __main__:_log_metrics:20 - iter=0176 reward=-117119.1250 ESS=0.9995 acb_factor_mean=0.5112 clip_fraction=0.0078 collision_rate=0.9923 collision_total_mean=237900.6719 entropy=0.0239 explained_variance=-0.1189 kl_approx=0.0022 loss_critic=2101968.5000 loss_entropy=-0.0002 loss_objective=-0.0043 preamble_cbra=2.0000 preamble_cfra=1.0000 preamble_pbra=61.0000 requests_cbra=206641.2188 requests_pbra=256143.3750 success_rate=0.0077 success_total_mean=1835.5807
2025-11-18 20:04:43.744 | INFO     | __main__:_log_metrics:20 - iter=0177 reward=-106594.6719 ESS=0.9922 acb_factor_mean=0.4988 clip_fraction=0.0078 collision_rate=0.9916 collision_total_mean=216866.8281 entropy=0.0000 explained_variance=0.0299 kl_approx=134.8115 loss_critic=1826118.7500 loss_entropy=0.0000 loss_objective=0.0060 preamble_cbra=2.0000 preamble_cfra=2.0000 preamble_pbra=61.0000 requests_cbra=195464.2812 requests_pbra=242744.7344 success_rate=0.0084 success_total_mean=1845.9015
2025-11-18 20:04:50.263 | INFO     | __main__:_log_metrics:20 - iter=0178 reward=-104744.7344 ESS=0.9973 acb_factor_mean=0.4981 clip_fraction=0.0078 collision_rate=0.9909 collision_total_mean=213380.0312 entropy=0.0131 explained_variance=-0.4508 kl_approx=0.0069 loss_critic=1709307.7500 loss_entropy=-0.0001 loss_objective=-0.0045 preamble_cbra=1.0000 preamble_cfra=2.0000 preamble_pbra=61.0000 requests_cbra=194410.9844 requests_pbra=240635.5469 success_rate=0.0091 success_total_mean=1953.3075
2025-11-18 20:04:56.836 | INFO     | __main__:_log_metrics:20 - iter=0179 reward=-104340.9531 ESS=1.0000 acb_factor_mean=0.4964 clip_fraction=0.0000 collision_rate=0.9906 collision_total_mean=212700.0938 entropy=0.0000 explained_variance=-0.5317 kl_approx=0.0000 loss_critic=2224051.2500 loss_entropy=0.0000 loss_objective=-0.0000 preamble_cbra=1.0000 preamble_cfra=2.0000 preamble_pbra=61.0000 requests_cbra=192613.5625 requests_pbra=238367.1562 success_rate=0.0094 success_total_mean=2015.4736
2025-11-18 20:05:03.055 | INFO     | __main__:_log_metrics:20 - iter=0180 reward=-112032.6250 ESS=0.9996 acb_factor_mean=0.4978 clip_fraction=0.0078 collision_rate=0.9914 collision_total_mean=227989.0312 entropy=0.0193 explained_variance=-0.1783 kl_approx=0.0021 loss_critic=1916080.7500 loss_entropy=-0.0002 loss_objective=-0.0043 preamble_cbra=1.0000 preamble_cfra=2.0000 preamble_pbra=61.0000 requests_cbra=205163.5000 requests_pbra=254460.0312 success_rate=0.0086 success_total_mean=1967.2697
2025-11-18 20:05:09.303 | INFO     | __main__:_log_metrics:20 - iter=0181 reward=-104928.8516 ESS=0.9841 acb_factor_mean=0.5051 clip_fraction=0.0156 collision_rate=0.9909 collision_total_mean=213774.6562 entropy=0.0202 explained_variance=0.1325 kl_approx=2.4637 loss_critic=1918993.0000 loss_entropy=-0.0002 loss_objective=-0.0008 preamble_cbra=1.0000 preamble_cfra=2.0000 preamble_pbra=61.0000 requests_cbra=190860.7812 requests_pbra=235851.4844 success_rate=0.0091 success_total_mean=1968.0815
2025-11-18 20:05:15.179 | INFO     | __main__:_log_metrics:20 - iter=0182 reward=-107489.4141 ESS=1.0000 acb_factor_mean=0.4982 clip_fraction=0.0000 collision_rate=0.9911 collision_total_mean=218880.2500 entropy=0.0000 explained_variance=0.0207 kl_approx=0.0000 loss_critic=1866577.5000 loss_entropy=0.0000 loss_objective=-0.0000 preamble_cbra=1.0000 preamble_cfra=2.0000 preamble_pbra=61.0000 requests_cbra=195380.2031 requests_pbra=242512.4062 success_rate=0.0089 success_total_mean=1957.9441
2025-11-18 20:05:21.064 | INFO     | __main__:_log_metrics:20 - iter=0183 reward=-115881.1953 ESS=1.0000 acb_factor_mean=0.4995 clip_fraction=0.0000 collision_rate=0.9917 collision_total_mean=235711.8438 entropy=0.0000 explained_variance=-0.7608 kl_approx=0.0000 loss_critic=2229478.5000 loss_entropy=0.0000 loss_objective=-0.0000 preamble_cbra=1.0000 preamble_cfra=2.0000 preamble_pbra=61.0000 requests_cbra=207835.6562 requests_pbra=258486.7500 success_rate=0.0083 success_total_mean=1980.6140
2025-11-18 20:05:27.340 | INFO     | __main__:_log_metrics:20 - iter=0184 reward=-118700.8281 ESS=0.9687 acb_factor_mean=0.5031 clip_fraction=0.0312 collision_rate=0.9920 collision_total_mean=241263.7969 entropy=0.0000 explained_variance=-0.1784 kl_approx=610.8358 loss_critic=2183006.5000 loss_entropy=0.0000 loss_objective=0.0272 preamble_cbra=2.0000 preamble_cfra=2.0000 preamble_pbra=61.0000 requests_cbra=212935.3594 requests_pbra=264777.0000 success_rate=0.0080 success_total_mean=1936.2445
2025-11-18 20:05:34.155 | INFO     | __main__:_log_metrics:20 - iter=0185 reward=-103150.9062 ESS=0.9609 acb_factor_mean=0.4937 clip_fraction=0.0391 collision_rate=0.9907 collision_total_mean=210226.0469 entropy=0.0000 explained_variance=0.0807 kl_approx=549.4694 loss_critic=1937525.0000 loss_entropy=-0.0000 loss_objective=0.0054 preamble_cbra=2.0000 preamble_cfra=2.0000 preamble_pbra=60.0000 requests_cbra=191824.4688 requests_pbra=237774.9688 success_rate=0.0093 success_total_mean=1969.9971
2025-11-18 20:05:40.800 | INFO     | __main__:_log_metrics:20 - iter=0186 reward=-102578.7188 ESS=0.9891 acb_factor_mean=0.5031 clip_fraction=0.0234 collision_rate=0.9901 collision_total_mean=209313.3594 entropy=0.0271 explained_variance=-0.3097 kl_approx=0.3027 loss_critic=2221598.0000 loss_entropy=-0.0003 loss_objective=-0.0096 preamble_cbra=2.0000 preamble_cfra=2.0000 preamble_pbra=60.0000 requests_cbra=189845.7969 requests_pbra=234930.4688 success_rate=0.0099 success_total_mean=2095.3091
2025-11-18 20:05:47.692 | INFO     | __main__:_log_metrics:20 - iter=0187 reward=-115809.0156 ESS=1.0000 acb_factor_mean=0.4981 clip_fraction=0.0000 collision_rate=0.9913 collision_total_mean=235734.6719 entropy=0.0000 explained_variance=-0.2402 kl_approx=0.0000 loss_critic=1950707.6250 loss_entropy=-0.0000 loss_objective=0.0000 preamble_cbra=2.0000 preamble_cfra=2.0000 preamble_pbra=60.0000 requests_cbra=211674.8438 requests_pbra=262664.3750 success_rate=0.0087 success_total_mean=2069.4216
2025-11-18 20:05:54.673 | INFO     | __main__:_log_metrics:20 - iter=0188 reward=-103382.7500 ESS=0.9996 acb_factor_mean=0.4959 clip_fraction=0.0078 collision_rate=0.9895 collision_total_mean=211193.6094 entropy=0.0241 explained_variance=-0.2476 kl_approx=0.0020 loss_critic=2018734.7500 loss_entropy=-0.0002 loss_objective=-0.0046 preamble_cbra=2.0000 preamble_cfra=3.0000 preamble_pbra=60.0000 requests_cbra=192976.0312 requests_pbra=239271.2812 success_rate=0.0105 success_total_mean=2239.2964
2025-11-18 20:06:01.181 | INFO     | __main__:_log_metrics:20 - iter=0189 reward=-103943.3594 ESS=0.9296 acb_factor_mean=0.5024 clip_fraction=0.0703 collision_rate=0.9896 collision_total_mean=212308.6875 entropy=0.0000 explained_variance=-0.3131 kl_approx=1201.8923 loss_critic=2085028.1250 loss_entropy=0.0000 loss_objective=0.0268 preamble_cbra=1.0000 preamble_cfra=3.0000 preamble_pbra=60.0000 requests_cbra=188540.2188 requests_pbra=233713.0938 success_rate=0.0104 success_total_mean=2229.8489
2025-11-18 20:06:08.284 | INFO     | __main__:_log_metrics:20 - iter=0190 reward=-108318.3906 ESS=1.0000 acb_factor_mean=0.5092 clip_fraction=0.0000 collision_rate=0.9915 collision_total_mean=220378.9688 entropy=0.0000 explained_variance=-0.2508 kl_approx=0.0000 loss_critic=2160636.7500 loss_entropy=-0.0000 loss_objective=-0.0000 preamble_cbra=2.0000 preamble_cfra=2.0000 preamble_pbra=60.0000 requests_cbra=194042.0625 requests_pbra=240970.0781 success_rate=0.0085 success_total_mean=1879.5681
2025-11-18 20:06:15.419 | INFO     | __main__:_log_metrics:20 - iter=0191 reward=-102462.6562 ESS=1.0000 acb_factor_mean=0.5015 clip_fraction=0.0000 collision_rate=0.9906 collision_total_mean=208875.6250 entropy=0.0000 explained_variance=-0.3773 kl_approx=0.0000 loss_critic=2179822.7500 loss_entropy=0.0000 loss_objective=0.0000 preamble_cbra=2.0000 preamble_cfra=2.0000 preamble_pbra=59.0000 requests_cbra=188481.7031 requests_pbra=233640.4688 success_rate=0.0094 success_total_mean=1992.2963
2025-11-18 20:06:22.578 | INFO     | __main__:_log_metrics:20 - iter=0192 reward=-114753.0078 ESS=1.0000 acb_factor_mean=0.5026 clip_fraction=0.0000 collision_rate=0.9918 collision_total_mean=233348.2031 entropy=0.0000 explained_variance=0.0236 kl_approx=0.0000 loss_critic=1942156.8750 loss_entropy=-0.0000 loss_objective=0.0000 preamble_cbra=2.0000 preamble_cfra=2.0000 preamble_pbra=60.0000 requests_cbra=207495.7812 requests_pbra=257690.1406 success_rate=0.0082 success_total_mean=1935.5417
2025-11-18 20:06:29.396 | INFO     | __main__:_log_metrics:20 - iter=0193 reward=-114504.2031 ESS=0.9766 acb_factor_mean=0.5006 clip_fraction=0.0234 collision_rate=0.9921 collision_total_mean=232684.0312 entropy=0.0000 explained_variance=0.1977 kl_approx=193.2683 loss_critic=2128737.2500 loss_entropy=-0.0000 loss_objective=0.0003 preamble_cbra=2.0000 preamble_cfra=2.0000 preamble_pbra=60.0000 requests_cbra=206677.5781 requests_pbra=256283.4062 success_rate=0.0079 success_total_mean=1849.5621
2025-11-18 20:06:36.027 | INFO     | __main__:_log_metrics:20 - iter=0194 reward=-100938.2500 ESS=0.9838 acb_factor_mean=0.4996 clip_fraction=0.0234 collision_rate=0.9903 collision_total_mean=205884.7969 entropy=0.0220 explained_variance=-0.1056 kl_approx=212.9247 loss_critic=1826219.0000 loss_entropy=-0.0002 loss_objective=-0.0047 preamble_cbra=2.0000 preamble_cfra=2.0000 preamble_pbra=60.0000 requests_cbra=187723.0625 requests_pbra=232463.9062 success_rate=0.0097 success_total_mean=2016.3452
2025-11-18 20:06:43.031 | INFO     | __main__:_log_metrics:20 - iter=0195 reward=-104268.0781 ESS=0.9687 acb_factor_mean=0.4986 clip_fraction=0.0312 collision_rate=0.9910 collision_total_mean=212377.6250 entropy=0.0000 explained_variance=-0.1847 kl_approx=370.5461 loss_critic=1830018.2500 loss_entropy=0.0000 loss_objective=0.0036 preamble_cbra=3.0000 preamble_cfra=2.0000 preamble_pbra=59.0000 requests_cbra=189896.6875 requests_pbra=235637.6250 success_rate=0.0090 success_total_mean=1935.5898
2025-11-18 20:06:50.513 | INFO     | __main__:_log_metrics:20 - iter=0196 reward=-110042.0625 ESS=0.5381 acb_factor_mean=0.5085 clip_fraction=0.4688 collision_rate=0.9929 collision_total_mean=223249.6250 entropy=0.0185 explained_variance=-0.0896 kl_approx=55513.2578 loss_critic=2062173.7500 loss_entropy=-0.0002 loss_objective=0.1918 preamble_cbra=9.0000 preamble_cfra=1.0000 preamble_pbra=53.0000 requests_cbra=198591.0625 requests_pbra=246937.3125 success_rate=0.0071 success_total_mean=1587.8525
2025-11-18 20:06:57.781 | INFO     | __main__:_log_metrics:20 - iter=0197 reward=-108565.4062 ESS=0.7576 acb_factor_mean=0.4928 clip_fraction=0.2422 collision_rate=0.9934 collision_total_mean=220065.3438 entropy=0.0416 explained_variance=-0.3472 kl_approx=37572.5391 loss_critic=2066492.3750 loss_entropy=-0.0004 loss_objective=0.0377 preamble_cbra=3.0000 preamble_cfra=1.0000 preamble_pbra=60.0000 requests_cbra=199995.9844 requests_pbra=248215.5625 success_rate=0.0066 success_total_mean=1472.8757
2025-11-18 20:07:04.982 | INFO     | __main__:_log_metrics:20 - iter=0198 reward=-114349.6797 ESS=0.9920 acb_factor_mean=0.5039 clip_fraction=0.0078 collision_rate=0.9929 collision_total_mean=231998.3750 entropy=0.0219 explained_variance=-0.1548 kl_approx=4.9858 loss_critic=2131689.0000 loss_entropy=-0.0002 loss_objective=0.0038 preamble_cbra=3.0000 preamble_cfra=1.0000 preamble_pbra=60.0000 requests_cbra=206483.7500 requests_pbra=256534.5469 success_rate=0.0071 success_total_mean=1655.0776
2025-11-18 20:07:13.407 | INFO     | __main__:_log_metrics:20 - iter=0199 reward=-113159.5000 ESS=0.9766 acb_factor_mean=0.5046 clip_fraction=0.0234 collision_rate=0.9926 collision_total_mean=229719.3438 entropy=0.0000 explained_variance=-0.2648 kl_approx=166.1529 loss_critic=1770382.6250 loss_entropy=-0.0000 loss_objective=-0.0025 preamble_cbra=3.0000 preamble_cfra=2.0000 preamble_pbra=60.0000 requests_cbra=201396.9531 requests_pbra=250616.8438 success_rate=0.0074 success_total_mean=1707.7598
2025-11-18 21:23:18.373 | INFO     | __main__:<module>:18 - Logger initialized (level=INFO, file=logs/train.log)
2025-11-18 21:23:18.374 | INFO     | __main__:<module>:45 - env_config SatelliteMACEnvConfig(num_slots_per_step=160, decision_horizon=256, history_len=4, simulator_config=MACSimulatorConfig(regions=(RegionTrafficProfile(name='urban', area_weight=0.4, cbra_density=1.2, pbra_density=1.5, handover_intensity=0.8, scheduling_period=160, noise_scale=0.2, cox_intensity_mean=1.6, cox_intensity_variance=0.7, cox_grid=(10, 10), region_bounds=(-2.0, 2.0, -2.0, 2.0), batch_mean=100.0, batch_std=0.6, residence_time_mean=20), RegionTrafficProfile(name='suburban', area_weight=0.35, cbra_density=0.8, pbra_density=0.9, handover_intensity=0.5, scheduling_period=200, noise_scale=0.15, cox_intensity_mean=1.2, cox_intensity_variance=0.5, cox_grid=(8, 8), region_bounds=(-1.5, 1.5, -1.5, 1.5), batch_mean=8.0, batch_std=0.5, residence_time_mean=6.0), RegionTrafficProfile(name='rural', area_weight=0.25, cbra_density=0.3, pbra_density=0.4, handover_intensity=0.2, scheduling_period=320, noise_scale=0.1, cox_intensity_mean=0.9, cox_intensity_variance=0.3, cox_grid=(6, 6), region_bounds=(-1.0, 1.0, -1.0, 1.0), batch_mean=4.0, batch_std=0.4, residence_time_mean=4.5)), history_size=10, protocol_count=4, preamble_subset_count=8, total_preambles=64, base_preamble_split=(24, 24, 16), reward_weights={'throughput': 1.0, 'collision': -0.5, 'cfra_mse': -1}, region_transition_matrix=None, coverage_patches=None, coverage_drift_radius=1.0, coverage_cycle_slots=1440.0, coverage_jitter=0.05, coverage_smoothing=0.2, coverage_total_footprint=1.0, backoff_strategy=BackoffStrategyConfig(low=BackoffWindow(min_steps=0, max_steps=4), medium=BackoffWindow(min_steps=1, max_steps=12), high=BackoffWindow(min_steps=6, max_steps=24), collision_threshold_medium=0.05, collision_threshold_high=0.1, max_backlog_steps=48)), preamble_delta_range=2, flatten_observation=True)
2025-11-18 21:23:18.400 | INFO     | __main__:<module>:68 - train_config HPPOConfig(frames_per_batch=4096, mini_batch_size=128, rollout_epochs=4, max_iterations=200, gamma=0.99, gae_lambda=0.95, clip_epsilon=0.2, entropy_coeff=0.01, actor_lr=0.0001, critic_lr=5e-05, device=device(type='cpu'))
2025-11-18 21:23:18.401 | INFO     | __main__:<module>:75 - Config ready | seed=42 frames_per_batch=4096 horizon=256 num_envs=8 backend=parallel parallel=True
2025-11-18 21:23:21.447 | INFO     | __main__:<module>:21 - TorchRL env constructed (observation=torch.Size([8, 72]),  num_envs=8, backend=parallel, parallel=True)
2025-11-18 21:23:21.456 | INFO     | __main__:<module>:22 - Starting notebook PPO run
2025-11-18 21:24:25.687 | INFO     | __main__:<module>:18 - Logger initialized (level=INFO, file=logs/train.log)
2025-11-18 21:24:25.687 | INFO     | __main__:<module>:45 - env_config SatelliteMACEnvConfig(num_slots_per_step=160, decision_horizon=256, history_len=4, simulator_config=MACSimulatorConfig(regions=(RegionTrafficProfile(name='urban', area_weight=0.4, cbra_density=1.2, pbra_density=1.5, handover_intensity=0.8, scheduling_period=160, noise_scale=0.2, cox_intensity_mean=1.6, cox_intensity_variance=0.7, cox_grid=(10, 10), region_bounds=(-2.0, 2.0, -2.0, 2.0), batch_mean=60.0, batch_std=0.6, residence_time_mean=20), RegionTrafficProfile(name='suburban', area_weight=0.35, cbra_density=0.8, pbra_density=0.9, handover_intensity=0.5, scheduling_period=200, noise_scale=0.15, cox_intensity_mean=1.2, cox_intensity_variance=0.5, cox_grid=(8, 8), region_bounds=(-1.5, 1.5, -1.5, 1.5), batch_mean=8.0, batch_std=0.5, residence_time_mean=6.0), RegionTrafficProfile(name='rural', area_weight=0.25, cbra_density=0.3, pbra_density=0.4, handover_intensity=0.2, scheduling_period=320, noise_scale=0.1, cox_intensity_mean=0.9, cox_intensity_variance=0.3, cox_grid=(6, 6), region_bounds=(-1.0, 1.0, -1.0, 1.0), batch_mean=4.0, batch_std=0.4, residence_time_mean=4.5)), history_size=10, protocol_count=4, preamble_subset_count=8, total_preambles=64, base_preamble_split=(24, 24, 16), reward_weights={'throughput': 1.0, 'collision': -0.5, 'cfra_mse': -1}, region_transition_matrix=None, coverage_patches=None, coverage_drift_radius=1.0, coverage_cycle_slots=1440.0, coverage_jitter=0.05, coverage_smoothing=0.2, coverage_total_footprint=1.0, backoff_strategy=BackoffStrategyConfig(low=BackoffWindow(min_steps=0, max_steps=4), medium=BackoffWindow(min_steps=1, max_steps=12), high=BackoffWindow(min_steps=6, max_steps=24), collision_threshold_medium=0.05, collision_threshold_high=0.1, max_backlog_steps=48)), preamble_delta_range=2, flatten_observation=True)
2025-11-18 21:24:25.688 | INFO     | __main__:<module>:68 - train_config HPPOConfig(frames_per_batch=4096, mini_batch_size=128, rollout_epochs=4, max_iterations=200, gamma=0.99, gae_lambda=0.95, clip_epsilon=0.2, entropy_coeff=0.01, actor_lr=0.0001, critic_lr=5e-05, device=device(type='cpu'))
2025-11-18 21:24:25.690 | INFO     | __main__:<module>:75 - Config ready | seed=42 frames_per_batch=4096 horizon=256 num_envs=8 backend=parallel parallel=True
2025-11-18 21:24:29.137 | INFO     | __main__:<module>:21 - TorchRL env constructed (observation=torch.Size([8, 72]),  num_envs=8, backend=parallel, parallel=True)
2025-11-18 21:24:29.146 | INFO     | __main__:<module>:22 - Starting notebook PPO run
2025-11-18 21:24:34.384 | INFO     | __main__:_log_metrics:20 - iter=0000 reward=-12.8771 ESS=0.2523 acb_factor_mean=0.2711 clip_fraction=0.8438 collision_rate=0.6677 collision_total_mean=3237.5771 entropy=-3.0959 explained_variance=0.0012 kl_approx=531.8754 loss_critic=12240.4590 loss_entropy=0.0310 loss_objective=0.2102 preamble_cbra=4.0000 preamble_cfra=2.0000 preamble_pbra=58.0000 requests_cbra=8397.9932 requests_pbra=9792.9131 success_rate=0.3323 success_total_mean=1611.0577
2025-11-18 21:24:40.199 | INFO     | __main__:_log_metrics:20 - iter=0001 reward=-1397.5245 ESS=0.3851 acb_factor_mean=0.4428 clip_fraction=0.6797 collision_rate=0.7686 collision_total_mean=7009.7651 entropy=-1.4867 explained_variance=-0.0396 kl_approx=431.5750 loss_critic=23309.6152 loss_entropy=0.0149 loss_objective=0.2489 preamble_cbra=3.0000 preamble_cfra=1.0000 preamble_pbra=60.0000 requests_cbra=10708.9395 requests_pbra=11130.2471 success_rate=0.2314 success_total_mean=2110.8450
2025-11-18 21:24:46.343 | INFO     | __main__:_log_metrics:20 - iter=0002 reward=-3094.4309 ESS=0.7720 acb_factor_mean=0.5639 clip_fraction=0.2500 collision_rate=0.7868 collision_total_mean=13493.7783 entropy=-0.1541 explained_variance=0.0149 kl_approx=288.8137 loss_critic=43341.1094 loss_entropy=0.0015 loss_objective=0.0661 preamble_cbra=3.0000 preamble_cfra=1.0000 preamble_pbra=60.0000 requests_cbra=15347.3467 requests_pbra=13783.0117 success_rate=0.2132 success_total_mean=3655.7500
2025-11-18 21:24:52.295 | INFO     | __main__:_log_metrics:20 - iter=0003 reward=-1357.1655 ESS=0.6413 acb_factor_mean=0.5223 clip_fraction=0.3359 collision_rate=0.7374 collision_total_mean=9410.0498 entropy=-1.5965 explained_variance=0.0680 kl_approx=345.7666 loss_critic=25944.0312 loss_entropy=0.0160 loss_objective=0.0665 preamble_cbra=3.0000 preamble_cfra=1.0000 preamble_pbra=60.0000 requests_cbra=12011.7207 requests_pbra=10542.5898 success_rate=0.2626 success_total_mean=3351.1453
2025-11-18 21:24:58.595 | INFO     | __main__:_log_metrics:20 - iter=0004 reward=-3407.2468 ESS=0.8305 acb_factor_mean=0.6182 clip_fraction=0.1953 collision_rate=0.7883 collision_total_mean=14708.2637 entropy=-0.9314 explained_variance=0.0834 kl_approx=76.1114 loss_critic=40835.7188 loss_entropy=0.0093 loss_objective=0.0704 preamble_cbra=2.0000 preamble_cfra=2.0000 preamble_pbra=60.0000 requests_cbra=15776.4014 requests_pbra=13271.1641 success_rate=0.2117 success_total_mean=3951.0288
2025-11-18 21:25:04.725 | INFO     | __main__:_log_metrics:20 - iter=0005 reward=-2729.1030 ESS=0.5574 acb_factor_mean=0.5826 clip_fraction=0.4766 collision_rate=0.7733 collision_total_mean=13178.6787 entropy=-0.7578 explained_variance=0.1571 kl_approx=1436.6609 loss_critic=39691.3906 loss_entropy=0.0076 loss_objective=0.1341 preamble_cbra=3.0000 preamble_cfra=2.0000 preamble_pbra=60.0000 requests_cbra=14673.7021 requests_pbra=12676.6445 success_rate=0.2267 success_total_mean=3864.1372
2025-11-18 21:25:11.934 | INFO     | __main__:_log_metrics:20 - iter=0006 reward=3737.2947 ESS=0.0394 acb_factor_mean=0.5957 clip_fraction=0.9844 collision_rate=0.5520 collision_total_mean=19195.5684 entropy=-8.2199 explained_variance=0.1560 kl_approx=13531.1357 loss_critic=43288.0391 loss_entropy=0.0822 loss_objective=0.2414 preamble_cbra=3.0000 preamble_cfra=52.0000 preamble_pbra=9.0000 requests_cbra=15231.0449 requests_pbra=18221.0391 success_rate=0.4480 success_total_mean=15577.5898
2025-11-18 21:25:19.211 | INFO     | __main__:_log_metrics:20 - iter=0007 reward=-101991.4141 ESS=0.9542 acb_factor_mean=0.9985 clip_fraction=0.1406 collision_rate=0.9918 collision_total_mean=207374.3438 entropy=-10.1600 explained_variance=0.8028 kl_approx=83.7393 loss_critic=296920.1250 loss_entropy=0.1016 loss_objective=0.0629 preamble_cbra=56.0000 preamble_cfra=3.0000 preamble_pbra=5.0000 requests_cbra=90255.0938 requests_pbra=117479.2969 success_rate=0.0082 success_total_mean=1724.0789
2025-11-18 21:25:26.508 | INFO     | __main__:_log_metrics:20 - iter=0008 reward=-108385.2812 ESS=0.8700 acb_factor_mean=0.9986 clip_fraction=0.1719 collision_rate=0.9659 collision_total_mean=232355.5312 entropy=-10.2794 explained_variance=0.8978 kl_approx=-0.0252 loss_critic=441853.5938 loss_entropy=0.1028 loss_objective=0.0099 preamble_cbra=36.0000 preamble_cfra=24.0000 preamble_pbra=4.0000 requests_cbra=102181.0859 requests_pbra=130419.4531 success_rate=0.0341 success_total_mean=8200.9004
2025-11-18 21:25:33.794 | INFO     | __main__:_log_metrics:20 - iter=0009 reward=-111794.8594 ESS=0.9845 acb_factor_mean=0.9982 clip_fraction=0.0859 collision_rate=0.9682 collision_total_mean=238573.1250 entropy=-10.5563 explained_variance=0.9387 kl_approx=5.1274 loss_critic=536579.0000 loss_entropy=0.1056 loss_objective=0.0287 preamble_cbra=37.0000 preamble_cfra=23.0000 preamble_pbra=4.0000 requests_cbra=105881.6094 requests_pbra=132930.1094 success_rate=0.0318 success_total_mean=7847.2495
2025-11-18 21:25:41.127 | INFO     | __main__:_log_metrics:20 - iter=0010 reward=-101603.7969 ESS=0.4631 acb_factor_mean=0.9982 clip_fraction=0.6016 collision_rate=0.9659 collision_total_mean=217876.0000 entropy=-10.1723 explained_variance=0.9644 kl_approx=37409.4492 loss_critic=536374.0625 loss_entropy=0.1017 loss_objective=0.2059 preamble_cbra=36.0000 preamble_cfra=22.0000 preamble_pbra=6.0000 requests_cbra=97159.7109 requests_pbra=121008.1094 success_rate=0.0341 success_total_mean=7686.3931
2025-11-18 21:25:48.438 | INFO     | __main__:_log_metrics:20 - iter=0011 reward=-109575.7891 ESS=0.5663 acb_factor_mean=0.9987 clip_fraction=0.4766 collision_rate=0.9962 collision_total_mean=220840.9531 entropy=-10.1808 explained_variance=0.9676 kl_approx=17019.9766 loss_critic=610806.6875 loss_entropy=0.1018 loss_objective=0.1216 preamble_cbra=12.0000 preamble_cfra=1.0000 preamble_pbra=51.0000 requests_cbra=102321.5469 requests_pbra=118922.6875 success_rate=0.0038 success_total_mean=848.6257
2025-11-18 21:25:55.892 | INFO     | __main__:_log_metrics:20 - iter=0012 reward=-116515.9531 ESS=0.9881 acb_factor_mean=0.9984 clip_fraction=0.1562 collision_rate=0.9980 collision_total_mean=233976.7500 entropy=-10.6187 explained_variance=0.9622 kl_approx=-0.0031 loss_critic=832540.1875 loss_entropy=0.1062 loss_objective=0.0106 preamble_cbra=14.0000 preamble_cfra=0.0000 preamble_pbra=50.0000 requests_cbra=106466.5000 requests_pbra=127816.4609 success_rate=0.0020 success_total_mean=476.0342
2025-11-18 21:26:03.394 | INFO     | __main__:_log_metrics:20 - iter=0013 reward=-93976.4922 ESS=0.9915 acb_factor_mean=0.9982 clip_fraction=0.0703 collision_rate=0.9963 collision_total_mean=189350.7656 entropy=-10.1746 explained_variance=0.9862 kl_approx=0.0051 loss_critic=565653.2500 loss_entropy=0.1017 loss_objective=0.0005 preamble_cbra=12.0000 preamble_cfra=0.0000 preamble_pbra=51.0000 requests_cbra=89202.4453 requests_pbra=100688.0703 success_rate=0.0037 success_total_mean=702.5073
2025-11-18 21:26:10.778 | INFO     | __main__:_log_metrics:20 - iter=0014 reward=-109330.6719 ESS=0.9877 acb_factor_mean=0.9984 clip_fraction=0.1250 collision_rate=0.9967 collision_total_mean=220127.6094 entropy=-10.2597 explained_variance=0.9762 kl_approx=-0.0085 loss_critic=765662.2500 loss_entropy=0.1026 loss_objective=-0.0064 preamble_cbra=13.0000 preamble_cfra=0.0000 preamble_pbra=50.0000 requests_cbra=102801.7109 requests_pbra=117874.1797 success_rate=0.0033 success_total_mean=736.7993
2025-11-18 21:26:18.041 | INFO     | __main__:_log_metrics:20 - iter=0015 reward=-118593.9062 ESS=0.9906 acb_factor_mean=0.9982 clip_fraction=0.0859 collision_rate=0.9982 collision_total_mean=238027.9844 entropy=-10.6014 explained_variance=0.9756 kl_approx=0.0082 loss_critic=966819.3750 loss_entropy=0.1060 loss_objective=-0.0061 preamble_cbra=15.0000 preamble_cfra=0.0000 preamble_pbra=49.0000 requests_cbra=108006.5938 requests_pbra=130309.1094 success_rate=0.0018 success_total_mean=423.1782
2025-11-18 21:26:25.758 | INFO     | __main__:_log_metrics:20 - iter=0016 reward=-113621.0547 ESS=0.9896 acb_factor_mean=0.9987 clip_fraction=0.1328 collision_rate=0.9978 collision_total_mean=228224.8125 entropy=-10.1790 explained_variance=0.9824 kl_approx=0.0142 loss_critic=794977.1250 loss_entropy=0.1018 loss_objective=0.0045 preamble_cbra=12.0000 preamble_cfra=0.0000 preamble_pbra=51.0000 requests_cbra=104140.3125 requests_pbra=124377.0469 success_rate=0.0022 success_total_mean=494.9669
2025-11-18 21:26:33.954 | INFO     | __main__:_log_metrics:20 - iter=0017 reward=-119828.7188 ESS=0.9872 acb_factor_mean=0.9983 clip_fraction=0.1328 collision_rate=0.9981 collision_total_mean=240586.1094 entropy=-10.3303 explained_variance=0.9736 kl_approx=-0.0121 loss_critic=1081493.2500 loss_entropy=0.1033 loss_objective=-0.0135 preamble_cbra=14.0000 preamble_cfra=0.0000 preamble_pbra=49.0000 requests_cbra=109561.2109 requests_pbra=131325.3438 success_rate=0.0019 success_total_mean=467.7708
2025-11-18 21:26:41.922 | INFO     | __main__:_log_metrics:20 - iter=0018 reward=-103462.4453 ESS=0.9944 acb_factor_mean=0.9987 clip_fraction=0.0703 collision_rate=0.9961 collision_total_mean=208557.3750 entropy=-10.1807 explained_variance=0.9838 kl_approx=-0.0073 loss_critic=908676.5625 loss_entropy=0.1018 loss_objective=0.0008 preamble_cbra=14.0000 preamble_cfra=0.0000 preamble_pbra=49.0000 requests_cbra=98486.9375 requests_pbra=110737.0938 success_rate=0.0039 success_total_mean=820.3163
2025-11-18 21:26:49.985 | INFO     | __main__:_log_metrics:20 - iter=0019 reward=-112447.6875 ESS=0.9820 acb_factor_mean=0.9980 clip_fraction=0.1094 collision_rate=0.9975 collision_total_mean=226030.3750 entropy=-10.1109 explained_variance=0.9807 kl_approx=0.7712 loss_critic=1110149.2500 loss_entropy=0.1011 loss_objective=0.0047 preamble_cbra=11.0000 preamble_cfra=1.0000 preamble_pbra=53.0000 requests_cbra=104025.7812 requests_pbra=122384.2734 success_rate=0.0025 success_total_mean=572.6108
2025-11-18 21:26:57.937 | INFO     | __main__:_log_metrics:20 - iter=0020 reward=-105951.9375 ESS=0.9868 acb_factor_mean=0.9986 clip_fraction=0.1016 collision_rate=0.9965 collision_total_mean=213381.0312 entropy=-10.1565 explained_variance=0.9888 kl_approx=0.0078 loss_critic=992905.1250 loss_entropy=0.1016 loss_objective=-0.0076 preamble_cbra=13.0000 preamble_cfra=0.0000 preamble_pbra=51.0000 requests_cbra=100538.8750 requests_pbra=113448.4062 success_rate=0.0035 success_total_mean=742.6242
2025-11-18 21:27:05.899 | INFO     | __main__:_log_metrics:20 - iter=0021 reward=-122672.0547 ESS=0.9893 acb_factor_mean=0.9983 clip_fraction=0.1250 collision_rate=0.9984 collision_total_mean=246124.0625 entropy=-10.3683 explained_variance=0.9829 kl_approx=0.0067 loss_critic=1110111.7500 loss_entropy=0.1037 loss_objective=0.0086 preamble_cbra=19.0000 preamble_cfra=0.0000 preamble_pbra=45.0000 requests_cbra=111129.1250 requests_pbra=135270.4062 success_rate=0.0016 success_total_mean=393.5717
2025-11-18 21:27:13.828 | INFO     | __main__:_log_metrics:20 - iter=0022 reward=-122297.5234 ESS=0.9863 acb_factor_mean=0.9988 clip_fraction=0.0781 collision_rate=0.9979 collision_total_mean=245640.1562 entropy=-10.3857 explained_variance=0.9833 kl_approx=0.1468 loss_critic=1274145.7500 loss_entropy=0.1039 loss_objective=0.0021 preamble_cbra=15.0000 preamble_cfra=0.0000 preamble_pbra=49.0000 requests_cbra=111816.0078 requests_pbra=134177.8438 success_rate=0.0021 success_total_mean=525.7417
2025-11-18 21:27:21.738 | INFO     | __main__:_log_metrics:20 - iter=0023 reward=-117434.5469 ESS=0.9882 acb_factor_mean=0.9988 clip_fraction=0.1094 collision_rate=0.9979 collision_total_mean=235849.7500 entropy=-10.0625 explained_variance=0.9812 kl_approx=-0.0183 loss_critic=1221333.5000 loss_entropy=0.1006 loss_objective=-0.0134 preamble_cbra=15.0000 preamble_cfra=0.0000 preamble_pbra=49.0000 requests_cbra=107504.1328 requests_pbra=128687.0781 success_rate=0.0021 success_total_mean=493.5583
2025-11-18 21:27:29.596 | INFO     | __main__:_log_metrics:20 - iter=0024 reward=-109012.3906 ESS=0.9894 acb_factor_mean=0.9983 clip_fraction=0.1172 collision_rate=0.9969 collision_total_mean=219390.8750 entropy=-10.3417 explained_variance=0.9822 kl_approx=0.0033 loss_critic=1125229.1250 loss_entropy=0.1034 loss_objective=0.0026 preamble_cbra=10.0000 preamble_cfra=0.0000 preamble_pbra=53.0000 requests_cbra=102749.2734 requests_pbra=117196.1250 success_rate=0.0031 success_total_mean=686.9718
2025-11-18 21:27:37.734 | INFO     | __main__:_log_metrics:20 - iter=0025 reward=-102674.1094 ESS=0.9873 acb_factor_mean=0.9985 clip_fraction=0.1172 collision_rate=0.9969 collision_total_mean=206623.7656 entropy=-10.2544 explained_variance=0.9847 kl_approx=-0.0125 loss_critic=975604.1250 loss_entropy=0.1025 loss_objective=-0.0107 preamble_cbra=10.0000 preamble_cfra=0.0000 preamble_pbra=54.0000 requests_cbra=97042.0234 requests_pbra=110079.7578 success_rate=0.0031 success_total_mean=643.5066
2025-11-18 21:27:45.958 | INFO     | __main__:_log_metrics:20 - iter=0026 reward=-119421.0547 ESS=0.9871 acb_factor_mean=0.9985 clip_fraction=0.1094 collision_rate=0.9971 collision_total_mean=240226.6562 entropy=-10.4008 explained_variance=0.9843 kl_approx=0.0020 loss_critic=1124260.2500 loss_entropy=0.1040 loss_objective=0.0003 preamble_cbra=8.0000 preamble_cfra=1.0000 preamble_pbra=55.0000 requests_cbra=111619.1562 requests_pbra=129065.9922 success_rate=0.0029 success_total_mean=695.8688
2025-11-18 21:27:54.161 | INFO     | __main__:_log_metrics:20 - iter=0027 reward=-113797.2656 ESS=0.9936 acb_factor_mean=0.9984 clip_fraction=0.0625 collision_rate=0.9974 collision_total_mean=228795.1094 entropy=-10.1007 explained_variance=0.9831 kl_approx=-0.0132 loss_critic=1164644.2500 loss_entropy=0.1010 loss_objective=-0.0058 preamble_cbra=9.0000 preamble_cfra=1.0000 preamble_pbra=55.0000 requests_cbra=106125.3672 requests_pbra=123066.8047 success_rate=0.0026 success_total_mean=604.8062
2025-11-18 21:28:02.515 | INFO     | __main__:_log_metrics:20 - iter=0028 reward=-116427.6016 ESS=0.9917 acb_factor_mean=0.9986 clip_fraction=0.0938 collision_rate=0.9972 collision_total_mean=234159.9688 entropy=-10.4420 explained_variance=0.9807 kl_approx=-0.0061 loss_critic=1268265.8750 loss_entropy=0.1044 loss_objective=-0.0105 preamble_cbra=7.0000 preamble_cfra=1.0000 preamble_pbra=56.0000 requests_cbra=108589.2344 requests_pbra=126001.7500 success_rate=0.0028 success_total_mean=657.6063
2025-11-18 21:28:10.652 | INFO     | __main__:_log_metrics:20 - iter=0029 reward=-114738.0547 ESS=0.9889 acb_factor_mean=0.9986 clip_fraction=0.1094 collision_rate=0.9971 collision_total_mean=230796.6250 entropy=-10.1384 explained_variance=0.9777 kl_approx=-0.0035 loss_critic=1358938.1250 loss_entropy=0.1014 loss_objective=-0.0125 preamble_cbra=7.0000 preamble_cfra=1.0000 preamble_pbra=56.0000 requests_cbra=107541.8359 requests_pbra=123719.8594 success_rate=0.0029 success_total_mean=664.6149
2025-11-18 21:28:18.612 | INFO     | __main__:_log_metrics:20 - iter=0030 reward=-115971.1562 ESS=0.9924 acb_factor_mean=0.9988 clip_fraction=0.0703 collision_rate=0.9974 collision_total_mean=233158.4688 entropy=-10.4288 explained_variance=0.9745 kl_approx=-0.0012 loss_critic=1334326.8750 loss_entropy=0.1043 loss_objective=-0.0064 preamble_cbra=8.0000 preamble_cfra=1.0000 preamble_pbra=55.0000 requests_cbra=107123.7188 requests_pbra=126428.0547 success_rate=0.0026 success_total_mean=610.9512
2025-11-18 21:28:26.611 | INFO     | __main__:_log_metrics:20 - iter=0031 reward=-114360.7422 ESS=0.9872 acb_factor_mean=0.9987 clip_fraction=0.1016 collision_rate=0.9970 collision_total_mean=230116.6094 entropy=-10.3716 explained_variance=0.9802 kl_approx=0.0218 loss_critic=1329631.3750 loss_entropy=0.1037 loss_objective=0.0079 preamble_cbra=8.0000 preamble_cfra=1.0000 preamble_pbra=55.0000 requests_cbra=107671.5156 requests_pbra=122938.5391 success_rate=0.0030 success_total_mean=702.8531
2025-11-18 21:28:34.522 | INFO     | __main__:_log_metrics:20 - iter=0032 reward=-118653.5312 ESS=0.9909 acb_factor_mean=0.9979 clip_fraction=0.1094 collision_rate=0.9975 collision_total_mean=238508.5625 entropy=-10.1395 explained_variance=0.9823 kl_approx=-0.0059 loss_critic=1317010.8750 loss_entropy=0.1014 loss_objective=0.0032 preamble_cbra=8.0000 preamble_cfra=1.0000 preamble_pbra=56.0000 requests_cbra=110177.3984 requests_pbra=128805.9375 success_rate=0.0025 success_total_mean=606.0652
2025-11-18 21:28:42.406 | INFO     | __main__:_log_metrics:20 - iter=0033 reward=-104552.3281 ESS=0.9902 acb_factor_mean=0.9982 clip_fraction=0.1094 collision_rate=0.9956 collision_total_mean=210970.3750 entropy=-10.0605 explained_variance=0.9896 kl_approx=-0.0176 loss_critic=968712.6250 loss_entropy=0.1006 loss_objective=-0.0102 preamble_cbra=9.0000 preamble_cfra=0.0000 preamble_pbra=54.0000 requests_cbra=101246.9844 requests_pbra=110463.8125 success_rate=0.0044 success_total_mean=936.0070
2025-11-18 21:28:50.552 | INFO     | __main__:_log_metrics:20 - iter=0034 reward=-117623.8828 ESS=0.9886 acb_factor_mean=0.9985 clip_fraction=0.1016 collision_rate=0.9970 collision_total_mean=236639.4062 entropy=-10.2743 explained_variance=0.9782 kl_approx=0.0196 loss_critic=1409253.6250 loss_entropy=0.1027 loss_objective=0.0074 preamble_cbra=8.0000 preamble_cfra=1.0000 preamble_pbra=55.0000 requests_cbra=110212.0312 requests_pbra=126931.1172 success_rate=0.0030 success_total_mean=700.9438
2025-11-18 21:28:58.831 | INFO     | __main__:_log_metrics:20 - iter=0035 reward=-121822.0469 ESS=0.9822 acb_factor_mean=0.9984 clip_fraction=0.1328 collision_rate=0.9981 collision_total_mean=244576.9062 entropy=-10.4652 explained_variance=0.9830 kl_approx=1.6453 loss_critic=1262514.5000 loss_entropy=0.1047 loss_objective=0.0003 preamble_cbra=9.0000 preamble_cfra=0.0000 preamble_pbra=55.0000 requests_cbra=111949.9922 requests_pbra=132923.5312 success_rate=0.0019 success_total_mean=470.5962
2025-11-18 21:29:07.281 | INFO     | __main__:_log_metrics:20 - iter=0036 reward=-121300.2031 ESS=0.9839 acb_factor_mean=0.9980 clip_fraction=0.1562 collision_rate=0.9976 collision_total_mean=243743.8750 entropy=-10.4220 explained_variance=0.9754 kl_approx=0.0084 loss_critic=1425182.3750 loss_entropy=0.1042 loss_objective=-0.0076 preamble_cbra=9.0000 preamble_cfra=1.0000 preamble_pbra=55.0000 requests_cbra=111802.5000 requests_pbra=132298.1250 success_rate=0.0024 success_total_mean=575.2448
2025-11-18 21:29:15.674 | INFO     | __main__:_log_metrics:20 - iter=0037 reward=-115577.2578 ESS=0.0415 acb_factor_mean=0.9968 clip_fraction=0.9766 collision_rate=0.9977 collision_total_mean=232215.3438 entropy=-10.2099 explained_variance=0.9805 kl_approx=161553.6250 loss_critic=1298930.7500 loss_entropy=0.1021 loss_objective=0.3161 preamble_cbra=8.0000 preamble_cfra=1.0000 preamble_pbra=55.0000 requests_cbra=106694.8438 requests_pbra=125866.7969 success_rate=0.0023 success_total_mean=536.2713
2025-11-18 21:29:22.030 | INFO     | __main__:_log_metrics:20 - iter=0038 reward=-108207.4766 ESS=0.9315 acb_factor_mean=0.9926 clip_fraction=0.1172 collision_rate=0.9927 collision_total_mean=219586.7500 entropy=-9.7841 explained_variance=0.9750 kl_approx=928.7535 loss_critic=1436228.1250 loss_entropy=0.0978 loss_objective=0.0446 preamble_cbra=1.0000 preamble_cfra=2.0000 preamble_pbra=61.0000 requests_cbra=103361.6797 requests_pbra=116837.7031 success_rate=0.0073 success_total_mean=1609.2070
2025-11-18 21:29:28.285 | INFO     | __main__:_log_metrics:20 - iter=0039 reward=-115088.8672 ESS=0.5449 acb_factor_mean=0.9951 clip_fraction=0.5312 collision_rate=0.9943 collision_total_mean=232821.6250 entropy=-10.0816 explained_variance=0.9772 kl_approx=46598.7109 loss_critic=1414926.1250 loss_entropy=0.1008 loss_objective=0.1578 preamble_cbra=1.0000 preamble_cfra=2.0000 preamble_pbra=61.0000 requests_cbra=107742.4219 requests_pbra=125504.5000 success_rate=0.0057 success_total_mean=1343.7023
2025-11-18 21:29:34.861 | INFO     | __main__:_log_metrics:20 - iter=0040 reward=-99710.2656 ESS=0.7992 acb_factor_mean=0.9906 clip_fraction=0.2188 collision_rate=0.9335 collision_total_mean=227036.3125 entropy=-10.0248 explained_variance=0.9023 kl_approx=1676.7372 loss_critic=3462125.0000 loss_entropy=0.1002 loss_objective=0.0653 preamble_cbra=1.0000 preamble_cfra=56.0000 preamble_pbra=7.0000 requests_cbra=102572.2656 requests_pbra=124692.3125 success_rate=0.0665 success_total_mean=16168.2959
2025-11-18 21:29:42.155 | INFO     | __main__:_log_metrics:20 - iter=0041 reward=-99135.4688 ESS=0.8445 acb_factor_mean=0.9949 clip_fraction=0.2031 collision_rate=0.9310 collision_total_mean=227115.8594 entropy=-10.1864 explained_variance=0.9106 kl_approx=4684.0117 loss_critic=2729553.5000 loss_entropy=0.1019 loss_objective=0.0142 preamble_cbra=1.0000 preamble_cfra=57.0000 preamble_pbra=6.0000 requests_cbra=102701.5547 requests_pbra=124640.1094 success_rate=0.0690 success_total_mean=16830.9570
2025-11-18 21:29:49.784 | INFO     | __main__:_log_metrics:20 - iter=0042 reward=-108888.4062 ESS=0.9861 acb_factor_mean=0.9952 clip_fraction=0.1016 collision_rate=0.9349 collision_total_mean=247077.5312 entropy=-10.1454 explained_variance=0.9330 kl_approx=0.0144 loss_critic=2465872.2500 loss_entropy=0.1015 loss_objective=-0.0051 preamble_cbra=4.0000 preamble_cfra=58.0000 preamble_pbra=2.0000 requests_cbra=109840.5078 requests_pbra=137357.5312 success_rate=0.0651 success_total_mean=17218.1074
2025-11-18 21:29:57.268 | INFO     | __main__:_log_metrics:20 - iter=0043 reward=-96815.2266 ESS=0.9898 acb_factor_mean=0.9954 clip_fraction=0.0938 collision_rate=0.9281 collision_total_mean=223333.5469 entropy=-10.1015 explained_variance=0.9462 kl_approx=0.0047 loss_critic=2193862.5000 loss_entropy=0.1010 loss_objective=-0.0058 preamble_cbra=4.0000 preamble_cfra=58.0000 preamble_pbra=2.0000 requests_cbra=98806.2109 requests_pbra=124666.5391 success_rate=0.0719 success_total_mean=17293.7383
2025-11-18 21:30:04.689 | INFO     | __main__:_log_metrics:20 - iter=0044 reward=-102346.6484 ESS=0.9856 acb_factor_mean=0.9932 clip_fraction=0.0859 collision_rate=0.9313 collision_total_mean=234448.5000 entropy=-10.0255 explained_variance=0.9621 kl_approx=0.0157 loss_critic=1851778.6250 loss_entropy=0.1003 loss_objective=0.0084 preamble_cbra=4.0000 preamble_cfra=58.0000 preamble_pbra=2.0000 requests_cbra=103570.8359 requests_pbra=131047.1484 success_rate=0.0687 success_total_mean=17305.6777
2025-11-18 21:30:12.145 | INFO     | __main__:_log_metrics:20 - iter=0045 reward=-105501.1406 ESS=0.9820 acb_factor_mean=0.9881 clip_fraction=0.0859 collision_rate=0.9337 collision_total_mean=240131.6562 entropy=-9.5843 explained_variance=0.9713 kl_approx=330.8812 loss_critic=1892342.2500 loss_entropy=0.0958 loss_objective=0.0074 preamble_cbra=4.0000 preamble_cfra=58.0000 preamble_pbra=2.0000 requests_cbra=106284.5859 requests_pbra=134094.0938 success_rate=0.0663 success_total_mean=17043.5781
2025-11-18 21:30:19.637 | INFO     | __main__:_log_metrics:20 - iter=0046 reward=-106488.6641 ESS=0.9868 acb_factor_mean=0.9833 clip_fraction=0.0625 collision_rate=0.9307 collision_total_mean=244655.1562 entropy=-9.9087 explained_variance=0.9796 kl_approx=3.2913 loss_critic=1738692.5000 loss_entropy=0.0991 loss_objective=-0.0039 preamble_cbra=4.0000 preamble_cfra=58.0000 preamble_pbra=2.0000 requests_cbra=108395.4141 requests_pbra=136507.5000 success_rate=0.0693 success_total_mean=18210.1289
2025-11-18 21:30:27.112 | INFO     | __main__:_log_metrics:20 - iter=0047 reward=-94700.8750 ESS=0.9859 acb_factor_mean=0.9831 clip_fraction=0.0312 collision_rate=0.9300 collision_total_mean=217164.0312 entropy=-9.9716 explained_variance=0.9673 kl_approx=0.0336 loss_critic=1862674.2500 loss_entropy=0.0997 loss_objective=-0.0008 preamble_cbra=5.0000 preamble_cfra=57.0000 preamble_pbra=2.0000 requests_cbra=95777.5938 requests_pbra=121710.2500 success_rate=0.0700 success_total_mean=16346.0762
2025-11-18 21:30:34.766 | INFO     | __main__:_log_metrics:20 - iter=0048 reward=-95550.2578 ESS=0.9870 acb_factor_mean=0.9799 clip_fraction=0.0391 collision_rate=0.9289 collision_total_mean=219825.0156 entropy=-9.9243 explained_variance=0.9793 kl_approx=0.4745 loss_critic=1601723.7500 loss_entropy=0.0992 loss_objective=0.0175 preamble_cbra=5.0000 preamble_cfra=57.0000 preamble_pbra=2.0000 requests_cbra=96936.7578 requests_pbra=123314.5234 success_rate=0.0711 success_total_mean=16834.6777
2025-11-18 21:30:42.514 | INFO     | __main__:_log_metrics:20 - iter=0049 reward=-100141.9688 ESS=0.7419 acb_factor_mean=0.9854 clip_fraction=0.3359 collision_rate=0.9309 collision_total_mean=229115.9688 entropy=-10.0358 explained_variance=0.9740 kl_approx=4395.6597 loss_critic=1748997.0000 loss_entropy=0.1004 loss_objective=0.0977 preamble_cbra=4.0000 preamble_cfra=58.0000 preamble_pbra=2.0000 requests_cbra=101214.5469 requests_pbra=128219.5312 success_rate=0.0691 success_total_mean=17004.8066
2025-11-18 21:30:48.556 | INFO     | __main__:_log_metrics:20 - iter=0050 reward=-97735.7578 ESS=0.0313 acb_factor_mean=0.9874 clip_fraction=0.9688 collision_rate=0.9299 collision_total_mean=224052.0469 entropy=-4.8031 explained_variance=0.9661 kl_approx=371157.5625 loss_critic=1674777.0000 loss_entropy=0.0480 loss_objective=0.3161 preamble_cbra=4.0000 preamble_cfra=59.0000 preamble_pbra=1.0000 requests_cbra=99114.8672 requests_pbra=125327.4062 success_rate=0.0701 success_total_mean=16902.0703
2025-11-18 21:30:55.280 | INFO     | __main__:_log_metrics:20 - iter=0051 reward=108.5591 ESS=0.0302 acb_factor_mean=0.6674 clip_fraction=0.9844 collision_rate=0.6334 collision_total_mean=30992.3496 entropy=-4.4909 explained_variance=-0.5647 kl_approx=12570.6836 loss_critic=1829777.5000 loss_entropy=0.0449 loss_objective=0.3210 preamble_cbra=4.0000 preamble_cfra=58.0000 preamble_pbra=2.0000 requests_cbra=20240.1719 requests_pbra=25454.6445 success_rate=0.3666 success_total_mean=17940.5762
2025-11-18 21:31:01.242 | INFO     | __main__:_log_metrics:20 - iter=0052 reward=13058.2891 ESS=0.0226 acb_factor_mean=0.2362 clip_fraction=1.0000 collision_rate=0.1962 collision_total_mean=4341.6719 entropy=-4.3218 explained_variance=-1.9501 kl_approx=16248.3789 loss_critic=1417345.7500 loss_entropy=0.0432 loss_objective=0.3310 preamble_cbra=3.0000 preamble_cfra=59.0000 preamble_pbra=2.0000 requests_cbra=8747.3252 requests_pbra=10913.8613 success_rate=0.8038 success_total_mean=17785.4102
2025-11-18 21:31:07.950 | INFO     | __main__:_log_metrics:20 - iter=0053 reward=10951.3887 ESS=0.0695 acb_factor_mean=0.3799 clip_fraction=0.9375 collision_rate=0.3299 collision_total_mean=8747.9893 entropy=-4.6771 explained_variance=-2.0065 kl_approx=981.4697 loss_critic=841006.5000 loss_entropy=0.0468 loss_objective=0.3147 preamble_cbra=3.0000 preamble_cfra=59.0000 preamble_pbra=2.0000 requests_cbra=10158.2285 requests_pbra=12728.5000 success_rate=0.6701 success_total_mean=17765.3945
2025-11-18 21:31:14.139 | INFO     | __main__:_log_metrics:20 - iter=0054 reward=13573.3223 ESS=0.3047 acb_factor_mean=0.2230 clip_fraction=0.6953 collision_rate=0.1863 collision_total_mean=4140.9258 entropy=-6.2548 explained_variance=-2.5046 kl_approx=1168.8340 loss_critic=609704.8750 loss_entropy=0.0625 loss_objective=0.2161 preamble_cbra=3.0000 preamble_cfra=59.0000 preamble_pbra=2.0000 requests_cbra=9147.5195 requests_pbra=11410.6973 success_rate=0.8137 success_total_mean=18084.7305
2025-11-18 21:31:19.077 | INFO     | __main__:_log_metrics:20 - iter=0055 reward=13891.2754 ESS=0.5831 acb_factor_mean=0.1415 clip_fraction=0.4453 collision_rate=0.0913 collision_total_mean=1752.9524 entropy=-6.6514 explained_variance=-2.4170 kl_approx=250.8917 loss_critic=319881.5312 loss_entropy=0.0665 loss_objective=0.0573 preamble_cbra=2.0000 preamble_cfra=59.0000 preamble_pbra=2.0000 requests_cbra=7399.1064 requests_pbra=9199.3809 success_rate=0.9087 success_total_mean=17447.2363
2025-11-18 21:31:23.713 | INFO     | __main__:_log_metrics:20 - iter=0056 reward=13491.8428 ESS=0.7198 acb_factor_mean=0.1246 clip_fraction=0.2891 collision_rate=0.0844 collision_total_mean=1547.4285 entropy=-6.5429 explained_variance=-0.5270 kl_approx=66.6236 loss_critic=126998.7344 loss_entropy=0.0654 loss_objective=0.0094 preamble_cbra=2.0000 preamble_cfra=60.0000 preamble_pbra=2.0000 requests_cbra=6856.4341 requests_pbra=8524.1250 success_rate=0.9156 success_total_mean=16797.5020
2025-11-18 21:31:28.179 | INFO     | __main__:_log_metrics:20 - iter=0057 reward=15225.7754 ESS=0.7713 acb_factor_mean=0.1166 clip_fraction=0.2891 collision_rate=0.0760 collision_total_mean=1515.5984 entropy=-7.0979 explained_variance=-0.3205 kl_approx=74.0473 loss_critic=65391.5703 loss_entropy=0.0710 loss_objective=-0.0095 preamble_cbra=3.0000 preamble_cfra=60.0000 preamble_pbra=2.0000 requests_cbra=7668.2993 requests_pbra=9546.0430 success_rate=0.9240 success_total_mean=18422.8125
2025-11-18 21:31:32.698 | INFO     | __main__:_log_metrics:20 - iter=0058 reward=13775.2598 ESS=0.8893 acb_factor_mean=0.0939 clip_fraction=0.1406 collision_rate=0.0654 collision_total_mean=1188.3145 entropy=-6.9601 explained_variance=-1.1188 kl_approx=9.7861 loss_critic=152077.5000 loss_entropy=0.0696 loss_objective=0.0376 preamble_cbra=2.0000 preamble_cfra=60.0000 preamble_pbra=2.0000 requests_cbra=7098.1318 requests_pbra=8824.0156 success_rate=0.9346 success_total_mean=16984.1113
2025-11-18 21:31:37.396 | INFO     | __main__:_log_metrics:20 - iter=0059 reward=14253.1191 ESS=0.7839 acb_factor_mean=0.1094 clip_fraction=0.3750 collision_rate=0.0563 collision_total_mean=1028.7179 entropy=-6.5630 explained_variance=-1.0655 kl_approx=32.4501 loss_critic=178560.7344 loss_entropy=0.0656 loss_objective=0.1203 preamble_cbra=2.0000 preamble_cfra=59.0000 preamble_pbra=3.0000 requests_cbra=7238.1362 requests_pbra=8994.0547 success_rate=0.9437 success_total_mean=17241.9238
2025-11-18 21:31:42.049 | INFO     | __main__:_log_metrics:20 - iter=0060 reward=13912.3066 ESS=0.1363 acb_factor_mean=0.1298 clip_fraction=0.2031 collision_rate=0.0805 collision_total_mean=1507.9436 entropy=-6.3810 explained_variance=-2.0369 kl_approx=80.1805 loss_critic=223813.5625 loss_entropy=0.0638 loss_objective=0.0429 preamble_cbra=2.0000 preamble_cfra=59.0000 preamble_pbra=3.0000 requests_cbra=7423.8833 requests_pbra=9217.2109 success_rate=0.9195 success_total_mean=17221.7051
2025-11-18 21:31:46.644 | INFO     | __main__:_log_metrics:20 - iter=0061 reward=13932.3301 ESS=0.8950 acb_factor_mean=0.1170 clip_fraction=0.1250 collision_rate=0.0681 collision_total_mean=1239.7937 entropy=-6.8558 explained_variance=-1.0070 kl_approx=23.5669 loss_critic=262319.8125 loss_entropy=0.0686 loss_objective=0.0544 preamble_cbra=2.0000 preamble_cfra=57.0000 preamble_pbra=6.0000 requests_cbra=7343.2334 requests_pbra=9103.5137 success_rate=0.9319 success_total_mean=16960.5625
2025-11-18 21:31:51.199 | INFO     | __main__:_log_metrics:20 - iter=0062 reward=12571.8145 ESS=0.8388 acb_factor_mean=0.1280 clip_fraction=0.2422 collision_rate=0.0664 collision_total_mean=1115.5830 entropy=-6.5482 explained_variance=-1.2482 kl_approx=29.0247 loss_critic=233759.5938 loss_entropy=0.0655 loss_objective=0.0218 preamble_cbra=2.0000 preamble_cfra=57.0000 preamble_pbra=5.0000 requests_cbra=6744.6685 requests_pbra=8358.7412 success_rate=0.9336 success_total_mean=15673.2559
2025-11-18 21:31:56.056 | INFO     | __main__:_log_metrics:20 - iter=0063 reward=13799.9336 ESS=0.9380 acb_factor_mean=0.1461 clip_fraction=0.0938 collision_rate=0.0844 collision_total_mean=1569.7572 entropy=-6.4742 explained_variance=-1.1580 kl_approx=35.2719 loss_critic=247355.0000 loss_entropy=0.0647 loss_objective=0.0245 preamble_cbra=2.0000 preamble_cfra=58.0000 preamble_pbra=4.0000 requests_cbra=7284.6450 requests_pbra=9032.3223 success_rate=0.9156 success_total_mean=17026.7969
2025-11-18 21:32:00.910 | INFO     | __main__:_log_metrics:20 - iter=0064 reward=13372.7529 ESS=0.8769 acb_factor_mean=0.1473 clip_fraction=0.1484 collision_rate=0.0803 collision_total_mean=1453.6090 entropy=-6.3541 explained_variance=-1.2721 kl_approx=30.3987 loss_critic=275621.8438 loss_entropy=0.0635 loss_objective=0.0537 preamble_cbra=2.0000 preamble_cfra=58.0000 preamble_pbra=4.0000 requests_cbra=7029.7534 requests_pbra=8708.7520 success_rate=0.9197 success_total_mean=16646.7480
2025-11-18 21:32:05.826 | INFO     | __main__:_log_metrics:20 - iter=0065 reward=13545.5098 ESS=0.7805 acb_factor_mean=0.1477 clip_fraction=0.1484 collision_rate=0.0821 collision_total_mean=1508.5404 entropy=-6.5646 explained_variance=-1.2327 kl_approx=28.9257 loss_critic=281545.3750 loss_entropy=0.0656 loss_objective=0.0456 preamble_cbra=1.0000 preamble_cfra=59.0000 preamble_pbra=4.0000 requests_cbra=7405.0742 requests_pbra=9180.6533 success_rate=0.9179 success_total_mean=16868.5234
2025-11-18 21:32:10.666 | INFO     | __main__:_log_metrics:20 - iter=0066 reward=14402.8711 ESS=0.9216 acb_factor_mean=0.1391 clip_fraction=0.1953 collision_rate=0.0837 collision_total_mean=1613.4625 entropy=-6.8919 explained_variance=-0.6830 kl_approx=11.0030 loss_critic=253120.3125 loss_entropy=0.0689 loss_objective=0.0341 preamble_cbra=2.0000 preamble_cfra=59.0000 preamble_pbra=3.0000 requests_cbra=7179.5000 requests_pbra=8911.9102 success_rate=0.9163 success_total_mean=17665.0938
2025-11-18 21:32:15.594 | INFO     | __main__:_log_metrics:20 - iter=0067 reward=14394.6572 ESS=0.9066 acb_factor_mean=0.1549 clip_fraction=0.1328 collision_rate=0.0808 collision_total_mean=1545.2842 entropy=-6.5889 explained_variance=-0.5085 kl_approx=34.4525 loss_critic=263984.3125 loss_entropy=0.0659 loss_objective=0.0551 preamble_cbra=2.0000 preamble_cfra=59.0000 preamble_pbra=3.0000 requests_cbra=7674.7549 requests_pbra=9527.9629 success_rate=0.9192 success_total_mean=17580.0566
2025-11-18 21:32:20.237 | INFO     | __main__:_log_metrics:20 - iter=0068 reward=14009.4375 ESS=0.9199 acb_factor_mean=0.1395 clip_fraction=0.1094 collision_rate=0.0738 collision_total_mean=1377.4510 entropy=-6.4378 explained_variance=-1.6777 kl_approx=36.3299 loss_critic=262700.4688 loss_entropy=0.0644 loss_objective=0.0515 preamble_cbra=2.0000 preamble_cfra=59.0000 preamble_pbra=3.0000 requests_cbra=7413.0283 requests_pbra=9200.1426 success_rate=0.9262 success_total_mean=17278.3418
2025-11-18 21:32:25.013 | INFO     | __main__:_log_metrics:20 - iter=0069 reward=14400.2578 ESS=0.8275 acb_factor_mean=0.1499 clip_fraction=0.1953 collision_rate=0.0841 collision_total_mean=1620.8535 entropy=-6.5058 explained_variance=-0.5280 kl_approx=119.1884 loss_critic=263808.4062 loss_entropy=0.0651 loss_objective=0.0147 preamble_cbra=2.0000 preamble_cfra=59.0000 preamble_pbra=3.0000 requests_cbra=7644.0425 requests_pbra=9488.3066 success_rate=0.9159 success_total_mean=17655.2539
2025-11-18 21:32:29.641 | INFO     | __main__:_log_metrics:20 - iter=0070 reward=13257.2139 ESS=0.8611 acb_factor_mean=0.1644 clip_fraction=0.1875 collision_rate=0.1002 collision_total_mean=1862.2170 entropy=-6.7135 explained_variance=-0.6326 kl_approx=192.0601 loss_critic=295102.3125 loss_entropy=0.0671 loss_objective=0.0250 preamble_cbra=3.0000 preamble_cfra=58.0000 preamble_pbra=3.0000 requests_cbra=7375.4429 requests_pbra=9156.8555 success_rate=0.8998 success_total_mean=16720.3066
2025-11-18 21:32:34.214 | INFO     | __main__:_log_metrics:20 - iter=0071 reward=12861.6211 ESS=0.8178 acb_factor_mean=0.1686 clip_fraction=0.1719 collision_rate=0.1201 collision_total_mean=2255.6355 entropy=-6.7637 explained_variance=-0.5850 kl_approx=220.9864 loss_critic=290692.5000 loss_entropy=0.0676 loss_objective=0.0467 preamble_cbra=2.0000 preamble_cfra=59.0000 preamble_pbra=3.0000 requests_cbra=7328.9937 requests_pbra=9101.9707 success_rate=0.8799 success_total_mean=16522.9688
2025-11-18 21:32:38.815 | INFO     | __main__:_log_metrics:20 - iter=0072 reward=12576.1865 ESS=0.8177 acb_factor_mean=0.1835 clip_fraction=0.2500 collision_rate=0.1176 collision_total_mean=2181.4209 entropy=-6.9251 explained_variance=-1.3161 kl_approx=108.5583 loss_critic=282391.4688 loss_entropy=0.0693 loss_objective=0.0701 preamble_cbra=2.0000 preamble_cfra=59.0000 preamble_pbra=3.0000 requests_cbra=7289.6929 requests_pbra=9041.8125 success_rate=0.8824 success_total_mean=16365.3496
2025-11-18 21:32:43.314 | INFO     | __main__:_log_metrics:20 - iter=0073 reward=13203.6719 ESS=0.9112 acb_factor_mean=0.1484 clip_fraction=0.1562 collision_rate=0.0987 collision_total_mean=1829.3523 entropy=-6.5991 explained_variance=-0.5300 kl_approx=20.7143 loss_critic=263984.3750 loss_entropy=0.0660 loss_objective=0.0208 preamble_cbra=2.0000 preamble_cfra=59.0000 preamble_pbra=3.0000 requests_cbra=7390.6650 requests_pbra=9177.8311 success_rate=0.9013 success_total_mean=16709.7305
2025-11-18 21:32:47.631 | INFO     | __main__:_log_metrics:20 - iter=0074 reward=13887.9307 ESS=0.7543 acb_factor_mean=0.1409 clip_fraction=0.5859 collision_rate=0.0760 collision_total_mean=1402.8357 entropy=-7.0955 explained_variance=-0.7256 kl_approx=283.1495 loss_critic=267808.4688 loss_entropy=0.0710 loss_objective=0.0824 preamble_cbra=2.0000 preamble_cfra=59.0000 preamble_pbra=3.0000 requests_cbra=7062.5430 requests_pbra=8762.8682 success_rate=0.9240 success_total_mean=17060.0000
2025-11-18 21:32:51.885 | INFO     | __main__:_log_metrics:20 - iter=0075 reward=15097.0469 ESS=0.8806 acb_factor_mean=0.1008 clip_fraction=0.1562 collision_rate=0.0526 collision_total_mean=1003.5720 entropy=-7.1854 explained_variance=-0.6989 kl_approx=202.0674 loss_critic=235486.7031 loss_entropy=0.0719 loss_objective=0.0277 preamble_cbra=2.0000 preamble_cfra=59.0000 preamble_pbra=3.0000 requests_cbra=7639.1602 requests_pbra=9498.1172 success_rate=0.9474 success_total_mean=18068.7441
2025-11-18 21:32:55.838 | INFO     | __main__:_log_metrics:20 - iter=0076 reward=15188.6865 ESS=0.9390 acb_factor_mean=0.0397 clip_fraction=0.1094 collision_rate=0.0268 collision_total_mean=493.8634 entropy=-6.6303 explained_variance=-1.1238 kl_approx=19.8940 loss_critic=287009.5625 loss_entropy=0.0663 loss_objective=0.0281 preamble_cbra=2.0000 preamble_cfra=59.0000 preamble_pbra=3.0000 requests_cbra=6912.6855 requests_pbra=8593.7002 success_rate=0.9732 success_total_mean=17919.2871
2025-11-18 21:32:59.958 | INFO     | __main__:_log_metrics:20 - iter=0077 reward=14651.2451 ESS=0.9284 acb_factor_mean=0.0627 clip_fraction=0.0938 collision_rate=0.0366 collision_total_mean=667.6028 entropy=-6.5823 explained_variance=-0.6505 kl_approx=15.8741 loss_critic=249950.7188 loss_entropy=0.0658 loss_objective=0.0238 preamble_cbra=2.0000 preamble_cfra=59.0000 preamble_pbra=3.0000 requests_cbra=7179.6641 requests_pbra=8920.2871 success_rate=0.9634 success_total_mean=17562.2773
2025-11-18 21:33:03.945 | INFO     | __main__:_log_metrics:20 - iter=0078 reward=14809.0156 ESS=0.8299 acb_factor_mean=0.0500 clip_fraction=0.3203 collision_rate=0.0198 collision_total_mean=351.6885 entropy=-6.1900 explained_variance=-1.1046 kl_approx=7.7822 loss_critic=260875.1250 loss_entropy=0.0619 loss_objective=0.0730 preamble_cbra=2.0000 preamble_cfra=59.0000 preamble_pbra=3.0000 requests_cbra=6615.6504 requests_pbra=8220.6514 success_rate=0.9802 success_total_mean=17411.9219
2025-11-18 21:33:08.202 | INFO     | __main__:_log_metrics:20 - iter=0079 reward=14598.3340 ESS=0.9585 acb_factor_mean=0.0801 clip_fraction=0.0859 collision_rate=0.0536 collision_total_mean=993.6201 entropy=-6.0072 explained_variance=-0.5319 kl_approx=16.3756 loss_critic=266946.8750 loss_entropy=0.0601 loss_objective=0.0168 preamble_cbra=2.0000 preamble_cfra=59.0000 preamble_pbra=4.0000 requests_cbra=7497.0400 requests_pbra=9315.6484 success_rate=0.9464 success_total_mean=17527.9844
2025-11-18 21:33:12.510 | INFO     | __main__:_log_metrics:20 - iter=0080 reward=13651.3779 ESS=0.9426 acb_factor_mean=0.0754 clip_fraction=0.0859 collision_rate=0.0431 collision_total_mean=747.3580 entropy=-6.0033 explained_variance=-0.6260 kl_approx=2.4424 loss_critic=229372.8125 loss_entropy=0.0600 loss_objective=0.0089 preamble_cbra=2.0000 preamble_cfra=58.0000 preamble_pbra=4.0000 requests_cbra=6948.5596 requests_pbra=8632.5469 success_rate=0.9569 success_total_mean=16576.7070
2025-11-18 21:33:16.910 | INFO     | __main__:_log_metrics:20 - iter=0081 reward=13855.1719 ESS=0.9135 acb_factor_mean=0.0838 clip_fraction=0.1953 collision_rate=0.0367 collision_total_mean=633.5586 entropy=-5.7205 explained_variance=-0.9035 kl_approx=0.2596 loss_critic=281999.2500 loss_entropy=0.0572 loss_objective=0.0346 preamble_cbra=2.0000 preamble_cfra=58.0000 preamble_pbra=4.0000 requests_cbra=6690.1206 requests_pbra=8310.9648 success_rate=0.9633 success_total_mean=16620.2656
2025-11-18 21:33:21.417 | INFO     | __main__:_log_metrics:20 - iter=0082 reward=13443.4629 ESS=0.9540 acb_factor_mean=0.0881 clip_fraction=0.0625 collision_rate=0.0580 collision_total_mean=1010.9036 entropy=-5.7569 explained_variance=-0.1312 kl_approx=13.7943 loss_critic=216912.5625 loss_entropy=0.0576 loss_objective=-0.0116 preamble_cbra=2.0000 preamble_cfra=58.0000 preamble_pbra=4.0000 requests_cbra=7123.4668 requests_pbra=8836.3906 success_rate=0.9420 success_total_mean=16403.7832
2025-11-18 21:33:25.961 | INFO     | __main__:_log_metrics:20 - iter=0083 reward=12851.4795 ESS=0.9265 acb_factor_mean=0.0957 clip_fraction=0.1094 collision_rate=0.0702 collision_total_mean=1200.2150 entropy=-5.3182 explained_variance=-0.8484 kl_approx=15.9442 loss_critic=237379.1094 loss_entropy=0.0532 loss_objective=0.0314 preamble_cbra=2.0000 preamble_cfra=58.0000 preamble_pbra=4.0000 requests_cbra=6876.4331 requests_pbra=8529.4062 success_rate=0.9298 success_total_mean=15893.7695
2025-11-18 21:33:30.655 | INFO     | __main__:_log_metrics:20 - iter=0084 reward=13571.2500 ESS=0.9646 acb_factor_mean=0.0977 clip_fraction=0.0547 collision_rate=0.0714 collision_total_mean=1277.6145 entropy=-5.9224 explained_variance=-0.6776 kl_approx=2.1126 loss_critic=231155.7500 loss_entropy=0.0592 loss_objective=0.0234 preamble_cbra=2.0000 preamble_cfra=58.0000 preamble_pbra=4.0000 requests_cbra=7367.0396 requests_pbra=9136.9189 success_rate=0.9286 success_total_mean=16610.7578
2025-11-18 21:33:35.110 | INFO     | __main__:_log_metrics:20 - iter=0085 reward=14617.5654 ESS=0.7314 acb_factor_mean=0.1066 clip_fraction=0.4062 collision_rate=0.0639 collision_total_mean=1200.8848 entropy=-4.6366 explained_variance=-0.6641 kl_approx=13.8236 loss_critic=202092.1406 loss_entropy=0.0464 loss_objective=0.0717 preamble_cbra=2.0000 preamble_cfra=58.0000 preamble_pbra=4.0000 requests_cbra=7211.1875 requests_pbra=8951.0791 success_rate=0.9361 success_total_mean=17583.7324
2025-11-18 21:33:39.846 | INFO     | __main__:_log_metrics:20 - iter=0086 reward=13135.4375 ESS=0.9714 acb_factor_mean=0.1288 clip_fraction=0.0625 collision_rate=0.0884 collision_total_mean=1581.7308 entropy=-4.8038 explained_variance=-0.0318 kl_approx=2.2834 loss_critic=170128.3125 loss_entropy=0.0480 loss_objective=-0.0018 preamble_cbra=2.0000 preamble_cfra=57.0000 preamble_pbra=6.0000 requests_cbra=7133.4771 requests_pbra=8832.6426 success_rate=0.9116 success_total_mean=16310.8408
2025-11-18 21:33:44.549 | INFO     | __main__:_log_metrics:20 - iter=0087 reward=13482.7217 ESS=0.9232 acb_factor_mean=0.1420 clip_fraction=0.1250 collision_rate=0.0779 collision_total_mean=1397.1119 entropy=-4.7401 explained_variance=-0.2142 kl_approx=6.4602 loss_critic=209823.5625 loss_entropy=0.0474 loss_objective=0.0265 preamble_cbra=2.0000 preamble_cfra=57.0000 preamble_pbra=5.0000 requests_cbra=7103.1704 requests_pbra=8775.6357 success_rate=0.9221 success_total_mean=16530.6934
2025-11-18 21:33:49.408 | INFO     | __main__:_log_metrics:20 - iter=0088 reward=12888.9404 ESS=0.9157 acb_factor_mean=0.1366 clip_fraction=0.1016 collision_rate=0.0981 collision_total_mean=1745.3502 entropy=-5.2142 explained_variance=-0.3662 kl_approx=85.6757 loss_critic=213849.7969 loss_entropy=0.0521 loss_objective=0.0436 preamble_cbra=2.0000 preamble_cfra=55.0000 preamble_pbra=7.0000 requests_cbra=7328.2256 requests_pbra=9062.3154 success_rate=0.9019 success_total_mean=16054.1934
2025-11-18 21:33:54.024 | INFO     | __main__:_log_metrics:20 - iter=0089 reward=13434.0205 ESS=0.9398 acb_factor_mean=0.1350 clip_fraction=0.1250 collision_rate=0.0867 collision_total_mean=1588.2939 entropy=-4.2903 explained_variance=-0.7209 kl_approx=0.1338 loss_critic=221853.2969 loss_entropy=0.0429 loss_objective=0.0073 preamble_cbra=2.0000 preamble_cfra=58.0000 preamble_pbra=4.0000 requests_cbra=7210.8086 requests_pbra=8943.5312 success_rate=0.9133 success_total_mean=16723.0273
2025-11-18 21:33:58.671 | INFO     | __main__:_log_metrics:20 - iter=0090 reward=13525.3809 ESS=0.8865 acb_factor_mean=0.1367 clip_fraction=0.1797 collision_rate=0.0999 collision_total_mean=1877.1516 entropy=-5.2936 explained_variance=-0.9180 kl_approx=35.6828 loss_critic=236039.6094 loss_entropy=0.0529 loss_objective=0.0483 preamble_cbra=2.0000 preamble_cfra=59.0000 preamble_pbra=4.0000 requests_cbra=6999.1641 requests_pbra=8678.5557 success_rate=0.9001 success_total_mean=16909.8242
2025-11-18 21:34:03.557 | INFO     | __main__:_log_metrics:20 - iter=0091 reward=13311.6416 ESS=0.9220 acb_factor_mean=0.1449 clip_fraction=0.1328 collision_rate=0.0868 collision_total_mean=1577.9160 entropy=-4.6580 explained_variance=-0.8673 kl_approx=35.1352 loss_critic=235192.2812 loss_entropy=0.0466 loss_objective=0.0359 preamble_cbra=2.0000 preamble_cfra=57.0000 preamble_pbra=5.0000 requests_cbra=7142.4336 requests_pbra=8845.9023 success_rate=0.9132 success_total_mean=16602.4375
2025-11-18 21:34:08.433 | INFO     | __main__:_log_metrics:20 - iter=0092 reward=13721.1865 ESS=0.9437 acb_factor_mean=0.1435 clip_fraction=0.0938 collision_rate=0.0961 collision_total_mean=1820.1915 entropy=-5.1745 explained_variance=-0.2375 kl_approx=3.2791 loss_critic=215093.3281 loss_entropy=0.0517 loss_objective=0.0092 preamble_cbra=2.0000 preamble_cfra=58.0000 preamble_pbra=4.0000 requests_cbra=7249.9531 requests_pbra=8996.5439 success_rate=0.9039 success_total_mean=17122.8281
2025-11-18 21:34:13.362 | INFO     | __main__:_log_metrics:20 - iter=0093 reward=13402.1641 ESS=0.9392 acb_factor_mean=0.1380 clip_fraction=0.1016 collision_rate=0.1016 collision_total_mean=1906.7542 entropy=-5.8530 explained_variance=-1.2060 kl_approx=9.5098 loss_critic=230614.4688 loss_entropy=0.0585 loss_objective=0.0107 preamble_cbra=2.0000 preamble_cfra=58.0000 preamble_pbra=4.0000 requests_cbra=7142.8936 requests_pbra=8859.0039 success_rate=0.8984 success_total_mean=16860.7500
2025-11-18 21:34:18.279 | INFO     | __main__:_log_metrics:20 - iter=0094 reward=12745.1572 ESS=0.9636 acb_factor_mean=0.1509 clip_fraction=0.0469 collision_rate=0.1038 collision_total_mean=1880.9380 entropy=-4.8404 explained_variance=-0.6255 kl_approx=6.9791 loss_critic=234850.0000 loss_entropy=0.0484 loss_objective=0.0059 preamble_cbra=2.0000 preamble_cfra=59.0000 preamble_pbra=4.0000 requests_cbra=6944.5430 requests_pbra=8595.0859 success_rate=0.8962 success_total_mean=16233.6670
2025-11-18 21:34:22.989 | INFO     | __main__:_log_metrics:20 - iter=0095 reward=14193.7178 ESS=0.9783 acb_factor_mean=0.1482 clip_fraction=0.0391 collision_rate=0.1041 collision_total_mean=2062.1790 entropy=-4.5246 explained_variance=-0.9898 kl_approx=1.2199 loss_critic=208941.9375 loss_entropy=0.0452 loss_objective=-0.0026 preamble_cbra=2.0000 preamble_cfra=59.0000 preamble_pbra=4.0000 requests_cbra=7800.2676 requests_pbra=9674.4688 success_rate=0.8959 success_total_mean=17754.5273
2025-11-18 21:34:27.664 | INFO     | __main__:_log_metrics:20 - iter=0096 reward=13240.3975 ESS=0.9645 acb_factor_mean=0.1429 clip_fraction=0.0625 collision_rate=0.1025 collision_total_mean=1914.1737 entropy=-4.3327 explained_variance=-0.8609 kl_approx=1.2730 loss_critic=221982.9688 loss_entropy=0.0433 loss_objective=0.0106 preamble_cbra=2.0000 preamble_cfra=59.0000 preamble_pbra=4.0000 requests_cbra=7256.9028 requests_pbra=8999.3359 success_rate=0.8975 success_total_mean=16756.4375
2025-11-18 21:34:32.574 | INFO     | __main__:_log_metrics:20 - iter=0097 reward=14211.7070 ESS=0.9560 acb_factor_mean=0.1452 clip_fraction=0.0625 collision_rate=0.0973 collision_total_mean=1907.9797 entropy=-5.0492 explained_variance=-0.1881 kl_approx=14.5157 loss_critic=187312.4219 loss_entropy=0.0505 loss_objective=0.0101 preamble_cbra=2.0000 preamble_cfra=59.0000 preamble_pbra=4.0000 requests_cbra=7691.7603 requests_pbra=9536.7959 success_rate=0.9027 success_total_mean=17694.0508
2025-11-18 21:34:37.292 | INFO     | __main__:_log_metrics:20 - iter=0098 reward=13846.8438 ESS=0.8448 acb_factor_mean=0.1533 clip_fraction=0.4062 collision_rate=0.0980 collision_total_mean=1879.1567 entropy=-5.3846 explained_variance=-1.3905 kl_approx=53.2272 loss_critic=223667.6406 loss_entropy=0.0538 loss_objective=0.0546 preamble_cbra=2.0000 preamble_cfra=59.0000 preamble_pbra=3.0000 requests_cbra=7604.7881 requests_pbra=9439.0283 success_rate=0.9020 success_total_mean=17293.4453
2025-11-18 21:34:41.907 | INFO     | __main__:_log_metrics:20 - iter=0099 reward=14770.1455 ESS=0.9969 acb_factor_mean=0.1366 clip_fraction=0.0078 collision_rate=0.0868 collision_total_mean=1695.2444 entropy=-5.0000 explained_variance=-0.8888 kl_approx=0.0110 loss_critic=218267.6875 loss_entropy=0.0500 loss_objective=-0.0032 preamble_cbra=2.0000 preamble_cfra=59.0000 preamble_pbra=4.0000 requests_cbra=7638.9473 requests_pbra=9471.8965 success_rate=0.9132 success_total_mean=17845.2422
2025-11-18 21:34:46.474 | INFO     | __main__:_log_metrics:20 - iter=0100 reward=13489.4404 ESS=0.9591 acb_factor_mean=0.1357 clip_fraction=0.1094 collision_rate=0.0903 collision_total_mean=1683.1263 entropy=-5.0266 explained_variance=-0.7047 kl_approx=4.8876 loss_critic=228453.2031 loss_entropy=0.0503 loss_objective=-0.0052 preamble_cbra=2.0000 preamble_cfra=59.0000 preamble_pbra=3.0000 requests_cbra=7384.3545 requests_pbra=9169.2520 success_rate=0.9097 success_total_mean=16955.3145
2025-11-18 21:34:51.162 | INFO     | __main__:_log_metrics:20 - iter=0101 reward=14993.1162 ESS=0.8543 acb_factor_mean=0.1459 clip_fraction=0.1641 collision_rate=0.0885 collision_total_mean=1766.2084 entropy=-4.4287 explained_variance=-0.3211 kl_approx=34.8516 loss_critic=208353.9688 loss_entropy=0.0443 loss_objective=0.0212 preamble_cbra=2.0000 preamble_cfra=59.0000 preamble_pbra=4.0000 requests_cbra=7885.9814 requests_pbra=9782.3174 success_rate=0.9115 success_total_mean=18187.6680
2025-11-18 21:34:55.806 | INFO     | __main__:_log_metrics:20 - iter=0102 reward=13590.6533 ESS=0.2715 acb_factor_mean=0.1449 clip_fraction=0.4766 collision_rate=0.1072 collision_total_mean=2081.6189 entropy=-3.7343 explained_variance=-0.7061 kl_approx=0.8193 loss_critic=229244.4688 loss_entropy=0.0373 loss_objective=0.2012 preamble_cbra=2.0000 preamble_cfra=60.0000 preamble_pbra=3.0000 requests_cbra=7638.2935 requests_pbra=9488.8730 success_rate=0.8928 success_total_mean=17343.8203
2025-11-18 21:35:00.714 | INFO     | __main__:_log_metrics:20 - iter=0103 reward=13975.6094 ESS=0.9138 acb_factor_mean=0.1863 clip_fraction=0.2500 collision_rate=0.1542 collision_total_mean=3305.6221 entropy=-4.6546 explained_variance=-0.8030 kl_approx=10.2817 loss_critic=216697.5625 loss_entropy=0.0465 loss_objective=0.0149 preamble_cbra=1.0000 preamble_cfra=60.0000 preamble_pbra=3.0000 requests_cbra=8421.7725 requests_pbra=10465.0166 success_rate=0.8458 success_total_mean=18126.7969
2025-11-18 21:35:05.572 | INFO     | __main__:_log_metrics:20 - iter=0104 reward=13114.2939 ESS=0.9566 acb_factor_mean=0.1707 clip_fraction=0.0938 collision_rate=0.1264 collision_total_mean=2458.1111 entropy=-4.5858 explained_variance=-0.7125 kl_approx=2.3593 loss_critic=220989.8906 loss_entropy=0.0459 loss_objective=0.0047 preamble_cbra=1.0000 preamble_cfra=60.0000 preamble_pbra=3.0000 requests_cbra=7407.6719 requests_pbra=9187.8965 success_rate=0.8736 success_total_mean=16986.0352
2025-11-18 21:35:10.363 | INFO     | __main__:_log_metrics:20 - iter=0105 reward=13122.2637 ESS=0.9682 acb_factor_mean=0.1705 clip_fraction=0.0391 collision_rate=0.1307 collision_total_mean=2572.2739 entropy=-4.2499 explained_variance=-0.8884 kl_approx=29.2681 loss_critic=193207.3438 loss_entropy=0.0425 loss_objective=0.0026 preamble_cbra=2.0000 preamble_cfra=60.0000 preamble_pbra=3.0000 requests_cbra=7283.0449 requests_pbra=9050.1338 success_rate=0.8693 success_total_mean=17111.9727
2025-11-18 21:35:15.116 | INFO     | __main__:_log_metrics:20 - iter=0106 reward=13705.2441 ESS=0.7032 acb_factor_mean=0.1801 clip_fraction=0.4688 collision_rate=0.1319 collision_total_mean=2673.8247 entropy=-3.6263 explained_variance=-0.8694 kl_approx=1.9141 loss_critic=215315.4375 loss_entropy=0.0363 loss_objective=0.0742 preamble_cbra=1.0000 preamble_cfra=60.0000 preamble_pbra=3.0000 requests_cbra=7783.5488 requests_pbra=9649.1279 success_rate=0.8681 success_total_mean=17604.4648
2025-11-18 21:35:20.130 | INFO     | __main__:_log_metrics:20 - iter=0107 reward=14027.2939 ESS=0.9107 acb_factor_mean=0.2094 clip_fraction=0.1328 collision_rate=0.1571 collision_total_mean=3400.4373 entropy=-3.9699 explained_variance=-0.8350 kl_approx=1.2274 loss_critic=211374.2344 loss_entropy=0.0397 loss_objective=0.0320 preamble_cbra=1.0000 preamble_cfra=60.0000 preamble_pbra=3.0000 requests_cbra=8438.1367 requests_pbra=10477.1484 success_rate=0.8429 success_total_mean=18238.4766
2025-11-18 21:35:25.149 | INFO     | __main__:_log_metrics:20 - iter=0108 reward=13485.5391 ESS=0.9577 acb_factor_mean=0.2242 clip_fraction=0.0781 collision_rate=0.1648 collision_total_mean=3525.7979 entropy=-3.4921 explained_variance=-0.2283 kl_approx=0.4291 loss_critic=197180.1406 loss_entropy=0.0349 loss_objective=0.0087 preamble_cbra=2.0000 preamble_cfra=60.0000 preamble_pbra=3.0000 requests_cbra=8128.3623 requests_pbra=10080.0879 success_rate=0.8352 success_total_mean=17869.5781
2025-11-18 21:35:29.964 | INFO     | __main__:_log_metrics:20 - iter=0109 reward=12903.5557 ESS=0.8402 acb_factor_mean=0.2239 clip_fraction=0.3672 collision_rate=0.1618 collision_total_mean=3339.7341 entropy=-4.4313 explained_variance=-0.4118 kl_approx=108.4950 loss_critic=202843.2812 loss_entropy=0.0443 loss_objective=0.0476 preamble_cbra=2.0000 preamble_cfra=60.0000 preamble_pbra=2.0000 requests_cbra=7942.5156 requests_pbra=9861.3418 success_rate=0.8382 success_total_mean=17303.3730
2025-11-18 21:35:34.719 | INFO     | __main__:_log_metrics:20 - iter=0110 reward=13276.9824 ESS=0.9156 acb_factor_mean=0.1927 clip_fraction=0.1406 collision_rate=0.1507 collision_total_mean=3073.2419 entropy=-4.6631 explained_variance=-0.6561 kl_approx=7.4996 loss_critic=197522.2656 loss_entropy=0.0466 loss_objective=0.0294 preamble_cbra=2.0000 preamble_cfra=60.0000 preamble_pbra=2.0000 requests_cbra=8128.1724 requests_pbra=10081.9287 success_rate=0.8493 success_total_mean=17315.8301
2025-11-18 21:35:39.503 | INFO     | __main__:_log_metrics:20 - iter=0111 reward=13424.2549 ESS=0.9356 acb_factor_mean=0.1837 clip_fraction=0.1094 collision_rate=0.1396 collision_total_mean=2847.8311 entropy=-4.1885 explained_variance=-0.8211 kl_approx=4.6226 loss_critic=182023.4531 loss_entropy=0.0419 loss_objective=0.0501 preamble_cbra=2.0000 preamble_cfra=60.0000 preamble_pbra=2.0000 requests_cbra=7976.2407 requests_pbra=9902.3330 success_rate=0.8604 success_total_mean=17553.4883
2025-11-18 21:35:44.506 | INFO     | __main__:_log_metrics:20 - iter=0112 reward=13293.2051 ESS=0.9658 acb_factor_mean=0.1966 clip_fraction=0.0781 collision_rate=0.1482 collision_total_mean=3041.1641 entropy=-3.8823 explained_variance=-0.6500 kl_approx=0.1360 loss_critic=183106.5156 loss_entropy=0.0388 loss_objective=-0.0023 preamble_cbra=1.0000 preamble_cfra=60.0000 preamble_pbra=3.0000 requests_cbra=7911.0381 requests_pbra=9816.8174 success_rate=0.8518 success_total_mean=17475.8262
2025-11-18 21:35:49.719 | INFO     | __main__:_log_metrics:20 - iter=0113 reward=12897.0625 ESS=0.9096 acb_factor_mean=0.1969 clip_fraction=0.1484 collision_rate=0.1494 collision_total_mean=2999.5522 entropy=-4.0898 explained_variance=-0.5842 kl_approx=40.6493 loss_critic=202346.0156 loss_entropy=0.0409 loss_objective=0.0217 preamble_cbra=1.0000 preamble_cfra=60.0000 preamble_pbra=3.0000 requests_cbra=8003.1699 requests_pbra=9936.0762 success_rate=0.8506 success_total_mean=17081.2773
2025-11-18 21:35:54.770 | INFO     | __main__:_log_metrics:20 - iter=0114 reward=13440.6270 ESS=0.8724 acb_factor_mean=0.1914 clip_fraction=0.2734 collision_rate=0.1568 collision_total_mean=3276.1704 entropy=-3.3483 explained_variance=-0.7289 kl_approx=0.4758 loss_critic=210665.7031 loss_entropy=0.0335 loss_objective=0.0377 preamble_cbra=1.0000 preamble_cfra=60.0000 preamble_pbra=3.0000 requests_cbra=7941.4180 requests_pbra=9870.9414 success_rate=0.8432 success_total_mean=17613.5586
2025-11-18 21:36:00.124 | INFO     | __main__:_log_metrics:20 - iter=0115 reward=13083.9570 ESS=0.9154 acb_factor_mean=0.2223 clip_fraction=0.1406 collision_rate=0.1699 collision_total_mean=3581.6841 entropy=-3.8602 explained_variance=-2.3794 kl_approx=0.7764 loss_critic=168117.3438 loss_entropy=0.0386 loss_objective=0.0161 preamble_cbra=1.0000 preamble_cfra=60.0000 preamble_pbra=3.0000 requests_cbra=8119.7690 requests_pbra=10095.1680 success_rate=0.8301 success_total_mean=17503.0352
2025-11-18 21:36:05.156 | INFO     | __main__:_log_metrics:20 - iter=0116 reward=11931.9941 ESS=0.9413 acb_factor_mean=0.2162 clip_fraction=0.1562 collision_rate=0.1761 collision_total_mean=3510.7319 entropy=-3.8489 explained_variance=-0.7659 kl_approx=0.2307 loss_critic=171344.6562 loss_entropy=0.0385 loss_objective=0.0077 preamble_cbra=2.0000 preamble_cfra=60.0000 preamble_pbra=3.0000 requests_cbra=7835.1777 requests_pbra=9735.4297 success_rate=0.8239 success_total_mean=16423.2188
2025-11-18 21:36:10.201 | INFO     | __main__:_log_metrics:20 - iter=0117 reward=12770.3477 ESS=0.9354 acb_factor_mean=0.2265 clip_fraction=0.0625 collision_rate=0.1809 collision_total_mean=3852.1768 entropy=-2.9546 explained_variance=-0.8229 kl_approx=0.3902 loss_critic=155543.6719 loss_entropy=0.0295 loss_objective=0.0017 preamble_cbra=1.0000 preamble_cfra=60.0000 preamble_pbra=3.0000 requests_cbra=8539.2119 requests_pbra=10589.1406 success_rate=0.8191 success_total_mean=17444.7363
2025-11-18 21:36:15.273 | INFO     | __main__:_log_metrics:20 - iter=0118 reward=11987.5098 ESS=0.9606 acb_factor_mean=0.2316 clip_fraction=0.0859 collision_rate=0.1812 collision_total_mean=3668.5059 entropy=-3.1624 explained_variance=-0.7440 kl_approx=0.3206 loss_critic=181084.4219 loss_entropy=0.0316 loss_objective=0.0010 preamble_cbra=1.0000 preamble_cfra=60.0000 preamble_pbra=3.0000 requests_cbra=7676.8379 requests_pbra=9499.8613 success_rate=0.8188 success_total_mean=16578.8359
2025-11-18 21:36:20.422 | INFO     | __main__:_log_metrics:20 - iter=0119 reward=13156.7227 ESS=0.8955 acb_factor_mean=0.2455 clip_fraction=0.1797 collision_rate=0.1885 collision_total_mean=4124.4927 entropy=-3.0537 explained_variance=-1.6155 kl_approx=1.1389 loss_critic=225001.6875 loss_entropy=0.0305 loss_objective=0.0023 preamble_cbra=1.0000 preamble_cfra=60.0000 preamble_pbra=3.0000 requests_cbra=8543.6807 requests_pbra=10584.0684 success_rate=0.8115 success_total_mean=17758.8359
2025-11-18 21:36:25.680 | INFO     | __main__:_log_metrics:20 - iter=0120 reward=13779.3398 ESS=0.5858 acb_factor_mean=0.2484 clip_fraction=0.1172 collision_rate=0.2054 collision_total_mean=4836.0898 entropy=-2.9049 explained_variance=-1.1393 kl_approx=1.5910 loss_critic=209843.6406 loss_entropy=0.0290 loss_objective=0.0024 preamble_cbra=1.0000 preamble_cfra=60.0000 preamble_pbra=3.0000 requests_cbra=9129.1172 requests_pbra=11335.2871 success_rate=0.7946 success_total_mean=18705.2148
2025-11-18 21:36:31.181 | INFO     | __main__:_log_metrics:20 - iter=0121 reward=11798.1533 ESS=0.9830 acb_factor_mean=0.2557 clip_fraction=0.0391 collision_rate=0.2131 collision_total_mean=4543.0137 entropy=-2.9684 explained_variance=-0.3428 kl_approx=0.0692 loss_critic=174305.7969 loss_entropy=0.0297 loss_objective=-0.0100 preamble_cbra=1.0000 preamble_cfra=60.0000 preamble_pbra=3.0000 requests_cbra=8179.1826 requests_pbra=10125.1211 success_rate=0.7869 success_total_mean=16775.2637
2025-11-18 21:36:36.434 | INFO     | __main__:_log_metrics:20 - iter=0122 reward=12608.7197 ESS=0.1002 acb_factor_mean=0.2584 clip_fraction=0.3281 collision_rate=0.2151 collision_total_mean=4798.0293 entropy=-4.1005 explained_variance=-0.7652 kl_approx=198.1217 loss_critic=197840.0000 loss_entropy=0.0410 loss_objective=0.0440 preamble_cbra=1.0000 preamble_cfra=60.0000 preamble_pbra=3.0000 requests_cbra=8751.6230 requests_pbra=10832.9336 success_rate=0.7849 success_total_mean=17508.7031
2025-11-18 21:36:41.516 | INFO     | __main__:_log_metrics:20 - iter=0123 reward=12521.8066 ESS=0.9601 acb_factor_mean=0.2403 clip_fraction=0.0703 collision_rate=0.1795 collision_total_mean=3734.4417 entropy=-3.8698 explained_variance=-1.0748 kl_approx=1.2855 loss_critic=204142.9688 loss_entropy=0.0387 loss_objective=0.0186 preamble_cbra=1.0000 preamble_cfra=60.0000 preamble_pbra=3.0000 requests_cbra=7999.9561 requests_pbra=9907.7891 success_rate=0.8205 success_total_mean=17074.4922
2025-11-18 21:36:46.979 | INFO     | __main__:_log_metrics:20 - iter=0124 reward=13338.4492 ESS=0.9937 acb_factor_mean=0.2310 clip_fraction=0.0469 collision_rate=0.1767 collision_total_mean=3865.5203 entropy=-3.6442 explained_variance=-0.9983 kl_approx=0.0191 loss_critic=202420.5625 loss_entropy=0.0364 loss_objective=-0.0075 preamble_cbra=1.0000 preamble_cfra=60.0000 preamble_pbra=3.0000 requests_cbra=8486.3887 requests_pbra=10541.2480 success_rate=0.8233 success_total_mean=18013.3984
2025-11-18 21:36:52.147 | INFO     | __main__:_log_metrics:20 - iter=0125 reward=13139.4531 ESS=0.9638 acb_factor_mean=0.2429 clip_fraction=0.0781 collision_rate=0.1890 collision_total_mean=4129.4839 entropy=-4.0901 explained_variance=-0.5218 kl_approx=5.9565 loss_critic=196023.3906 loss_entropy=0.0409 loss_objective=0.0104 preamble_cbra=1.0000 preamble_cfra=60.0000 preamble_pbra=3.0000 requests_cbra=8438.2871 requests_pbra=10439.9395 success_rate=0.8110 success_total_mean=17720.7305
2025-11-18 21:36:57.323 | INFO     | __main__:_log_metrics:20 - iter=0126 reward=13339.3994 ESS=0.9592 acb_factor_mean=0.2425 clip_fraction=0.0703 collision_rate=0.1855 collision_total_mean=4088.9895 entropy=-4.2833 explained_variance=-1.5123 kl_approx=29.6710 loss_critic=172018.5000 loss_entropy=0.0428 loss_objective=0.0105 preamble_cbra=1.0000 preamble_cfra=60.0000 preamble_pbra=3.0000 requests_cbra=8510.0205 requests_pbra=10554.0820 success_rate=0.8145 success_total_mean=17957.8945
2025-11-18 21:37:02.794 | INFO     | __main__:_log_metrics:20 - iter=0127 reward=12808.4346 ESS=0.8842 acb_factor_mean=0.2411 clip_fraction=0.1719 collision_rate=0.1842 collision_total_mean=3886.3262 entropy=-3.5902 explained_variance=-0.3862 kl_approx=42.7954 loss_critic=190736.8281 loss_entropy=0.0359 loss_objective=0.0122 preamble_cbra=1.0000 preamble_cfra=58.0000 preamble_pbra=4.0000 requests_cbra=8166.9131 requests_pbra=10063.9551 success_rate=0.8158 success_total_mean=17215.0918
2025-11-18 21:37:08.297 | INFO     | __main__:_log_metrics:20 - iter=0128 reward=12801.1611 ESS=0.7625 acb_factor_mean=0.2399 clip_fraction=0.3750 collision_rate=0.1890 collision_total_mean=4054.9990 entropy=-4.4365 explained_variance=-0.9896 kl_approx=168.8893 loss_critic=181464.1875 loss_entropy=0.0444 loss_objective=0.0926 preamble_cbra=1.0000 preamble_cfra=59.0000 preamble_pbra=3.0000 requests_cbra=8387.7783 requests_pbra=10367.5811 success_rate=0.8110 success_total_mean=17401.0020
2025-11-18 21:37:13.711 | INFO     | __main__:_log_metrics:20 - iter=0129 reward=13076.1787 ESS=0.7313 acb_factor_mean=0.2197 clip_fraction=0.2031 collision_rate=0.1544 collision_total_mean=3108.6997 entropy=-4.1662 explained_variance=-0.3289 kl_approx=152.2045 loss_critic=182623.7812 loss_entropy=0.0417 loss_objective=0.0612 preamble_cbra=2.0000 preamble_cfra=59.0000 preamble_pbra=4.0000 requests_cbra=7972.1729 requests_pbra=9881.0996 success_rate=0.8456 success_total_mean=17019.2031
2025-11-18 21:37:19.900 | INFO     | __main__:_log_metrics:20 - iter=0130 reward=13296.6299 ESS=0.8978 acb_factor_mean=0.2051 clip_fraction=0.1953 collision_rate=0.1500 collision_total_mean=3082.3811 entropy=-4.0780 explained_variance=-0.4455 kl_approx=3.6252 loss_critic=192106.3125 loss_entropy=0.0408 loss_objective=0.0396 preamble_cbra=1.0000 preamble_cfra=59.0000 preamble_pbra=3.0000 requests_cbra=7882.1895 requests_pbra=9774.5781 success_rate=0.8500 success_total_mean=17468.8652
2025-11-18 21:37:25.260 | INFO     | __main__:_log_metrics:20 - iter=0131 reward=12799.3965 ESS=0.7388 acb_factor_mean=0.2173 clip_fraction=0.1797 collision_rate=0.1633 collision_total_mean=3317.6948 entropy=-3.7340 explained_variance=-1.0292 kl_approx=9.4280 loss_critic=216226.4375 loss_entropy=0.0373 loss_objective=0.0230 preamble_cbra=1.0000 preamble_cfra=59.0000 preamble_pbra=3.0000 requests_cbra=7759.5684 requests_pbra=9600.9502 success_rate=0.8367 success_total_mean=16996.8828
2025-11-18 21:37:30.544 | INFO     | __main__:_log_metrics:20 - iter=0132 reward=13421.2686 ESS=0.9750 acb_factor_mean=0.2304 clip_fraction=0.0547 collision_rate=0.1775 collision_total_mean=3849.5842 entropy=-3.5634 explained_variance=-0.3355 kl_approx=0.0975 loss_critic=212882.9688 loss_entropy=0.0356 loss_objective=0.0060 preamble_cbra=2.0000 preamble_cfra=59.0000 preamble_pbra=3.0000 requests_cbra=8367.6074 requests_pbra=10382.7031 success_rate=0.8225 success_total_mean=17836.9941
2025-11-18 21:37:35.733 | INFO     | __main__:_log_metrics:20 - iter=0133 reward=13460.3877 ESS=0.7233 acb_factor_mean=0.2318 clip_fraction=0.0703 collision_rate=0.1860 collision_total_mean=4099.3018 entropy=-4.1397 explained_variance=-1.0781 kl_approx=12.0102 loss_critic=238714.1250 loss_entropy=0.0414 loss_objective=0.0178 preamble_cbra=2.0000 preamble_cfra=59.0000 preamble_pbra=3.0000 requests_cbra=8674.4648 requests_pbra=10748.7207 success_rate=0.8140 success_total_mean=17936.8086
2025-11-18 21:37:40.968 | INFO     | __main__:_log_metrics:20 - iter=0134 reward=12067.6289 ESS=0.9301 acb_factor_mean=0.2403 clip_fraction=0.1172 collision_rate=0.1801 collision_total_mean=3650.6699 entropy=-3.7885 explained_variance=0.0623 kl_approx=27.1869 loss_critic=206116.6562 loss_entropy=0.0379 loss_objective=0.0069 preamble_cbra=2.0000 preamble_cfra=59.0000 preamble_pbra=3.0000 requests_cbra=7805.9922 requests_pbra=9666.1758 success_rate=0.8199 success_total_mean=16622.7617
2025-11-18 21:37:46.201 | INFO     | __main__:_log_metrics:20 - iter=0135 reward=12599.7285 ESS=0.9701 acb_factor_mean=0.2370 clip_fraction=0.0547 collision_rate=0.1836 collision_total_mean=3849.0156 entropy=-3.1457 explained_variance=-0.6109 kl_approx=10.2067 loss_critic=212863.8438 loss_entropy=0.0315 loss_objective=0.0102 preamble_cbra=2.0000 preamble_cfra=59.0000 preamble_pbra=3.0000 requests_cbra=7837.9453 requests_pbra=9705.3691 success_rate=0.8164 success_total_mean=17119.1328
2025-11-18 21:37:51.323 | INFO     | __main__:_log_metrics:20 - iter=0136 reward=12872.8174 ESS=0.9520 acb_factor_mean=0.2333 clip_fraction=0.1172 collision_rate=0.1880 collision_total_mean=4062.5957 entropy=-3.8361 explained_variance=-0.5516 kl_approx=14.8566 loss_critic=189277.2656 loss_entropy=0.0384 loss_objective=0.0078 preamble_cbra=2.0000 preamble_cfra=59.0000 preamble_pbra=3.0000 requests_cbra=8304.6621 requests_pbra=10288.4131 success_rate=0.8120 success_total_mean=17541.8633
2025-11-18 21:37:56.291 | INFO     | __main__:_log_metrics:20 - iter=0137 reward=12518.2637 ESS=0.8153 acb_factor_mean=0.2259 clip_fraction=0.3047 collision_rate=0.1915 collision_total_mean=4065.5706 entropy=-3.6978 explained_variance=-1.0495 kl_approx=0.6276 loss_critic=183092.3594 loss_entropy=0.0370 loss_objective=0.0133 preamble_cbra=2.0000 preamble_cfra=59.0000 preamble_pbra=3.0000 requests_cbra=8498.7070 requests_pbra=10517.8281 success_rate=0.8085 success_total_mean=17166.6367
2025-11-18 21:38:01.468 | INFO     | __main__:_log_metrics:20 - iter=0138 reward=11957.5098 ESS=0.7115 acb_factor_mean=0.2601 clip_fraction=0.4609 collision_rate=0.2048 collision_total_mean=4320.0898 entropy=-1.6076 explained_variance=-1.0238 kl_approx=1.7114 loss_critic=187425.2656 loss_entropy=0.0161 loss_objective=0.1231 preamble_cbra=2.0000 preamble_cfra=59.0000 preamble_pbra=3.0000 requests_cbra=8149.1406 requests_pbra=10076.1162 success_rate=0.7952 success_total_mean=16775.6797
2025-11-18 21:38:06.866 | INFO     | __main__:_log_metrics:20 - iter=0139 reward=11623.7939 ESS=0.8849 acb_factor_mean=0.3149 clip_fraction=0.1875 collision_rate=0.2623 collision_total_mean=6075.5708 entropy=-1.7916 explained_variance=-1.1995 kl_approx=0.5635 loss_critic=176807.4531 loss_entropy=0.0179 loss_objective=0.0035 preamble_cbra=2.0000 preamble_cfra=59.0000 preamble_pbra=3.0000 requests_cbra=9138.5508 requests_pbra=11291.9824 success_rate=0.7377 success_total_mean=17087.5820
2025-11-18 21:38:12.273 | INFO     | __main__:_log_metrics:20 - iter=0140 reward=11842.2656 ESS=0.5957 acb_factor_mean=0.3294 clip_fraction=0.2344 collision_rate=0.2736 collision_total_mean=6631.0308 entropy=-1.7344 explained_variance=-0.9799 kl_approx=2.7844 loss_critic=173796.7500 loss_entropy=0.0173 loss_objective=0.0764 preamble_cbra=2.0000 preamble_cfra=59.0000 preamble_pbra=3.0000 requests_cbra=9582.6895 requests_pbra=11819.6582 success_rate=0.7264 success_total_mean=17608.9844
2025-11-18 21:38:17.816 | INFO     | __main__:_log_metrics:20 - iter=0141 reward=11441.0225 ESS=0.6180 acb_factor_mean=0.3518 clip_fraction=0.4844 collision_rate=0.2928 collision_total_mean=7307.8701 entropy=-3.9758 explained_variance=-0.8355 kl_approx=869.9065 loss_critic=176667.7969 loss_entropy=0.0398 loss_objective=0.0973 preamble_cbra=2.0000 preamble_cfra=59.0000 preamble_pbra=3.0000 requests_cbra=9844.4961 requests_pbra=12164.7705 success_rate=0.7072 success_total_mean=17651.7734
2025-11-18 21:38:23.141 | INFO     | __main__:_log_metrics:20 - iter=0142 reward=12490.4229 ESS=0.6863 acb_factor_mean=0.3047 clip_fraction=0.1484 collision_rate=0.2400 collision_total_mean=5631.2124 entropy=-2.0846 explained_variance=-0.4034 kl_approx=0.2361 loss_critic=170835.6719 loss_entropy=0.0208 loss_objective=0.0317 preamble_cbra=1.0000 preamble_cfra=59.0000 preamble_pbra=3.0000 requests_cbra=9480.2334 requests_pbra=11707.6523 success_rate=0.7600 success_total_mean=17835.2734
2025-11-18 21:38:28.471 | INFO     | __main__:_log_metrics:20 - iter=0143 reward=11678.6094 ESS=0.9589 acb_factor_mean=0.3176 clip_fraction=0.0781 collision_rate=0.2539 collision_total_mean=5816.8823 entropy=-1.8348 explained_variance=-1.7174 kl_approx=0.1794 loss_critic=179512.4531 loss_entropy=0.0183 loss_objective=0.0127 preamble_cbra=1.0000 preamble_cfra=59.0000 preamble_pbra=3.0000 requests_cbra=9232.7852 requests_pbra=11390.8154 success_rate=0.7461 success_total_mean=17090.7148
2025-11-18 21:38:33.838 | INFO     | __main__:_log_metrics:20 - iter=0144 reward=12269.1621 ESS=0.9849 acb_factor_mean=0.3212 clip_fraction=0.0234 collision_rate=0.2482 collision_total_mean=5833.9219 entropy=-2.9649 explained_variance=-0.1698 kl_approx=-0.0083 loss_critic=173723.8750 loss_entropy=0.0296 loss_objective=-0.0049 preamble_cbra=2.0000 preamble_cfra=59.0000 preamble_pbra=3.0000 requests_cbra=9239.9941 requests_pbra=11421.5703 success_rate=0.7518 success_total_mean=17673.7305
2025-11-18 21:38:39.175 | INFO     | __main__:_log_metrics:20 - iter=0145 reward=11979.8223 ESS=0.4793 acb_factor_mean=0.3091 clip_fraction=0.3906 collision_rate=0.2617 collision_total_mean=6288.2227 entropy=-0.9313 explained_variance=-0.5481 kl_approx=2.6601 loss_critic=175327.7812 loss_entropy=0.0093 loss_objective=0.1729 preamble_cbra=1.0000 preamble_cfra=60.0000 preamble_pbra=3.0000 requests_cbra=9901.4355 requests_pbra=12255.9961 success_rate=0.7383 success_total_mean=17744.4785
2025-11-18 21:38:44.876 | INFO     | __main__:_log_metrics:20 - iter=0146 reward=9919.5273 ESS=0.9126 acb_factor_mean=0.4065 clip_fraction=0.1016 collision_rate=0.3610 collision_total_mean=9785.4307 entropy=-1.0573 explained_variance=-0.8445 kl_approx=613.6729 loss_critic=177719.9375 loss_entropy=0.0106 loss_objective=0.0271 preamble_cbra=1.0000 preamble_cfra=60.0000 preamble_pbra=3.0000 requests_cbra=10911.2910 requests_pbra=13480.2344 success_rate=0.6390 success_total_mean=17324.4180
2025-11-18 21:38:50.302 | INFO     | __main__:_log_metrics:20 - iter=0147 reward=10365.9619 ESS=0.9633 acb_factor_mean=0.4074 clip_fraction=0.0469 collision_rate=0.3717 collision_total_mean=10679.2500 entropy=-0.9748 explained_variance=-0.7334 kl_approx=1.1517 loss_critic=200895.7500 loss_entropy=0.0097 loss_objective=0.0034 preamble_cbra=2.0000 preamble_cfra=59.0000 preamble_pbra=3.0000 requests_cbra=11861.2031 requests_pbra=14649.0742 success_rate=0.6283 success_total_mean=18049.7070
2025-11-18 21:38:55.936 | INFO     | __main__:_log_metrics:20 - iter=0148 reward=9837.6045 ESS=0.9409 acb_factor_mean=0.4073 clip_fraction=0.1172 collision_rate=0.3655 collision_total_mean=10033.7422 entropy=-1.7893 explained_variance=-1.2642 kl_approx=0.7616 loss_critic=176027.3438 loss_entropy=0.0179 loss_objective=0.0024 preamble_cbra=2.0000 preamble_cfra=59.0000 preamble_pbra=3.0000 requests_cbra=11215.6562 requests_pbra=13800.1836 success_rate=0.6345 success_total_mean=17416.8203
2025-11-18 21:39:01.685 | INFO     | __main__:_log_metrics:20 - iter=0149 reward=9881.0352 ESS=0.9549 acb_factor_mean=0.4131 clip_fraction=0.0625 collision_rate=0.3615 collision_total_mean=9734.0527 entropy=-0.7677 explained_variance=-1.2241 kl_approx=0.1611 loss_critic=156880.3125 loss_entropy=0.0077 loss_objective=0.0074 preamble_cbra=2.0000 preamble_cfra=59.0000 preamble_pbra=3.0000 requests_cbra=10918.2852 requests_pbra=13468.0898 success_rate=0.6385 success_total_mean=17196.1699
2025-11-18 21:39:07.173 | INFO     | __main__:_log_metrics:20 - iter=0150 reward=10118.4551 ESS=0.9806 acb_factor_mean=0.4242 clip_fraction=0.0234 collision_rate=0.3730 collision_total_mean=10701.5000 entropy=-1.0526 explained_variance=-1.0899 kl_approx=4.7572 loss_critic=189963.8125 loss_entropy=0.0105 loss_objective=-0.0028 preamble_cbra=2.0000 preamble_cfra=59.0000 preamble_pbra=3.0000 requests_cbra=11370.6299 requests_pbra=13973.0918 success_rate=0.6270 success_total_mean=17988.3945
2025-11-18 21:39:12.735 | INFO     | __main__:_log_metrics:20 - iter=0151 reward=9396.0596 ESS=0.9789 acb_factor_mean=0.4232 clip_fraction=0.0469 collision_rate=0.3685 collision_total_mean=9823.4023 entropy=-0.5526 explained_variance=-1.8734 kl_approx=0.0859 loss_critic=198622.0781 loss_entropy=0.0055 loss_objective=0.0120 preamble_cbra=2.0000 preamble_cfra=59.0000 preamble_pbra=3.0000 requests_cbra=10582.4199 requests_pbra=13020.1523 success_rate=0.6315 success_total_mean=16833.0977
2025-11-18 21:39:18.241 | INFO     | __main__:_log_metrics:20 - iter=0152 reward=9320.6348 ESS=0.7608 acb_factor_mean=0.4316 clip_fraction=0.2891 collision_rate=0.3812 collision_total_mean=10694.7754 entropy=-2.1060 explained_variance=-1.4486 kl_approx=543.4091 loss_critic=175676.8125 loss_entropy=0.0211 loss_objective=0.0741 preamble_cbra=2.0000 preamble_cfra=59.0000 preamble_pbra=3.0000 requests_cbra=11278.2549 requests_pbra=13884.5996 success_rate=0.6188 success_total_mean=17358.9336
2025-11-18 21:39:23.784 | INFO     | __main__:_log_metrics:20 - iter=0153 reward=10397.3145 ESS=0.8654 acb_factor_mean=0.4004 clip_fraction=0.2109 collision_rate=0.3422 collision_total_mean=9051.7676 entropy=-0.9737 explained_variance=-0.7886 kl_approx=0.6949 loss_critic=165031.0781 loss_entropy=0.0097 loss_objective=0.0415 preamble_cbra=2.0000 preamble_cfra=59.0000 preamble_pbra=3.0000 requests_cbra=10451.8887 requests_pbra=12881.5557 success_rate=0.6578 success_total_mean=17402.7656
2025-11-18 21:39:29.276 | INFO     | __main__:_log_metrics:20 - iter=0154 reward=9622.7520 ESS=0.9574 acb_factor_mean=0.4258 clip_fraction=0.0703 collision_rate=0.3696 collision_total_mean=10074.3848 entropy=-0.5482 explained_variance=-0.4799 kl_approx=0.2121 loss_critic=137004.8594 loss_entropy=0.0055 loss_objective=0.0348 preamble_cbra=2.0000 preamble_cfra=59.0000 preamble_pbra=3.0000 requests_cbra=10605.4365 requests_pbra=13048.8721 success_rate=0.6304 success_total_mean=17181.9141
2025-11-18 21:39:34.942 | INFO     | __main__:_log_metrics:20 - iter=0155 reward=9924.6504 ESS=0.8858 acb_factor_mean=0.4371 clip_fraction=0.1172 collision_rate=0.3891 collision_total_mean=11503.7002 entropy=-0.0397 explained_variance=-0.8147 kl_approx=0.7212 loss_critic=129141.0469 loss_entropy=0.0004 loss_objective=0.0261 preamble_cbra=2.0000 preamble_cfra=59.0000 preamble_pbra=3.0000 requests_cbra=11748.7920 requests_pbra=14432.0264 success_rate=0.6109 success_total_mean=18063.3965
2025-11-18 21:39:40.592 | INFO     | __main__:_log_metrics:20 - iter=0156 reward=7555.8770 ESS=0.9960 acb_factor_mean=0.4947 clip_fraction=0.0078 collision_rate=0.4455 collision_total_mean=13587.3994 entropy=-0.0451 explained_variance=-0.9545 kl_approx=0.0097 loss_critic=151590.3594 loss_entropy=0.0005 loss_objective=0.0026 preamble_cbra=2.0000 preamble_cfra=59.0000 preamble_pbra=3.0000 requests_cbra=12393.2988 requests_pbra=15183.3057 success_rate=0.5545 success_total_mean=16915.1582
2025-11-18 21:39:46.308 | INFO     | __main__:_log_metrics:20 - iter=0157 reward=7762.0776 ESS=0.9989 acb_factor_mean=0.4799 clip_fraction=0.0078 collision_rate=0.4467 collision_total_mean=13960.9316 entropy=-0.2200 explained_variance=-0.6538 kl_approx=-0.0009 loss_critic=137854.0156 loss_entropy=0.0022 loss_objective=0.0017 preamble_cbra=2.0000 preamble_cfra=59.0000 preamble_pbra=3.0000 requests_cbra=12795.0703 requests_pbra=15775.0303 success_rate=0.5533 success_total_mean=17295.2422
2025-11-18 21:39:52.039 | INFO     | __main__:_log_metrics:20 - iter=0158 reward=7630.8091 ESS=1.0000 acb_factor_mean=0.4933 clip_fraction=0.0000 collision_rate=0.4446 collision_total_mean=13506.5332 entropy=0.0000 explained_variance=-1.0347 kl_approx=0.0000 loss_critic=139982.8125 loss_entropy=0.0000 loss_objective=-0.0000 preamble_cbra=1.0000 preamble_cfra=59.0000 preamble_pbra=3.0000 requests_cbra=12395.9814 requests_pbra=15204.5371 success_rate=0.5554 success_total_mean=16869.9453
2025-11-18 21:39:57.652 | INFO     | __main__:_log_metrics:20 - iter=0159 reward=8287.6982 ESS=1.0000 acb_factor_mean=0.4931 clip_fraction=0.0000 collision_rate=0.4406 collision_total_mean=13902.6807 entropy=-0.1885 explained_variance=-0.8500 kl_approx=-0.0003 loss_critic=142410.8438 loss_entropy=0.0019 loss_objective=0.0001 preamble_cbra=2.0000 preamble_cfra=59.0000 preamble_pbra=3.0000 requests_cbra=12774.7881 requests_pbra=15675.2832 success_rate=0.5594 success_total_mean=17653.3086
2025-11-18 21:40:03.288 | INFO     | __main__:_log_metrics:20 - iter=0160 reward=7984.5435 ESS=0.9923 acb_factor_mean=0.4881 clip_fraction=0.0078 collision_rate=0.4466 collision_total_mean=14106.0234 entropy=-0.0929 explained_variance=-1.2533 kl_approx=0.0354 loss_critic=146953.3594 loss_entropy=0.0009 loss_objective=-0.0032 preamble_cbra=2.0000 preamble_cfra=59.0000 preamble_pbra=3.0000 requests_cbra=12923.7148 requests_pbra=15840.0977 success_rate=0.5534 success_total_mean=17478.5977
2025-11-18 21:40:08.964 | INFO     | __main__:_log_metrics:20 - iter=0161 reward=8457.0537 ESS=0.9989 acb_factor_mean=0.4933 clip_fraction=0.0156 collision_rate=0.4376 collision_total_mean=13926.6240 entropy=-0.1311 explained_variance=-1.4517 kl_approx=-0.0038 loss_critic=147874.4375 loss_entropy=0.0013 loss_objective=-0.0052 preamble_cbra=1.0000 preamble_cfra=59.0000 preamble_pbra=3.0000 requests_cbra=12824.2109 requests_pbra=15690.5068 success_rate=0.5624 success_total_mean=17899.1016
2025-11-18 21:40:14.537 | INFO     | __main__:_log_metrics:20 - iter=0162 reward=8224.1387 ESS=0.9926 acb_factor_mean=0.4846 clip_fraction=0.0078 collision_rate=0.4309 collision_total_mean=13088.4844 entropy=-0.3323 explained_variance=-1.2545 kl_approx=0.0265 loss_critic=151380.7188 loss_entropy=0.0033 loss_objective=0.0088 preamble_cbra=1.0000 preamble_cfra=59.0000 preamble_pbra=3.0000 requests_cbra=12259.5742 requests_pbra=15022.4531 success_rate=0.5691 success_total_mean=17289.6016
2025-11-18 21:40:20.665 | INFO     | __main__:_log_metrics:20 - iter=0163 reward=7461.9219 ESS=0.9798 acb_factor_mean=0.4964 clip_fraction=0.0234 collision_rate=0.4579 collision_total_mean=14591.9473 entropy=0.0002 explained_variance=-1.4111 kl_approx=0.0799 loss_critic=140082.9688 loss_entropy=-0.0000 loss_objective=0.0164 preamble_cbra=1.0000 preamble_cfra=59.0000 preamble_pbra=3.0000 requests_cbra=13118.7070 requests_pbra=16115.8281 success_rate=0.5421 success_total_mean=17276.9062
2025-11-18 21:40:26.572 | INFO     | __main__:_log_metrics:20 - iter=0164 reward=7461.0186 ESS=0.9988 acb_factor_mean=0.4913 clip_fraction=0.0156 collision_rate=0.4454 collision_total_mean=13550.3164 entropy=-0.0077 explained_variance=-1.1330 kl_approx=-0.0041 loss_critic=127875.1562 loss_entropy=0.0001 loss_objective=-0.0066 preamble_cbra=1.0000 preamble_cfra=59.0000 preamble_pbra=3.0000 requests_cbra=12385.1182 requests_pbra=15168.0410 success_rate=0.5546 success_total_mean=16875.3867
2025-11-18 21:40:32.375 | INFO     | __main__:_log_metrics:20 - iter=0165 reward=7747.8110 ESS=0.4012 acb_factor_mean=0.4933 clip_fraction=0.6016 collision_rate=0.4438 collision_total_mean=13689.3770 entropy=-0.0214 explained_variance=-1.2179 kl_approx=6627.5293 loss_critic=125033.6406 loss_entropy=0.0002 loss_objective=0.1447 preamble_cbra=1.0000 preamble_cfra=59.0000 preamble_pbra=3.0000 requests_cbra=12542.7383 requests_pbra=15361.9219 success_rate=0.5562 success_total_mean=17153.0137
2025-11-18 21:40:39.506 | INFO     | __main__:_log_metrics:20 - iter=0166 reward=7754.9941 ESS=1.0000 acb_factor_mean=0.4968 clip_fraction=0.0000 collision_rate=0.4472 collision_total_mean=13929.8926 entropy=0.0000 explained_variance=-0.8408 kl_approx=0.0000 loss_critic=112308.7188 loss_entropy=0.0000 loss_objective=0.0000 preamble_cbra=2.0000 preamble_cfra=58.0000 preamble_pbra=4.0000 requests_cbra=12888.3145 requests_pbra=15856.9707 success_rate=0.5528 success_total_mean=17221.1016
2025-11-18 21:40:46.332 | INFO     | __main__:_log_metrics:20 - iter=0167 reward=7593.1255 ESS=1.0000 acb_factor_mean=0.4962 clip_fraction=0.0000 collision_rate=0.4311 collision_total_mean=12284.3594 entropy=0.0002 explained_variance=-1.8796 kl_approx=0.0000 loss_critic=156757.4688 loss_entropy=-0.0000 loss_objective=0.0000 preamble_cbra=1.0000 preamble_cfra=58.0000 preamble_pbra=4.0000 requests_cbra=11233.6855 requests_pbra=13729.9111 success_rate=0.5689 success_total_mean=16207.8027
2025-11-18 21:40:53.713 | INFO     | __main__:_log_metrics:20 - iter=0168 reward=7346.4468 ESS=0.9994 acb_factor_mean=0.4961 clip_fraction=0.0078 collision_rate=0.4531 collision_total_mean=13975.3594 entropy=-0.0375 explained_variance=-0.6475 kl_approx=-0.0019 loss_critic=110776.6406 loss_entropy=0.0004 loss_objective=-0.0005 preamble_cbra=2.0000 preamble_cfra=58.0000 preamble_pbra=4.0000 requests_cbra=12654.6748 requests_pbra=15549.3613 success_rate=0.5469 success_total_mean=16870.1680
2025-11-18 21:41:00.873 | INFO     | __main__:_log_metrics:20 - iter=0169 reward=7678.3438 ESS=0.9992 acb_factor_mean=0.5023 clip_fraction=0.0078 collision_rate=0.4573 collision_total_mean=14892.9707 entropy=-0.0331 explained_variance=-0.8129 kl_approx=0.0031 loss_critic=113483.9297 loss_entropy=0.0003 loss_objective=-0.0003 preamble_cbra=2.0000 preamble_cfra=58.0000 preamble_pbra=4.0000 requests_cbra=13433.1904 requests_pbra=16495.2871 success_rate=0.5427 success_total_mean=17672.7949
2025-11-18 21:41:07.555 | INFO     | __main__:_log_metrics:20 - iter=0170 reward=7026.0190 ESS=1.0000 acb_factor_mean=0.5063 clip_fraction=0.0000 collision_rate=0.4580 collision_total_mean=13896.3838 entropy=0.0000 explained_variance=-0.4837 kl_approx=0.0000 loss_critic=117235.8828 loss_entropy=0.0000 loss_objective=0.0000 preamble_cbra=2.0000 preamble_cfra=58.0000 preamble_pbra=4.0000 requests_cbra=12424.2168 requests_pbra=15199.8369 success_rate=0.5420 success_total_mean=16442.7246
2025-11-18 21:41:14.094 | INFO     | __main__:_log_metrics:20 - iter=0171 reward=7972.2095 ESS=1.0000 acb_factor_mean=0.4938 clip_fraction=0.0000 collision_rate=0.4539 collision_total_mean=14695.2168 entropy=0.0157 explained_variance=-0.7271 kl_approx=-0.0003 loss_critic=133387.9219 loss_entropy=-0.0002 loss_objective=-0.0005 preamble_cbra=1.0000 preamble_cfra=58.0000 preamble_pbra=4.0000 requests_cbra=13472.1357 requests_pbra=16553.7227 success_rate=0.5461 success_total_mean=17682.9258
2025-11-18 21:41:20.561 | INFO     | __main__:_log_metrics:20 - iter=0172 reward=7390.1665 ESS=1.0000 acb_factor_mean=0.5012 clip_fraction=0.0000 collision_rate=0.4494 collision_total_mean=13644.1113 entropy=0.0000 explained_variance=-0.8057 kl_approx=0.0000 loss_critic=119228.0859 loss_entropy=0.0000 loss_objective=-0.0000 preamble_cbra=1.0000 preamble_cfra=58.0000 preamble_pbra=4.0000 requests_cbra=12474.9248 requests_pbra=15281.8027 success_rate=0.5506 success_total_mean=16715.0781
2025-11-18 21:41:27.101 | INFO     | __main__:_log_metrics:20 - iter=0173 reward=7018.1406 ESS=1.0000 acb_factor_mean=0.4977 clip_fraction=0.0000 collision_rate=0.4635 collision_total_mean=14567.7705 entropy=0.0000 explained_variance=-1.1061 kl_approx=0.0000 loss_critic=113740.2109 loss_entropy=0.0000 loss_objective=0.0000 preamble_cbra=1.0000 preamble_cfra=58.0000 preamble_pbra=4.0000 requests_cbra=12982.3115 requests_pbra=15954.1846 success_rate=0.5365 success_total_mean=16859.3047
2025-11-18 21:41:33.557 | INFO     | __main__:_log_metrics:20 - iter=0174 reward=7793.5728 ESS=1.0000 acb_factor_mean=0.4985 clip_fraction=0.0000 collision_rate=0.4625 collision_total_mean=15356.9141 entropy=0.0000 explained_variance=-1.0307 kl_approx=0.0000 loss_critic=102964.2656 loss_entropy=-0.0000 loss_objective=-0.0000 preamble_cbra=1.0000 preamble_cfra=58.0000 preamble_pbra=4.0000 requests_cbra=13725.0020 requests_pbra=16887.5898 success_rate=0.5375 success_total_mean=17848.5742
2025-11-18 21:41:40.255 | INFO     | __main__:_log_metrics:20 - iter=0175 reward=7750.7275 ESS=1.0000 acb_factor_mean=0.4979 clip_fraction=0.0000 collision_rate=0.4424 collision_total_mean=13372.5488 entropy=0.0060 explained_variance=-1.6826 kl_approx=0.0001 loss_critic=141235.8906 loss_entropy=-0.0001 loss_objective=0.0002 preamble_cbra=1.0000 preamble_cfra=58.0000 preamble_pbra=4.0000 requests_cbra=12495.9844 requests_pbra=15274.1426 success_rate=0.5576 success_total_mean=16853.8320
2025-11-18 21:41:46.583 | INFO     | __main__:_log_metrics:20 - iter=0176 reward=8135.0146 ESS=0.9687 acb_factor_mean=0.5032 clip_fraction=0.0312 collision_rate=0.4545 collision_total_mean=15006.4805 entropy=-0.1629 explained_variance=-1.3701 kl_approx=22.1755 loss_critic=118329.8359 loss_entropy=0.0016 loss_objective=0.0200 preamble_cbra=1.0000 preamble_cfra=58.0000 preamble_pbra=4.0000 requests_cbra=13655.0713 requests_pbra=16742.8047 success_rate=0.5455 success_total_mean=18012.9531
2025-11-18 21:41:53.400 | INFO     | __main__:_log_metrics:20 - iter=0177 reward=7792.3530 ESS=0.9924 acb_factor_mean=0.4914 clip_fraction=0.0078 collision_rate=0.4446 collision_total_mean=13760.6182 entropy=-0.0439 explained_variance=-0.5782 kl_approx=0.0341 loss_critic=126803.1562 loss_entropy=0.0004 loss_objective=-0.0019 preamble_cbra=2.0000 preamble_cfra=58.0000 preamble_pbra=4.0000 requests_cbra=12637.8047 requests_pbra=15513.1162 success_rate=0.5554 success_total_mean=17190.8086
2025-11-18 21:42:00.545 | INFO     | __main__:_log_metrics:20 - iter=0178 reward=8040.3999 ESS=0.9978 acb_factor_mean=0.4818 clip_fraction=0.0078 collision_rate=0.4391 collision_total_mean=13643.3457 entropy=-0.2044 explained_variance=-1.0619 kl_approx=0.0041 loss_critic=125504.2500 loss_entropy=0.0020 loss_objective=-0.0023 preamble_cbra=1.0000 preamble_cfra=58.0000 preamble_pbra=4.0000 requests_cbra=12703.7852 requests_pbra=15640.7500 success_rate=0.5609 success_total_mean=17431.2129
2025-11-18 21:42:07.660 | INFO     | __main__:_log_metrics:20 - iter=0179 reward=8015.1123 ESS=0.9922 acb_factor_mean=0.4860 clip_fraction=0.0078 collision_rate=0.4289 collision_total_mean=12611.8359 entropy=0.0000 explained_variance=-0.6838 kl_approx=0.0561 loss_critic=130516.8438 loss_entropy=-0.0000 loss_objective=-0.0003 preamble_cbra=2.0000 preamble_cfra=58.0000 preamble_pbra=4.0000 requests_cbra=11821.4053 requests_pbra=14457.2031 success_rate=0.5711 success_total_mean=16791.4531
2025-11-18 21:42:14.917 | INFO     | __main__:_log_metrics:20 - iter=0180 reward=8056.7500 ESS=1.0000 acb_factor_mean=0.4998 clip_fraction=0.0000 collision_rate=0.4527 collision_total_mean=14838.7070 entropy=0.0001 explained_variance=-1.0362 kl_approx=-0.0000 loss_critic=127044.7188 loss_entropy=-0.0000 loss_objective=-0.0000 preamble_cbra=2.0000 preamble_cfra=58.0000 preamble_pbra=4.0000 requests_cbra=13525.9941 requests_pbra=16658.6035 success_rate=0.5473 success_total_mean=17937.7051
2025-11-18 21:42:21.973 | INFO     | __main__:_log_metrics:20 - iter=0181 reward=7243.1187 ESS=1.0000 acb_factor_mean=0.5092 clip_fraction=0.0000 collision_rate=0.4687 collision_total_mean=15419.8740 entropy=0.0005 explained_variance=-1.0215 kl_approx=-0.0002 loss_critic=134767.6250 loss_entropy=-0.0000 loss_objective=-0.0005 preamble_cbra=2.0000 preamble_cfra=58.0000 preamble_pbra=4.0000 requests_cbra=13632.3877 requests_pbra=16695.7598 success_rate=0.5313 success_total_mean=17481.5156
2025-11-18 21:42:29.998 | INFO     | __main__:_log_metrics:20 - iter=0182 reward=8278.0762 ESS=1.0000 acb_factor_mean=0.4909 clip_fraction=0.0000 collision_rate=0.4387 collision_total_mean=13668.0938 entropy=0.0000 explained_variance=-1.0937 kl_approx=0.0000 loss_critic=128503.9297 loss_entropy=-0.0000 loss_objective=-0.0000 preamble_cbra=2.0000 preamble_cfra=58.0000 preamble_pbra=4.0000 requests_cbra=12594.3730 requests_pbra=15437.5391 success_rate=0.5613 success_total_mean=17486.3379
2025-11-18 21:42:37.207 | INFO     | __main__:_log_metrics:20 - iter=0183 reward=7460.7798 ESS=1.0000 acb_factor_mean=0.5016 clip_fraction=0.0000 collision_rate=0.4484 collision_total_mean=13547.5127 entropy=0.0000 explained_variance=-2.1478 kl_approx=0.0000 loss_critic=118710.9375 loss_entropy=0.0000 loss_objective=0.0000 preamble_cbra=2.0000 preamble_cfra=58.0000 preamble_pbra=4.0000 requests_cbra=12298.3594 requests_pbra=15103.0762 success_rate=0.5516 success_total_mean=16664.8574
2025-11-18 21:42:44.497 | INFO     | __main__:_log_metrics:20 - iter=0184 reward=7255.2231 ESS=1.0000 acb_factor_mean=0.4972 clip_fraction=0.0000 collision_rate=0.4444 collision_total_mean=13120.6064 entropy=0.0000 explained_variance=-0.7413 kl_approx=-0.0000 loss_critic=143952.2188 loss_entropy=-0.0000 loss_objective=-0.0000 preamble_cbra=2.0000 preamble_cfra=58.0000 preamble_pbra=4.0000 requests_cbra=11983.8799 requests_pbra=14664.6836 success_rate=0.5556 success_total_mean=16406.1172
2025-11-18 21:42:51.805 | INFO     | __main__:_log_metrics:20 - iter=0185 reward=7336.2832 ESS=0.9922 acb_factor_mean=0.5072 clip_fraction=0.0078 collision_rate=0.4520 collision_total_mean=13814.7500 entropy=0.0000 explained_variance=-1.3066 kl_approx=3.3417 loss_critic=127047.9844 loss_entropy=-0.0000 loss_objective=-0.0016 preamble_cbra=2.0000 preamble_cfra=58.0000 preamble_pbra=4.0000 requests_cbra=12612.0186 requests_pbra=15450.3008 success_rate=0.5480 success_total_mean=16746.3125
2025-11-18 21:42:59.213 | INFO     | __main__:_log_metrics:20 - iter=0186 reward=7624.5991 ESS=1.0000 acb_factor_mean=0.5039 clip_fraction=0.0000 collision_rate=0.4503 collision_total_mean=14084.7783 entropy=0.0012 explained_variance=-1.1492 kl_approx=-0.0002 loss_critic=101252.3672 loss_entropy=-0.0000 loss_objective=-0.0006 preamble_cbra=2.0000 preamble_cfra=58.0000 preamble_pbra=4.0000 requests_cbra=12621.3418 requests_pbra=15506.6895 success_rate=0.5497 success_total_mean=17192.2773
2025-11-18 21:43:06.514 | INFO     | __main__:_log_metrics:20 - iter=0187 reward=8121.3262 ESS=0.9990 acb_factor_mean=0.4964 clip_fraction=0.0078 collision_rate=0.4497 collision_total_mean=14439.7285 entropy=-0.0331 explained_variance=-1.4144 kl_approx=-0.0024 loss_critic=118578.4922 loss_entropy=0.0003 loss_objective=0.0019 preamble_cbra=2.0000 preamble_cfra=58.0000 preamble_pbra=4.0000 requests_cbra=13135.0176 requests_pbra=16147.5674 success_rate=0.5503 success_total_mean=17668.6758
2025-11-18 21:43:13.669 | INFO     | __main__:_log_metrics:20 - iter=0188 reward=7724.8931 ESS=0.8672 acb_factor_mean=0.4939 clip_fraction=0.1328 collision_rate=0.4506 collision_total_mean=14012.0176 entropy=0.0000 explained_variance=-1.7902 kl_approx=441.1884 loss_critic=122350.8125 loss_entropy=0.0000 loss_objective=0.0196 preamble_cbra=2.0000 preamble_cfra=58.0000 preamble_pbra=4.0000 requests_cbra=12884.2402 requests_pbra=15799.4004 success_rate=0.5494 success_total_mean=17082.2441
2025-11-18 21:43:20.921 | INFO     | __main__:_log_metrics:20 - iter=0189 reward=7567.4019 ESS=0.9219 acb_factor_mean=0.5012 clip_fraction=0.0781 collision_rate=0.4561 collision_total_mean=14453.3887 entropy=0.0000 explained_variance=-0.9421 kl_approx=242.2133 loss_critic=125376.6562 loss_entropy=0.0000 loss_objective=0.0015 preamble_cbra=2.0000 preamble_cfra=59.0000 preamble_pbra=4.0000 requests_cbra=13040.5928 requests_pbra=15990.7363 success_rate=0.5439 success_total_mean=17236.1914
2025-11-18 21:43:27.466 | INFO     | __main__:_log_metrics:20 - iter=0190 reward=7542.3677 ESS=0.6016 acb_factor_mean=0.5015 clip_fraction=0.3984 collision_rate=0.4574 collision_total_mean=14722.1055 entropy=0.0000 explained_variance=-0.8649 kl_approx=4807.1602 loss_critic=116507.2031 loss_entropy=-0.0000 loss_objective=0.0464 preamble_cbra=2.0000 preamble_cfra=59.0000 preamble_pbra=3.0000 requests_cbra=13278.8066 requests_pbra=16291.3477 success_rate=0.5426 success_total_mean=17462.3672
2025-11-18 21:43:34.806 | INFO     | __main__:_log_metrics:20 - iter=0191 reward=7155.5215 ESS=0.9921 acb_factor_mean=0.5031 clip_fraction=0.0078 collision_rate=0.4570 collision_total_mean=14259.5117 entropy=0.0002 explained_variance=-0.8866 kl_approx=18.8419 loss_critic=113626.1875 loss_entropy=-0.0000 loss_objective=0.0044 preamble_cbra=2.0000 preamble_cfra=58.0000 preamble_pbra=4.0000 requests_cbra=12680.2383 requests_pbra=15507.2686 success_rate=0.5430 success_total_mean=16939.7129
2025-11-18 21:43:41.583 | INFO     | __main__:_log_metrics:20 - iter=0192 reward=7929.4307 ESS=1.0000 acb_factor_mean=0.4982 clip_fraction=0.0000 collision_rate=0.4422 collision_total_mean=13911.2617 entropy=0.0006 explained_variance=-0.6316 kl_approx=-0.0000 loss_critic=127306.0234 loss_entropy=-0.0000 loss_objective=-0.0001 preamble_cbra=2.0000 preamble_cfra=58.0000 preamble_pbra=4.0000 requests_cbra=12891.9102 requests_pbra=15861.0312 success_rate=0.5578 success_total_mean=17544.7266
2025-11-18 21:43:48.474 | INFO     | __main__:_log_metrics:20 - iter=0193 reward=7840.0537 ESS=1.0000 acb_factor_mean=0.5036 clip_fraction=0.0000 collision_rate=0.4486 collision_total_mean=14307.6279 entropy=0.0000 explained_variance=-0.8290 kl_approx=-0.0000 loss_critic=117497.1406 loss_entropy=-0.0000 loss_objective=-0.0000 preamble_cbra=2.0000 preamble_cfra=58.0000 preamble_pbra=4.0000 requests_cbra=12944.7559 requests_pbra=15909.4199 success_rate=0.5514 success_total_mean=17588.5195
2025-11-18 21:43:55.119 | INFO     | __main__:_log_metrics:20 - iter=0194 reward=7687.9023 ESS=1.0000 acb_factor_mean=0.4960 clip_fraction=0.0000 collision_rate=0.4464 collision_total_mean=13769.6719 entropy=0.0000 explained_variance=-1.3869 kl_approx=0.0000 loss_critic=111639.5078 loss_entropy=0.0000 loss_objective=-0.0000 preamble_cbra=2.0000 preamble_cfra=58.0000 preamble_pbra=4.0000 requests_cbra=12491.4658 requests_pbra=15342.6094 success_rate=0.5536 success_total_mean=17078.2773
2025-11-18 21:44:01.682 | INFO     | __main__:_log_metrics:20 - iter=0195 reward=8109.5303 ESS=1.0000 acb_factor_mean=0.5026 clip_fraction=0.0000 collision_rate=0.4601 collision_total_mean=15668.5420 entropy=0.0000 explained_variance=-0.3323 kl_approx=0.0000 loss_critic=100957.4297 loss_entropy=0.0000 loss_objective=0.0000 preamble_cbra=1.0000 preamble_cfra=58.0000 preamble_pbra=4.0000 requests_cbra=13839.5146 requests_pbra=16997.0977 success_rate=0.5399 success_total_mean=18385.1484
2025-11-18 21:44:08.439 | INFO     | __main__:_log_metrics:20 - iter=0196 reward=7257.2891 ESS=1.0000 acb_factor_mean=0.5007 clip_fraction=0.0000 collision_rate=0.4552 collision_total_mean=13978.1318 entropy=0.0000 explained_variance=-0.6978 kl_approx=0.0000 loss_critic=119483.6719 loss_entropy=0.0000 loss_objective=0.0000 preamble_cbra=2.0000 preamble_cfra=58.0000 preamble_pbra=4.0000 requests_cbra=12518.6387 requests_pbra=15349.2734 success_rate=0.5448 success_total_mean=16726.2832
2025-11-18 21:44:15.077 | INFO     | __main__:_log_metrics:20 - iter=0197 reward=7796.2148 ESS=1.0000 acb_factor_mean=0.4927 clip_fraction=0.0000 collision_rate=0.4419 collision_total_mean=13413.2559 entropy=0.0000 explained_variance=-0.7781 kl_approx=0.0000 loss_critic=135932.7344 loss_entropy=0.0000 loss_objective=0.0000 preamble_cbra=2.0000 preamble_cfra=58.0000 preamble_pbra=4.0000 requests_cbra=12389.5898 requests_pbra=15183.4961 success_rate=0.5581 success_total_mean=16937.9199
2025-11-18 21:44:21.752 | INFO     | __main__:_log_metrics:20 - iter=0198 reward=8033.9873 ESS=1.0000 acb_factor_mean=0.5013 clip_fraction=0.0000 collision_rate=0.4571 collision_total_mean=15062.0078 entropy=0.0000 explained_variance=-0.9993 kl_approx=0.0000 loss_critic=125238.9375 loss_entropy=0.0000 loss_objective=0.0000 preamble_cbra=1.0000 preamble_cfra=58.0000 preamble_pbra=4.0000 requests_cbra=13486.1064 requests_pbra=16563.1719 success_rate=0.5429 success_total_mean=17886.9707
2025-11-18 21:44:29.688 | INFO     | __main__:_log_metrics:20 - iter=0199 reward=7825.3901 ESS=1.0000 acb_factor_mean=0.4973 clip_fraction=0.0000 collision_rate=0.4545 collision_total_mean=14593.4746 entropy=0.0000 explained_variance=-1.8843 kl_approx=0.0000 loss_critic=143380.4531 loss_entropy=0.0000 loss_objective=-0.0000 preamble_cbra=2.0000 preamble_cfra=58.0000 preamble_pbra=4.0000 requests_cbra=13326.6309 requests_pbra=16393.7637 success_rate=0.5455 success_total_mean=17512.4102
